/*
    FaceName - Consolas
    PointSize - 72
    FontWeight - bold
    Style - normal
    Family - modern
    Cell width - 64
    Cell height - 100
    Offset x - 0
    Offset y - 0
*/
const unsigned char fontConsolas72[54807] =
{
/* 0x00 */   0x00, 0x00,
/* 0x01 */   0x00, 0x00,
/* 0x02 */   0x00, 0x00,
/* 0x03 */   0x00, 0x00,
/* 0x04 */   0x00, 0x00,
/* 0x05 */   0x00, 0x00,
/* 0x06 */   0x00, 0x00,
/* 0x07 */   0x00, 0x00,
/* 0x08 */   0x00, 0x00,
/* 0x09 */   0x00, 0x00,
/* 0x0A */   0x00, 0x00,
/* 0x0B */   0x00, 0x00,
/* 0x0C */   0x00, 0x00,
/* 0x0D */   0x00, 0x00,
/* 0x0E */   0x00, 0x00,
/* 0x0F */   0x00, 0x00,
/* 0x10 */   0x00, 0x00,
/* 0x11 */   0x00, 0x00,
/* 0x12 */   0x00, 0x00,
/* 0x13 */   0x00, 0x00,
/* 0x14 */   0x00, 0x00,
/* 0x15 */   0x00, 0x00,
/* 0x16 */   0x00, 0x00,
/* 0x17 */   0x00, 0x00,
/* 0x18 */   0x00, 0x00,
/* 0x19 */   0x00, 0x00,
/* 0x1A */   0x00, 0x00,
/* 0x1B */   0x00, 0x00,
/* 0x1C */   0x00, 0x00,
/* 0x1D */   0x00, 0x00,
/* 0x1E */   0x00, 0x00,
/* 0x1F */   0x00, 0x00,
/* 0x20 */   0x00, 0x02,
/* 0x21 */   0x0B, 0x02,
/* 0x22 */   0x94, 0x02,
/* 0x23 */   0xF3, 0x02,
/* 0x24 */   0xA1, 0x04,
/* 0x25 */   0x96, 0x06,
/* 0x26 */   0x75, 0x08,
/* 0x27 */   0x4D, 0x0A,
/* 0x28 */   0x7E, 0x0A,
/* 0x29 */   0xC9, 0x0B,
/* 0x2A */   0x14, 0x0D,
/* 0x2B */   0xE4, 0x0D,
/* 0x2C */   0xF5, 0x0E,
/* 0x2D */   0x6C, 0x0F,
/* 0x2E */   0x97, 0x0F,
/* 0x2F */   0xD0, 0x0F,
/* 0x30 */   0x9B, 0x11,
/* 0x31 */   0x18, 0x13,
/* 0x32 */   0x89, 0x14,
/* 0x33 */   0x00, 0x16,
/* 0x34 */   0x7D, 0x17,
/* 0x35 */   0x2B, 0x19,
/* 0x36 */   0x64, 0x1A,
/* 0x37 */   0xDB, 0x1B,
/* 0x38 */   0x4C, 0x1D,
/* 0x39 */   0xC9, 0x1E,
/* 0x3A */   0x40, 0x20,
/* 0x3B */   0xD6, 0x20,
/* 0x3C */   0xC9, 0x21,
/* 0x3D */   0xD5, 0x22,
/* 0x3E */   0x5F, 0x23,
/* 0x3F */   0x6B, 0x24,
/* 0x40 */   0x7A, 0x25,
/* 0x41 */   0xA6, 0x27,
/* 0x42 */   0x54, 0x29,
/* 0x43 */   0xC5, 0x2A,
/* 0x44 */   0x42, 0x2C,
/* 0x45 */   0xB3, 0x2D,
/* 0x46 */   0xE7, 0x2E,
/* 0x47 */   0x1B, 0x30,
/* 0x48 */   0x98, 0x31,
/* 0x49 */   0x09, 0x33,
/* 0x4A */   0x3D, 0x34,
/* 0x4B */   0x76, 0x35,
/* 0x4C */   0xE7, 0x36,
/* 0x4D */   0x1B, 0x38,
/* 0x4E */   0x8C, 0x39,
/* 0x4F */   0xFD, 0x3A,
/* 0x50 */   0xB9, 0x3C,
/* 0x51 */   0x2A, 0x3E,
/* 0x52 */   0x33, 0x40,
/* 0x53 */   0xA4, 0x41,
/* 0x54 */   0x21, 0x43,
/* 0x55 */   0x92, 0x44,
/* 0x56 */   0x09, 0x46,
/* 0x57 */   0xB7, 0x47,
/* 0x58 */   0x28, 0x49,
/* 0x59 */   0xD6, 0x4A,
/* 0x5A */   0x84, 0x4C,
/* 0x5B */   0xF5, 0x4D,
/* 0x5C */   0x38, 0x4F,
/* 0x5D */   0x03, 0x51,
/* 0x5E */   0x46, 0x52,
/* 0x5F */   0xFD, 0x52,
/* 0x60 */   0x0E, 0x53,
/* 0x61 */   0x41, 0x53,
/* 0x62 */   0x70, 0x54,
/* 0x63 */   0x05, 0x56,
/* 0x64 */   0x02, 0x57,
/* 0x65 */   0x97, 0x58,
/* 0x66 */   0xC6, 0x59,
/* 0x67 */   0x5B, 0x5B,
/* 0x68 */   0xCC, 0x5C,
/* 0x69 */   0x19, 0x5E,
/* 0x6A */   0xBA, 0x5F,
/* 0x6B */   0x52, 0x61,
/* 0x6C */   0xE1, 0x62,
/* 0x6D */   0x2E, 0x64,
/* 0x6E */   0x57, 0x65,
/* 0x6F */   0x4F, 0x66,
/* 0x70 */   0x7E, 0x67,
/* 0x71 */   0xEF, 0x68,
/* 0x72 */   0x60, 0x6A,
/* 0x73 */   0x58, 0x6B,
/* 0x74 */   0x55, 0x6C,
/* 0x75 */   0xD8, 0x6D,
/* 0x76 */   0xD0, 0x6E,
/* 0x77 */   0x23, 0x70,
/* 0x78 */   0x76, 0x71,
/* 0x79 */   0xC9, 0x72,
/* 0x7A */   0x70, 0x74,
/* 0x7B */   0x63, 0x75,
/* 0x7C */   0xF6, 0x76,
/* 0x7D */   0xAB, 0x77,
/* 0x7E */   0x3E, 0x79,
/* 0x7F */   0xDB, 0x79,
/* 0x80 */   0x00, 0x00,
/* 0x81 */   0x00, 0x00,
/* 0x82 */   0x00, 0x00,
/* 0x83 */   0x00, 0x00,
/* 0x84 */   0x00, 0x00,
/* 0x85 */   0x00, 0x00,
/* 0x86 */   0x00, 0x00,
/* 0x87 */   0x00, 0x00,
/* 0x88 */   0x00, 0x00,
/* 0x89 */   0x00, 0x00,
/* 0x8A */   0x00, 0x00,
/* 0x8B */   0x00, 0x00,
/* 0x8C */   0x00, 0x00,
/* 0x8D */   0x00, 0x00,
/* 0x8E */   0x00, 0x00,
/* 0x8F */   0x00, 0x00,
/* 0x90 */   0x00, 0x00,
/* 0x91 */   0x00, 0x00,
/* 0x92 */   0x00, 0x00,
/* 0x93 */   0x00, 0x00,
/* 0x94 */   0x00, 0x00,
/* 0x95 */   0x00, 0x00,
/* 0x96 */   0x00, 0x00,
/* 0x97 */   0x00, 0x00,
/* 0x98 */   0x00, 0x00,
/* 0x99 */   0x00, 0x00,
/* 0x9A */   0x00, 0x00,
/* 0x9B */   0x00, 0x00,
/* 0x9C */   0x00, 0x00,
/* 0x9D */   0x00, 0x00,
/* 0x9E */   0x00, 0x00,
/* 0x9F */   0x00, 0x00,
/* 0xA0 */   0x00, 0x00,
/* 0xA1 */   0x00, 0x00,
/* 0xA2 */   0x00, 0x00,
/* 0xA3 */   0x00, 0x00,
/* 0xA4 */   0x00, 0x00,
/* 0xA5 */   0x00, 0x00,
/* 0xA6 */   0x00, 0x00,
/* 0xA7 */   0x00, 0x00,
/* 0xA8 */   0x00, 0x00,
/* 0xA9 */   0x00, 0x00,
/* 0xAA */   0x00, 0x00,
/* 0xAB */   0x00, 0x00,
/* 0xAC */   0x00, 0x00,
/* 0xAD */   0x00, 0x00,
/* 0xAE */   0x00, 0x00,
/* 0xAF */   0x00, 0x00,
/* 0xB0 */   0x00, 0x00,
/* 0xB1 */   0x00, 0x00,
/* 0xB2 */   0x00, 0x00,
/* 0xB3 */   0x00, 0x00,
/* 0xB4 */   0x00, 0x00,
/* 0xB5 */   0x00, 0x00,
/* 0xB6 */   0x00, 0x00,
/* 0xB7 */   0x00, 0x00,
/* 0xB8 */   0x00, 0x00,
/* 0xB9 */   0x00, 0x00,
/* 0xBA */   0x00, 0x00,
/* 0xBB */   0x00, 0x00,
/* 0xBC */   0x00, 0x00,
/* 0xBD */   0x00, 0x00,
/* 0xBE */   0x00, 0x00,
/* 0xBF */   0x00, 0x00,
/* 0xC0 */   0xFE, 0x7A,
/* 0xC1 */   0xAC, 0x7C,
/* 0xC2 */   0x1D, 0x7E,
/* 0xC3 */   0x8E, 0x7F,
/* 0xC4 */   0xC2, 0x80,
/* 0xC5 */   0xC4, 0x82,
/* 0xC6 */   0xF8, 0x83,
/* 0xC7 */   0xA6, 0x85,
/* 0xC8 */   0x23, 0x87,
/* 0xC9 */   0x94, 0x88,
/* 0xCA */   0x6B, 0x8A,
/* 0xCB */   0xDC, 0x8B,
/* 0xCC */   0x53, 0x8D,
/* 0xCD */   0xC4, 0x8E,
/* 0xCE */   0x35, 0x90,
/* 0xCF */   0xF1, 0x91,
/* 0xD0 */   0x62, 0x93,
/* 0xD1 */   0xD3, 0x94,
/* 0xD2 */   0x50, 0x96,
/* 0xD3 */   0xC1, 0x97,
/* 0xD4 */   0x76, 0x99,
/* 0xD5 */   0x39, 0x9B,
/* 0xD6 */   0xE7, 0x9C,
/* 0xD7 */   0xA0, 0x9E,
/* 0xD8 */   0x11, 0xA0,
/* 0xD9 */   0x82, 0xA1,
/* 0xDA */   0x84, 0xA3,
/* 0xDB */   0x32, 0xA5,
/* 0xDC */   0xA3, 0xA6,
/* 0xDD */   0x14, 0xA8,
/* 0xDE */   0x91, 0xA9,
/* 0xDF */   0x4D, 0xAB,
/* 0xE0 */   0xBE, 0xAC,
/* 0xE1 */   0xED, 0xAD,
/* 0xE2 */   0x94, 0xAF,
/* 0xE3 */   0xC3, 0xB0,
/* 0xE4 */   0xB6, 0xB1,
/* 0xE5 */   0x5D, 0xB3,
/* 0xE6 */   0x8C, 0xB4,
/* 0xE7 */   0xDF, 0xB5,
/* 0xE8 */   0x0E, 0xB7,
/* 0xE9 */   0x31, 0xB8,
/* 0xEA */   0xC6, 0xB9,
/* 0xEB */   0xE9, 0xBA,
/* 0xEC */   0x12, 0xBC,
/* 0xED */   0x35, 0xBD,
/* 0xEE */   0x58, 0xBE,
/* 0xEF */   0x87, 0xBF,
/* 0xF0 */   0xAA, 0xC0,
/* 0xF1 */   0x1B, 0xC2,
/* 0xF2 */   0x18, 0xC3,
/* 0xF3 */   0x3B, 0xC4,
/* 0xF4 */   0xE2, 0xC5,
/* 0xF5 */   0x07, 0xC8,
/* 0xF6 */   0x5A, 0xC9,
/* 0xF7 */   0xC5, 0xCA,
/* 0xF8 */   0xE8, 0xCB,
/* 0xF9 */   0x0B, 0xCD,
/* 0xFA */   0xB2, 0xCE,
/* 0xFB */   0x0C, 0xD0,
/* 0xFC */   0x35, 0xD1,
/* 0xFD */   0x5E, 0xD2,
/* 0xFE */   0x8D, 0xD3,
/* 0xFF */   0xEE, 0xD4,

/* Symbol 0x20, offset 512 */
    64, 1, 0,
    0x00, 0x00, 0x00, 0x00, 0x00, 0x00, 0x00, 0x00, 

/* Symbol 0x21, offset 523 */
    15, 89, 22,
    0x7F, 0xFC, 0x7F, 0xFC, 0x7F, 0xFC, 0x7F, 0xFC, 0x7F, 0xFC, 0x7F, 0xFC, 0x7F, 0xFC, 0x7F, 0xFC, 0x7F, 0xFC, 0x7F, 0xFC, 0x7F, 0xFC, 0x7F, 0xFC, 0x7F, 0xFC, 0x7F, 0xFC, 0x3F, 0xF8, 0x3F, 0xF8, 0x3F, 0xF8, 0x3F, 0xF8, 0x3F, 0xF8, 0x3F, 0xF8, 0x3F, 0xF8, 0x3F, 0xF8, 0x3F, 0xF8, 0x3F, 0xF8, 0x3F, 0xF8, 0x3F, 0xF8, 0x3F, 0xF8, 0x3F, 0xF8, 0x3F, 0xF8, 0x3F, 0xF8, 0x3F, 0xF8, 0x3F, 0xF8, 0x3F, 0xF8, 0x3F, 0xF8, 0x3F, 0xF8, 0x3F, 0xF8, 0x3F, 0xF8, 0x3F, 0xF8, 0x3F, 0xF8, 0x3F, 0xF8, 0x3F, 0xF8, 0x1F, 0xF0, 0x1F, 0xF0, 0x1F, 0xF0, 0x1F, 0xF0, 0x1F, 0xF0, 0x1F, 0xF0, 0x00, 0x00, 0x00, 0x00, 0x00, 0x00, 0x00, 0x00, 0x00, 0x00, 0x07, 0xC0, 0x1F, 0xF0, 0x3F, 0xF8, 0x7F, 0xFC, 0x7F, 0xFC, 0xFF, 0xFE, 0xFF, 0xFE, 0xFF, 0xFE, 0xFF, 0xFE, 0xFF, 0xFE, 0x7F, 0xFC, 0x7F, 0xFC, 0x3F, 0xF8, 0x1F, 0xF0, 0x07, 0xC0, 

/* Symbol 0x22, offset 660 */
    31, 45, 22,
    0xFF, 0xF0, 0x1F, 0xFE, 0xFF, 0xF0, 0x1F, 0xFE, 0xFF, 0xF0, 0x1F, 0xFE, 0xFF, 0xF0, 0x1F, 0xFE, 0xFF, 0xF0, 0x1F, 0xFE, 0xFF, 0xF0, 0x1F, 0xFE, 0xFF, 0xF0, 0x1F, 0xFE, 0xFF, 0xF0, 0x1F, 0xFE, 0x7F, 0xE0, 0x0F, 0xFC, 0x7F, 0xE0, 0x0F, 0xFC, 0x7F, 0xE0, 0x0F, 0xFC, 0x7F, 0xE0, 0x0F, 0xFC, 0x7F, 0xE0, 0x0F, 0xFC, 0x7F, 0xE0, 0x0F, 0xFC, 0x7F, 0xE0, 0x0F, 0xFC, 0x7F, 0xE0, 0x0F, 0xFC, 0x7F, 0xE0, 0x0F, 0xFC, 0x7F, 0xE0, 0x0F, 0xFC, 0x7F, 0xE0, 0x0F, 0xFC, 0x7F, 0xE0, 0x0F, 0xFC, 0x7F, 0xE0, 0x0F, 0xFC, 0x7F, 0xE0, 0x0F, 0xFC, 0x7F, 0xE0, 0x0F, 0xFC, 

/* Symbol 0x23, offset 755 */
    49, 88, 27,
    0x00, 0x07, 0xFC, 0x00, 0x7F, 0xC0, 0x00, 0x00, 0x07, 0xFC, 0x00, 0x7F, 0xC0, 0x00, 0x00, 0x07, 0xFC, 0x00, 0x7F, 0xC0, 0x00, 0x00, 0x07, 0xFC, 0x00, 0x7F, 0xC0, 0x00, 0x00, 0x07, 0xFC, 0x00, 0x7F, 0xC0, 0x00, 0x00, 0x0F, 0xF8, 0x00, 0xFF, 0x80, 0x00, 0x00, 0x0F, 0xF8, 0x00, 0xFF, 0x80, 0x00, 0x00, 0x0F, 0xF8, 0x00, 0xFF, 0x80, 0x00, 0x00, 0x0F, 0xF8, 0x00, 0xFF, 0x80, 0x00, 0x00, 0x0F, 0xF8, 0x00, 0xFF, 0x80, 0x00, 0x00, 0x0F, 0xF8, 0x00, 0xFF, 0x80, 0x00, 0x00, 0x0F, 0xF8, 0x00, 0xFF, 0x80, 0x00, 0x00, 0x0F, 0xF8, 0x00, 0xFF, 0x80, 0x00, 0x00, 0x0F, 0xF8, 0x00, 0xFF, 0x80, 0x00, 0x00, 0x0F, 0xF8, 0x00, 0xFF, 0x80, 0x00, 0x1F, 0xFF, 0xFF, 0xFF, 0xFF, 0xFF, 0x80, 0x1F, 0xFF, 0xFF, 0xFF, 0xFF, 0xFF, 0x80, 0x1F, 0xFF, 0xFF, 0xFF, 0xFF, 0xFF, 0x80, 0x1F, 0xFF, 0xFF, 0xFF, 0xFF, 0xFF, 0x80, 0x1F, 0xFF, 0xFF, 0xFF, 0xFF, 0xFF, 0x80, 0x1F, 0xFF, 0xFF, 0xFF, 0xFF, 0xFF, 0x80, 0x1F, 0xFF, 0xFF, 0xFF, 0xFF, 0xFF, 0x80, 0x1F, 0xFF, 0xFF, 0xFF, 0xFF, 0xFF, 0x80, 0x1F, 0xFF, 0xFF, 0xFF, 0xFF, 0xFF, 0x80, 0x00, 0x1F, 0xF0, 0x01, 0xFF, 0x00, 0x00, 0x00, 0x1F, 0xF0, 0x01, 0xFF, 0x00, 0x00, 0x00, 0x3F, 0xE0, 0x03, 0xFE, 0x00, 0x00, 0x00, 0x3F, 0xE0, 0x03, 0xFE, 0x00, 0x00, 0x00, 0x3F, 0xE0, 0x03, 0xFE, 0x00, 0x00, 0x00, 0x3F, 0xE0, 0x03, 0xFE, 0x00, 0x00, 0x00, 0x3F, 0xE0, 0x03, 0xFE, 0x00, 0x00, 0x00, 0x3F, 0xE0, 0x03, 0xFE, 0x00, 0x00, 0x00, 0x3F, 0xE0, 0x03, 0xFE, 0x00, 0x00, 0x00, 0x3F, 0xE0, 0x03, 0xFE, 0x00, 0x00, 0x00, 0x3F, 0xE0, 0x03, 0xFE, 0x00, 0x00, 0x00, 0x7F, 0xC0, 0x07, 0xFC, 0x00, 0x00, 0xFF, 0xFF, 0xFF, 0xFF, 0xFF, 0xFE, 0x00, 0xFF, 0xFF, 0xFF, 0xFF, 0xFF, 0xFE, 0x00, 0xFF, 0xFF, 0xFF, 0xFF, 0xFF, 0xFE, 0x00, 0xFF, 0xFF, 0xFF, 0xFF, 0xFF, 0xFE, 0x00, 0xFF, 0xFF, 0xFF, 0xFF, 0xFF, 0xFE, 0x00, 0xFF, 0xFF, 0xFF, 0xFF, 0xFF, 0xFE, 0x00, 0xFF, 0xFF, 0xFF, 0xFF, 0xFF, 0xFE, 0x00, 0xFF, 0xFF, 0xFF, 0xFF, 0xFF, 0xFE, 0x00, 0xFF, 0xFF, 0xFF, 0xFF, 0xFF, 0xFE, 0x00, 0x00, 0x7F, 0x80, 0x07, 0xF8, 0x00, 0x00, 0x00, 0xFF, 0x80, 0x0F, 0xF8, 0x00, 0x00, 0x00, 0xFF, 0x80, 0x0F, 0xF8, 0x00, 0x00, 0x00, 0xFF, 0x80, 0x0F, 0xF8, 0x00, 0x00, 0x00, 0xFF, 0x80, 0x0F, 0xF8, 0x00, 0x00, 0x00, 0xFF, 0x80, 0x0F, 0xF8, 0x00, 0x00, 0x00, 0xFF, 0x80, 0x0F, 0xF8, 0x00, 0x00, 0x00, 0xFF, 0x80, 0x0F, 0xF8, 0x00, 0x00, 0x00, 0xFF, 0x80, 0x0F, 0xF8, 0x00, 0x00, 0x00, 0xFF, 0x80, 0x0F, 0xF8, 0x00, 0x00, 0x00, 0xFF, 0x80, 0x0F, 0xF8, 0x00, 0x00, 0x01, 0xFF, 0x00, 0x1F, 0xF0, 0x00, 0x00, 0x01, 0xFF, 0x00, 0x1F, 0xF0, 0x00, 0x00, 0x01, 0xFF, 0x00, 0x1F, 0xF0, 0x00, 0x00, 0x01, 0xFF, 0x00, 0x1F, 0xF0, 0x00, 0x00, 0x01, 0xFF, 0x00, 0x1F, 0xF0, 0x00, 0x00, 

/* Symbol 0x24, offset 1185 */
    44, 100, 17,
    0x00, 0x00, 0x01, 0xFE, 0x00, 0x00, 0x00, 0x00, 0x01, 0xFE, 0x00, 0x00, 0x00, 0x00, 0x03, 0xFE, 0x00, 0x00, 0x00, 0x00, 0x03, 0xFE, 0x00, 0x00, 0x00, 0x00, 0x03, 0xFC, 0x00, 0x00, 0x00, 0x00, 0x03, 0xFC, 0x00, 0x00, 0x00, 0x00, 0x03, 0xFC, 0x00, 0x00, 0x00, 0x00, 0x03, 0xFC, 0x00, 0x00, 0x00, 0x00, 0x03, 0xFC, 0x00, 0x00, 0x00, 0x00, 0x07, 0xFC, 0x00, 0x00, 0x00, 0x00, 0x7F, 0xFC, 0x00, 0x00, 0x00, 0x07, 0xFF, 0xFF, 0xF8, 0x00, 0x00, 0x3F, 0xFF, 0xFF, 0xFE, 0x00, 0x00, 0xFF, 0xFF, 0xFF, 0xFE, 0x00, 0x03, 0xFF, 0xFF, 0xFF, 0xFE, 0x00, 0x07, 0xFF, 0xFF, 0xFF, 0xFE, 0x00, 0x0F, 0xFF, 0xFF, 0xFF, 0xFE, 0x00, 0x1F, 0xFF, 0xFF, 0xFF, 0xFE, 0x00, 0x1F, 0xFF, 0xFF, 0xFF, 0xFE, 0x00, 0x3F, 0xFF, 0xFF, 0xFF, 0xFE, 0x00, 0x7F, 0xFF, 0x8F, 0xF0, 0xFE, 0x00, 0x7F, 0xFC, 0x0F, 0xF0, 0x06, 0x00, 0x7F, 0xF8, 0x0F, 0xF0, 0x00, 0x00, 0xFF, 0xF8, 0x1F, 0xF0, 0x00, 0x00, 0xFF, 0xF0, 0x1F, 0xF0, 0x00, 0x00, 0xFF, 0xF0, 0x1F, 0xE0, 0x00, 0x00, 0xFF, 0xF0, 0x1F, 0xE0, 0x00, 0x00, 0xFF, 0xF0, 0x1F, 0xE0, 0x00, 0x00, 0xFF, 0xF8, 0x1F, 0xE0, 0x00, 0x00, 0xFF, 0xF8, 0x1F, 0xE0, 0x00, 0x00, 0xFF, 0xFE, 0x3F, 0xE0, 0x00, 0x00, 0x7F, 0xFF, 0x3F, 0xE0, 0x00, 0x00, 0x7F, 0xFF, 0xFF, 0xC0, 0x00, 0x00, 0x7F, 0xFF, 0xFF, 0xC0, 0x00, 0x00, 0x3F, 0xFF, 0xFF, 0xC0, 0x00, 0x00, 0x3F, 0xFF, 0xFF, 0xF0, 0x00, 0x00, 0x1F, 0xFF, 0xFF, 0xFC, 0x00, 0x00, 0x0F, 0xFF, 0xFF, 0xFF, 0x80, 0x00, 0x07, 0xFF, 0xFF, 0xFF, 0xE0, 0x00, 0x03, 0xFF, 0xFF, 0xFF, 0xF0, 0x00, 0x00, 0xFF, 0xFF, 0xFF, 0xFC, 0x00, 0x00, 0x3F, 0xFF, 0xFF, 0xFE, 0x00, 0x00, 0x0F, 0xFF, 0xFF, 0xFF, 0x00, 0x00, 0x01, 0xFF, 0xFF, 0xFF, 0x80, 0x00, 0x00, 0xFF, 0xFF, 0xFF, 0xC0, 0x00, 0x00, 0xFF, 0xFF, 0xFF, 0xC0, 0x00, 0x00, 0xFF, 0xFF, 0xFF, 0xE0, 0x00, 0x00, 0xFF, 0x3F, 0xFF, 0xE0, 0x00, 0x00, 0xFF, 0x0F, 0xFF, 0xF0, 0x00, 0x00, 0xFF, 0x03, 0xFF, 0xF0, 0x00, 0x00, 0xFF, 0x01, 0xFF, 0xF0, 0x00, 0x01, 0xFF, 0x00, 0xFF, 0xF0, 0x00, 0x01, 0xFF, 0x00, 0xFF, 0xF0, 0x00, 0x01, 0xFE, 0x00, 0xFF, 0xF0, 0x00, 0x01, 0xFE, 0x00, 0xFF, 0xF0, 0x00, 0x01, 0xFE, 0x00, 0xFF, 0xF0, 0x00, 0x01, 0xFE, 0x01, 0xFF, 0xF0, 0x00, 0x01, 0xFE, 0x01, 0xFF, 0xE0, 0xC0, 0x03, 0xFE, 0x03, 0xFF, 0xE0, 0xFC, 0x03, 0xFE, 0x0F, 0xFF, 0xE0, 0xFF, 0xE3, 0xFC, 0x7F, 0xFF, 0xC0, 0xFF, 0xFF, 0xFF, 0xFF, 0xFF, 0x80, 0xFF, 0xFF, 0xFF, 0xFF, 0xFF, 0x80, 0xFF, 0xFF, 0xFF, 0xFF, 0xFF, 0x00, 0xFF, 0xFF, 0xFF, 0xFF, 0xFE, 0x00, 0xFF, 0xFF, 0xFF, 0xFF, 0xFC, 0x00, 0xFF, 0xFF, 0xFF, 0xFF, 0xF8, 0x00, 0xFF, 0xFF, 0xFF, 0xFF, 0xE0, 0x00, 0xFF, 0xFF, 0xFF, 0xFF, 0x80, 0x00, 0x1F, 0xFF, 0xFF, 0xFC, 0x00, 0x00, 0x00, 0xFF, 0xFF, 0xC0, 0x00, 0x00, 0x00, 0x07, 0xF8, 0x00, 0x00, 0x00, 0x00, 0x07, 0xF8, 0x00, 0x00, 0x00, 0x00, 0x0F, 0xF8, 0x00, 0x00, 0x00, 0x00, 0x0F, 0xF0, 0x00, 0x00, 0x00, 0x00, 0x0F, 0xF0, 0x00, 0x00, 0x00, 0x00, 0x0F, 0xF0, 0x00, 0x00, 0x00, 0x00, 0x0F, 0xF0, 0x00, 0x00, 0x00, 0x00, 0x0F, 0xF0, 0x00, 0x00, 0x00, 0x00, 0x0F, 0xF0, 0x00, 0x00, 0x00, 0x00, 0x1F, 0xF0, 0x00, 0x00, 0x00, 0x00, 0x1F, 0xE0, 0x00, 0x00, 0x00, 0x00, 0x1F, 0xE0, 0x00, 0x00, 0x00, 

/* Symbol 0x25, offset 1686 */
    53, 89, 21,
    0x00, 0x1F, 0xE0, 0x00, 0x00, 0x00, 0x00, 0x00, 0x7F, 0xF8, 0x00, 0x00, 0x0F, 0xF8, 0x01, 0xFF, 0xFE, 0x00, 0x00, 0x1F, 0xF0, 0x03, 0xFF, 0xFF, 0x00, 0x00, 0x3F, 0xF0, 0x07, 0xFF, 0xFF, 0x00, 0x00, 0x3F, 0xE0, 0x0F, 0xFF, 0xFF, 0x80, 0x00, 0x7F, 0xC0, 0x0F, 0xFF, 0xFF, 0xC0, 0x00, 0xFF, 0xC0, 0x1F, 0xF0, 0x7F, 0xC0, 0x00, 0xFF, 0x80, 0x1F, 0xE0, 0x3F, 0xC0, 0x01, 0xFF, 0x00, 0x1F, 0xE0, 0x3F, 0xE0, 0x03, 0xFF, 0x00, 0x3F, 0xC0, 0x1F, 0xE0, 0x03, 0xFE, 0x00, 0x3F, 0xC0, 0x1F, 0xE0, 0x07, 0xFC, 0x00, 0x3F, 0xC0, 0x1F, 0xE0, 0x0F, 0xFC, 0x00, 0x3F, 0xC0, 0x1F, 0xE0, 0x0F, 0xF8, 0x00, 0x3F, 0xC0, 0x1F, 0xE0, 0x1F, 0xF0, 0x00, 0x3F, 0xC0, 0x1F, 0xE0, 0x3F, 0xF0, 0x00, 0x3F, 0xC0, 0x1F, 0xE0, 0x3F, 0xE0, 0x00, 0x3F, 0xC0, 0x1F, 0xE0, 0x7F, 0xC0, 0x00, 0x3F, 0xC0, 0x1F, 0xE0, 0xFF, 0xC0, 0x00, 0x3F, 0xE0, 0x3F, 0xC0, 0xFF, 0x80, 0x00, 0x1F, 0xE0, 0x3F, 0xC1, 0xFF, 0x00, 0x00, 0x1F, 0xF0, 0x7F, 0xC3, 0xFF, 0x00, 0x00, 0x1F, 0xFF, 0xFF, 0x83, 0xFE, 0x00, 0x00, 0x0F, 0xFF, 0xFF, 0x87, 0xFC, 0x00, 0x00, 0x07, 0xFF, 0xFF, 0x0F, 0xFC, 0x00, 0x00, 0x07, 0xFF, 0xFE, 0x0F, 0xF8, 0x00, 0x00, 0x03, 0xFF, 0xFC, 0x1F, 0xF0, 0x00, 0x00, 0x00, 0xFF, 0xF0, 0x3F, 0xF0, 0x00, 0x00, 0x00, 0x3F, 0xC0, 0x3F, 0xE0, 0x00, 0x00, 0x00, 0x00, 0x00, 0x7F, 0xC0, 0x00, 0x00, 0x00, 0x00, 0x00, 0xFF, 0xC0, 0x00, 0x00, 0x00, 0x00, 0x00, 0xFF, 0x80, 0x00, 0x00, 0x00, 0x00, 0x01, 0xFF, 0x00, 0x00, 0x00, 0x00, 0x00, 0x03, 0xFF, 0x00, 0x00, 0x00, 0x00, 0x00, 0x03, 0xFE, 0x00, 0x00, 0x00, 0x00, 0x00, 0x07, 0xFC, 0x00, 0x00, 0x00, 0x00, 0x00, 0x0F, 0xFC, 0x00, 0x00, 0x00, 0x00, 0x00, 0x0F, 0xF8, 0x00, 0x00, 0x00, 0x00, 0x00, 0x1F, 0xF0, 0x00, 0x00, 0x00, 0x00, 0x00, 0x3F, 0xF0, 0x1F, 0xE0, 0x00, 0x00, 0x00, 0x3F, 0xE0, 0x7F, 0xF8, 0x00, 0x00, 0x00, 0x7F, 0xC1, 0xFF, 0xFE, 0x00, 0x00, 0x00, 0xFF, 0xC3, 0xFF, 0xFF, 0x00, 0x00, 0x00, 0xFF, 0x87, 0xFF, 0xFF, 0x00, 0x00, 0x01, 0xFF, 0x0F, 0xFF, 0xFF, 0x80, 0x00, 0x03, 0xFF, 0x0F, 0xFF, 0xFF, 0xC0, 0x00, 0x03, 0xFE, 0x1F, 0xF0, 0x7F, 0xC0, 0x00, 0x07, 0xFC, 0x1F, 0xE0, 0x3F, 0xC0, 0x00, 0x0F, 0xFC, 0x1F, 0xE0, 0x3F, 0xE0, 0x00, 0x0F, 0xF8, 0x3F, 0xC0, 0x1F, 0xE0, 0x00, 0x1F, 0xF0, 0x3F, 0xC0, 0x1F, 0xE0, 0x00, 0x3F, 0xF0, 0x3F, 0xC0, 0x1F, 0xE0, 0x00, 0x3F, 0xE0, 0x3F, 0xC0, 0x1F, 0xE0, 0x00, 0x7F, 0xC0, 0x3F, 0xC0, 0x1F, 0xE0, 0x00, 0xFF, 0xC0, 0x3F, 0xC0, 0x1F, 0xE0, 0x00, 0xFF, 0x80, 0x3F, 0xC0, 0x1F, 0xE0, 0x01, 0xFF, 0x00, 0x3F, 0xC0, 0x1F, 0xE0, 0x03, 0xFF, 0x00, 0x3F, 0xC0, 0x1F, 0xE0, 0x03, 0xFE, 0x00, 0x3F, 0xE0, 0x3F, 0xC0, 0x07, 0xFC, 0x00, 0x1F, 0xE0, 0x3F, 0xC0, 0x0F, 0xFC, 0x00, 0x1F, 0xF0, 0x7F, 0xC0, 0x0F, 0xF8, 0x00, 0x1F, 0xFF, 0xFF, 0x80, 0x1F, 0xF0, 0x00, 0x0F, 0xFF, 0xFF, 0x80, 0x3F, 0xF0, 0x00, 0x07, 0xFF, 0xFF, 0x00, 0x3F, 0xE0, 0x00, 0x07, 0xFF, 0xFE, 0x00, 0x7F, 0xC0, 0x00, 0x03, 0xFF, 0xFC, 0x00, 0xFF, 0xC0, 0x00, 0x00, 0xFF, 0xF0, 0x00, 0x00, 0x00, 0x00, 0x00, 0x3F, 0xC0, 0x00, 

/* Symbol 0x26, offset 2165 */
    53, 89, 22,
    0x00, 0x00, 0x3F, 0xF0, 0x00, 0x00, 0x00, 0x00, 0x01, 0xFF, 0xFE, 0x00, 0x00, 0x00, 0x00, 0x07, 0xFF, 0xFF, 0x80, 0x00, 0x00, 0x00, 0x0F, 0xFF, 0xFF, 0xE0, 0x00, 0x00, 0x00, 0x3F, 0xFF, 0xFF, 0xF0, 0x00, 0x00, 0x00, 0x7F, 0xFF, 0xFF, 0xF8, 0x00, 0x00, 0x00, 0xFF, 0xFF, 0xFF, 0xFC, 0x00, 0x00, 0x00, 0xFF, 0xFF, 0xFF, 0xFC, 0x00, 0x00, 0x01, 0xFF, 0xFF, 0xFF, 0xFE, 0x00, 0x00, 0x01, 0xFF, 0xF0, 0x7F, 0xFE, 0x00, 0x00, 0x03, 0xFF, 0xC0, 0x1F, 0xFE, 0x00, 0x00, 0x03, 0xFF, 0x80, 0x0F, 0xFF, 0x00, 0x00, 0x03, 0xFF, 0x80, 0x0F, 0xFF, 0x00, 0x00, 0x07, 0xFF, 0x00, 0x07, 0xFF, 0x00, 0x00, 0x07, 0xFF, 0x00, 0x07, 0xFF, 0x00, 0x00, 0x07, 0xFF, 0x00, 0x07, 0xFF, 0x00, 0x00, 0x07, 0xFF, 0x00, 0x07, 0xFF, 0x00, 0x00, 0x07, 0xFF, 0x00, 0x07, 0xFF, 0x00, 0x00, 0x07, 0xFF, 0x00, 0x0F, 0xFF, 0x00, 0x00, 0x07, 0xFF, 0x80, 0x0F, 0xFE, 0x00, 0x00, 0x07, 0xFF, 0x80, 0x1F, 0xFE, 0x00, 0x00, 0x03, 0xFF, 0xC0, 0x1F, 0xFC, 0x00, 0x00, 0x03, 0xFF, 0xC0, 0x3F, 0xFC, 0x00, 0x00, 0x03, 0xFF, 0xE0, 0xFF, 0xF8, 0x00, 0x00, 0x01, 0xFF, 0xE1, 0xFF, 0xF8, 0x00, 0x00, 0x01, 0xFF, 0xF7, 0xFF, 0xF0, 0x00, 0x00, 0x00, 0xFF, 0xFF, 0xFF, 0xE0, 0x00, 0x00, 0x00, 0xFF, 0xFF, 0xFF, 0xC0, 0x00, 0x00, 0x00, 0x7F, 0xFF, 0xFF, 0x00, 0x00, 0x00, 0x00, 0x3F, 0xFF, 0xFE, 0x00, 0x00, 0x00, 0x00, 0x1F, 0xFF, 0xF8, 0x00, 0x00, 0x00, 0x00, 0x1F, 0xFF, 0xF0, 0x00, 0x00, 0x00, 0x00, 0x3F, 0xFF, 0xC0, 0x00, 0x00, 0x00, 0x00, 0xFF, 0xFF, 0xE0, 0x00, 0x00, 0x00, 0x01, 0xFF, 0xFF, 0xE0, 0x07, 0xFF, 0x00, 0x03, 0xFF, 0xFF, 0xF0, 0x07, 0xFF, 0x00, 0x07, 0xFF, 0xFF, 0xF8, 0x07, 0xFF, 0x00, 0x0F, 0xFF, 0xFF, 0xFC, 0x07, 0xFF, 0x00, 0x1F, 0xFF, 0x7F, 0xFE, 0x07, 0xFF, 0x00, 0x1F, 0xFE, 0x3F, 0xFE, 0x07, 0xFF, 0x00, 0x3F, 0xFC, 0x1F, 0xFF, 0x07, 0xFF, 0x00, 0x3F, 0xF8, 0x1F, 0xFF, 0x87, 0xFE, 0x00, 0x7F, 0xF8, 0x0F, 0xFF, 0xC7, 0xFE, 0x00, 0x7F, 0xF0, 0x07, 0xFF, 0xEF, 0xFE, 0x00, 0x7F, 0xF0, 0x03, 0xFF, 0xEF, 0xFE, 0x00, 0xFF, 0xE0, 0x01, 0xFF, 0xFF, 0xFE, 0x00, 0xFF, 0xE0, 0x01, 0xFF, 0xFF, 0xFC, 0x00, 0xFF, 0xE0, 0x00, 0xFF, 0xFF, 0xFC, 0x00, 0xFF, 0xE0, 0x00, 0x7F, 0xFF, 0xFC, 0x00, 0xFF, 0xE0, 0x00, 0x3F, 0xFF, 0xF8, 0x00, 0xFF, 0xE0, 0x00, 0x1F, 0xFF, 0xF8, 0x00, 0xFF, 0xE0, 0x00, 0x1F, 0xFF, 0xF0, 0x00, 0xFF, 0xF0, 0x00, 0x0F, 0xFF, 0xF0, 0x00, 0xFF, 0xF0, 0x00, 0x07, 0xFF, 0xE0, 0x00, 0x7F, 0xF8, 0x00, 0x03, 0xFF, 0xF0, 0x00, 0x7F, 0xFC, 0x00, 0x07, 0xFF, 0xF0, 0x00, 0x7F, 0xFE, 0x00, 0x1F, 0xFF, 0xF8, 0x00, 0x3F, 0xFF, 0x80, 0x7F, 0xFF, 0xFC, 0x00, 0x3F, 0xFF, 0xFF, 0xFF, 0xFF, 0xFE, 0x00, 0x1F, 0xFF, 0xFF, 0xFF, 0xFF, 0xFF, 0x00, 0x0F, 0xFF, 0xFF, 0xFF, 0xFF, 0xFF, 0x80, 0x07, 0xFF, 0xFF, 0xFF, 0xFF, 0xFF, 0x80, 0x03, 0xFF, 0xFF, 0xFF, 0xEF, 0xFF, 0xC0, 0x01, 0xFF, 0xFF, 0xFF, 0xC7, 0xFF, 0xE0, 0x00, 0x7F, 0xFF, 0xFF, 0x03, 0xFF, 0xF0, 0x00, 0x1F, 0xFF, 0xF8, 0x01, 0xFF, 0xF8, 0x00, 0x01, 0xFF, 0xC0, 0x00, 0x00, 0x00, 

/* Symbol 0x27, offset 2637 */
    13, 45, 22,
    0xFF, 0xF8, 0xFF, 0xF8, 0xFF, 0xF8, 0xFF, 0xF8, 0xFF, 0xF8, 0xFF, 0xF8, 0xFF, 0xF8, 0x7F, 0xF8, 0x7F, 0xF0, 0x7F, 0xF0, 0x7F, 0xF0, 0x7F, 0xF0, 0x7F, 0xF0, 0x7F, 0xF0, 0x7F, 0xF0, 0x7F, 0xF0, 0x7F, 0xF0, 0x7F, 0xF0, 0x7F, 0xF0, 0x7F, 0xF0, 0x7F, 0xF0, 0x7F, 0xF0, 0x3F, 0xF0, 

/* Symbol 0x28, offset 2686 */
    30, 100, 18,
    0x00, 0x00, 0x03, 0x00, 0x00, 0x00, 0x07, 0x80, 0x00, 0x00, 0x0F, 0xC0, 0x00, 0x00, 0x1F, 0xE0, 0x00, 0x00, 0x3F, 0xF0, 0x00, 0x00, 0x7F, 0xF8, 0x00, 0x00, 0xFF, 0xFC, 0x00, 0x01, 0xFF, 0xF8, 0x00, 0x03, 0xFF, 0xF0, 0x00, 0x03, 0xFF, 0xE0, 0x00, 0x07, 0xFF, 0xC0, 0x00, 0x0F, 0xFF, 0x80, 0x00, 0x1F, 0xFF, 0x00, 0x00, 0x3F, 0xFE, 0x00, 0x00, 0x3F, 0xFC, 0x00, 0x00, 0x7F, 0xF8, 0x00, 0x00, 0xFF, 0xF8, 0x00, 0x00, 0xFF, 0xF0, 0x00, 0x01, 0xFF, 0xE0, 0x00, 0x01, 0xFF, 0xE0, 0x00, 0x03, 0xFF, 0xC0, 0x00, 0x03, 0xFF, 0x80, 0x00, 0x07, 0xFF, 0x80, 0x00, 0x07, 0xFF, 0x00, 0x00, 0x0F, 0xFF, 0x00, 0x00, 0x0F, 0xFE, 0x00, 0x00, 0x1F, 0xFE, 0x00, 0x00, 0x1F, 0xFC, 0x00, 0x00, 0x1F, 0xFC, 0x00, 0x00, 0x3F, 0xFC, 0x00, 0x00, 0x3F, 0xF8, 0x00, 0x00, 0x3F, 0xF8, 0x00, 0x00, 0x7F, 0xF8, 0x00, 0x00, 0x7F, 0xF0, 0x00, 0x00, 0x7F, 0xF0, 0x00, 0x00, 0x7F, 0xF0, 0x00, 0x00, 0x7F, 0xF0, 0x00, 0x00, 0x7F, 0xF0, 0x00, 0x00, 0xFF, 0xE0, 0x00, 0x00, 0xFF, 0xE0, 0x00, 0x00, 0xFF, 0xE0, 0x00, 0x00, 0xFF, 0xE0, 0x00, 0x00, 0xFF, 0xE0, 0x00, 0x00, 0xFF, 0xE0, 0x00, 0x00, 0xFF, 0xE0, 0x00, 0x00, 0xFF, 0xE0, 0x00, 0x00, 0xFF, 0xE0, 0x00, 0x00, 0xFF, 0xE0, 0x00, 0x00, 0xFF, 0xE0, 0x00, 0x00, 0xFF, 0xE0, 0x00, 0x00, 0xFF, 0xE0, 0x00, 0x00, 0xFF, 0xF0, 0x00, 0x00, 0xFF, 0xF0, 0x00, 0x00, 0x7F, 0xF0, 0x00, 0x00, 0x7F, 0xF0, 0x00, 0x00, 0x7F, 0xF0, 0x00, 0x00, 0x7F, 0xF8, 0x00, 0x00, 0x7F, 0xF8, 0x00, 0x00, 0x3F, 0xF8, 0x00, 0x00, 0x3F, 0xFC, 0x00, 0x00, 0x3F, 0xFC, 0x00, 0x00, 0x1F, 0xFC, 0x00, 0x00, 0x1F, 0xFE, 0x00, 0x00, 0x1F, 0xFE, 0x00, 0x00, 0x0F, 0xFF, 0x00, 0x00, 0x0F, 0xFF, 0x00, 0x00, 0x0F, 0xFF, 0x80, 0x00, 0x07, 0xFF, 0x80, 0x00, 0x07, 0xFF, 0xC0, 0x00, 0x03, 0xFF, 0xC0, 0x00, 0x03, 0xFF, 0xE0, 0x00, 0x01, 0xFF, 0xF0, 0x00, 0x00, 0xFF, 0xF0, 0x00, 0x00, 0xFF, 0xF8, 0x00, 0x00, 0x7F, 0xFC, 0x00, 0x00, 0x7F, 0xFE, 0x00, 0x00, 0x3F, 0xFE, 0x00, 0x00, 0x1F, 0xFF, 0x00, 0x00, 0x0F, 0xFF, 0x80, 0x00, 0x0F, 0xFF, 0xC0, 0x00, 0x07, 0xFF, 0xE0, 0x00, 0x03, 0xFF, 0xF0, 

/* Symbol 0x29, offset 3017 */
    29, 100, 18,
    0x02, 0x00, 0x00, 0x00, 0x07, 0x00, 0x00, 0x00, 0x0F, 0x80, 0x00, 0x00, 0x1F, 0xC0, 0x00, 0x00, 0x3F, 0xE0, 0x00, 0x00, 0x7F, 0xF0, 0x00, 0x00, 0xFF, 0xF8, 0x00, 0x00, 0x7F, 0xFC, 0x00, 0x00, 0x3F, 0xFE, 0x00, 0x00, 0x1F, 0xFF, 0x00, 0x00, 0x0F, 0xFF, 0x80, 0x00, 0x07, 0xFF, 0x80, 0x00, 0x03, 0xFF, 0xC0, 0x00, 0x03, 0xFF, 0xE0, 0x00, 0x01, 0xFF, 0xF0, 0x00, 0x00, 0xFF, 0xF0, 0x00, 0x00, 0x7F, 0xF8, 0x00, 0x00, 0x7F, 0xFC, 0x00, 0x00, 0x3F, 0xFC, 0x00, 0x00, 0x1F, 0xFE, 0x00, 0x00, 0x1F, 0xFE, 0x00, 0x00, 0x0F, 0xFF, 0x00, 0x00, 0x0F, 0xFF, 0x00, 0x00, 0x07, 0xFF, 0x80, 0x00, 0x07, 0xFF, 0x80, 0x00, 0x03, 0xFF, 0x80, 0x00, 0x03, 0xFF, 0xC0, 0x00, 0x01, 0xFF, 0xC0, 0x00, 0x01, 0xFF, 0xE0, 0x00, 0x01, 0xFF, 0xE0, 0x00, 0x00, 0xFF, 0xE0, 0x00, 0x00, 0xFF, 0xE0, 0x00, 0x00, 0xFF, 0xF0, 0x00, 0x00, 0x7F, 0xF0, 0x00, 0x00, 0x7F, 0xF0, 0x00, 0x00, 0x7F, 0xF0, 0x00, 0x00, 0x7F, 0xF0, 0x00, 0x00, 0x7F, 0xF8, 0x00, 0x00, 0x3F, 0xF8, 0x00, 0x00, 0x3F, 0xF8, 0x00, 0x00, 0x3F, 0xF8, 0x00, 0x00, 0x3F, 0xF8, 0x00, 0x00, 0x3F, 0xF8, 0x00, 0x00, 0x3F, 0xF8, 0x00, 0x00, 0x3F, 0xF8, 0x00, 0x00, 0x3F, 0xF8, 0x00, 0x00, 0x3F, 0xF8, 0x00, 0x00, 0x3F, 0xF8, 0x00, 0x00, 0x3F, 0xF8, 0x00, 0x00, 0x3F, 0xF8, 0x00, 0x00, 0x3F, 0xF8, 0x00, 0x00, 0x3F, 0xF8, 0x00, 0x00, 0x7F, 0xF0, 0x00, 0x00, 0x7F, 0xF0, 0x00, 0x00, 0x7F, 0xF0, 0x00, 0x00, 0x7F, 0xF0, 0x00, 0x00, 0x7F, 0xF0, 0x00, 0x00, 0xFF, 0xF0, 0x00, 0x00, 0xFF, 0xE0, 0x00, 0x00, 0xFF, 0xE0, 0x00, 0x00, 0xFF, 0xE0, 0x00, 0x01, 0xFF, 0xC0, 0x00, 0x01, 0xFF, 0xC0, 0x00, 0x03, 0xFF, 0xC0, 0x00, 0x03, 0xFF, 0x80, 0x00, 0x03, 0xFF, 0x80, 0x00, 0x07, 0xFF, 0x00, 0x00, 0x07, 0xFF, 0x00, 0x00, 0x0F, 0xFF, 0x00, 0x00, 0x1F, 0xFE, 0x00, 0x00, 0x1F, 0xFC, 0x00, 0x00, 0x3F, 0xFC, 0x00, 0x00, 0x3F, 0xF8, 0x00, 0x00, 0x7F, 0xF8, 0x00, 0x00, 0xFF, 0xF0, 0x00, 0x01, 0xFF, 0xE0, 0x00, 0x01, 0xFF, 0xE0, 0x00, 0x03, 0xFF, 0xC0, 0x00, 0x07, 0xFF, 0x80, 0x00, 0x0F, 0xFF, 0x00, 0x00, 0x1F, 0xFF, 0x00, 0x00, 0x3F, 0xFE, 0x00, 0x00, 

/* Symbol 0x2A, offset 3348 */
    40, 63, 22,
    0x00, 0x01, 0xFF, 0x80, 0x00, 0x00, 0x01, 0xFF, 0x80, 0x00, 0x00, 0x01, 0xFF, 0x80, 0x00, 0x00, 0x01, 0xFF, 0x80, 0x00, 0x00, 0x01, 0xFF, 0x80, 0x00, 0x00, 0x01, 0xFF, 0x00, 0x00, 0x08, 0x00, 0xFF, 0x00, 0x10, 0x0E, 0x00, 0xFF, 0x00, 0x70, 0x1F, 0x00, 0xFF, 0x00, 0xF8, 0x1F, 0x80, 0xFF, 0x01, 0xF8, 0x3F, 0xE0, 0xFF, 0x07, 0xFC, 0x3F, 0xF0, 0xFF, 0x0F, 0xFC, 0x7F, 0xF8, 0xFF, 0x1F, 0xFE, 0xFF, 0xFE, 0xFF, 0x7F, 0xFF, 0xFF, 0xFF, 0xFF, 0xFF, 0xFF, 0x1F, 0xFF, 0xFF, 0xFF, 0xFC, 0x07, 0xFF, 0xFF, 0xFF, 0xE0, 0x01, 0xFF, 0xFF, 0xFF, 0x80, 0x00, 0x7F, 0xFF, 0xFE, 0x00, 0x00, 0x1F, 0xFF, 0xF8, 0x00, 0x00, 0x07, 0xFF, 0xE0, 0x00, 0x00, 0x1F, 0xFF, 0xF8, 0x00, 0x00, 0x7F, 0xFF, 0xFE, 0x00, 0x01, 0xFF, 0xFF, 0xFF, 0x80, 0x07, 0xFF, 0xFF, 0xFF, 0xE0, 0x1F, 0xFF, 0xFF, 0xFF, 0xFC, 0xFF, 0xFF, 0xFF, 0xFF, 0xFF, 0xFF, 0xFE, 0xFF, 0x7F, 0xFF, 0x7F, 0xF8, 0xFF, 0x1F, 0xFE, 0x3F, 0xF0, 0xFF, 0x0F, 0xFC, 0x3F, 0xE0, 0xFF, 0x07, 0xFC, 0x1F, 0x80, 0xFF, 0x01, 0xF8, 0x1F, 0x00, 0xFF, 0x00, 0xF8, 0x0E, 0x00, 0xFF, 0x00, 0x70, 0x08, 0x00, 0xFF, 0x00, 0x10, 0x00, 0x01, 0xFF, 0x00, 0x00, 0x00, 0x01, 0xFF, 0x80, 0x00, 0x00, 0x01, 0xFF, 0x80, 0x00, 0x00, 0x01, 0xFF, 0x80, 0x00, 0x00, 0x01, 0xFF, 0x80, 0x00, 0x00, 0x01, 0xFF, 0x80, 0x00, 

/* Symbol 0x2B, offset 3556 */
    45, 85, 40,
    0x00, 0x00, 0x7F, 0xF0, 0x00, 0x00, 0x00, 0x00, 0x7F, 0xF0, 0x00, 0x00, 0x00, 0x00, 0x7F, 0xF0, 0x00, 0x00, 0x00, 0x00, 0x7F, 0xF0, 0x00, 0x00, 0x00, 0x00, 0x7F, 0xF0, 0x00, 0x00, 0x00, 0x00, 0x7F, 0xF0, 0x00, 0x00, 0x00, 0x00, 0x7F, 0xF0, 0x00, 0x00, 0x00, 0x00, 0x7F, 0xF0, 0x00, 0x00, 0x00, 0x00, 0x7F, 0xF0, 0x00, 0x00, 0x00, 0x00, 0x7F, 0xF0, 0x00, 0x00, 0x00, 0x00, 0x7F, 0xF0, 0x00, 0x00, 0x00, 0x00, 0x7F, 0xF0, 0x00, 0x00, 0x00, 0x00, 0x7F, 0xF0, 0x00, 0x00, 0x00, 0x00, 0x7F, 0xF0, 0x00, 0x00, 0x00, 0x00, 0x7F, 0xF0, 0x00, 0x00, 0x00, 0x00, 0x7F, 0xF0, 0x00, 0x00, 0x00, 0x00, 0x7F, 0xF0, 0x00, 0x00, 0x00, 0x00, 0x7F, 0xF0, 0x00, 0x00, 0xFF, 0xFF, 0xFF, 0xFF, 0xFF, 0xF8, 0xFF, 0xFF, 0xFF, 0xFF, 0xFF, 0xF8, 0xFF, 0xFF, 0xFF, 0xFF, 0xFF, 0xF8, 0xFF, 0xFF, 0xFF, 0xFF, 0xFF, 0xF8, 0xFF, 0xFF, 0xFF, 0xFF, 0xFF, 0xF8, 0xFF, 0xFF, 0xFF, 0xFF, 0xFF, 0xF8, 0xFF, 0xFF, 0xFF, 0xFF, 0xFF, 0xF8, 0xFF, 0xFF, 0xFF, 0xFF, 0xFF, 0xF8, 0xFF, 0xFF, 0xFF, 0xFF, 0xFF, 0xF8, 0x00, 0x00, 0x7F, 0xF0, 0x00, 0x00, 0x00, 0x00, 0x7F, 0xF0, 0x00, 0x00, 0x00, 0x00, 0x7F, 0xF0, 0x00, 0x00, 0x00, 0x00, 0x7F, 0xF0, 0x00, 0x00, 0x00, 0x00, 0x7F, 0xF0, 0x00, 0x00, 0x00, 0x00, 0x7F, 0xF0, 0x00, 0x00, 0x00, 0x00, 0x7F, 0xF0, 0x00, 0x00, 0x00, 0x00, 0x7F, 0xF0, 0x00, 0x00, 0x00, 0x00, 0x7F, 0xF0, 0x00, 0x00, 0x00, 0x00, 0x7F, 0xF0, 0x00, 0x00, 0x00, 0x00, 0x7F, 0xF0, 0x00, 0x00, 0x00, 0x00, 0x7F, 0xF0, 0x00, 0x00, 0x00, 0x00, 0x7F, 0xF0, 0x00, 0x00, 0x00, 0x00, 0x7F, 0xF0, 0x00, 0x00, 0x00, 0x00, 0x7F, 0xF0, 0x00, 0x00, 0x00, 0x00, 0x7F, 0xF0, 0x00, 0x00, 0x00, 0x00, 0x7F, 0xF0, 0x00, 0x00, 0x00, 0x00, 0x7F, 0xF0, 0x00, 0x00, 

/* Symbol 0x2C, offset 3829 */
    25, 100, 71,
    0x00, 0x07, 0xC0, 0x00, 0x00, 0x1F, 0xF0, 0x00, 0x00, 0x3F, 0xF8, 0x00, 0x00, 0x7F, 0xFC, 0x00, 0x00, 0x7F, 0xFE, 0x00, 0x00, 0xFF, 0xFE, 0x00, 0x00, 0xFF, 0xFF, 0x00, 0x00, 0xFF, 0xFF, 0x00, 0x00, 0xFF, 0xFF, 0x00, 0x00, 0xFF, 0xFF, 0x80, 0x00, 0xFF, 0xFF, 0x80, 0x00, 0x7F, 0xFF, 0x80, 0x00, 0x3F, 0xFF, 0x80, 0x00, 0x3F, 0xFF, 0x80, 0x00, 0x1F, 0xFF, 0x80, 0x00, 0x0F, 0xFF, 0x80, 0x00, 0x07, 0xFF, 0x80, 0x00, 0x07, 0xFF, 0x80, 0x00, 0x07, 0xFF, 0x00, 0x00, 0x07, 0xFF, 0x00, 0x00, 0x07, 0xFF, 0x00, 0x00, 0x07, 0xFE, 0x00, 0x00, 0x07, 0xFE, 0x00, 0x00, 0x0F, 0xFC, 0x00, 0x00, 0x1F, 0xFC, 0x00, 0x00, 0x7F, 0xF8, 0x00, 0x03, 0xFF, 0xF0, 0x00, 0xFF, 0xFF, 0xE0, 0x00, 0xFF, 0xFF, 0xC0, 0x00, 

/* Symbol 0x2D, offset 3948 */
    29, 68, 58,
    0xFF, 0xFF, 0xFF, 0xF8, 0xFF, 0xFF, 0xFF, 0xF8, 0xFF, 0xFF, 0xFF, 0xF8, 0xFF, 0xFF, 0xFF, 0xF8, 0xFF, 0xFF, 0xFF, 0xF8, 0xFF, 0xFF, 0xFF, 0xF8, 0xFF, 0xFF, 0xFF, 0xF8, 0xFF, 0xFF, 0xFF, 0xF8, 0xFF, 0xFF, 0xFF, 0xF8, 0xFF, 0xFF, 0xFF, 0xF8, 

/* Symbol 0x2E, offset 3991 */
    18, 89, 71,
    0x03, 0xF0, 0x00, 0x0F, 0xFC, 0x00, 0x1F, 0xFE, 0x00, 0x3F, 0xFF, 0x00, 0x7F, 0xFF, 0x80, 0x7F, 0xFF, 0x80, 0xFF, 0xFF, 0xC0, 0xFF, 0xFF, 0xC0, 0xFF, 0xFF, 0xC0, 0xFF, 0xFF, 0xC0, 0xFF, 0xFF, 0xC0, 0xFF, 0xFF, 0xC0, 0x7F, 0xFF, 0x80, 0x7F, 0xFF, 0x80, 0x3F, 0xFF, 0x00, 0x1F, 0xFE, 0x00, 0x0F, 0xFC, 0x00, 0x03, 0xF0, 0x00, 

/* Symbol 0x2F, offset 4048 */
    44, 98, 22,
    0x00, 0x00, 0x00, 0x00, 0x7F, 0xF0, 0x00, 0x00, 0x00, 0x00, 0xFF, 0xF0, 0x00, 0x00, 0x00, 0x00, 0xFF, 0xE0, 0x00, 0x00, 0x00, 0x01, 0xFF, 0xE0, 0x00, 0x00, 0x00, 0x01, 0xFF, 0xC0, 0x00, 0x00, 0x00, 0x01, 0xFF, 0xC0, 0x00, 0x00, 0x00, 0x03, 0xFF, 0x80, 0x00, 0x00, 0x00, 0x03, 0xFF, 0x80, 0x00, 0x00, 0x00, 0x07, 0xFF, 0x00, 0x00, 0x00, 0x00, 0x07, 0xFF, 0x00, 0x00, 0x00, 0x00, 0x0F, 0xFF, 0x00, 0x00, 0x00, 0x00, 0x0F, 0xFE, 0x00, 0x00, 0x00, 0x00, 0x0F, 0xFE, 0x00, 0x00, 0x00, 0x00, 0x1F, 0xFC, 0x00, 0x00, 0x00, 0x00, 0x1F, 0xFC, 0x00, 0x00, 0x00, 0x00, 0x3F, 0xF8, 0x00, 0x00, 0x00, 0x00, 0x3F, 0xF8, 0x00, 0x00, 0x00, 0x00, 0x7F, 0xF8, 0x00, 0x00, 0x00, 0x00, 0x7F, 0xF0, 0x00, 0x00, 0x00, 0x00, 0x7F, 0xF0, 0x00, 0x00, 0x00, 0x00, 0xFF, 0xE0, 0x00, 0x00, 0x00, 0x00, 0xFF, 0xE0, 0x00, 0x00, 0x00, 0x01, 0xFF, 0xC0, 0x00, 0x00, 0x00, 0x01, 0xFF, 0xC0, 0x00, 0x00, 0x00, 0x03, 0xFF, 0xC0, 0x00, 0x00, 0x00, 0x03, 0xFF, 0x80, 0x00, 0x00, 0x00, 0x07, 0xFF, 0x80, 0x00, 0x00, 0x00, 0x07, 0xFF, 0x00, 0x00, 0x00, 0x00, 0x07, 0xFF, 0x00, 0x00, 0x00, 0x00, 0x0F, 0xFE, 0x00, 0x00, 0x00, 0x00, 0x0F, 0xFE, 0x00, 0x00, 0x00, 0x00, 0x1F, 0xFC, 0x00, 0x00, 0x00, 0x00, 0x1F, 0xFC, 0x00, 0x00, 0x00, 0x00, 0x3F, 0xFC, 0x00, 0x00, 0x00, 0x00, 0x3F, 0xF8, 0x00, 0x00, 0x00, 0x00, 0x3F, 0xF8, 0x00, 0x00, 0x00, 0x00, 0x7F, 0xF0, 0x00, 0x00, 0x00, 0x00, 0x7F, 0xF0, 0x00, 0x00, 0x00, 0x00, 0xFF, 0xE0, 0x00, 0x00, 0x00, 0x00, 0xFF, 0xE0, 0x00, 0x00, 0x00, 0x01, 0xFF, 0xE0, 0x00, 0x00, 0x00, 0x01, 0xFF, 0xC0, 0x00, 0x00, 0x00, 0x01, 0xFF, 0xC0, 0x00, 0x00, 0x00, 0x03, 0xFF, 0x80, 0x00, 0x00, 0x00, 0x03, 0xFF, 0x80, 0x00, 0x00, 0x00, 0x07, 0xFF, 0x00, 0x00, 0x00, 0x00, 0x07, 0xFF, 0x00, 0x00, 0x00, 0x00, 0x0F, 0xFF, 0x00, 0x00, 0x00, 0x00, 0x0F, 0xFE, 0x00, 0x00, 0x00, 0x00, 0x0F, 0xFE, 0x00, 0x00, 0x00, 0x00, 0x1F, 0xFC, 0x00, 0x00, 0x00, 0x00, 0x1F, 0xFC, 0x00, 0x00, 0x00, 0x00, 0x3F, 0xF8, 0x00, 0x00, 0x00, 0x00, 0x3F, 0xF8, 0x00, 0x00, 0x00, 0x00, 0x7F, 0xF0, 0x00, 0x00, 0x00, 0x00, 0x7F, 0xF0, 0x00, 0x00, 0x00, 0x00, 0xFF, 0xF0, 0x00, 0x00, 0x00, 0x00, 0xFF, 0xE0, 0x00, 0x00, 0x00, 0x00, 0xFF, 0xE0, 0x00, 0x00, 0x00, 0x01, 0xFF, 0xC0, 0x00, 0x00, 0x00, 0x01, 0xFF, 0xC0, 0x00, 0x00, 0x00, 0x03, 0xFF, 0x80, 0x00, 0x00, 0x00, 0x03, 0xFF, 0x80, 0x00, 0x00, 0x00, 0x07, 0xFF, 0x80, 0x00, 0x00, 0x00, 0x07, 0xFF, 0x00, 0x00, 0x00, 0x00, 0x07, 0xFF, 0x00, 0x00, 0x00, 0x00, 0x0F, 0xFE, 0x00, 0x00, 0x00, 0x00, 0x0F, 0xFE, 0x00, 0x00, 0x00, 0x00, 0x1F, 0xFC, 0x00, 0x00, 0x00, 0x00, 0x1F, 0xFC, 0x00, 0x00, 0x00, 0x00, 0x3F, 0xFC, 0x00, 0x00, 0x00, 0x00, 0x3F, 0xF8, 0x00, 0x00, 0x00, 0x00, 0x3F, 0xF8, 0x00, 0x00, 0x00, 0x00, 0x7F, 0xF0, 0x00, 0x00, 0x00, 0x00, 0x7F, 0xF0, 0x00, 0x00, 0x00, 0x00, 0xFF, 0xE0, 0x00, 0x00, 0x00, 0x00, 

/* Symbol 0x30, offset 4507 */
    48, 89, 26,
    0x00, 0x00, 0x1F, 0xFC, 0x00, 0x00, 0x00, 0x00, 0xFF, 0xFF, 0x80, 0x00, 0x00, 0x03, 0xFF, 0xFF, 0xF0, 0x00, 0x00, 0x0F, 0xFF, 0xFF, 0xF8, 0x00, 0x00, 0x3F, 0xFF, 0xFF, 0xFE, 0x00, 0x00, 0x7F, 0xFF, 0xFF, 0xFF, 0x00, 0x00, 0xFF, 0xFF, 0xFF, 0xFF, 0x80, 0x01, 0xFF, 0xFF, 0xFF, 0xFF, 0xC0, 0x03, 0xFF, 0xFF, 0xFF, 0xFF, 0xC0, 0x03, 0xFF, 0xF8, 0x1F, 0xFF, 0xE0, 0x07, 0xFF, 0xE0, 0x07, 0xFF, 0xF0, 0x0F, 0xFF, 0xC0, 0x03, 0xFF, 0xF0, 0x0F, 0xFF, 0x80, 0x01, 0xFF, 0xF8, 0x1F, 0xFF, 0x00, 0x00, 0xFF, 0xF8, 0x1F, 0xFE, 0x00, 0x00, 0x7F, 0xF8, 0x1F, 0xFE, 0x00, 0x00, 0x7F, 0xFC, 0x3F, 0xFC, 0x00, 0x00, 0x3F, 0xFC, 0x3F, 0xFC, 0x00, 0x00, 0x3F, 0xFC, 0x3F, 0xFC, 0x00, 0x00, 0x3F, 0xFE, 0x7F, 0xF8, 0x00, 0x00, 0xFF, 0xFE, 0x7F, 0xF8, 0x00, 0x01, 0xFF, 0xFE, 0x7F, 0xF8, 0x00, 0x03, 0xFF, 0xFE, 0x7F, 0xF8, 0x00, 0x0F, 0xFF, 0xFE, 0x7F, 0xF8, 0x00, 0x1F, 0xFF, 0xFF, 0xFF, 0xF0, 0x00, 0x3F, 0xFF, 0xFF, 0xFF, 0xF0, 0x00, 0x7F, 0xFF, 0xFF, 0xFF, 0xF0, 0x01, 0xFF, 0xFF, 0xFF, 0xFF, 0xF0, 0x03, 0xFF, 0xFF, 0xFF, 0xFF, 0xF0, 0x07, 0xFF, 0xEF, 0xFF, 0xFF, 0xF0, 0x1F, 0xFF, 0xCF, 0xFF, 0xFF, 0xF0, 0x3F, 0xFF, 0x8F, 0xFF, 0xFF, 0xF0, 0x7F, 0xFE, 0x0F, 0xFF, 0xFF, 0xF1, 0xFF, 0xFC, 0x0F, 0xFF, 0xFF, 0xF3, 0xFF, 0xF8, 0x0F, 0xFF, 0xFF, 0xF7, 0xFF, 0xE0, 0x0F, 0xFF, 0xFF, 0xFF, 0xFF, 0xC0, 0x0F, 0xFF, 0xFF, 0xFF, 0xFF, 0x80, 0x0F, 0xFF, 0xFF, 0xFF, 0xFF, 0x00, 0x0F, 0xFF, 0xFF, 0xFF, 0xFC, 0x00, 0x0F, 0xFF, 0xFF, 0xFF, 0xF8, 0x00, 0x1F, 0xFE, 0x7F, 0xFF, 0xF0, 0x00, 0x1F, 0xFE, 0x7F, 0xFF, 0xC0, 0x00, 0x1F, 0xFE, 0x7F, 0xFF, 0x80, 0x00, 0x1F, 0xFE, 0x7F, 0xFF, 0x00, 0x00, 0x1F, 0xFE, 0x7F, 0xFC, 0x00, 0x00, 0x3F, 0xFC, 0x3F, 0xFC, 0x00, 0x00, 0x3F, 0xFC, 0x3F, 0xFC, 0x00, 0x00, 0x3F, 0xFC, 0x3F, 0xFE, 0x00, 0x00, 0x7F, 0xF8, 0x1F, 0xFE, 0x00, 0x00, 0x7F, 0xF8, 0x1F, 0xFF, 0x00, 0x00, 0xFF, 0xF8, 0x1F, 0xFF, 0x80, 0x01, 0xFF, 0xF0, 0x0F, 0xFF, 0xC0, 0x03, 0xFF, 0xF0, 0x0F, 0xFF, 0xE0, 0x07, 0xFF, 0xE0, 0x07, 0xFF, 0xF8, 0x1F, 0xFF, 0xC0, 0x03, 0xFF, 0xFF, 0xFF, 0xFF, 0xC0, 0x03, 0xFF, 0xFF, 0xFF, 0xFF, 0x80, 0x01, 0xFF, 0xFF, 0xFF, 0xFF, 0x00, 0x00, 0xFF, 0xFF, 0xFF, 0xFE, 0x00, 0x00, 0x7F, 0xFF, 0xFF, 0xFC, 0x00, 0x00, 0x1F, 0xFF, 0xFF, 0xF0, 0x00, 0x00, 0x0F, 0xFF, 0xFF, 0xE0, 0x00, 0x00, 0x01, 0xFF, 0xFF, 0x00, 0x00, 0x00, 0x00, 0x3F, 0xF8, 0x00, 0x00, 

/* Symbol 0x31, offset 4888 */
    43, 88, 27,
    0x00, 0x00, 0x1F, 0xFC, 0x00, 0x00, 0x00, 0x00, 0x7F, 0xFC, 0x00, 0x00, 0x00, 0x01, 0xFF, 0xFC, 0x00, 0x00, 0x00, 0x07, 0xFF, 0xFC, 0x00, 0x00, 0x00, 0x1F, 0xFF, 0xFC, 0x00, 0x00, 0x00, 0x7F, 0xFF, 0xFC, 0x00, 0x00, 0x01, 0xFF, 0xFF, 0xFC, 0x00, 0x00, 0x07, 0xFF, 0xFF, 0xFC, 0x00, 0x00, 0x1F, 0xFF, 0xFF, 0xFC, 0x00, 0x00, 0x7F, 0xFF, 0xFF, 0xFC, 0x00, 0x00, 0xFF, 0xFF, 0xFF, 0xFC, 0x00, 0x00, 0x7F, 0xFF, 0xFF, 0xFC, 0x00, 0x00, 0x7F, 0xFF, 0xBF, 0xFC, 0x00, 0x00, 0x3F, 0xFE, 0x3F, 0xFC, 0x00, 0x00, 0x3F, 0xF8, 0x3F, 0xFC, 0x00, 0x00, 0x3F, 0xE0, 0x3F, 0xFC, 0x00, 0x00, 0x1F, 0x80, 0x3F, 0xFC, 0x00, 0x00, 0x1E, 0x00, 0x3F, 0xFC, 0x00, 0x00, 0x08, 0x00, 0x3F, 0xFC, 0x00, 0x00, 0x00, 0x00, 0x3F, 0xFC, 0x00, 0x00, 0x00, 0x00, 0x3F, 0xFC, 0x00, 0x00, 0x00, 0x00, 0x3F, 0xFC, 0x00, 0x00, 0x00, 0x00, 0x3F, 0xFC, 0x00, 0x00, 0x00, 0x00, 0x3F, 0xFC, 0x00, 0x00, 0x00, 0x00, 0x3F, 0xFC, 0x00, 0x00, 0x00, 0x00, 0x3F, 0xFC, 0x00, 0x00, 0x00, 0x00, 0x3F, 0xFC, 0x00, 0x00, 0x00, 0x00, 0x3F, 0xFC, 0x00, 0x00, 0x00, 0x00, 0x3F, 0xFC, 0x00, 0x00, 0x00, 0x00, 0x3F, 0xFC, 0x00, 0x00, 0x00, 0x00, 0x3F, 0xFC, 0x00, 0x00, 0x00, 0x00, 0x3F, 0xFC, 0x00, 0x00, 0x00, 0x00, 0x3F, 0xFC, 0x00, 0x00, 0x00, 0x00, 0x3F, 0xFC, 0x00, 0x00, 0x00, 0x00, 0x3F, 0xFC, 0x00, 0x00, 0x00, 0x00, 0x3F, 0xFC, 0x00, 0x00, 0x00, 0x00, 0x3F, 0xFC, 0x00, 0x00, 0x00, 0x00, 0x3F, 0xFC, 0x00, 0x00, 0x00, 0x00, 0x3F, 0xFC, 0x00, 0x00, 0x00, 0x00, 0x3F, 0xFC, 0x00, 0x00, 0x00, 0x00, 0x3F, 0xFC, 0x00, 0x00, 0x00, 0x00, 0x3F, 0xFC, 0x00, 0x00, 0x00, 0x00, 0x3F, 0xFC, 0x00, 0x00, 0x00, 0x00, 0x3F, 0xFC, 0x00, 0x00, 0x00, 0x00, 0x3F, 0xFC, 0x00, 0x00, 0x00, 0x00, 0x3F, 0xFC, 0x00, 0x00, 0x00, 0x00, 0x3F, 0xFC, 0x00, 0x00, 0x00, 0x00, 0x3F, 0xFC, 0x00, 0x00, 0x00, 0x00, 0x3F, 0xFC, 0x00, 0x00, 0x00, 0x00, 0x3F, 0xFC, 0x00, 0x00, 0x00, 0x00, 0x3F, 0xFC, 0x00, 0x00, 0x3F, 0xFF, 0xFF, 0xFF, 0xFF, 0xE0, 0x3F, 0xFF, 0xFF, 0xFF, 0xFF, 0xE0, 0x3F, 0xFF, 0xFF, 0xFF, 0xFF, 0xE0, 0x3F, 0xFF, 0xFF, 0xFF, 0xFF, 0xE0, 0x3F, 0xFF, 0xFF, 0xFF, 0xFF, 0xE0, 0x3F, 0xFF, 0xFF, 0xFF, 0xFF, 0xE0, 0x3F, 0xFF, 0xFF, 0xFF, 0xFF, 0xE0, 0x3F, 0xFF, 0xFF, 0xFF, 0xFF, 0xE0, 0x3F, 0xFF, 0xFF, 0xFF, 0xFF, 0xE0, 0x3F, 0xFF, 0xFF, 0xFF, 0xFF, 0xE0, 

/* Symbol 0x32, offset 5257 */
    42, 88, 26,
    0x00, 0x01, 0xFF, 0xC0, 0x00, 0x00, 0x00, 0x1F, 0xFF, 0xF8, 0x00, 0x00, 0x00, 0xFF, 0xFF, 0xFF, 0x00, 0x00, 0x01, 0xFF, 0xFF, 0xFF, 0x80, 0x00, 0x07, 0xFF, 0xFF, 0xFF, 0xC0, 0x00, 0x1F, 0xFF, 0xFF, 0xFF, 0xF0, 0x00, 0x3F, 0xFF, 0xFF, 0xFF, 0xF0, 0x00, 0x7F, 0xFF, 0xFF, 0xFF, 0xF8, 0x00, 0xFF, 0xFF, 0xFF, 0xFF, 0xFC, 0x00, 0x7F, 0xFF, 0xFF, 0xFF, 0xFC, 0x00, 0x3F, 0xFE, 0x03, 0xFF, 0xFE, 0x00, 0x1F, 0xF0, 0x00, 0xFF, 0xFE, 0x00, 0x1F, 0xE0, 0x00, 0x3F, 0xFE, 0x00, 0x0F, 0x80, 0x00, 0x1F, 0xFF, 0x00, 0x07, 0x00, 0x00, 0x1F, 0xFF, 0x00, 0x02, 0x00, 0x00, 0x0F, 0xFF, 0x00, 0x00, 0x00, 0x00, 0x0F, 0xFF, 0x00, 0x00, 0x00, 0x00, 0x0F, 0xFF, 0x00, 0x00, 0x00, 0x00, 0x0F, 0xFF, 0x00, 0x00, 0x00, 0x00, 0x0F, 0xFF, 0x00, 0x00, 0x00, 0x00, 0x0F, 0xFF, 0x00, 0x00, 0x00, 0x00, 0x0F, 0xFF, 0x00, 0x00, 0x00, 0x00, 0x0F, 0xFF, 0x00, 0x00, 0x00, 0x00, 0x1F, 0xFE, 0x00, 0x00, 0x00, 0x00, 0x1F, 0xFE, 0x00, 0x00, 0x00, 0x00, 0x1F, 0xFE, 0x00, 0x00, 0x00, 0x00, 0x3F, 0xFC, 0x00, 0x00, 0x00, 0x00, 0x7F, 0xFC, 0x00, 0x00, 0x00, 0x00, 0x7F, 0xF8, 0x00, 0x00, 0x00, 0x00, 0xFF, 0xF8, 0x00, 0x00, 0x00, 0x01, 0xFF, 0xF0, 0x00, 0x00, 0x00, 0x03, 0xFF, 0xF0, 0x00, 0x00, 0x00, 0x03, 0xFF, 0xE0, 0x00, 0x00, 0x00, 0x07, 0xFF, 0xC0, 0x00, 0x00, 0x00, 0x0F, 0xFF, 0x80, 0x00, 0x00, 0x00, 0x1F, 0xFF, 0x80, 0x00, 0x00, 0x00, 0x3F, 0xFF, 0x00, 0x00, 0x00, 0x00, 0x7F, 0xFE, 0x00, 0x00, 0x00, 0x00, 0xFF, 0xFC, 0x00, 0x00, 0x00, 0x01, 0xFF, 0xF8, 0x00, 0x00, 0x00, 0x03, 0xFF, 0xF0, 0x00, 0x00, 0x00, 0x07, 0xFF, 0xE0, 0x00, 0x00, 0x00, 0x1F, 0xFF, 0xC0, 0x00, 0x00, 0x00, 0x3F, 0xFF, 0x80, 0x00, 0x00, 0x00, 0x7F, 0xFE, 0x00, 0x00, 0x00, 0x00, 0xFF, 0xFC, 0x00, 0x00, 0x00, 0x01, 0xFF, 0xF8, 0x00, 0x00, 0x00, 0x03, 0xFF, 0xF0, 0x00, 0x00, 0x00, 0x07, 0xFF, 0xE0, 0x00, 0x00, 0x00, 0x0F, 0xFF, 0xC0, 0x00, 0x00, 0x00, 0x1F, 0xFF, 0x80, 0x00, 0x00, 0x00, 0x3F, 0xFF, 0xFF, 0xFF, 0xFF, 0xC0, 0x7F, 0xFF, 0xFF, 0xFF, 0xFF, 0xC0, 0xFF, 0xFF, 0xFF, 0xFF, 0xFF, 0xC0, 0xFF, 0xFF, 0xFF, 0xFF, 0xFF, 0xC0, 0xFF, 0xFF, 0xFF, 0xFF, 0xFF, 0xC0, 0xFF, 0xFF, 0xFF, 0xFF, 0xFF, 0xC0, 0xFF, 0xFF, 0xFF, 0xFF, 0xFF, 0xC0, 0xFF, 0xFF, 0xFF, 0xFF, 0xFF, 0xC0, 0xFF, 0xFF, 0xFF, 0xFF, 0xFF, 0xC0, 0xFF, 0xFF, 0xFF, 0xFF, 0xFF, 0xC0, 0xFF, 0xFF, 0xFF, 0xFF, 0xFF, 0xC0, 

/* Symbol 0x33, offset 5632 */
    41, 89, 26,
    0x00, 0x1F, 0xFF, 0x00, 0x00, 0x00, 0x03, 0xFF, 0xFF, 0xF0, 0x00, 0x00, 0x1F, 0xFF, 0xFF, 0xFC, 0x00, 0x00, 0x3F, 0xFF, 0xFF, 0xFF, 0x00, 0x00, 0x3F, 0xFF, 0xFF, 0xFF, 0x80, 0x00, 0x3F, 0xFF, 0xFF, 0xFF, 0xC0, 0x00, 0x3F, 0xFF, 0xFF, 0xFF, 0xE0, 0x00, 0x3F, 0xFF, 0xFF, 0xFF, 0xF0, 0x00, 0x3F, 0xFF, 0xFF, 0xFF, 0xF0, 0x00, 0x3F, 0xFF, 0xFF, 0xFF, 0xF8, 0x00, 0x3F, 0xE0, 0x07, 0xFF, 0xF8, 0x00, 0x3E, 0x00, 0x01, 0xFF, 0xFC, 0x00, 0x20, 0x00, 0x00, 0xFF, 0xFC, 0x00, 0x00, 0x00, 0x00, 0x7F, 0xFC, 0x00, 0x00, 0x00, 0x00, 0x3F, 0xFC, 0x00, 0x00, 0x00, 0x00, 0x3F, 0xFC, 0x00, 0x00, 0x00, 0x00, 0x3F, 0xFC, 0x00, 0x00, 0x00, 0x00, 0x3F, 0xFC, 0x00, 0x00, 0x00, 0x00, 0x3F, 0xFC, 0x00, 0x00, 0x00, 0x00, 0x3F, 0xFC, 0x00, 0x00, 0x00, 0x00, 0x7F, 0xF8, 0x00, 0x00, 0x00, 0x00, 0x7F, 0xF8, 0x00, 0x00, 0x00, 0x00, 0xFF, 0xF8, 0x00, 0x00, 0x00, 0x01, 0xFF, 0xF0, 0x00, 0x00, 0x00, 0x03, 0xFF, 0xE0, 0x00, 0x00, 0x00, 0x1F, 0xFF, 0xC0, 0x00, 0x01, 0xFF, 0xFF, 0xFF, 0x80, 0x00, 0x01, 0xFF, 0xFF, 0xFF, 0x00, 0x00, 0x01, 0xFF, 0xFF, 0xFC, 0x00, 0x00, 0x01, 0xFF, 0xFF, 0xF0, 0x00, 0x00, 0x01, 0xFF, 0xFF, 0xFF, 0x00, 0x00, 0x01, 0xFF, 0xFF, 0xFF, 0xC0, 0x00, 0x01, 0xFF, 0xFF, 0xFF, 0xF0, 0x00, 0x01, 0xFF, 0xFF, 0xFF, 0xF8, 0x00, 0x01, 0xFF, 0xFF, 0xFF, 0xFC, 0x00, 0x00, 0x00, 0x0F, 0xFF, 0xFE, 0x00, 0x00, 0x00, 0x00, 0xFF, 0xFE, 0x00, 0x00, 0x00, 0x00, 0x3F, 0xFF, 0x00, 0x00, 0x00, 0x00, 0x1F, 0xFF, 0x00, 0x00, 0x00, 0x00, 0x0F, 0xFF, 0x80, 0x00, 0x00, 0x00, 0x0F, 0xFF, 0x80, 0x00, 0x00, 0x00, 0x07, 0xFF, 0x80, 0x00, 0x00, 0x00, 0x07, 0xFF, 0x80, 0x00, 0x00, 0x00, 0x07, 0xFF, 0x80, 0x00, 0x00, 0x00, 0x07, 0xFF, 0x80, 0x00, 0x00, 0x00, 0x07, 0xFF, 0x80, 0x00, 0x00, 0x00, 0x07, 0xFF, 0x80, 0x00, 0x00, 0x00, 0x0F, 0xFF, 0x80, 0x00, 0x00, 0x00, 0x0F, 0xFF, 0x00, 0x00, 0x00, 0x00, 0x1F, 0xFF, 0x00, 0x00, 0x00, 0x00, 0x3F, 0xFF, 0x00, 0x00, 0x00, 0x00, 0xFF, 0xFE, 0x00, 0xF0, 0x00, 0x0F, 0xFF, 0xFE, 0x00, 0xFF, 0xFF, 0xFF, 0xFF, 0xFC, 0x00, 0xFF, 0xFF, 0xFF, 0xFF, 0xFC, 0x00, 0xFF, 0xFF, 0xFF, 0xFF, 0xF8, 0x00, 0xFF, 0xFF, 0xFF, 0xFF, 0xF0, 0x00, 0xFF, 0xFF, 0xFF, 0xFF, 0xC0, 0x00, 0xFF, 0xFF, 0xFF, 0xFF, 0x80, 0x00, 0xFF, 0xFF, 0xFF, 0xFE, 0x00, 0x00, 0xFF, 0xFF, 0xFF, 0xF8, 0x00, 0x00, 0xFF, 0xFF, 0xFF, 0xC0, 0x00, 0x00, 0x0F, 0xFF, 0xF8, 0x00, 0x00, 0x00, 

/* Symbol 0x34, offset 6013 */
    49, 88, 27,
    0x00, 0x00, 0x00, 0xFF, 0xFF, 0x00, 0x00, 0x00, 0x00, 0x01, 0xFF, 0xFF, 0x00, 0x00, 0x00, 0x00, 0x01, 0xFF, 0xFF, 0x00, 0x00, 0x00, 0x00, 0x03, 0xFF, 0xFF, 0x00, 0x00, 0x00, 0x00, 0x07, 0xFF, 0xFF, 0x00, 0x00, 0x00, 0x00, 0x07, 0xFF, 0xFF, 0x00, 0x00, 0x00, 0x00, 0x0F, 0xFF, 0xFF, 0x00, 0x00, 0x00, 0x00, 0x0F, 0xFF, 0xFF, 0x00, 0x00, 0x00, 0x00, 0x1F, 0xFF, 0xFF, 0x00, 0x00, 0x00, 0x00, 0x3F, 0xFF, 0xFF, 0x00, 0x00, 0x00, 0x00, 0x3F, 0xFF, 0xFF, 0x00, 0x00, 0x00, 0x00, 0x7F, 0xFF, 0xFF, 0x00, 0x00, 0x00, 0x00, 0x7F, 0xF7, 0xFF, 0x00, 0x00, 0x00, 0x00, 0xFF, 0xE7, 0xFF, 0x00, 0x00, 0x00, 0x01, 0xFF, 0xE7, 0xFF, 0x00, 0x00, 0x00, 0x01, 0xFF, 0xC7, 0xFF, 0x00, 0x00, 0x00, 0x03, 0xFF, 0xC7, 0xFF, 0x00, 0x00, 0x00, 0x07, 0xFF, 0x87, 0xFF, 0x00, 0x00, 0x00, 0x07, 0xFF, 0x07, 0xFF, 0x00, 0x00, 0x00, 0x0F, 0xFF, 0x07, 0xFF, 0x00, 0x00, 0x00, 0x0F, 0xFE, 0x07, 0xFF, 0x00, 0x00, 0x00, 0x1F, 0xFC, 0x07, 0xFF, 0x00, 0x00, 0x00, 0x3F, 0xFC, 0x07, 0xFF, 0x00, 0x00, 0x00, 0x3F, 0xF8, 0x07, 0xFF, 0x00, 0x00, 0x00, 0x7F, 0xF0, 0x07, 0xFF, 0x00, 0x00, 0x00, 0x7F, 0xF0, 0x07, 0xFF, 0x00, 0x00, 0x00, 0xFF, 0xE0, 0x07, 0xFF, 0x00, 0x00, 0x01, 0xFF, 0xE0, 0x07, 0xFF, 0x00, 0x00, 0x01, 0xFF, 0xC0, 0x07, 0xFF, 0x00, 0x00, 0x03, 0xFF, 0x80, 0x07, 0xFF, 0x00, 0x00, 0x07, 0xFF, 0x80, 0x07, 0xFF, 0x00, 0x00, 0x07, 0xFF, 0x00, 0x07, 0xFF, 0x00, 0x00, 0x0F, 0xFE, 0x00, 0x07, 0xFF, 0x00, 0x00, 0x0F, 0xFE, 0x00, 0x07, 0xFF, 0x00, 0x00, 0x1F, 0xFC, 0x00, 0x07, 0xFF, 0x00, 0x00, 0x3F, 0xF8, 0x00, 0x07, 0xFF, 0x00, 0x00, 0x3F, 0xF8, 0x00, 0x07, 0xFF, 0x00, 0x00, 0x7F, 0xF0, 0x00, 0x07, 0xFF, 0x00, 0x00, 0xFF, 0xF0, 0x00, 0x07, 0xFF, 0x00, 0x00, 0xFF, 0xFF, 0xFF, 0xFF, 0xFF, 0xFF, 0x80, 0xFF, 0xFF, 0xFF, 0xFF, 0xFF, 0xFF, 0x80, 0xFF, 0xFF, 0xFF, 0xFF, 0xFF, 0xFF, 0x80, 0xFF, 0xFF, 0xFF, 0xFF, 0xFF, 0xFF, 0x80, 0xFF, 0xFF, 0xFF, 0xFF, 0xFF, 0xFF, 0x80, 0xFF, 0xFF, 0xFF, 0xFF, 0xFF, 0xFF, 0x80, 0xFF, 0xFF, 0xFF, 0xFF, 0xFF, 0xFF, 0x80, 0xFF, 0xFF, 0xFF, 0xFF, 0xFF, 0xFF, 0x80, 0xFF, 0xFF, 0xFF, 0xFF, 0xFF, 0xFF, 0x80, 0xFF, 0xFF, 0xFF, 0xFF, 0xFF, 0xFF, 0x80, 0x00, 0x00, 0x00, 0x07, 0xFF, 0x00, 0x00, 0x00, 0x00, 0x00, 0x07, 0xFF, 0x00, 0x00, 0x00, 0x00, 0x00, 0x07, 0xFF, 0x00, 0x00, 0x00, 0x00, 0x00, 0x07, 0xFF, 0x00, 0x00, 0x00, 0x00, 0x00, 0x07, 0xFF, 0x00, 0x00, 0x00, 0x00, 0x00, 0x07, 0xFF, 0x00, 0x00, 0x00, 0x00, 0x00, 0x07, 0xFF, 0x00, 0x00, 0x00, 0x00, 0x00, 0x07, 0xFF, 0x00, 0x00, 0x00, 0x00, 0x00, 0x07, 0xFF, 0x00, 0x00, 0x00, 0x00, 0x00, 0x07, 0xFF, 0x00, 0x00, 0x00, 0x00, 0x00, 0x07, 0xFF, 0x00, 0x00, 0x00, 0x00, 0x00, 0x07, 0xFF, 0x00, 0x00, 

/* Symbol 0x35, offset 6443 */
    40, 89, 27,
    0x7F, 0xFF, 0xFF, 0xFF, 0xF8, 0x7F, 0xFF, 0xFF, 0xFF, 0xF8, 0x7F, 0xFF, 0xFF, 0xFF, 0xF8, 0x7F, 0xFF, 0xFF, 0xFF, 0xF8, 0x7F, 0xFF, 0xFF, 0xFF, 0xF8, 0x7F, 0xFF, 0xFF, 0xFF, 0xF8, 0x7F, 0xFF, 0xFF, 0xFF, 0xF8, 0x7F, 0xFF, 0xFF, 0xFF, 0xF8, 0x7F, 0xFF, 0xFF, 0xFF, 0xF8, 0x7F, 0xFF, 0xFF, 0xFF, 0xF8, 0x7F, 0xFF, 0xFF, 0xFF, 0xF8, 0x7F, 0xF0, 0x00, 0x00, 0x00, 0x7F, 0xF0, 0x00, 0x00, 0x00, 0x7F, 0xF0, 0x00, 0x00, 0x00, 0x7F, 0xF0, 0x00, 0x00, 0x00, 0x7F, 0xF0, 0x00, 0x00, 0x00, 0x7F, 0xF0, 0x00, 0x00, 0x00, 0x7F, 0xF0, 0x00, 0x00, 0x00, 0x7F, 0xF0, 0x00, 0x00, 0x00, 0x7F, 0xF0, 0x00, 0x00, 0x00, 0x7F, 0xF0, 0x00, 0x00, 0x00, 0x7F, 0xF0, 0x00, 0x00, 0x00, 0x7F, 0xF0, 0x00, 0x00, 0x00, 0x7F, 0xFF, 0xFE, 0x00, 0x00, 0x7F, 0xFF, 0xFF, 0xF0, 0x00, 0x7F, 0xFF, 0xFF, 0xFE, 0x00, 0x7F, 0xFF, 0xFF, 0xFF, 0x00, 0x7F, 0xFF, 0xFF, 0xFF, 0xC0, 0x7F, 0xFF, 0xFF, 0xFF, 0xE0, 0x7F, 0xFF, 0xFF, 0xFF, 0xF0, 0x7F, 0xFF, 0xFF, 0xFF, 0xF8, 0x7F, 0xFF, 0xFF, 0xFF, 0xFC, 0x00, 0x00, 0x1F, 0xFF, 0xFC, 0x00, 0x00, 0x01, 0xFF, 0xFE, 0x00, 0x00, 0x00, 0x7F, 0xFE, 0x00, 0x00, 0x00, 0x3F, 0xFE, 0x00, 0x00, 0x00, 0x1F, 0xFF, 0x00, 0x00, 0x00, 0x1F, 0xFF, 0x00, 0x00, 0x00, 0x0F, 0xFF, 0x00, 0x00, 0x00, 0x0F, 0xFF, 0x00, 0x00, 0x00, 0x0F, 0xFF, 0x00, 0x00, 0x00, 0x0F, 0xFF, 0x00, 0x00, 0x00, 0x0F, 0xFF, 0x00, 0x00, 0x00, 0x0F, 0xFF, 0x00, 0x00, 0x00, 0x0F, 0xFF, 0x00, 0x00, 0x00, 0x1F, 0xFF, 0x00, 0x00, 0x00, 0x1F, 0xFE, 0x00, 0x00, 0x00, 0x3F, 0xFE, 0x00, 0x00, 0x00, 0x7F, 0xFE, 0x00, 0x00, 0x00, 0xFF, 0xFC, 0x00, 0x00, 0x03, 0xFF, 0xFC, 0xF0, 0x00, 0x1F, 0xFF, 0xF8, 0xFF, 0xFF, 0xFF, 0xFF, 0xF0, 0xFF, 0xFF, 0xFF, 0xFF, 0xF0, 0xFF, 0xFF, 0xFF, 0xFF, 0xE0, 0xFF, 0xFF, 0xFF, 0xFF, 0xC0, 0xFF, 0xFF, 0xFF, 0xFF, 0x00, 0xFF, 0xFF, 0xFF, 0xFE, 0x00, 0xFF, 0xFF, 0xFF, 0xF8, 0x00, 0xFF, 0xFF, 0xFF, 0xE0, 0x00, 0xFF, 0xFF, 0xFF, 0x00, 0x00, 0x0F, 0xFF, 0xE0, 0x00, 0x00, 

/* Symbol 0x36, offset 6756 */
    45, 89, 27,
    0x00, 0x00, 0x00, 0x7F, 0xFF, 0x00, 0x00, 0x00, 0x0F, 0xFF, 0xFF, 0x00, 0x00, 0x00, 0x7F, 0xFF, 0xFF, 0x00, 0x00, 0x01, 0xFF, 0xFF, 0xFF, 0x00, 0x00, 0x07, 0xFF, 0xFF, 0xFF, 0x00, 0x00, 0x1F, 0xFF, 0xFF, 0xFF, 0x00, 0x00, 0x3F, 0xFF, 0xFF, 0xFF, 0x00, 0x00, 0x7F, 0xFF, 0xFF, 0xFF, 0x00, 0x00, 0xFF, 0xFF, 0xFF, 0xFF, 0x00, 0x01, 0xFF, 0xFF, 0xFF, 0xFF, 0x00, 0x03, 0xFF, 0xFF, 0x80, 0x00, 0x00, 0x07, 0xFF, 0xF8, 0x00, 0x00, 0x00, 0x07, 0xFF, 0xE0, 0x00, 0x00, 0x00, 0x0F, 0xFF, 0xC0, 0x00, 0x00, 0x00, 0x0F, 0xFF, 0x00, 0x00, 0x00, 0x00, 0x1F, 0xFF, 0x00, 0x00, 0x00, 0x00, 0x1F, 0xFE, 0x00, 0x00, 0x00, 0x00, 0x3F, 0xFC, 0x00, 0x00, 0x00, 0x00, 0x3F, 0xFC, 0x00, 0x00, 0x00, 0x00, 0x3F, 0xF8, 0x00, 0x00, 0x00, 0x00, 0x3F, 0xF8, 0x00, 0x00, 0x00, 0x00, 0x7F, 0xF8, 0x00, 0x00, 0x00, 0x00, 0x7F, 0xF8, 0x00, 0x00, 0x00, 0x00, 0x7F, 0xF8, 0x1F, 0xFC, 0x00, 0x00, 0x7F, 0xF0, 0xFF, 0xFF, 0xC0, 0x00, 0x7F, 0xF7, 0xFF, 0xFF, 0xF0, 0x00, 0xFF, 0xFF, 0xFF, 0xFF, 0xFC, 0x00, 0xFF, 0xFF, 0xFF, 0xFF, 0xFE, 0x00, 0xFF, 0xFF, 0xFF, 0xFF, 0xFF, 0x00, 0xFF, 0xFF, 0xFF, 0xFF, 0xFF, 0x80, 0xFF, 0xFF, 0xFF, 0xFF, 0xFF, 0xC0, 0xFF, 0xFF, 0xFF, 0xFF, 0xFF, 0xE0, 0xFF, 0xFF, 0xFF, 0xFF, 0xFF, 0xE0, 0xFF, 0xFF, 0xE0, 0x1F, 0xFF, 0xF0, 0xFF, 0xFE, 0x00, 0x07, 0xFF, 0xF0, 0xFF, 0xF8, 0x00, 0x01, 0xFF, 0xF0, 0xFF, 0xF0, 0x00, 0x01, 0xFF, 0xF0, 0xFF, 0xF0, 0x00, 0x00, 0xFF, 0xF8, 0xFF, 0xF0, 0x00, 0x00, 0xFF, 0xF8, 0xFF, 0xF0, 0x00, 0x00, 0x7F, 0xF8, 0xFF, 0xF0, 0x00, 0x00, 0x7F, 0xF8, 0xFF, 0xF0, 0x00, 0x00, 0x7F, 0xF8, 0x7F, 0xF0, 0x00, 0x00, 0x7F, 0xF8, 0x7F, 0xF8, 0x00, 0x00, 0x7F, 0xF8, 0x7F, 0xF8, 0x00, 0x00, 0x7F, 0xF8, 0x7F, 0xF8, 0x00, 0x00, 0x7F, 0xF8, 0x7F, 0xFC, 0x00, 0x00, 0xFF, 0xF0, 0x3F, 0xFC, 0x00, 0x00, 0xFF, 0xF0, 0x3F, 0xFE, 0x00, 0x01, 0xFF, 0xF0, 0x3F, 0xFF, 0x00, 0x03, 0xFF, 0xF0, 0x1F, 0xFF, 0x80, 0x07, 0xFF, 0xE0, 0x1F, 0xFF, 0xE0, 0x3F, 0xFF, 0xE0, 0x0F, 0xFF, 0xFF, 0xFF, 0xFF, 0xC0, 0x0F, 0xFF, 0xFF, 0xFF, 0xFF, 0x80, 0x07, 0xFF, 0xFF, 0xFF, 0xFF, 0x00, 0x03, 0xFF, 0xFF, 0xFF, 0xFF, 0x00, 0x01, 0xFF, 0xFF, 0xFF, 0xFE, 0x00, 0x00, 0xFF, 0xFF, 0xFF, 0xF8, 0x00, 0x00, 0x7F, 0xFF, 0xFF, 0xF0, 0x00, 0x00, 0x1F, 0xFF, 0xFF, 0xC0, 0x00, 0x00, 0x07, 0xFF, 0xFF, 0x00, 0x00, 0x00, 0x00, 0x7F, 0xF0, 0x00, 0x00, 

/* Symbol 0x37, offset 7131 */
    43, 88, 27,
    0xFF, 0xFF, 0xFF, 0xFF, 0xFF, 0xE0, 0xFF, 0xFF, 0xFF, 0xFF, 0xFF, 0xE0, 0xFF, 0xFF, 0xFF, 0xFF, 0xFF, 0xE0, 0xFF, 0xFF, 0xFF, 0xFF, 0xFF, 0xE0, 0xFF, 0xFF, 0xFF, 0xFF, 0xFF, 0xE0, 0xFF, 0xFF, 0xFF, 0xFF, 0xFF, 0xE0, 0xFF, 0xFF, 0xFF, 0xFF, 0xFF, 0xE0, 0xFF, 0xFF, 0xFF, 0xFF, 0xFF, 0xE0, 0xFF, 0xFF, 0xFF, 0xFF, 0xFF, 0xE0, 0xFF, 0xFF, 0xFF, 0xFF, 0xFF, 0xE0, 0xFF, 0xFF, 0xFF, 0xFF, 0xFF, 0xE0, 0x00, 0x00, 0x00, 0x03, 0xFF, 0xC0, 0x00, 0x00, 0x00, 0x07, 0xFF, 0xC0, 0x00, 0x00, 0x00, 0x07, 0xFF, 0x80, 0x00, 0x00, 0x00, 0x0F, 0xFF, 0x80, 0x00, 0x00, 0x00, 0x0F, 0xFF, 0x00, 0x00, 0x00, 0x00, 0x1F, 0xFF, 0x00, 0x00, 0x00, 0x00, 0x1F, 0xFE, 0x00, 0x00, 0x00, 0x00, 0x3F, 0xFE, 0x00, 0x00, 0x00, 0x00, 0x3F, 0xFC, 0x00, 0x00, 0x00, 0x00, 0x7F, 0xFC, 0x00, 0x00, 0x00, 0x00, 0x7F, 0xF8, 0x00, 0x00, 0x00, 0x00, 0xFF, 0xF8, 0x00, 0x00, 0x00, 0x00, 0xFF, 0xF0, 0x00, 0x00, 0x00, 0x01, 0xFF, 0xF0, 0x00, 0x00, 0x00, 0x01, 0xFF, 0xE0, 0x00, 0x00, 0x00, 0x03, 0xFF, 0xE0, 0x00, 0x00, 0x00, 0x03, 0xFF, 0xC0, 0x00, 0x00, 0x00, 0x07, 0xFF, 0xC0, 0x00, 0x00, 0x00, 0x07, 0xFF, 0x80, 0x00, 0x00, 0x00, 0x0F, 0xFF, 0x80, 0x00, 0x00, 0x00, 0x0F, 0xFF, 0x00, 0x00, 0x00, 0x00, 0x1F, 0xFF, 0x00, 0x00, 0x00, 0x00, 0x1F, 0xFE, 0x00, 0x00, 0x00, 0x00, 0x3F, 0xFE, 0x00, 0x00, 0x00, 0x00, 0x3F, 0xFC, 0x00, 0x00, 0x00, 0x00, 0x7F, 0xFC, 0x00, 0x00, 0x00, 0x00, 0x7F, 0xFC, 0x00, 0x00, 0x00, 0x00, 0xFF, 0xF8, 0x00, 0x00, 0x00, 0x00, 0xFF, 0xF8, 0x00, 0x00, 0x00, 0x01, 0xFF, 0xF0, 0x00, 0x00, 0x00, 0x01, 0xFF, 0xF0, 0x00, 0x00, 0x00, 0x03, 0xFF, 0xE0, 0x00, 0x00, 0x00, 0x03, 0xFF, 0xE0, 0x00, 0x00, 0x00, 0x07, 0xFF, 0xC0, 0x00, 0x00, 0x00, 0x07, 0xFF, 0xC0, 0x00, 0x00, 0x00, 0x0F, 0xFF, 0x80, 0x00, 0x00, 0x00, 0x0F, 0xFF, 0x80, 0x00, 0x00, 0x00, 0x1F, 0xFF, 0x00, 0x00, 0x00, 0x00, 0x1F, 0xFF, 0x00, 0x00, 0x00, 0x00, 0x3F, 0xFE, 0x00, 0x00, 0x00, 0x00, 0x3F, 0xFE, 0x00, 0x00, 0x00, 0x00, 0x7F, 0xFC, 0x00, 0x00, 0x00, 0x00, 0x7F, 0xFC, 0x00, 0x00, 0x00, 0x00, 0xFF, 0xF8, 0x00, 0x00, 0x00, 0x00, 0xFF, 0xF8, 0x00, 0x00, 0x00, 0x01, 0xFF, 0xF0, 0x00, 0x00, 0x00, 0x01, 0xFF, 0xF0, 0x00, 0x00, 0x00, 0x03, 0xFF, 0xE0, 0x00, 0x00, 0x00, 0x03, 0xFF, 0xE0, 0x00, 0x00, 0x00, 0x07, 0xFF, 0xC0, 0x00, 0x00, 0x00, 

/* Symbol 0x38, offset 7500 */
    44, 89, 26,
    0x00, 0x00, 0xFF, 0xF8, 0x00, 0x00, 0x00, 0x0F, 0xFF, 0xFF, 0x80, 0x00, 0x00, 0x3F, 0xFF, 0xFF, 0xE0, 0x00, 0x00, 0xFF, 0xFF, 0xFF, 0xF8, 0x00, 0x01, 0xFF, 0xFF, 0xFF, 0xFC, 0x00, 0x07, 0xFF, 0xFF, 0xFF, 0xFF, 0x00, 0x0F, 0xFF, 0xFF, 0xFF, 0xFF, 0x00, 0x0F, 0xFF, 0xFF, 0xFF, 0xFF, 0x80, 0x1F, 0xFF, 0xFF, 0xFF, 0xFF, 0xC0, 0x3F, 0xFF, 0x80, 0x1F, 0xFF, 0xC0, 0x3F, 0xFE, 0x00, 0x07, 0xFF, 0xE0, 0x3F, 0xF8, 0x00, 0x01, 0xFF, 0xE0, 0x7F, 0xF8, 0x00, 0x01, 0xFF, 0xE0, 0x7F, 0xF0, 0x00, 0x00, 0xFF, 0xE0, 0x7F, 0xF0, 0x00, 0x00, 0xFF, 0xE0, 0x7F, 0xF0, 0x00, 0x00, 0xFF, 0xE0, 0x7F, 0xF0, 0x00, 0x00, 0xFF, 0xE0, 0x7F, 0xF0, 0x00, 0x00, 0xFF, 0xE0, 0x7F, 0xF8, 0x00, 0x01, 0xFF, 0xC0, 0x7F, 0xFC, 0x00, 0x01, 0xFF, 0xC0, 0x3F, 0xFE, 0x00, 0x03, 0xFF, 0xC0, 0x3F, 0xFF, 0x00, 0x07, 0xFF, 0x80, 0x3F, 0xFF, 0x80, 0x0F, 0xFF, 0x80, 0x1F, 0xFF, 0xE0, 0x3F, 0xFF, 0x00, 0x0F, 0xFF, 0xF8, 0x7F, 0xFE, 0x00, 0x0F, 0xFF, 0xFF, 0xFF, 0xFC, 0x00, 0x07, 0xFF, 0xFF, 0xFF, 0xF8, 0x00, 0x03, 0xFF, 0xFF, 0xFF, 0xF0, 0x00, 0x00, 0xFF, 0xFF, 0xFF, 0xC0, 0x00, 0x00, 0x7F, 0xFF, 0xFF, 0x80, 0x00, 0x00, 0x1F, 0xFF, 0xFF, 0xC0, 0x00, 0x00, 0x1F, 0xFF, 0xFF, 0xF0, 0x00, 0x00, 0x7F, 0xFF, 0xFF, 0xF8, 0x00, 0x00, 0xFF, 0xFF, 0xFF, 0xFC, 0x00, 0x01, 0xFF, 0xFF, 0xFF, 0xFE, 0x00, 0x07, 0xFF, 0xFF, 0xFF, 0xFF, 0x00, 0x0F, 0xFF, 0xE1, 0xFF, 0xFF, 0x80, 0x0F, 0xFF, 0xC0, 0xFF, 0xFF, 0xC0, 0x1F, 0xFF, 0x00, 0x3F, 0xFF, 0xC0, 0x3F, 0xFE, 0x00, 0x0F, 0xFF, 0xE0, 0x3F, 0xFC, 0x00, 0x07, 0xFF, 0xE0, 0x7F, 0xFC, 0x00, 0x03, 0xFF, 0xE0, 0x7F, 0xF8, 0x00, 0x01, 0xFF, 0xF0, 0xFF, 0xF8, 0x00, 0x01, 0xFF, 0xF0, 0xFF, 0xF0, 0x00, 0x00, 0xFF, 0xF0, 0xFF, 0xF0, 0x00, 0x00, 0xFF, 0xF0, 0xFF, 0xF0, 0x00, 0x00, 0xFF, 0xF0, 0xFF, 0xF0, 0x00, 0x00, 0xFF, 0xF0, 0xFF, 0xF0, 0x00, 0x00, 0xFF, 0xF0, 0xFF, 0xF8, 0x00, 0x01, 0xFF, 0xF0, 0xFF, 0xF8, 0x00, 0x01, 0xFF, 0xE0, 0xFF, 0xFC, 0x00, 0x03, 0xFF, 0xE0, 0x7F, 0xFE, 0x00, 0x07, 0xFF, 0xE0, 0x7F, 0xFF, 0xC0, 0x3F, 0xFF, 0xC0, 0x3F, 0xFF, 0xFF, 0xFF, 0xFF, 0xC0, 0x3F, 0xFF, 0xFF, 0xFF, 0xFF, 0x80, 0x1F, 0xFF, 0xFF, 0xFF, 0xFF, 0x00, 0x0F, 0xFF, 0xFF, 0xFF, 0xFE, 0x00, 0x07, 0xFF, 0xFF, 0xFF, 0xFC, 0x00, 0x01, 0xFF, 0xFF, 0xFF, 0xF0, 0x00, 0x00, 0xFF, 0xFF, 0xFF, 0xC0, 0x00, 0x00, 0x1F, 0xFF, 0xFF, 0x00, 0x00, 0x00, 0x01, 0xFF, 0xF0, 0x00, 0x00, 

/* Symbol 0x39, offset 7881 */
    44, 88, 26,
    0x00, 0x00, 0x7F, 0xF0, 0x00, 0x00, 0x00, 0x07, 0xFF, 0xFE, 0x00, 0x00, 0x00, 0x1F, 0xFF, 0xFF, 0x80, 0x00, 0x00, 0x7F, 0xFF, 0xFF, 0xE0, 0x00, 0x00, 0xFF, 0xFF, 0xFF, 0xF0, 0x00, 0x03, 0xFF, 0xFF, 0xFF, 0xF8, 0x00, 0x07, 0xFF, 0xFF, 0xFF, 0xFC, 0x00, 0x0F, 0xFF, 0xFF, 0xFF, 0xFE, 0x00, 0x0F, 0xFF, 0xFF, 0xFF, 0xFF, 0x00, 0x1F, 0xFF, 0xFF, 0xFF, 0xFF, 0x00, 0x3F, 0xFF, 0xC0, 0x7F, 0xFF, 0x80, 0x3F, 0xFF, 0x00, 0x1F, 0xFF, 0x80, 0x7F, 0xFE, 0x00, 0x0F, 0xFF, 0xC0, 0x7F, 0xFC, 0x00, 0x07, 0xFF, 0xC0, 0x7F, 0xF8, 0x00, 0x03, 0xFF, 0xC0, 0x7F, 0xF8, 0x00, 0x03, 0xFF, 0xE0, 0xFF, 0xF8, 0x00, 0x01, 0xFF, 0xE0, 0xFF, 0xF0, 0x00, 0x01, 0xFF, 0xE0, 0xFF, 0xF0, 0x00, 0x01, 0xFF, 0xE0, 0xFF, 0xF0, 0x00, 0x01, 0xFF, 0xE0, 0xFF, 0xF0, 0x00, 0x00, 0xFF, 0xF0, 0xFF, 0xF0, 0x00, 0x00, 0xFF, 0xF0, 0xFF, 0xF0, 0x00, 0x00, 0xFF, 0xF0, 0xFF, 0xF0, 0x00, 0x00, 0xFF, 0xF0, 0xFF, 0xF8, 0x00, 0x00, 0xFF, 0xF0, 0xFF, 0xF8, 0x00, 0x00, 0xFF, 0xF0, 0x7F, 0xFC, 0x00, 0x00, 0xFF, 0xF0, 0x7F, 0xFC, 0x00, 0x01, 0xFF, 0xF0, 0x7F, 0xFF, 0x00, 0x07, 0xFF, 0xF0, 0x3F, 0xFF, 0xC0, 0x3F, 0xFF, 0xF0, 0x3F, 0xFF, 0xFF, 0xFF, 0xFF, 0xF0, 0x1F, 0xFF, 0xFF, 0xFF, 0xFF, 0xF0, 0x1F, 0xFF, 0xFF, 0xFF, 0xFF, 0xF0, 0x0F, 0xFF, 0xFF, 0xFF, 0xFF, 0xF0, 0x07, 0xFF, 0xFF, 0xFF, 0xFF, 0xF0, 0x03, 0xFF, 0xFF, 0xFF, 0xFF, 0xF0, 0x00, 0xFF, 0xFF, 0xFE, 0xFF, 0xE0, 0x00, 0x3F, 0xFF, 0xF0, 0xFF, 0xE0, 0x00, 0x03, 0xFF, 0x81, 0xFF, 0xE0, 0x00, 0x00, 0x00, 0x01, 0xFF, 0xE0, 0x00, 0x00, 0x00, 0x01, 0xFF, 0xE0, 0x00, 0x00, 0x00, 0x01, 0xFF, 0xE0, 0x00, 0x00, 0x00, 0x01, 0xFF, 0xC0, 0x00, 0x00, 0x00, 0x03, 0xFF, 0xC0, 0x00, 0x00, 0x00, 0x03, 0xFF, 0xC0, 0x00, 0x00, 0x00, 0x07, 0xFF, 0x80, 0x00, 0x00, 0x00, 0x07, 0xFF, 0x80, 0x00, 0x00, 0x00, 0x0F, 0xFF, 0x00, 0x00, 0x00, 0x00, 0x1F, 0xFF, 0x00, 0x00, 0x00, 0x00, 0x7F, 0xFE, 0x00, 0x00, 0x00, 0x01, 0xFF, 0xFE, 0x00, 0x00, 0x00, 0x1F, 0xFF, 0xFC, 0x00, 0x0F, 0xFF, 0xFF, 0xFF, 0xF8, 0x00, 0x0F, 0xFF, 0xFF, 0xFF, 0xF8, 0x00, 0x0F, 0xFF, 0xFF, 0xFF, 0xF0, 0x00, 0x0F, 0xFF, 0xFF, 0xFF, 0xE0, 0x00, 0x0F, 0xFF, 0xFF, 0xFF, 0x80, 0x00, 0x0F, 0xFF, 0xFF, 0xFF, 0x00, 0x00, 0x0F, 0xFF, 0xFF, 0xFC, 0x00, 0x00, 0x0F, 0xFF, 0xFF, 0xF0, 0x00, 0x00, 0x0F, 0xFF, 0xFF, 0x80, 0x00, 0x00, 0x0F, 0xFF, 0xE0, 0x00, 0x00, 0x00, 

/* Symbol 0x3A, offset 8256 */
    17, 89, 40,
    0x03, 0xE0, 0x00, 0x0F, 0xF8, 0x00, 0x3F, 0xFE, 0x00, 0x3F, 0xFE, 0x00, 0x7F, 0xFF, 0x00, 0x7F, 0xFF, 0x00, 0xFF, 0xFF, 0x80, 0xFF, 0xFF, 0x80, 0xFF, 0xFF, 0x80, 0xFF, 0xFF, 0x80, 0xFF, 0xFF, 0x80, 0x7F, 0xFF, 0x00, 0x7F, 0xFF, 0x00, 0x3F, 0xFE, 0x00, 0x3F, 0xFE, 0x00, 0x0F, 0xF8, 0x00, 0x03, 0xE0, 0x00, 0x00, 0x00, 0x00, 0x00, 0x00, 0x00, 0x00, 0x00, 0x00, 0x00, 0x00, 0x00, 0x00, 0x00, 0x00, 0x00, 0x00, 0x00, 0x00, 0x00, 0x00, 0x00, 0x00, 0x00, 0x00, 0x00, 0x00, 0x00, 0x00, 0x00, 0x00, 0x00, 0x00, 0x00, 0x00, 0x00, 0x00, 0x00, 0x00, 0x00, 0x00, 0x00, 0x00, 0x00, 0x00, 0x03, 0xE0, 0x00, 0x0F, 0xF8, 0x00, 0x3F, 0xFE, 0x00, 0x3F, 0xFE, 0x00, 0x7F, 0xFF, 0x00, 0x7F, 0xFF, 0x00, 0xFF, 0xFF, 0x80, 0xFF, 0xFF, 0x80, 0xFF, 0xFF, 0x80, 0xFF, 0xFF, 0x80, 0xFF, 0xFF, 0x80, 0x7F, 0xFF, 0x00, 0x7F, 0xFF, 0x00, 0x3F, 0xFE, 0x00, 0x3F, 0xFE, 0x00, 0x0F, 0xF8, 0x00, 0x03, 0xE0, 0x00, 

/* Symbol 0x3B, offset 8406 */
    25, 100, 40,
    0x00, 0x03, 0xE0, 0x00, 0x00, 0x0F, 0xF8, 0x00, 0x00, 0x3F, 0xFE, 0x00, 0x00, 0x3F, 0xFE, 0x00, 0x00, 0x7F, 0xFF, 0x00, 0x00, 0x7F, 0xFF, 0x00, 0x00, 0xFF, 0xFF, 0x80, 0x00, 0xFF, 0xFF, 0x80, 0x00, 0xFF, 0xFF, 0x80, 0x00, 0xFF, 0xFF, 0x80, 0x00, 0xFF, 0xFF, 0x80, 0x00, 0x7F, 0xFF, 0x00, 0x00, 0x7F, 0xFF, 0x00, 0x00, 0x3F, 0xFE, 0x00, 0x00, 0x3F, 0xFE, 0x00, 0x00, 0x0F, 0xF8, 0x00, 0x00, 0x03, 0xE0, 0x00, 0x00, 0x00, 0x00, 0x00, 0x00, 0x00, 0x00, 0x00, 0x00, 0x00, 0x00, 0x00, 0x00, 0x00, 0x00, 0x00, 0x00, 0x00, 0x00, 0x00, 0x00, 0x00, 0x00, 0x00, 0x00, 0x00, 0x00, 0x00, 0x00, 0x00, 0x00, 0x00, 0x00, 0x00, 0x00, 0x00, 0x00, 0x00, 0x00, 0x00, 0x00, 0x00, 0x00, 0x00, 0x00, 0x00, 0x00, 0x00, 0x00, 0x00, 0x00, 0x00, 0x00, 0x00, 0x00, 0x00, 0x00, 0x07, 0xC0, 0x00, 0x00, 0x1F, 0xF0, 0x00, 0x00, 0x3F, 0xF8, 0x00, 0x00, 0x7F, 0xFC, 0x00, 0x00, 0x7F, 0xFE, 0x00, 0x00, 0xFF, 0xFE, 0x00, 0x00, 0xFF, 0xFF, 0x00, 0x00, 0xFF, 0xFF, 0x00, 0x00, 0xFF, 0xFF, 0x00, 0x00, 0xFF, 0xFF, 0x80, 0x00, 0xFF, 0xFF, 0x80, 0x00, 0x7F, 0xFF, 0x80, 0x00, 0x3F, 0xFF, 0x80, 0x00, 0x3F, 0xFF, 0x80, 0x00, 0x1F, 0xFF, 0x80, 0x00, 0x0F, 0xFF, 0x80, 0x00, 0x07, 0xFF, 0x80, 0x00, 0x07, 0xFF, 0x80, 0x00, 0x07, 0xFF, 0x00, 0x00, 0x07, 0xFF, 0x00, 0x00, 0x07, 0xFF, 0x00, 0x00, 0x07, 0xFE, 0x00, 0x00, 0x07, 0xFE, 0x00, 0x00, 0x0F, 0xFC, 0x00, 0x00, 0x1F, 0xFC, 0x00, 0x00, 0x7F, 0xF8, 0x00, 0x03, 0xFF, 0xF0, 0x00, 0xFF, 0xFF, 0xE0, 0x00, 0xFF, 0xFF, 0xC0, 0x00, 

/* Symbol 0x3C, offset 8649 */
    39, 89, 36,
    0x00, 0x00, 0x00, 0x01, 0x00, 0x00, 0x00, 0x00, 0x03, 0x80, 0x00, 0x00, 0x00, 0x07, 0xC0, 0x00, 0x00, 0x00, 0x1F, 0xE0, 0x00, 0x00, 0x00, 0x3F, 0xF0, 0x00, 0x00, 0x00, 0x7F, 0xF8, 0x00, 0x00, 0x00, 0xFF, 0xFC, 0x00, 0x00, 0x01, 0xFF, 0xFE, 0x00, 0x00, 0x03, 0xFF, 0xFC, 0x00, 0x00, 0x0F, 0xFF, 0xF0, 0x00, 0x00, 0x1F, 0xFF, 0xE0, 0x00, 0x00, 0x3F, 0xFF, 0xC0, 0x00, 0x00, 0x7F, 0xFF, 0x80, 0x00, 0x00, 0xFF, 0xFF, 0x00, 0x00, 0x03, 0xFF, 0xFC, 0x00, 0x00, 0x07, 0xFF, 0xF8, 0x00, 0x00, 0x0F, 0xFF, 0xF0, 0x00, 0x00, 0x1F, 0xFF, 0xE0, 0x00, 0x00, 0x3F, 0xFF, 0xC0, 0x00, 0x00, 0xFF, 0xFF, 0x00, 0x00, 0x01, 0xFF, 0xFE, 0x00, 0x00, 0x03, 0xFF, 0xFC, 0x00, 0x00, 0x07, 0xFF, 0xF8, 0x00, 0x00, 0x0F, 0xFF, 0xE0, 0x00, 0x00, 0x3F, 0xFF, 0xC0, 0x00, 0x00, 0x7F, 0xFF, 0x80, 0x00, 0x00, 0xFF, 0xFF, 0x00, 0x00, 0x00, 0x7F, 0xFF, 0x80, 0x00, 0x00, 0x3F, 0xFF, 0xE0, 0x00, 0x00, 0x0F, 0xFF, 0xF0, 0x00, 0x00, 0x07, 0xFF, 0xF8, 0x00, 0x00, 0x03, 0xFF, 0xFC, 0x00, 0x00, 0x01, 0xFF, 0xFE, 0x00, 0x00, 0x00, 0xFF, 0xFF, 0x80, 0x00, 0x00, 0x3F, 0xFF, 0xC0, 0x00, 0x00, 0x1F, 0xFF, 0xE0, 0x00, 0x00, 0x0F, 0xFF, 0xF0, 0x00, 0x00, 0x07, 0xFF, 0xF8, 0x00, 0x00, 0x03, 0xFF, 0xFC, 0x00, 0x00, 0x00, 0xFF, 0xFF, 0x00, 0x00, 0x00, 0x7F, 0xFF, 0x80, 0x00, 0x00, 0x3F, 0xFF, 0xC0, 0x00, 0x00, 0x1F, 0xFF, 0xE0, 0x00, 0x00, 0x0F, 0xFF, 0xF0, 0x00, 0x00, 0x03, 0xFF, 0xFC, 0x00, 0x00, 0x01, 0xFF, 0xFE, 0x00, 0x00, 0x00, 0xFF, 0xFC, 0x00, 0x00, 0x00, 0x7F, 0xF8, 0x00, 0x00, 0x00, 0x3F, 0xF0, 0x00, 0x00, 0x00, 0x1F, 0xE0, 0x00, 0x00, 0x00, 0x07, 0xC0, 0x00, 0x00, 0x00, 0x03, 0x80, 0x00, 0x00, 0x00, 0x01, 0x00, 

/* Symbol 0x3D, offset 8917 */
    40, 76, 49,
    0xFF, 0xFF, 0xFF, 0xFF, 0xFF, 0xFF, 0xFF, 0xFF, 0xFF, 0xFF, 0xFF, 0xFF, 0xFF, 0xFF, 0xFF, 0xFF, 0xFF, 0xFF, 0xFF, 0xFF, 0xFF, 0xFF, 0xFF, 0xFF, 0xFF, 0xFF, 0xFF, 0xFF, 0xFF, 0xFF, 0xFF, 0xFF, 0xFF, 0xFF, 0xFF, 0xFF, 0xFF, 0xFF, 0xFF, 0xFF, 0xFF, 0xFF, 0xFF, 0xFF, 0xFF, 0x00, 0x00, 0x00, 0x00, 0x00, 0x00, 0x00, 0x00, 0x00, 0x00, 0x00, 0x00, 0x00, 0x00, 0x00, 0x00, 0x00, 0x00, 0x00, 0x00, 0x00, 0x00, 0x00, 0x00, 0x00, 0x00, 0x00, 0x00, 0x00, 0x00, 0x00, 0x00, 0x00, 0x00, 0x00, 0x00, 0x00, 0x00, 0x00, 0x00, 0x00, 0x00, 0x00, 0x00, 0x00, 0xFF, 0xFF, 0xFF, 0xFF, 0xFF, 0xFF, 0xFF, 0xFF, 0xFF, 0xFF, 0xFF, 0xFF, 0xFF, 0xFF, 0xFF, 0xFF, 0xFF, 0xFF, 0xFF, 0xFF, 0xFF, 0xFF, 0xFF, 0xFF, 0xFF, 0xFF, 0xFF, 0xFF, 0xFF, 0xFF, 0xFF, 0xFF, 0xFF, 0xFF, 0xFF, 0xFF, 0xFF, 0xFF, 0xFF, 0xFF, 0xFF, 0xFF, 0xFF, 0xFF, 0xFF, 

/* Symbol 0x3E, offset 9055 */
    39, 89, 36,
    0x01, 0x00, 0x00, 0x00, 0x00, 0x03, 0x80, 0x00, 0x00, 0x00, 0x07, 0xC0, 0x00, 0x00, 0x00, 0x0F, 0xE0, 0x00, 0x00, 0x00, 0x1F, 0xF8, 0x00, 0x00, 0x00, 0x3F, 0xFC, 0x00, 0x00, 0x00, 0x7F, 0xFE, 0x00, 0x00, 0x00, 0xFF, 0xFF, 0x00, 0x00, 0x00, 0x7F, 0xFF, 0x80, 0x00, 0x00, 0x1F, 0xFF, 0xE0, 0x00, 0x00, 0x0F, 0xFF, 0xF0, 0x00, 0x00, 0x07, 0xFF, 0xF8, 0x00, 0x00, 0x03, 0xFF, 0xFC, 0x00, 0x00, 0x01, 0xFF, 0xFE, 0x00, 0x00, 0x00, 0x7F, 0xFF, 0x80, 0x00, 0x00, 0x3F, 0xFF, 0xC0, 0x00, 0x00, 0x1F, 0xFF, 0xE0, 0x00, 0x00, 0x0F, 0xFF, 0xF0, 0x00, 0x00, 0x07, 0xFF, 0xF8, 0x00, 0x00, 0x01, 0xFF, 0xFE, 0x00, 0x00, 0x00, 0xFF, 0xFF, 0x00, 0x00, 0x00, 0x7F, 0xFF, 0x80, 0x00, 0x00, 0x3F, 0xFF, 0xC0, 0x00, 0x00, 0x1F, 0xFF, 0xE0, 0x00, 0x00, 0x07, 0xFF, 0xF8, 0x00, 0x00, 0x03, 0xFF, 0xFC, 0x00, 0x00, 0x01, 0xFF, 0xFE, 0x00, 0x00, 0x03, 0xFF, 0xFC, 0x00, 0x00, 0x07, 0xFF, 0xF8, 0x00, 0x00, 0x1F, 0xFF, 0xE0, 0x00, 0x00, 0x3F, 0xFF, 0xC0, 0x00, 0x00, 0x7F, 0xFF, 0x80, 0x00, 0x00, 0xFF, 0xFF, 0x00, 0x00, 0x01, 0xFF, 0xFE, 0x00, 0x00, 0x07, 0xFF, 0xF8, 0x00, 0x00, 0x0F, 0xFF, 0xF0, 0x00, 0x00, 0x1F, 0xFF, 0xE0, 0x00, 0x00, 0x3F, 0xFF, 0xC0, 0x00, 0x00, 0x7F, 0xFF, 0x80, 0x00, 0x01, 0xFF, 0xFE, 0x00, 0x00, 0x03, 0xFF, 0xFC, 0x00, 0x00, 0x07, 0xFF, 0xF8, 0x00, 0x00, 0x0F, 0xFF, 0xF0, 0x00, 0x00, 0x1F, 0xFF, 0xE0, 0x00, 0x00, 0x7F, 0xFF, 0x80, 0x00, 0x00, 0xFF, 0xFF, 0x00, 0x00, 0x00, 0x7F, 0xFE, 0x00, 0x00, 0x00, 0x3F, 0xFC, 0x00, 0x00, 0x00, 0x1F, 0xF8, 0x00, 0x00, 0x00, 0x0F, 0xE0, 0x00, 0x00, 0x00, 0x07, 0xC0, 0x00, 0x00, 0x00, 0x03, 0x80, 0x00, 0x00, 0x00, 0x01, 0x00, 0x00, 0x00, 0x00, 

/* Symbol 0x3F, offset 9323 */
    32, 89, 22,
    0xFF, 0xE0, 0x00, 0x00, 0xFF, 0xFE, 0x00, 0x00, 0xFF, 0xFF, 0xC0, 0x00, 0xFF, 0xFF, 0xF0, 0x00, 0xFF, 0xFF, 0xFC, 0x00, 0xFF, 0xFF, 0xFF, 0x00, 0xFF, 0xFF, 0xFF, 0x80, 0xFF, 0xFF, 0xFF, 0xC0, 0xFF, 0xFF, 0xFF, 0xE0, 0xFF, 0xFF, 0xFF, 0xF0, 0xFF, 0xFF, 0xFF, 0xF8, 0x00, 0x7F, 0xFF, 0xFC, 0x00, 0x0F, 0xFF, 0xFC, 0x00, 0x03, 0xFF, 0xFE, 0x00, 0x00, 0xFF, 0xFE, 0x00, 0x00, 0x7F, 0xFE, 0x00, 0x00, 0x3F, 0xFF, 0x00, 0x00, 0x3F, 0xFF, 0x00, 0x00, 0x1F, 0xFF, 0x00, 0x00, 0x1F, 0xFF, 0x00, 0x00, 0x1F, 0xFF, 0x00, 0x00, 0x1F, 0xFF, 0x00, 0x00, 0x1F, 0xFF, 0x00, 0x00, 0x1F, 0xFF, 0x00, 0x00, 0x3F, 0xFF, 0x00, 0x00, 0x3F, 0xFE, 0x00, 0x00, 0x7F, 0xFE, 0x00, 0x00, 0xFF, 0xFE, 0x00, 0x03, 0xFF, 0xFC, 0x0F, 0xFF, 0xFF, 0xFC, 0x0F, 0xFF, 0xFF, 0xF8, 0x0F, 0xFF, 0xFF, 0xF0, 0x0F, 0xFF, 0xFF, 0xE0, 0x0F, 0xFF, 0xFF, 0xC0, 0x0F, 0xFF, 0xFF, 0x80, 0x0F, 0xFF, 0xFE, 0x00, 0x0F, 0xFF, 0xF8, 0x00, 0x0F, 0xFF, 0xC0, 0x00, 0x0F, 0xFE, 0x00, 0x00, 0x0F, 0xFE, 0x00, 0x00, 0x07, 0xFE, 0x00, 0x00, 0x07, 0xFE, 0x00, 0x00, 0x07, 0xFE, 0x00, 0x00, 0x07, 0xFE, 0x00, 0x00, 0x07, 0xFE, 0x00, 0x00, 0x07, 0xFE, 0x00, 0x00, 0x07, 0xFE, 0x00, 0x00, 0x00, 0x00, 0x00, 0x00, 0x00, 0x00, 0x00, 0x00, 0x00, 0x00, 0x00, 0x00, 0x00, 0x00, 0x00, 0x00, 0x00, 0x00, 0x00, 0x00, 0x01, 0xF0, 0x00, 0x00, 0x07, 0xFC, 0x00, 0x00, 0x0F, 0xFE, 0x00, 0x00, 0x1F, 0xFF, 0x00, 0x00, 0x1F, 0xFF, 0x00, 0x00, 0x3F, 0xFF, 0x80, 0x00, 0x3F, 0xFF, 0x80, 0x00, 0x3F, 0xFF, 0x80, 0x00, 0x3F, 0xFF, 0x80, 0x00, 0x3F, 0xFF, 0x80, 0x00, 0x1F, 0xFF, 0x00, 0x00, 0x1F, 0xFF, 0x00, 0x00, 0x0F, 0xFE, 0x00, 0x00, 0x07, 0xFC, 0x00, 0x00, 0x01, 0xF0, 0x00, 0x00, 

/* Symbol 0x40, offset 9594 */
    52, 100, 21,
    0x00, 0x00, 0x00, 0x7F, 0xE0, 0x00, 0x00, 0x00, 0x00, 0x03, 0xFF, 0xFC, 0x00, 0x00, 0x00, 0x00, 0x0F, 0xFF, 0xFF, 0x00, 0x00, 0x00, 0x00, 0x3F, 0xFF, 0xFF, 0xC0, 0x00, 0x00, 0x00, 0x7F, 0xFF, 0xFF, 0xE0, 0x00, 0x00, 0x00, 0xFF, 0xFF, 0xFF, 0xF0, 0x00, 0x00, 0x01, 0xFF, 0xFF, 0xFF, 0xF8, 0x00, 0x00, 0x03, 0xFF, 0xFF, 0xFF, 0xFC, 0x00, 0x00, 0x07, 0xFF, 0xC0, 0x7F, 0xFC, 0x00, 0x00, 0x0F, 0xFF, 0x00, 0x1F, 0xFE, 0x00, 0x00, 0x1F, 0xFE, 0x00, 0x07, 0xFE, 0x00, 0x00, 0x3F, 0xFC, 0x00, 0x03, 0xFF, 0x00, 0x00, 0x3F, 0xF8, 0x00, 0x01, 0xFF, 0x00, 0x00, 0x7F, 0xF0, 0x00, 0x01, 0xFF, 0x80, 0x00, 0xFF, 0xE0, 0x00, 0x00, 0xFF, 0x80, 0x00, 0xFF, 0xC0, 0x00, 0x00, 0xFF, 0xC0, 0x01, 0xFF, 0x80, 0x00, 0x00, 0x7F, 0xC0, 0x01, 0xFF, 0x80, 0x00, 0x00, 0x7F, 0xC0, 0x03, 0xFF, 0x00, 0x00, 0x00, 0x7F, 0xC0, 0x03, 0xFF, 0x00, 0x00, 0x00, 0x3F, 0xE0, 0x07, 0xFE, 0x00, 0x00, 0x00, 0x3F, 0xE0, 0x07, 0xFE, 0x00, 0x00, 0x00, 0x3F, 0xE0, 0x07, 0xFC, 0x00, 0x00, 0x00, 0x3F, 0xE0, 0x0F, 0xFC, 0x00, 0xFE, 0x0F, 0x3F, 0xE0, 0x0F, 0xF8, 0x03, 0xFF, 0xFF, 0x3F, 0xE0, 0x0F, 0xF8, 0x0F, 0xFF, 0xFF, 0x1F, 0xF0, 0x1F, 0xF8, 0x1F, 0xFF, 0xFF, 0x1F, 0xF0, 0x1F, 0xF0, 0x3F, 0xFF, 0xFF, 0x1F, 0xF0, 0x1F, 0xF0, 0x7F, 0xFF, 0xFE, 0x1F, 0xF0, 0x3F, 0xF0, 0x7F, 0xFF, 0xFE, 0x1F, 0xF0, 0x3F, 0xF0, 0xFF, 0xFF, 0xFE, 0x1F, 0xF0, 0x3F, 0xE0, 0xFF, 0xFF, 0xFE, 0x1F, 0xF0, 0x3F, 0xE1, 0xFF, 0xC7, 0xFE, 0x1F, 0xF0, 0x3F, 0xE1, 0xFF, 0xC7, 0xFE, 0x1F, 0xF0, 0x7F, 0xE1, 0xFF, 0x87, 0xFE, 0x1F, 0xF0, 0x7F, 0xC1, 0xFF, 0x87, 0xFE, 0x1F, 0xF0, 0x7F, 0xC3, 0xFF, 0x07, 0xFE, 0x1F, 0xF0, 0x7F, 0xC3, 0xFF, 0x07, 0xFE, 0x1F, 0xF0, 0x7F, 0xC3, 0xFF, 0x07, 0xFC, 0x1F, 0xF0, 0x7F, 0xC3, 0xFF, 0x07, 0xFC, 0x1F, 0xF0, 0x7F, 0xC3, 0xFF, 0x07, 0xFC, 0x1F, 0xF0, 0xFF, 0xC7, 0xFE, 0x07, 0xFC, 0x1F, 0xF0, 0xFF, 0x87, 0xFE, 0x07, 0xFC, 0x1F, 0xF0, 0xFF, 0x87, 0xFE, 0x0F, 0xFC, 0x1F, 0xF0, 0xFF, 0x87, 0xFE, 0x0F, 0xFC, 0x1F, 0xF0, 0xFF, 0x87, 0xFE, 0x0F, 0xFC, 0x1F, 0xE0, 0xFF, 0x87, 0xFE, 0x0F, 0xFC, 0x3F, 0xE0, 0xFF, 0x87, 0xFE, 0x0F, 0xFC, 0x3F, 0xE0, 0xFF, 0x87, 0xFE, 0x0F, 0xF8, 0x3F, 0xE0, 0xFF, 0x87, 0xFE, 0x0F, 0xF8, 0x3F, 0xE0, 0xFF, 0x87, 0xFE, 0x0F, 0xF8, 0x3F, 0xE0, 0xFF, 0x87, 0xFE, 0x0F, 0xF8, 0x7F, 0xC0, 0xFF, 0x87, 0xFE, 0x1F, 0xF8, 0x7F, 0xC0, 0xFF, 0x87, 0xFE, 0x1F, 0xF8, 0x7F, 0xC0, 0xFF, 0x87, 0xFE, 0x3F, 0xF8, 0xFF, 0xC0, 0xFF, 0x87, 0xFF, 0x7F, 0xFC, 0xFF, 0x80, 0xFF, 0x83, 0xFF, 0xFF, 0xFF, 0xFF, 0x80, 0xFF, 0x83, 0xFF, 0xFF, 0xFF, 0xFF, 0x00, 0xFF, 0x83, 0xFF, 0xFF, 0xFF, 0xFF, 0x00, 0xFF, 0xC3, 0xFF, 0xFF, 0xFF, 0xFE, 0x00, 0x7F, 0xC1, 0xFF, 0xFD, 0xFF, 0xFE, 0x00, 0x7F, 0xC0, 0xFF, 0xF9, 0xFF, 0xFC, 0x00, 0x7F, 0xC0, 0xFF, 0xF0, 0xFF, 0xF8, 0x00, 0x7F, 0xC0, 0x7F, 0xE0, 0x7F, 0xE0, 0x00, 0x7F, 0xC0, 0x1F, 0x80, 0x3F, 0x80, 0x00, 0x7F, 0xE0, 0x00, 0x00, 0x00, 0x00, 0x00, 0x7F, 0xE0, 0x00, 0x00, 0x00, 0x00, 0x00, 0x3F, 0xE0, 0x00, 0x00, 0x00, 0x00, 0x00, 0x3F, 0xF0, 0x00, 0x00, 0x00, 0x00, 0x00, 0x3F, 0xF0, 0x00, 0x00, 0x00, 0x00, 0x00, 0x3F, 0xF0, 0x00, 0x00, 0x00, 0x00, 0x00, 0x1F, 0xF8, 0x00, 0x00, 0x00, 0x00, 0x00, 0x1F, 0xFC, 0x00, 0x00, 0x00, 0x00, 0x00, 0x0F, 0xFC, 0x00, 0x00, 0x00, 0x00, 0x00, 0x0F, 0xFE, 0x00, 0x00, 0x00, 0x00, 0x00, 0x0F, 0xFF, 0x00, 0x00, 0x03, 0x00, 0x00, 0x07, 0xFF, 0x80, 0x00, 0x0F, 0x00, 0x00, 0x03, 0xFF, 0xE0, 0x00, 0x7F, 0x00, 0x00, 0x03, 0xFF, 0xF8, 0x03, 0xFF, 0x00, 0x00, 

/* Symbol 0x41, offset 10150 */
    52, 88, 27,
    0x00, 0x00, 0x3F, 0xFF, 0xC0, 0x00, 0x00, 0x00, 0x00, 0x7F, 0xFF, 0xC0, 0x00, 0x00, 0x00, 0x00, 0x7F, 0xFF, 0xE0, 0x00, 0x00, 0x00, 0x00, 0x7F, 0xFF, 0xE0, 0x00, 0x00, 0x00, 0x00, 0x7F, 0xFF, 0xE0, 0x00, 0x00, 0x00, 0x00, 0xFF, 0xFF, 0xF0, 0x00, 0x00, 0x00, 0x00, 0xFF, 0xFF, 0xF0, 0x00, 0x00, 0x00, 0x00, 0xFF, 0xFF, 0xF0, 0x00, 0x00, 0x00, 0x01, 0xFF, 0xFF, 0xF8, 0x00, 0x00, 0x00, 0x01, 0xFF, 0xFF, 0xF8, 0x00, 0x00, 0x00, 0x01, 0xFF, 0xBF, 0xF8, 0x00, 0x00, 0x00, 0x03, 0xFF, 0xBF, 0xFC, 0x00, 0x00, 0x00, 0x03, 0xFF, 0xBF, 0xFC, 0x00, 0x00, 0x00, 0x03, 0xFF, 0xBF, 0xFC, 0x00, 0x00, 0x00, 0x03, 0xFF, 0x1F, 0xFC, 0x00, 0x00, 0x00, 0x07, 0xFF, 0x1F, 0xFE, 0x00, 0x00, 0x00, 0x07, 0xFF, 0x1F, 0xFE, 0x00, 0x00, 0x00, 0x07, 0xFE, 0x1F, 0xFE, 0x00, 0x00, 0x00, 0x0F, 0xFE, 0x0F, 0xFF, 0x00, 0x00, 0x00, 0x0F, 0xFE, 0x0F, 0xFF, 0x00, 0x00, 0x00, 0x0F, 0xFE, 0x0F, 0xFF, 0x00, 0x00, 0x00, 0x1F, 0xFC, 0x07, 0xFF, 0x80, 0x00, 0x00, 0x1F, 0xFC, 0x07, 0xFF, 0x80, 0x00, 0x00, 0x1F, 0xFC, 0x07, 0xFF, 0x80, 0x00, 0x00, 0x1F, 0xF8, 0x07, 0xFF, 0x80, 0x00, 0x00, 0x3F, 0xF8, 0x03, 0xFF, 0xC0, 0x00, 0x00, 0x3F, 0xF8, 0x03, 0xFF, 0xC0, 0x00, 0x00, 0x3F, 0xF8, 0x03, 0xFF, 0xC0, 0x00, 0x00, 0x7F, 0xF0, 0x01, 0xFF, 0xE0, 0x00, 0x00, 0x7F, 0xF0, 0x01, 0xFF, 0xE0, 0x00, 0x00, 0x7F, 0xF0, 0x01, 0xFF, 0xE0, 0x00, 0x00, 0xFF, 0xE0, 0x01, 0xFF, 0xF0, 0x00, 0x00, 0xFF, 0xE0, 0x00, 0xFF, 0xF0, 0x00, 0x00, 0xFF, 0xE0, 0x00, 0xFF, 0xF0, 0x00, 0x01, 0xFF, 0xE0, 0x00, 0xFF, 0xF0, 0x00, 0x01, 0xFF, 0xC0, 0x00, 0x7F, 0xF8, 0x00, 0x01, 0xFF, 0xC0, 0x00, 0x7F, 0xF8, 0x00, 0x01, 0xFF, 0xC0, 0x00, 0x7F, 0xF8, 0x00, 0x03, 0xFF, 0x80, 0x00, 0x7F, 0xFC, 0x00, 0x03, 0xFF, 0x80, 0x00, 0x3F, 0xFC, 0x00, 0x03, 0xFF, 0xFF, 0xFF, 0xFF, 0xFC, 0x00, 0x07, 0xFF, 0xFF, 0xFF, 0xFF, 0xFE, 0x00, 0x07, 0xFF, 0xFF, 0xFF, 0xFF, 0xFE, 0x00, 0x07, 0xFF, 0xFF, 0xFF, 0xFF, 0xFE, 0x00, 0x0F, 0xFF, 0xFF, 0xFF, 0xFF, 0xFF, 0x00, 0x0F, 0xFF, 0xFF, 0xFF, 0xFF, 0xFF, 0x00, 0x0F, 0xFF, 0xFF, 0xFF, 0xFF, 0xFF, 0x00, 0x0F, 0xFF, 0xFF, 0xFF, 0xFF, 0xFF, 0x00, 0x1F, 0xFF, 0xFF, 0xFF, 0xFF, 0xFF, 0x80, 0x1F, 0xFC, 0x00, 0x00, 0x07, 0xFF, 0x80, 0x1F, 0xFC, 0x00, 0x00, 0x07, 0xFF, 0x80, 0x3F, 0xFC, 0x00, 0x00, 0x07, 0xFF, 0xC0, 0x3F, 0xF8, 0x00, 0x00, 0x07, 0xFF, 0xC0, 0x3F, 0xF8, 0x00, 0x00, 0x03, 0xFF, 0xC0, 0x7F, 0xF8, 0x00, 0x00, 0x03, 0xFF, 0xE0, 0x7F, 0xF8, 0x00, 0x00, 0x03, 0xFF, 0xE0, 0x7F, 0xF0, 0x00, 0x00, 0x03, 0xFF, 0xE0, 0x7F, 0xF0, 0x00, 0x00, 0x01, 0xFF, 0xE0, 0xFF, 0xF0, 0x00, 0x00, 0x01, 0xFF, 0xF0, 0xFF, 0xE0, 0x00, 0x00, 0x01, 0xFF, 0xF0, 0xFF, 0xE0, 0x00, 0x00, 0x00, 0xFF, 0xF0, 

/* Symbol 0x42, offset 10580 */
    43, 88, 27,
    0xFF, 0xFF, 0xFF, 0xE0, 0x00, 0x00, 0xFF, 0xFF, 0xFF, 0xFE, 0x00, 0x00, 0xFF, 0xFF, 0xFF, 0xFF, 0xC0, 0x00, 0xFF, 0xFF, 0xFF, 0xFF, 0xF0, 0x00, 0xFF, 0xFF, 0xFF, 0xFF, 0xF8, 0x00, 0xFF, 0xFF, 0xFF, 0xFF, 0xFC, 0x00, 0xFF, 0xFF, 0xFF, 0xFF, 0xFE, 0x00, 0xFF, 0xFF, 0xFF, 0xFF, 0xFE, 0x00, 0xFF, 0xFF, 0xFF, 0xFF, 0xFF, 0x00, 0xFF, 0xE0, 0x01, 0xFF, 0xFF, 0x00, 0xFF, 0xE0, 0x00, 0x3F, 0xFF, 0x80, 0xFF, 0xE0, 0x00, 0x1F, 0xFF, 0x80, 0xFF, 0xE0, 0x00, 0x0F, 0xFF, 0x80, 0xFF, 0xE0, 0x00, 0x0F, 0xFF, 0x80, 0xFF, 0xE0, 0x00, 0x07, 0xFF, 0x80, 0xFF, 0xE0, 0x00, 0x07, 0xFF, 0x80, 0xFF, 0xE0, 0x00, 0x07, 0xFF, 0x80, 0xFF, 0xE0, 0x00, 0x07, 0xFF, 0x80, 0xFF, 0xE0, 0x00, 0x07, 0xFF, 0x80, 0xFF, 0xE0, 0x00, 0x07, 0xFF, 0x00, 0xFF, 0xE0, 0x00, 0x0F, 0xFF, 0x00, 0xFF, 0xE0, 0x00, 0x1F, 0xFF, 0x00, 0xFF, 0xE0, 0x00, 0x1F, 0xFE, 0x00, 0xFF, 0xE0, 0x00, 0x7F, 0xFC, 0x00, 0xFF, 0xE0, 0x01, 0xFF, 0xFC, 0x00, 0xFF, 0xFF, 0xFF, 0xFF, 0xF8, 0x00, 0xFF, 0xFF, 0xFF, 0xFF, 0xF0, 0x00, 0xFF, 0xFF, 0xFF, 0xFF, 0xC0, 0x00, 0xFF, 0xFF, 0xFF, 0xFF, 0x80, 0x00, 0xFF, 0xFF, 0xFF, 0xFF, 0xF0, 0x00, 0xFF, 0xFF, 0xFF, 0xFF, 0xF8, 0x00, 0xFF, 0xFF, 0xFF, 0xFF, 0xFE, 0x00, 0xFF, 0xFF, 0xFF, 0xFF, 0xFF, 0x00, 0xFF, 0xFF, 0xFF, 0xFF, 0xFF, 0x00, 0xFF, 0xE0, 0x00, 0xFF, 0xFF, 0x80, 0xFF, 0xE0, 0x00, 0x1F, 0xFF, 0xC0, 0xFF, 0xE0, 0x00, 0x0F, 0xFF, 0xC0, 0xFF, 0xE0, 0x00, 0x07, 0xFF, 0xC0, 0xFF, 0xE0, 0x00, 0x03, 0xFF, 0xE0, 0xFF, 0xE0, 0x00, 0x03, 0xFF, 0xE0, 0xFF, 0xE0, 0x00, 0x01, 0xFF, 0xE0, 0xFF, 0xE0, 0x00, 0x01, 0xFF, 0xE0, 0xFF, 0xE0, 0x00, 0x01, 0xFF, 0xE0, 0xFF, 0xE0, 0x00, 0x01, 0xFF, 0xE0, 0xFF, 0xE0, 0x00, 0x01, 0xFF, 0xE0, 0xFF, 0xE0, 0x00, 0x01, 0xFF, 0xE0, 0xFF, 0xE0, 0x00, 0x03, 0xFF, 0xE0, 0xFF, 0xE0, 0x00, 0x03, 0xFF, 0xC0, 0xFF, 0xE0, 0x00, 0x07, 0xFF, 0xC0, 0xFF, 0xE0, 0x00, 0x0F, 0xFF, 0xC0, 0xFF, 0xE0, 0x00, 0x3F, 0xFF, 0x80, 0xFF, 0xE0, 0x00, 0xFF, 0xFF, 0x80, 0xFF, 0xFF, 0xFF, 0xFF, 0xFF, 0x00, 0xFF, 0xFF, 0xFF, 0xFF, 0xFF, 0x00, 0xFF, 0xFF, 0xFF, 0xFF, 0xFE, 0x00, 0xFF, 0xFF, 0xFF, 0xFF, 0xFC, 0x00, 0xFF, 0xFF, 0xFF, 0xFF, 0xF0, 0x00, 0xFF, 0xFF, 0xFF, 0xFF, 0xE0, 0x00, 0xFF, 0xFF, 0xFF, 0xFF, 0x80, 0x00, 0xFF, 0xFF, 0xFF, 0xFC, 0x00, 0x00, 0xFF, 0xFF, 0xFF, 0xC0, 0x00, 0x00, 

/* Symbol 0x43, offset 10949 */
    43, 89, 26,
    0x00, 0x00, 0x03, 0xFF, 0xF0, 0x00, 0x00, 0x00, 0x3F, 0xFF, 0xFF, 0x80, 0x00, 0x00, 0xFF, 0xFF, 0xFF, 0xE0, 0x00, 0x03, 0xFF, 0xFF, 0xFF, 0xE0, 0x00, 0x0F, 0xFF, 0xFF, 0xFF, 0xE0, 0x00, 0x1F, 0xFF, 0xFF, 0xFF, 0xE0, 0x00, 0x3F, 0xFF, 0xFF, 0xFF, 0xE0, 0x00, 0x7F, 0xFF, 0xFF, 0xFF, 0xE0, 0x00, 0xFF, 0xFF, 0xFF, 0xFF, 0xE0, 0x01, 0xFF, 0xFF, 0xFF, 0xFF, 0xE0, 0x03, 0xFF, 0xFF, 0x80, 0x1F, 0xE0, 0x07, 0xFF, 0xFC, 0x00, 0x01, 0xE0, 0x07, 0xFF, 0xF0, 0x00, 0x00, 0x20, 0x0F, 0xFF, 0xE0, 0x00, 0x00, 0x00, 0x0F, 0xFF, 0xC0, 0x00, 0x00, 0x00, 0x1F, 0xFF, 0x80, 0x00, 0x00, 0x00, 0x1F, 0xFF, 0x80, 0x00, 0x00, 0x00, 0x3F, 0xFF, 0x00, 0x00, 0x00, 0x00, 0x3F, 0xFE, 0x00, 0x00, 0x00, 0x00, 0x3F, 0xFE, 0x00, 0x00, 0x00, 0x00, 0x7F, 0xFE, 0x00, 0x00, 0x00, 0x00, 0x7F, 0xFC, 0x00, 0x00, 0x00, 0x00, 0x7F, 0xFC, 0x00, 0x00, 0x00, 0x00, 0x7F, 0xFC, 0x00, 0x00, 0x00, 0x00, 0x7F, 0xFC, 0x00, 0x00, 0x00, 0x00, 0xFF, 0xF8, 0x00, 0x00, 0x00, 0x00, 0xFF, 0xF8, 0x00, 0x00, 0x00, 0x00, 0xFF, 0xF8, 0x00, 0x00, 0x00, 0x00, 0xFF, 0xF8, 0x00, 0x00, 0x00, 0x00, 0xFF, 0xF8, 0x00, 0x00, 0x00, 0x00, 0xFF, 0xF8, 0x00, 0x00, 0x00, 0x00, 0xFF, 0xF8, 0x00, 0x00, 0x00, 0x00, 0xFF, 0xF8, 0x00, 0x00, 0x00, 0x00, 0xFF, 0xF8, 0x00, 0x00, 0x00, 0x00, 0xFF, 0xF8, 0x00, 0x00, 0x00, 0x00, 0xFF, 0xF8, 0x00, 0x00, 0x00, 0x00, 0xFF, 0xF8, 0x00, 0x00, 0x00, 0x00, 0xFF, 0xF8, 0x00, 0x00, 0x00, 0x00, 0xFF, 0xFC, 0x00, 0x00, 0x00, 0x00, 0xFF, 0xFC, 0x00, 0x00, 0x00, 0x00, 0x7F, 0xFC, 0x00, 0x00, 0x00, 0x00, 0x7F, 0xFC, 0x00, 0x00, 0x00, 0x00, 0x7F, 0xFC, 0x00, 0x00, 0x00, 0x00, 0x7F, 0xFE, 0x00, 0x00, 0x00, 0x00, 0x7F, 0xFE, 0x00, 0x00, 0x00, 0x00, 0x3F, 0xFF, 0x00, 0x00, 0x00, 0x00, 0x3F, 0xFF, 0x00, 0x00, 0x00, 0x00, 0x3F, 0xFF, 0x80, 0x00, 0x00, 0x00, 0x1F, 0xFF, 0xC0, 0x00, 0x00, 0x00, 0x1F, 0xFF, 0xE0, 0x00, 0x00, 0x20, 0x0F, 0xFF, 0xF0, 0x00, 0x00, 0xE0, 0x0F, 0xFF, 0xFC, 0x00, 0x07, 0xE0, 0x07, 0xFF, 0xFF, 0x80, 0x7F, 0xE0, 0x03, 0xFF, 0xFF, 0xFF, 0xFF, 0xE0, 0x03, 0xFF, 0xFF, 0xFF, 0xFF, 0xE0, 0x01, 0xFF, 0xFF, 0xFF, 0xFF, 0xE0, 0x00, 0xFF, 0xFF, 0xFF, 0xFF, 0xE0, 0x00, 0x7F, 0xFF, 0xFF, 0xFF, 0xE0, 0x00, 0x1F, 0xFF, 0xFF, 0xFF, 0xE0, 0x00, 0x0F, 0xFF, 0xFF, 0xFF, 0xE0, 0x00, 0x03, 0xFF, 0xFF, 0xFF, 0xC0, 0x00, 0x00, 0x7F, 0xFF, 0xFC, 0x00, 0x00, 0x00, 0x07, 0xFF, 0xC0, 0x00, 

/* Symbol 0x44, offset 11330 */
    46, 88, 27,
    0xFF, 0xFF, 0xFF, 0x80, 0x00, 0x00, 0xFF, 0xFF, 0xFF, 0xF8, 0x00, 0x00, 0xFF, 0xFF, 0xFF, 0xFF, 0x00, 0x00, 0xFF, 0xFF, 0xFF, 0xFF, 0xC0, 0x00, 0xFF, 0xFF, 0xFF, 0xFF, 0xF0, 0x00, 0xFF, 0xFF, 0xFF, 0xFF, 0xF8, 0x00, 0xFF, 0xFF, 0xFF, 0xFF, 0xFC, 0x00, 0xFF, 0xFF, 0xFF, 0xFF, 0xFE, 0x00, 0xFF, 0xFF, 0xFF, 0xFF, 0xFF, 0x00, 0xFF, 0xFF, 0xFF, 0xFF, 0xFF, 0x80, 0xFF, 0xF0, 0x01, 0xFF, 0xFF, 0xC0, 0xFF, 0xF0, 0x00, 0x3F, 0xFF, 0xC0, 0xFF, 0xF0, 0x00, 0x0F, 0xFF, 0xE0, 0xFF, 0xF0, 0x00, 0x07, 0xFF, 0xE0, 0xFF, 0xF0, 0x00, 0x03, 0xFF, 0xF0, 0xFF, 0xF0, 0x00, 0x01, 0xFF, 0xF0, 0xFF, 0xF0, 0x00, 0x01, 0xFF, 0xF0, 0xFF, 0xF0, 0x00, 0x00, 0xFF, 0xF8, 0xFF, 0xF0, 0x00, 0x00, 0xFF, 0xF8, 0xFF, 0xF0, 0x00, 0x00, 0x7F, 0xF8, 0xFF, 0xF0, 0x00, 0x00, 0x7F, 0xF8, 0xFF, 0xF0, 0x00, 0x00, 0x7F, 0xF8, 0xFF, 0xF0, 0x00, 0x00, 0x7F, 0xFC, 0xFF, 0xF0, 0x00, 0x00, 0x3F, 0xFC, 0xFF, 0xF0, 0x00, 0x00, 0x3F, 0xFC, 0xFF, 0xF0, 0x00, 0x00, 0x3F, 0xFC, 0xFF, 0xF0, 0x00, 0x00, 0x3F, 0xFC, 0xFF, 0xF0, 0x00, 0x00, 0x3F, 0xFC, 0xFF, 0xF0, 0x00, 0x00, 0x3F, 0xFC, 0xFF, 0xF0, 0x00, 0x00, 0x3F, 0xFC, 0xFF, 0xF0, 0x00, 0x00, 0x3F, 0xFC, 0xFF, 0xF0, 0x00, 0x00, 0x3F, 0xFC, 0xFF, 0xF0, 0x00, 0x00, 0x3F, 0xFC, 0xFF, 0xF0, 0x00, 0x00, 0x3F, 0xFC, 0xFF, 0xF0, 0x00, 0x00, 0x3F, 0xFC, 0xFF, 0xF0, 0x00, 0x00, 0x3F, 0xFC, 0xFF, 0xF0, 0x00, 0x00, 0x3F, 0xFC, 0xFF, 0xF0, 0x00, 0x00, 0x7F, 0xF8, 0xFF, 0xF0, 0x00, 0x00, 0x7F, 0xF8, 0xFF, 0xF0, 0x00, 0x00, 0x7F, 0xF8, 0xFF, 0xF0, 0x00, 0x00, 0x7F, 0xF8, 0xFF, 0xF0, 0x00, 0x00, 0xFF, 0xF8, 0xFF, 0xF0, 0x00, 0x00, 0xFF, 0xF0, 0xFF, 0xF0, 0x00, 0x01, 0xFF, 0xF0, 0xFF, 0xF0, 0x00, 0x01, 0xFF, 0xF0, 0xFF, 0xF0, 0x00, 0x03, 0xFF, 0xE0, 0xFF, 0xF0, 0x00, 0x07, 0xFF, 0xE0, 0xFF, 0xF0, 0x00, 0x0F, 0xFF, 0xC0, 0xFF, 0xF0, 0x00, 0x1F, 0xFF, 0xC0, 0xFF, 0xF0, 0x00, 0x7F, 0xFF, 0x80, 0xFF, 0xF0, 0x03, 0xFF, 0xFF, 0x00, 0xFF, 0xFF, 0xFF, 0xFF, 0xFF, 0x00, 0xFF, 0xFF, 0xFF, 0xFF, 0xFE, 0x00, 0xFF, 0xFF, 0xFF, 0xFF, 0xFC, 0x00, 0xFF, 0xFF, 0xFF, 0xFF, 0xF8, 0x00, 0xFF, 0xFF, 0xFF, 0xFF, 0xE0, 0x00, 0xFF, 0xFF, 0xFF, 0xFF, 0xC0, 0x00, 0xFF, 0xFF, 0xFF, 0xFF, 0x00, 0x00, 0xFF, 0xFF, 0xFF, 0xFC, 0x00, 0x00, 0xFF, 0xFF, 0xFF, 0xE0, 0x00, 0x00, 0xFF, 0xFF, 0xFE, 0x00, 0x00, 0x00, 

/* Symbol 0x45, offset 11699 */
    37, 88, 27,
    0xFF, 0xFF, 0xFF, 0xFF, 0xF8, 0xFF, 0xFF, 0xFF, 0xFF, 0xF8, 0xFF, 0xFF, 0xFF, 0xFF, 0xF8, 0xFF, 0xFF, 0xFF, 0xFF, 0xF8, 0xFF, 0xFF, 0xFF, 0xFF, 0xF8, 0xFF, 0xFF, 0xFF, 0xFF, 0xF8, 0xFF, 0xFF, 0xFF, 0xFF, 0xF8, 0xFF, 0xFF, 0xFF, 0xFF, 0xF8, 0xFF, 0xFF, 0xFF, 0xFF, 0xF8, 0xFF, 0xFF, 0xFF, 0xFF, 0xF8, 0xFF, 0xF0, 0x00, 0x00, 0x00, 0xFF, 0xF0, 0x00, 0x00, 0x00, 0xFF, 0xF0, 0x00, 0x00, 0x00, 0xFF, 0xF0, 0x00, 0x00, 0x00, 0xFF, 0xF0, 0x00, 0x00, 0x00, 0xFF, 0xF0, 0x00, 0x00, 0x00, 0xFF, 0xF0, 0x00, 0x00, 0x00, 0xFF, 0xF0, 0x00, 0x00, 0x00, 0xFF, 0xF0, 0x00, 0x00, 0x00, 0xFF, 0xF0, 0x00, 0x00, 0x00, 0xFF, 0xF0, 0x00, 0x00, 0x00, 0xFF, 0xF0, 0x00, 0x00, 0x00, 0xFF, 0xF0, 0x00, 0x00, 0x00, 0xFF, 0xF0, 0x00, 0x00, 0x00, 0xFF, 0xFF, 0xFF, 0xFF, 0xF0, 0xFF, 0xFF, 0xFF, 0xFF, 0xF0, 0xFF, 0xFF, 0xFF, 0xFF, 0xF0, 0xFF, 0xFF, 0xFF, 0xFF, 0xF0, 0xFF, 0xFF, 0xFF, 0xFF, 0xF0, 0xFF, 0xFF, 0xFF, 0xFF, 0xF0, 0xFF, 0xFF, 0xFF, 0xFF, 0xF0, 0xFF, 0xFF, 0xFF, 0xFF, 0xF0, 0xFF, 0xFF, 0xFF, 0xFF, 0xF0, 0xFF, 0xFF, 0xFF, 0xFF, 0xF0, 0xFF, 0xF0, 0x00, 0x00, 0x00, 0xFF, 0xF0, 0x00, 0x00, 0x00, 0xFF, 0xF0, 0x00, 0x00, 0x00, 0xFF, 0xF0, 0x00, 0x00, 0x00, 0xFF, 0xF0, 0x00, 0x00, 0x00, 0xFF, 0xF0, 0x00, 0x00, 0x00, 0xFF, 0xF0, 0x00, 0x00, 0x00, 0xFF, 0xF0, 0x00, 0x00, 0x00, 0xFF, 0xF0, 0x00, 0x00, 0x00, 0xFF, 0xF0, 0x00, 0x00, 0x00, 0xFF, 0xF0, 0x00, 0x00, 0x00, 0xFF, 0xF0, 0x00, 0x00, 0x00, 0xFF, 0xF0, 0x00, 0x00, 0x00, 0xFF, 0xF0, 0x00, 0x00, 0x00, 0xFF, 0xF0, 0x00, 0x00, 0x00, 0xFF, 0xF0, 0x00, 0x00, 0x00, 0xFF, 0xF0, 0x00, 0x00, 0x00, 0xFF, 0xFF, 0xFF, 0xFF, 0xF8, 0xFF, 0xFF, 0xFF, 0xFF, 0xF8, 0xFF, 0xFF, 0xFF, 0xFF, 0xF8, 0xFF, 0xFF, 0xFF, 0xFF, 0xF8, 0xFF, 0xFF, 0xFF, 0xFF, 0xF8, 0xFF, 0xFF, 0xFF, 0xFF, 0xF8, 0xFF, 0xFF, 0xFF, 0xFF, 0xF8, 0xFF, 0xFF, 0xFF, 0xFF, 0xF8, 0xFF, 0xFF, 0xFF, 0xFF, 0xF8, 0xFF, 0xFF, 0xFF, 0xFF, 0xF8, 

/* Symbol 0x46, offset 12007 */
    36, 88, 27,
    0xFF, 0xFF, 0xFF, 0xFF, 0xF0, 0xFF, 0xFF, 0xFF, 0xFF, 0xF0, 0xFF, 0xFF, 0xFF, 0xFF, 0xF0, 0xFF, 0xFF, 0xFF, 0xFF, 0xF0, 0xFF, 0xFF, 0xFF, 0xFF, 0xF0, 0xFF, 0xFF, 0xFF, 0xFF, 0xF0, 0xFF, 0xFF, 0xFF, 0xFF, 0xF0, 0xFF, 0xFF, 0xFF, 0xFF, 0xF0, 0xFF, 0xFF, 0xFF, 0xFF, 0xF0, 0xFF, 0xFF, 0xFF, 0xFF, 0xF0, 0xFF, 0xF0, 0x00, 0x00, 0x00, 0xFF, 0xF0, 0x00, 0x00, 0x00, 0xFF, 0xF0, 0x00, 0x00, 0x00, 0xFF, 0xF0, 0x00, 0x00, 0x00, 0xFF, 0xF0, 0x00, 0x00, 0x00, 0xFF, 0xF0, 0x00, 0x00, 0x00, 0xFF, 0xF0, 0x00, 0x00, 0x00, 0xFF, 0xF0, 0x00, 0x00, 0x00, 0xFF, 0xF0, 0x00, 0x00, 0x00, 0xFF, 0xF0, 0x00, 0x00, 0x00, 0xFF, 0xF0, 0x00, 0x00, 0x00, 0xFF, 0xF0, 0x00, 0x00, 0x00, 0xFF, 0xF0, 0x00, 0x00, 0x00, 0xFF, 0xF0, 0x00, 0x00, 0x00, 0xFF, 0xF0, 0x00, 0x00, 0x00, 0xFF, 0xF0, 0x00, 0x00, 0x00, 0xFF, 0xF0, 0x00, 0x00, 0x00, 0xFF, 0xFF, 0xFF, 0xFF, 0xE0, 0xFF, 0xFF, 0xFF, 0xFF, 0xE0, 0xFF, 0xFF, 0xFF, 0xFF, 0xE0, 0xFF, 0xFF, 0xFF, 0xFF, 0xE0, 0xFF, 0xFF, 0xFF, 0xFF, 0xE0, 0xFF, 0xFF, 0xFF, 0xFF, 0xE0, 0xFF, 0xFF, 0xFF, 0xFF, 0xE0, 0xFF, 0xFF, 0xFF, 0xFF, 0xE0, 0xFF, 0xFF, 0xFF, 0xFF, 0xE0, 0xFF, 0xF0, 0x00, 0x00, 0x00, 0xFF, 0xF0, 0x00, 0x00, 0x00, 0xFF, 0xF0, 0x00, 0x00, 0x00, 0xFF, 0xF0, 0x00, 0x00, 0x00, 0xFF, 0xF0, 0x00, 0x00, 0x00, 0xFF, 0xF0, 0x00, 0x00, 0x00, 0xFF, 0xF0, 0x00, 0x00, 0x00, 0xFF, 0xF0, 0x00, 0x00, 0x00, 0xFF, 0xF0, 0x00, 0x00, 0x00, 0xFF, 0xF0, 0x00, 0x00, 0x00, 0xFF, 0xF0, 0x00, 0x00, 0x00, 0xFF, 0xF0, 0x00, 0x00, 0x00, 0xFF, 0xF0, 0x00, 0x00, 0x00, 0xFF, 0xF0, 0x00, 0x00, 0x00, 0xFF, 0xF0, 0x00, 0x00, 0x00, 0xFF, 0xF0, 0x00, 0x00, 0x00, 0xFF, 0xF0, 0x00, 0x00, 0x00, 0xFF, 0xF0, 0x00, 0x00, 0x00, 0xFF, 0xF0, 0x00, 0x00, 0x00, 0xFF, 0xF0, 0x00, 0x00, 0x00, 0xFF, 0xF0, 0x00, 0x00, 0x00, 0xFF, 0xF0, 0x00, 0x00, 0x00, 0xFF, 0xF0, 0x00, 0x00, 0x00, 0xFF, 0xF0, 0x00, 0x00, 0x00, 0xFF, 0xF0, 0x00, 0x00, 0x00, 

/* Symbol 0x47, offset 12315 */
    46, 89, 26,
    0x00, 0x00, 0x01, 0xFF, 0xF0, 0x00, 0x00, 0x00, 0x1F, 0xFF, 0xFF, 0x80, 0x00, 0x00, 0xFF, 0xFF, 0xFF, 0xF0, 0x00, 0x03, 0xFF, 0xFF, 0xFF, 0xFC, 0x00, 0x07, 0xFF, 0xFF, 0xFF, 0xFC, 0x00, 0x1F, 0xFF, 0xFF, 0xFF, 0xFC, 0x00, 0x3F, 0xFF, 0xFF, 0xFF, 0xFC, 0x00, 0x7F, 0xFF, 0xFF, 0xFF, 0xFC, 0x00, 0xFF, 0xFF, 0xFF, 0xFF, 0xFC, 0x01, 0xFF, 0xFF, 0xFF, 0xFF, 0xFC, 0x03, 0xFF, 0xFF, 0x80, 0x1F, 0xFC, 0x07, 0xFF, 0xFC, 0x00, 0x00, 0xFC, 0x07, 0xFF, 0xF0, 0x00, 0x00, 0x1C, 0x0F, 0xFF, 0xE0, 0x00, 0x00, 0x04, 0x0F, 0xFF, 0xC0, 0x00, 0x00, 0x00, 0x1F, 0xFF, 0x80, 0x00, 0x00, 0x00, 0x1F, 0xFF, 0x00, 0x00, 0x00, 0x00, 0x3F, 0xFE, 0x00, 0x00, 0x00, 0x00, 0x3F, 0xFE, 0x00, 0x00, 0x00, 0x00, 0x3F, 0xFC, 0x00, 0x00, 0x00, 0x00, 0x7F, 0xFC, 0x00, 0x00, 0x00, 0x00, 0x7F, 0xFC, 0x00, 0x00, 0x00, 0x00, 0x7F, 0xF8, 0x00, 0x00, 0x00, 0x00, 0x7F, 0xF8, 0x00, 0x00, 0x00, 0x00, 0x7F, 0xF8, 0x00, 0x00, 0x00, 0x00, 0xFF, 0xF8, 0x00, 0x00, 0x00, 0x00, 0xFF, 0xF0, 0x00, 0xFF, 0xFF, 0xFC, 0xFF, 0xF0, 0x00, 0xFF, 0xFF, 0xFC, 0xFF, 0xF0, 0x00, 0xFF, 0xFF, 0xFC, 0xFF, 0xF0, 0x00, 0xFF, 0xFF, 0xFC, 0xFF, 0xF0, 0x00, 0xFF, 0xFF, 0xFC, 0xFF, 0xF0, 0x00, 0xFF, 0xFF, 0xFC, 0xFF, 0xF0, 0x00, 0xFF, 0xFF, 0xFC, 0xFF, 0xF0, 0x00, 0xFF, 0xFF, 0xFC, 0xFF, 0xF0, 0x00, 0xFF, 0xFF, 0xFC, 0xFF, 0xF0, 0x00, 0xFF, 0xFF, 0xFC, 0xFF, 0xF0, 0x00, 0x00, 0x1F, 0xFC, 0xFF, 0xF0, 0x00, 0x00, 0x1F, 0xFC, 0xFF, 0xF0, 0x00, 0x00, 0x1F, 0xFC, 0xFF, 0xF8, 0x00, 0x00, 0x1F, 0xFC, 0x7F, 0xF8, 0x00, 0x00, 0x1F, 0xFC, 0x7F, 0xF8, 0x00, 0x00, 0x1F, 0xFC, 0x7F, 0xF8, 0x00, 0x00, 0x1F, 0xFC, 0x7F, 0xFC, 0x00, 0x00, 0x1F, 0xFC, 0x3F, 0xFC, 0x00, 0x00, 0x1F, 0xFC, 0x3F, 0xFE, 0x00, 0x00, 0x1F, 0xFC, 0x3F, 0xFE, 0x00, 0x00, 0x1F, 0xFC, 0x1F, 0xFF, 0x00, 0x00, 0x1F, 0xFC, 0x1F, 0xFF, 0x80, 0x00, 0x1F, 0xFC, 0x1F, 0xFF, 0xC0, 0x00, 0x1F, 0xFC, 0x0F, 0xFF, 0xE0, 0x00, 0x1F, 0xFC, 0x07, 0xFF, 0xF8, 0x00, 0x1F, 0xFC, 0x07, 0xFF, 0xFF, 0x00, 0x7F, 0xFC, 0x03, 0xFF, 0xFF, 0xFF, 0xFF, 0xFC, 0x01, 0xFF, 0xFF, 0xFF, 0xFF, 0xFC, 0x00, 0xFF, 0xFF, 0xFF, 0xFF, 0xFC, 0x00, 0x7F, 0xFF, 0xFF, 0xFF, 0xFC, 0x00, 0x3F, 0xFF, 0xFF, 0xFF, 0xFC, 0x00, 0x1F, 0xFF, 0xFF, 0xFF, 0xFC, 0x00, 0x07, 0xFF, 0xFF, 0xFF, 0xF8, 0x00, 0x01, 0xFF, 0xFF, 0xFF, 0xE0, 0x00, 0x00, 0x7F, 0xFF, 0xFF, 0x00, 0x00, 0x00, 0x07, 0xFF, 0xE0, 0x00, 

/* Symbol 0x48, offset 12696 */
    44, 88, 27,
    0xFF, 0xF0, 0x00, 0x00, 0xFF, 0xF0, 0xFF, 0xF0, 0x00, 0x00, 0xFF, 0xF0, 0xFF, 0xF0, 0x00, 0x00, 0xFF, 0xF0, 0xFF, 0xF0, 0x00, 0x00, 0xFF, 0xF0, 0xFF, 0xF0, 0x00, 0x00, 0xFF, 0xF0, 0xFF, 0xF0, 0x00, 0x00, 0xFF, 0xF0, 0xFF, 0xF0, 0x00, 0x00, 0xFF, 0xF0, 0xFF, 0xF0, 0x00, 0x00, 0xFF, 0xF0, 0xFF, 0xF0, 0x00, 0x00, 0xFF, 0xF0, 0xFF, 0xF0, 0x00, 0x00, 0xFF, 0xF0, 0xFF, 0xF0, 0x00, 0x00, 0xFF, 0xF0, 0xFF, 0xF0, 0x00, 0x00, 0xFF, 0xF0, 0xFF, 0xF0, 0x00, 0x00, 0xFF, 0xF0, 0xFF, 0xF0, 0x00, 0x00, 0xFF, 0xF0, 0xFF, 0xF0, 0x00, 0x00, 0xFF, 0xF0, 0xFF, 0xF0, 0x00, 0x00, 0xFF, 0xF0, 0xFF, 0xF0, 0x00, 0x00, 0xFF, 0xF0, 0xFF, 0xF0, 0x00, 0x00, 0xFF, 0xF0, 0xFF, 0xF0, 0x00, 0x00, 0xFF, 0xF0, 0xFF, 0xF0, 0x00, 0x00, 0xFF, 0xF0, 0xFF, 0xF0, 0x00, 0x00, 0xFF, 0xF0, 0xFF, 0xF0, 0x00, 0x00, 0xFF, 0xF0, 0xFF, 0xF0, 0x00, 0x00, 0xFF, 0xF0, 0xFF, 0xF0, 0x00, 0x00, 0xFF, 0xF0, 0xFF, 0xFF, 0xFF, 0xFF, 0xFF, 0xF0, 0xFF, 0xFF, 0xFF, 0xFF, 0xFF, 0xF0, 0xFF, 0xFF, 0xFF, 0xFF, 0xFF, 0xF0, 0xFF, 0xFF, 0xFF, 0xFF, 0xFF, 0xF0, 0xFF, 0xFF, 0xFF, 0xFF, 0xFF, 0xF0, 0xFF, 0xFF, 0xFF, 0xFF, 0xFF, 0xF0, 0xFF, 0xFF, 0xFF, 0xFF, 0xFF, 0xF0, 0xFF, 0xFF, 0xFF, 0xFF, 0xFF, 0xF0, 0xFF, 0xFF, 0xFF, 0xFF, 0xFF, 0xF0, 0xFF, 0xFF, 0xFF, 0xFF, 0xFF, 0xF0, 0xFF, 0xF0, 0x00, 0x00, 0xFF, 0xF0, 0xFF, 0xF0, 0x00, 0x00, 0xFF, 0xF0, 0xFF, 0xF0, 0x00, 0x00, 0xFF, 0xF0, 0xFF, 0xF0, 0x00, 0x00, 0xFF, 0xF0, 0xFF, 0xF0, 0x00, 0x00, 0xFF, 0xF0, 0xFF, 0xF0, 0x00, 0x00, 0xFF, 0xF0, 0xFF, 0xF0, 0x00, 0x00, 0xFF, 0xF0, 0xFF, 0xF0, 0x00, 0x00, 0xFF, 0xF0, 0xFF, 0xF0, 0x00, 0x00, 0xFF, 0xF0, 0xFF, 0xF0, 0x00, 0x00, 0xFF, 0xF0, 0xFF, 0xF0, 0x00, 0x00, 0xFF, 0xF0, 0xFF, 0xF0, 0x00, 0x00, 0xFF, 0xF0, 0xFF, 0xF0, 0x00, 0x00, 0xFF, 0xF0, 0xFF, 0xF0, 0x00, 0x00, 0xFF, 0xF0, 0xFF, 0xF0, 0x00, 0x00, 0xFF, 0xF0, 0xFF, 0xF0, 0x00, 0x00, 0xFF, 0xF0, 0xFF, 0xF0, 0x00, 0x00, 0xFF, 0xF0, 0xFF, 0xF0, 0x00, 0x00, 0xFF, 0xF0, 0xFF, 0xF0, 0x00, 0x00, 0xFF, 0xF0, 0xFF, 0xF0, 0x00, 0x00, 0xFF, 0xF0, 0xFF, 0xF0, 0x00, 0x00, 0xFF, 0xF0, 0xFF, 0xF0, 0x00, 0x00, 0xFF, 0xF0, 0xFF, 0xF0, 0x00, 0x00, 0xFF, 0xF0, 0xFF, 0xF0, 0x00, 0x00, 0xFF, 0xF0, 0xFF, 0xF0, 0x00, 0x00, 0xFF, 0xF0, 0xFF, 0xF0, 0x00, 0x00, 0xFF, 0xF0, 0xFF, 0xF0, 0x00, 0x00, 0xFF, 0xF0, 

/* Symbol 0x49, offset 13065 */
    38, 88, 27,
    0xFF, 0xFF, 0xFF, 0xFF, 0xFC, 0xFF, 0xFF, 0xFF, 0xFF, 0xFC, 0xFF, 0xFF, 0xFF, 0xFF, 0xFC, 0xFF, 0xFF, 0xFF, 0xFF, 0xFC, 0xFF, 0xFF, 0xFF, 0xFF, 0xFC, 0xFF, 0xFF, 0xFF, 0xFF, 0xFC, 0xFF, 0xFF, 0xFF, 0xFF, 0xFC, 0xFF, 0xFF, 0xFF, 0xFF, 0xFC, 0xFF, 0xFF, 0xFF, 0xFF, 0xFC, 0x00, 0x07, 0xFF, 0x80, 0x00, 0x00, 0x07, 0xFF, 0x80, 0x00, 0x00, 0x07, 0xFF, 0x80, 0x00, 0x00, 0x07, 0xFF, 0x80, 0x00, 0x00, 0x07, 0xFF, 0x80, 0x00, 0x00, 0x07, 0xFF, 0x80, 0x00, 0x00, 0x07, 0xFF, 0x80, 0x00, 0x00, 0x07, 0xFF, 0x80, 0x00, 0x00, 0x07, 0xFF, 0x80, 0x00, 0x00, 0x07, 0xFF, 0x80, 0x00, 0x00, 0x07, 0xFF, 0x80, 0x00, 0x00, 0x07, 0xFF, 0x80, 0x00, 0x00, 0x07, 0xFF, 0x80, 0x00, 0x00, 0x07, 0xFF, 0x80, 0x00, 0x00, 0x07, 0xFF, 0x80, 0x00, 0x00, 0x07, 0xFF, 0x80, 0x00, 0x00, 0x07, 0xFF, 0x80, 0x00, 0x00, 0x07, 0xFF, 0x80, 0x00, 0x00, 0x07, 0xFF, 0x80, 0x00, 0x00, 0x07, 0xFF, 0x80, 0x00, 0x00, 0x07, 0xFF, 0x80, 0x00, 0x00, 0x07, 0xFF, 0x80, 0x00, 0x00, 0x07, 0xFF, 0x80, 0x00, 0x00, 0x07, 0xFF, 0x80, 0x00, 0x00, 0x07, 0xFF, 0x80, 0x00, 0x00, 0x07, 0xFF, 0x80, 0x00, 0x00, 0x07, 0xFF, 0x80, 0x00, 0x00, 0x07, 0xFF, 0x80, 0x00, 0x00, 0x07, 0xFF, 0x80, 0x00, 0x00, 0x07, 0xFF, 0x80, 0x00, 0x00, 0x07, 0xFF, 0x80, 0x00, 0x00, 0x07, 0xFF, 0x80, 0x00, 0x00, 0x07, 0xFF, 0x80, 0x00, 0x00, 0x07, 0xFF, 0x80, 0x00, 0x00, 0x07, 0xFF, 0x80, 0x00, 0x00, 0x07, 0xFF, 0x80, 0x00, 0x00, 0x07, 0xFF, 0x80, 0x00, 0x00, 0x07, 0xFF, 0x80, 0x00, 0x00, 0x07, 0xFF, 0x80, 0x00, 0x00, 0x07, 0xFF, 0x80, 0x00, 0x00, 0x07, 0xFF, 0x80, 0x00, 0x00, 0x07, 0xFF, 0x80, 0x00, 0xFF, 0xFF, 0xFF, 0xFF, 0xFC, 0xFF, 0xFF, 0xFF, 0xFF, 0xFC, 0xFF, 0xFF, 0xFF, 0xFF, 0xFC, 0xFF, 0xFF, 0xFF, 0xFF, 0xFC, 0xFF, 0xFF, 0xFF, 0xFF, 0xFC, 0xFF, 0xFF, 0xFF, 0xFF, 0xFC, 0xFF, 0xFF, 0xFF, 0xFF, 0xFC, 0xFF, 0xFF, 0xFF, 0xFF, 0xFC, 0xFF, 0xFF, 0xFF, 0xFF, 0xFC, 0xFF, 0xFF, 0xFF, 0xFF, 0xFC, 

/* Symbol 0x4A, offset 13373 */
    35, 89, 27,
    0xFF, 0xFF, 0xFF, 0xFF, 0xE0, 0xFF, 0xFF, 0xFF, 0xFF, 0xE0, 0xFF, 0xFF, 0xFF, 0xFF, 0xE0, 0xFF, 0xFF, 0xFF, 0xFF, 0xE0, 0xFF, 0xFF, 0xFF, 0xFF, 0xE0, 0xFF, 0xFF, 0xFF, 0xFF, 0xE0, 0xFF, 0xFF, 0xFF, 0xFF, 0xE0, 0xFF, 0xFF, 0xFF, 0xFF, 0xE0, 0xFF, 0xFF, 0xFF, 0xFF, 0xE0, 0xFF, 0xFF, 0xFF, 0xFF, 0xE0, 0x00, 0x00, 0x01, 0xFF, 0xE0, 0x00, 0x00, 0x01, 0xFF, 0xE0, 0x00, 0x00, 0x01, 0xFF, 0xE0, 0x00, 0x00, 0x01, 0xFF, 0xE0, 0x00, 0x00, 0x01, 0xFF, 0xE0, 0x00, 0x00, 0x01, 0xFF, 0xE0, 0x00, 0x00, 0x01, 0xFF, 0xE0, 0x00, 0x00, 0x01, 0xFF, 0xE0, 0x00, 0x00, 0x01, 0xFF, 0xE0, 0x00, 0x00, 0x01, 0xFF, 0xE0, 0x00, 0x00, 0x01, 0xFF, 0xE0, 0x00, 0x00, 0x01, 0xFF, 0xE0, 0x00, 0x00, 0x01, 0xFF, 0xE0, 0x00, 0x00, 0x01, 0xFF, 0xE0, 0x00, 0x00, 0x01, 0xFF, 0xE0, 0x00, 0x00, 0x01, 0xFF, 0xE0, 0x00, 0x00, 0x01, 0xFF, 0xE0, 0x00, 0x00, 0x01, 0xFF, 0xE0, 0x00, 0x00, 0x01, 0xFF, 0xE0, 0x00, 0x00, 0x01, 0xFF, 0xE0, 0x00, 0x00, 0x01, 0xFF, 0xE0, 0x00, 0x00, 0x01, 0xFF, 0xE0, 0x00, 0x00, 0x01, 0xFF, 0xE0, 0x00, 0x00, 0x01, 0xFF, 0xE0, 0x00, 0x00, 0x01, 0xFF, 0xE0, 0x00, 0x00, 0x01, 0xFF, 0xE0, 0x00, 0x00, 0x01, 0xFF, 0xE0, 0x00, 0x00, 0x01, 0xFF, 0xE0, 0x00, 0x00, 0x01, 0xFF, 0xE0, 0x00, 0x00, 0x01, 0xFF, 0xE0, 0x00, 0x00, 0x01, 0xFF, 0xE0, 0x00, 0x00, 0x01, 0xFF, 0xE0, 0x00, 0x00, 0x01, 0xFF, 0xE0, 0x00, 0x00, 0x01, 0xFF, 0xE0, 0x00, 0x00, 0x01, 0xFF, 0xE0, 0x00, 0x00, 0x03, 0xFF, 0xE0, 0x00, 0x00, 0x03, 0xFF, 0xE0, 0x80, 0x00, 0x03, 0xFF, 0xE0, 0xC0, 0x00, 0x07, 0xFF, 0xC0, 0xF0, 0x00, 0x0F, 0xFF, 0xC0, 0xFC, 0x00, 0x1F, 0xFF, 0xC0, 0xFF, 0x80, 0x7F, 0xFF, 0x80, 0xFF, 0xFF, 0xFF, 0xFF, 0x80, 0xFF, 0xFF, 0xFF, 0xFF, 0x00, 0xFF, 0xFF, 0xFF, 0xFF, 0x00, 0xFF, 0xFF, 0xFF, 0xFE, 0x00, 0xFF, 0xFF, 0xFF, 0xFC, 0x00, 0xFF, 0xFF, 0xFF, 0xF8, 0x00, 0x7F, 0xFF, 0xFF, 0xE0, 0x00, 0x1F, 0xFF, 0xFF, 0xC0, 0x00, 0x07, 0xFF, 0xFE, 0x00, 0x00, 0x00, 0x7F, 0xF0, 0x00, 0x00, 

/* Symbol 0x4B, offset 13686 */
    45, 88, 27,
    0xFF, 0xF0, 0x00, 0x03, 0xFF, 0xF0, 0xFF, 0xF0, 0x00, 0x07, 0xFF, 0xE0, 0xFF, 0xF0, 0x00, 0x0F, 0xFF, 0xC0, 0xFF, 0xF0, 0x00, 0x0F, 0xFF, 0xC0, 0xFF, 0xF0, 0x00, 0x1F, 0xFF, 0x80, 0xFF, 0xF0, 0x00, 0x1F, 0xFF, 0x00, 0xFF, 0xF0, 0x00, 0x3F, 0xFE, 0x00, 0xFF, 0xF0, 0x00, 0x7F, 0xFE, 0x00, 0xFF, 0xF0, 0x00, 0x7F, 0xFC, 0x00, 0xFF, 0xF0, 0x00, 0xFF, 0xF8, 0x00, 0xFF, 0xF0, 0x01, 0xFF, 0xF8, 0x00, 0xFF, 0xF0, 0x01, 0xFF, 0xF0, 0x00, 0xFF, 0xF0, 0x03, 0xFF, 0xE0, 0x00, 0xFF, 0xF0, 0x07, 0xFF, 0xE0, 0x00, 0xFF, 0xF0, 0x07, 0xFF, 0xC0, 0x00, 0xFF, 0xF0, 0x0F, 0xFF, 0x80, 0x00, 0xFF, 0xF0, 0x0F, 0xFF, 0x00, 0x00, 0xFF, 0xF0, 0x1F, 0xFF, 0x00, 0x00, 0xFF, 0xF0, 0x3F, 0xFE, 0x00, 0x00, 0xFF, 0xF0, 0x3F, 0xFC, 0x00, 0x00, 0xFF, 0xF0, 0x7F, 0xFC, 0x00, 0x00, 0xFF, 0xF0, 0xFF, 0xF8, 0x00, 0x00, 0xFF, 0xF0, 0xFF, 0xF0, 0x00, 0x00, 0xFF, 0xF1, 0xFF, 0xF0, 0x00, 0x00, 0xFF, 0xF3, 0xFF, 0xE0, 0x00, 0x00, 0xFF, 0xF3, 0xFF, 0xC0, 0x00, 0x00, 0xFF, 0xF7, 0xFF, 0x80, 0x00, 0x00, 0xFF, 0xF7, 0xFF, 0x80, 0x00, 0x00, 0xFF, 0xFF, 0xFF, 0x00, 0x00, 0x00, 0xFF, 0xFF, 0xFF, 0x00, 0x00, 0x00, 0xFF, 0xFF, 0xFF, 0x00, 0x00, 0x00, 0xFF, 0xFF, 0xFF, 0x80, 0x00, 0x00, 0xFF, 0xF7, 0xFF, 0xC0, 0x00, 0x00, 0xFF, 0xF7, 0xFF, 0xC0, 0x00, 0x00, 0xFF, 0xF3, 0xFF, 0xE0, 0x00, 0x00, 0xFF, 0xF3, 0xFF, 0xF0, 0x00, 0x00, 0xFF, 0xF1, 0xFF, 0xF0, 0x00, 0x00, 0xFF, 0xF0, 0xFF, 0xF8, 0x00, 0x00, 0xFF, 0xF0, 0xFF, 0xFC, 0x00, 0x00, 0xFF, 0xF0, 0x7F, 0xFC, 0x00, 0x00, 0xFF, 0xF0, 0x7F, 0xFE, 0x00, 0x00, 0xFF, 0xF0, 0x3F, 0xFF, 0x00, 0x00, 0xFF, 0xF0, 0x1F, 0xFF, 0x00, 0x00, 0xFF, 0xF0, 0x1F, 0xFF, 0x80, 0x00, 0xFF, 0xF0, 0x0F, 0xFF, 0xC0, 0x00, 0xFF, 0xF0, 0x07, 0xFF, 0xC0, 0x00, 0xFF, 0xF0, 0x07, 0xFF, 0xE0, 0x00, 0xFF, 0xF0, 0x03, 0xFF, 0xF0, 0x00, 0xFF, 0xF0, 0x03, 0xFF, 0xF0, 0x00, 0xFF, 0xF0, 0x01, 0xFF, 0xF8, 0x00, 0xFF, 0xF0, 0x00, 0xFF, 0xFC, 0x00, 0xFF, 0xF0, 0x00, 0xFF, 0xFC, 0x00, 0xFF, 0xF0, 0x00, 0x7F, 0xFE, 0x00, 0xFF, 0xF0, 0x00, 0x7F, 0xFF, 0x00, 0xFF, 0xF0, 0x00, 0x3F, 0xFF, 0x80, 0xFF, 0xF0, 0x00, 0x1F, 0xFF, 0x80, 0xFF, 0xF0, 0x00, 0x1F, 0xFF, 0xC0, 0xFF, 0xF0, 0x00, 0x0F, 0xFF, 0xE0, 0xFF, 0xF0, 0x00, 0x0F, 0xFF, 0xE0, 0xFF, 0xF0, 0x00, 0x07, 0xFF, 0xF0, 0xFF, 0xF0, 0x00, 0x03, 0xFF, 0xF8, 

/* Symbol 0x4C, offset 14055 */
    38, 88, 27,
    0xFF, 0xF0, 0x00, 0x00, 0x00, 0xFF, 0xF0, 0x00, 0x00, 0x00, 0xFF, 0xF0, 0x00, 0x00, 0x00, 0xFF, 0xF0, 0x00, 0x00, 0x00, 0xFF, 0xF0, 0x00, 0x00, 0x00, 0xFF, 0xF0, 0x00, 0x00, 0x00, 0xFF, 0xF0, 0x00, 0x00, 0x00, 0xFF, 0xF0, 0x00, 0x00, 0x00, 0xFF, 0xF0, 0x00, 0x00, 0x00, 0xFF, 0xF0, 0x00, 0x00, 0x00, 0xFF, 0xF0, 0x00, 0x00, 0x00, 0xFF, 0xF0, 0x00, 0x00, 0x00, 0xFF, 0xF0, 0x00, 0x00, 0x00, 0xFF, 0xF0, 0x00, 0x00, 0x00, 0xFF, 0xF0, 0x00, 0x00, 0x00, 0xFF, 0xF0, 0x00, 0x00, 0x00, 0xFF, 0xF0, 0x00, 0x00, 0x00, 0xFF, 0xF0, 0x00, 0x00, 0x00, 0xFF, 0xF0, 0x00, 0x00, 0x00, 0xFF, 0xF0, 0x00, 0x00, 0x00, 0xFF, 0xF0, 0x00, 0x00, 0x00, 0xFF, 0xF0, 0x00, 0x00, 0x00, 0xFF, 0xF0, 0x00, 0x00, 0x00, 0xFF, 0xF0, 0x00, 0x00, 0x00, 0xFF, 0xF0, 0x00, 0x00, 0x00, 0xFF, 0xF0, 0x00, 0x00, 0x00, 0xFF, 0xF0, 0x00, 0x00, 0x00, 0xFF, 0xF0, 0x00, 0x00, 0x00, 0xFF, 0xF0, 0x00, 0x00, 0x00, 0xFF, 0xF0, 0x00, 0x00, 0x00, 0xFF, 0xF0, 0x00, 0x00, 0x00, 0xFF, 0xF0, 0x00, 0x00, 0x00, 0xFF, 0xF0, 0x00, 0x00, 0x00, 0xFF, 0xF0, 0x00, 0x00, 0x00, 0xFF, 0xF0, 0x00, 0x00, 0x00, 0xFF, 0xF0, 0x00, 0x00, 0x00, 0xFF, 0xF0, 0x00, 0x00, 0x00, 0xFF, 0xF0, 0x00, 0x00, 0x00, 0xFF, 0xF0, 0x00, 0x00, 0x00, 0xFF, 0xF0, 0x00, 0x00, 0x00, 0xFF, 0xF0, 0x00, 0x00, 0x00, 0xFF, 0xF0, 0x00, 0x00, 0x00, 0xFF, 0xF0, 0x00, 0x00, 0x00, 0xFF, 0xF0, 0x00, 0x00, 0x00, 0xFF, 0xF0, 0x00, 0x00, 0x00, 0xFF, 0xF0, 0x00, 0x00, 0x00, 0xFF, 0xF0, 0x00, 0x00, 0x00, 0xFF, 0xF0, 0x00, 0x00, 0x00, 0xFF, 0xF0, 0x00, 0x00, 0x00, 0xFF, 0xF0, 0x00, 0x00, 0x00, 0xFF, 0xF0, 0x00, 0x00, 0x00, 0xFF, 0xFF, 0xFF, 0xFF, 0xFC, 0xFF, 0xFF, 0xFF, 0xFF, 0xFC, 0xFF, 0xFF, 0xFF, 0xFF, 0xFC, 0xFF, 0xFF, 0xFF, 0xFF, 0xFC, 0xFF, 0xFF, 0xFF, 0xFF, 0xFC, 0xFF, 0xFF, 0xFF, 0xFF, 0xFC, 0xFF, 0xFF, 0xFF, 0xFF, 0xFC, 0xFF, 0xFF, 0xFF, 0xFF, 0xFC, 0xFF, 0xFF, 0xFF, 0xFF, 0xFC, 0xFF, 0xFF, 0xFF, 0xFF, 0xFC, 

/* Symbol 0x4D, offset 14363 */
    48, 88, 27,
    0x1F, 0xFF, 0x00, 0x00, 0xFF, 0xF8, 0x1F, 0xFF, 0x00, 0x01, 0xFF, 0xF8, 0x1F, 0xFF, 0x80, 0x01, 0xFF, 0xF8, 0x1F, 0xFF, 0x80, 0x01, 0xFF, 0xF8, 0x1F, 0xFF, 0x80, 0x03, 0xFF, 0xF8, 0x1F, 0xFF, 0xC0, 0x03, 0xFF, 0xF8, 0x1F, 0xFF, 0xC0, 0x03, 0xFF, 0xF8, 0x1F, 0xFF, 0xC0, 0x07, 0xFF, 0xF8, 0x1F, 0xFF, 0xC0, 0x07, 0xFF, 0xF8, 0x3F, 0xFF, 0xE0, 0x07, 0xFF, 0xFC, 0x3F, 0xFF, 0xE0, 0x07, 0xFF, 0xFC, 0x3F, 0xFF, 0xE0, 0x0F, 0xFF, 0xFC, 0x3F, 0xFF, 0xF0, 0x0F, 0xFF, 0xFC, 0x3F, 0xFF, 0xF0, 0x0F, 0xFF, 0xFC, 0x3F, 0xEF, 0xF0, 0x1F, 0xFF, 0xFC, 0x3F, 0xEF, 0xF0, 0x1F, 0xEF, 0xFC, 0x3F, 0xEF, 0xF8, 0x1F, 0xEF, 0xFC, 0x3F, 0xEF, 0xF8, 0x3F, 0xE7, 0xFC, 0x3F, 0xE7, 0xF8, 0x3F, 0xC7, 0xFC, 0x3F, 0xE7, 0xF8, 0x3F, 0xC7, 0xFC, 0x3F, 0xE7, 0xFC, 0x3F, 0xC7, 0xFC, 0x3F, 0xE3, 0xFC, 0x7F, 0x87, 0xFC, 0x3F, 0xE3, 0xFC, 0x7F, 0x87, 0xFC, 0x3F, 0xE3, 0xFC, 0x7F, 0x87, 0xFC, 0x3F, 0xE3, 0xFE, 0xFF, 0x07, 0xFC, 0x3F, 0xE1, 0xFE, 0xFF, 0x07, 0xFC, 0x7F, 0xE1, 0xFE, 0xFF, 0x07, 0xFE, 0x7F, 0xE1, 0xFE, 0xFF, 0x07, 0xFE, 0x7F, 0xE1, 0xFF, 0xFE, 0x07, 0xFE, 0x7F, 0xE0, 0xFF, 0xFE, 0x07, 0xFE, 0x7F, 0xE0, 0xFF, 0xFE, 0x07, 0xFE, 0x7F, 0xC0, 0xFF, 0xFC, 0x07, 0xFE, 0x7F, 0xC0, 0x7F, 0xFC, 0x07, 0xFE, 0x7F, 0xC0, 0x7F, 0xFC, 0x07, 0xFE, 0x7F, 0xC0, 0x7F, 0xF8, 0x07, 0xFE, 0x7F, 0xC0, 0x7F, 0xF8, 0x07, 0xFE, 0x7F, 0xC0, 0x3F, 0xF8, 0x07, 0xFE, 0x7F, 0xC0, 0x3F, 0xF0, 0x07, 0xFE, 0x7F, 0xC0, 0x3F, 0xF0, 0x07, 0xFE, 0x7F, 0xC0, 0x3F, 0xF0, 0x07, 0xFE, 0x7F, 0xC0, 0x1F, 0xE0, 0x07, 0xFE, 0x7F, 0xC0, 0x1F, 0xE0, 0x03, 0xFE, 0x7F, 0xC0, 0x1F, 0xE0, 0x03, 0xFE, 0x7F, 0xC0, 0x00, 0x00, 0x03, 0xFE, 0xFF, 0xC0, 0x00, 0x00, 0x03, 0xFF, 0xFF, 0xC0, 0x00, 0x00, 0x03, 0xFF, 0xFF, 0xC0, 0x00, 0x00, 0x03, 0xFF, 0xFF, 0xC0, 0x00, 0x00, 0x03, 0xFF, 0xFF, 0xC0, 0x00, 0x00, 0x03, 0xFF, 0xFF, 0xC0, 0x00, 0x00, 0x03, 0xFF, 0xFF, 0xC0, 0x00, 0x00, 0x03, 0xFF, 0xFF, 0xC0, 0x00, 0x00, 0x03, 0xFF, 0xFF, 0xC0, 0x00, 0x00, 0x03, 0xFF, 0xFF, 0xC0, 0x00, 0x00, 0x03, 0xFF, 0xFF, 0xC0, 0x00, 0x00, 0x03, 0xFF, 0xFF, 0xC0, 0x00, 0x00, 0x03, 0xFF, 0xFF, 0x80, 0x00, 0x00, 0x03, 0xFF, 0xFF, 0x80, 0x00, 0x00, 0x03, 0xFF, 0xFF, 0x80, 0x00, 0x00, 0x03, 0xFF, 0xFF, 0x80, 0x00, 0x00, 0x03, 0xFF, 0xFF, 0x80, 0x00, 0x00, 0x03, 0xFF, 

/* Symbol 0x4E, offset 14732 */
    45, 88, 27,
    0xFF, 0xFE, 0x00, 0x00, 0x3F, 0xF8, 0xFF, 0xFE, 0x00, 0x00, 0x3F, 0xF8, 0xFF, 0xFF, 0x00, 0x00, 0x3F, 0xF8, 0xFF, 0xFF, 0x00, 0x00, 0x3F, 0xF8, 0xFF, 0xFF, 0x80, 0x00, 0x3F, 0xF8, 0xFF, 0xFF, 0x80, 0x00, 0x3F, 0xF8, 0xFF, 0xFF, 0xC0, 0x00, 0x3F, 0xF8, 0xFF, 0xFF, 0xC0, 0x00, 0x3F, 0xF8, 0xFF, 0xFF, 0xC0, 0x00, 0x3F, 0xF8, 0xFF, 0xFF, 0xE0, 0x00, 0x3F, 0xF8, 0xFF, 0xFF, 0xE0, 0x00, 0x3F, 0xF8, 0xFF, 0xFF, 0xF0, 0x00, 0x3F, 0xF8, 0xFF, 0xFF, 0xF0, 0x00, 0x3F, 0xF8, 0xFF, 0xFF, 0xF8, 0x00, 0x3F, 0xF8, 0xFF, 0xFF, 0xF8, 0x00, 0x3F, 0xF8, 0xFF, 0xFF, 0xFC, 0x00, 0x3F, 0xF8, 0xFF, 0xFF, 0xFC, 0x00, 0x3F, 0xF8, 0xFF, 0xFF, 0xFE, 0x00, 0x3F, 0xF8, 0xFF, 0xEF, 0xFE, 0x00, 0x3F, 0xF8, 0xFF, 0xEF, 0xFE, 0x00, 0x3F, 0xF8, 0xFF, 0xE7, 0xFF, 0x00, 0x3F, 0xF8, 0xFF, 0xE7, 0xFF, 0x00, 0x3F, 0xF8, 0xFF, 0xE7, 0xFF, 0x80, 0x3F, 0xF8, 0xFF, 0xE3, 0xFF, 0x80, 0x3F, 0xF8, 0xFF, 0xE3, 0xFF, 0xC0, 0x3F, 0xF8, 0xFF, 0xE1, 0xFF, 0xC0, 0x3F, 0xF8, 0xFF, 0xE1, 0xFF, 0xE0, 0x3F, 0xF8, 0xFF, 0xE0, 0xFF, 0xE0, 0x3F, 0xF8, 0xFF, 0xE0, 0xFF, 0xE0, 0x3F, 0xF8, 0xFF, 0xE0, 0xFF, 0xF0, 0x3F, 0xF8, 0xFF, 0xE0, 0x7F, 0xF0, 0x3F, 0xF8, 0xFF, 0xE0, 0x7F, 0xF8, 0x3F, 0xF8, 0xFF, 0xE0, 0x3F, 0xF8, 0x3F, 0xF8, 0xFF, 0xE0, 0x3F, 0xFC, 0x3F, 0xF8, 0xFF, 0xE0, 0x1F, 0xFC, 0x3F, 0xF8, 0xFF, 0xE0, 0x1F, 0xFE, 0x3F, 0xF8, 0xFF, 0xE0, 0x0F, 0xFE, 0x3F, 0xF8, 0xFF, 0xE0, 0x0F, 0xFE, 0x3F, 0xF8, 0xFF, 0xE0, 0x0F, 0xFF, 0x3F, 0xF8, 0xFF, 0xE0, 0x07, 0xFF, 0x3F, 0xF8, 0xFF, 0xE0, 0x07, 0xFF, 0xBF, 0xF8, 0xFF, 0xE0, 0x03, 0xFF, 0xBF, 0xF8, 0xFF, 0xE0, 0x03, 0xFF, 0xBF, 0xF8, 0xFF, 0xE0, 0x01, 0xFF, 0xFF, 0xF8, 0xFF, 0xE0, 0x01, 0xFF, 0xFF, 0xF8, 0xFF, 0xE0, 0x00, 0xFF, 0xFF, 0xF8, 0xFF, 0xE0, 0x00, 0xFF, 0xFF, 0xF8, 0xFF, 0xE0, 0x00, 0xFF, 0xFF, 0xF8, 0xFF, 0xE0, 0x00, 0x7F, 0xFF, 0xF8, 0xFF, 0xE0, 0x00, 0x7F, 0xFF, 0xF8, 0xFF, 0xE0, 0x00, 0x3F, 0xFF, 0xF8, 0xFF, 0xE0, 0x00, 0x3F, 0xFF, 0xF8, 0xFF, 0xE0, 0x00, 0x1F, 0xFF, 0xF8, 0xFF, 0xE0, 0x00, 0x1F, 0xFF, 0xF8, 0xFF, 0xE0, 0x00, 0x0F, 0xFF, 0xF8, 0xFF, 0xE0, 0x00, 0x0F, 0xFF, 0xF8, 0xFF, 0xE0, 0x00, 0x0F, 0xFF, 0xF8, 0xFF, 0xE0, 0x00, 0x07, 0xFF, 0xF8, 0xFF, 0xE0, 0x00, 0x07, 0xFF, 0xF8, 0xFF, 0xE0, 0x00, 0x03, 0xFF, 0xF8, 0xFF, 0xE0, 0x00, 0x03, 0xFF, 0xF8, 

/* Symbol 0x4F, offset 15101 */
    49, 89, 26,
    0x00, 0x00, 0x0F, 0xFE, 0x00, 0x00, 0x00, 0x00, 0x00, 0xFF, 0xFF, 0xC0, 0x00, 0x00, 0x00, 0x03, 0xFF, 0xFF, 0xF0, 0x00, 0x00, 0x00, 0x0F, 0xFF, 0xFF, 0xFC, 0x00, 0x00, 0x00, 0x1F, 0xFF, 0xFF, 0xFF, 0x00, 0x00, 0x00, 0x7F, 0xFF, 0xFF, 0xFF, 0x80, 0x00, 0x00, 0xFF, 0xFF, 0xFF, 0xFF, 0xC0, 0x00, 0x01, 0xFF, 0xFF, 0xFF, 0xFF, 0xE0, 0x00, 0x03, 0xFF, 0xFF, 0xFF, 0xFF, 0xE0, 0x00, 0x03, 0xFF, 0xFF, 0xFF, 0xFF, 0xF0, 0x00, 0x07, 0xFF, 0xF8, 0x0F, 0xFF, 0xF8, 0x00, 0x07, 0xFF, 0xE0, 0x03, 0xFF, 0xF8, 0x00, 0x0F, 0xFF, 0x80, 0x00, 0xFF, 0xFC, 0x00, 0x1F, 0xFF, 0x00, 0x00, 0x7F, 0xFC, 0x00, 0x1F, 0xFF, 0x00, 0x00, 0x3F, 0xFC, 0x00, 0x1F, 0xFE, 0x00, 0x00, 0x3F, 0xFE, 0x00, 0x3F, 0xFC, 0x00, 0x00, 0x1F, 0xFE, 0x00, 0x3F, 0xFC, 0x00, 0x00, 0x1F, 0xFE, 0x00, 0x3F, 0xFC, 0x00, 0x00, 0x1F, 0xFF, 0x00, 0x7F, 0xF8, 0x00, 0x00, 0x0F, 0xFF, 0x00, 0x7F, 0xF8, 0x00, 0x00, 0x0F, 0xFF, 0x00, 0x7F, 0xF8, 0x00, 0x00, 0x0F, 0xFF, 0x00, 0x7F, 0xF8, 0x00, 0x00, 0x0F, 0xFF, 0x00, 0x7F, 0xF0, 0x00, 0x00, 0x0F, 0xFF, 0x80, 0xFF, 0xF0, 0x00, 0x00, 0x07, 0xFF, 0x80, 0xFF, 0xF0, 0x00, 0x00, 0x07, 0xFF, 0x80, 0xFF, 0xF0, 0x00, 0x00, 0x07, 0xFF, 0x80, 0xFF, 0xF0, 0x00, 0x00, 0x07, 0xFF, 0x80, 0xFF, 0xF0, 0x00, 0x00, 0x07, 0xFF, 0x80, 0xFF, 0xF0, 0x00, 0x00, 0x07, 0xFF, 0x80, 0xFF, 0xF0, 0x00, 0x00, 0x07, 0xFF, 0x80, 0xFF, 0xF0, 0x00, 0x00, 0x07, 0xFF, 0x80, 0xFF, 0xF0, 0x00, 0x00, 0x07, 0xFF, 0x80, 0xFF, 0xF0, 0x00, 0x00, 0x07, 0xFF, 0x80, 0xFF, 0xF0, 0x00, 0x00, 0x07, 0xFF, 0x80, 0xFF, 0xF0, 0x00, 0x00, 0x07, 0xFF, 0x80, 0xFF, 0xF0, 0x00, 0x00, 0x07, 0xFF, 0x80, 0xFF, 0xF0, 0x00, 0x00, 0x07, 0xFF, 0x80, 0xFF, 0xF0, 0x00, 0x00, 0x07, 0xFF, 0x80, 0xFF, 0xF8, 0x00, 0x00, 0x07, 0xFF, 0x00, 0x7F, 0xF8, 0x00, 0x00, 0x0F, 0xFF, 0x00, 0x7F, 0xF8, 0x00, 0x00, 0x0F, 0xFF, 0x00, 0x7F, 0xF8, 0x00, 0x00, 0x0F, 0xFF, 0x00, 0x7F, 0xF8, 0x00, 0x00, 0x0F, 0xFF, 0x00, 0x7F, 0xFC, 0x00, 0x00, 0x1F, 0xFE, 0x00, 0x3F, 0xFC, 0x00, 0x00, 0x1F, 0xFE, 0x00, 0x3F, 0xFC, 0x00, 0x00, 0x1F, 0xFE, 0x00, 0x3F, 0xFE, 0x00, 0x00, 0x3F, 0xFC, 0x00, 0x1F, 0xFE, 0x00, 0x00, 0x7F, 0xFC, 0x00, 0x1F, 0xFF, 0x00, 0x00, 0x7F, 0xFC, 0x00, 0x1F, 0xFF, 0x80, 0x00, 0xFF, 0xF8, 0x00, 0x0F, 0xFF, 0xE0, 0x03, 0xFF, 0xF8, 0x00, 0x0F, 0xFF, 0xF8, 0x0F, 0xFF, 0xF0, 0x00, 0x07, 0xFF, 0xFF, 0xFF, 0xFF, 0xE0, 0x00, 0x03, 0xFF, 0xFF, 0xFF, 0xFF, 0xE0, 0x00, 0x03, 0xFF, 0xFF, 0xFF, 0xFF, 0xC0, 0x00, 0x01, 0xFF, 0xFF, 0xFF, 0xFF, 0x80, 0x00, 0x00, 0xFF, 0xFF, 0xFF, 0xFF, 0x00, 0x00, 0x00, 0x7F, 0xFF, 0xFF, 0xFC, 0x00, 0x00, 0x00, 0x1F, 0xFF, 0xFF, 0xF8, 0x00, 0x00, 0x00, 0x07, 0xFF, 0xFF, 0xE0, 0x00, 0x00, 0x00, 0x01, 0xFF, 0xFF, 0x80, 0x00, 0x00, 0x00, 0x00, 0x3F, 0xF8, 0x00, 0x00, 0x00, 

/* Symbol 0x50, offset 15545 */
    42, 88, 27,
    0xFF, 0xFF, 0xFF, 0x80, 0x00, 0x00, 0xFF, 0xFF, 0xFF, 0xF8, 0x00, 0x00, 0xFF, 0xFF, 0xFF, 0xFF, 0x00, 0x00, 0xFF, 0xFF, 0xFF, 0xFF, 0xC0, 0x00, 0xFF, 0xFF, 0xFF, 0xFF, 0xE0, 0x00, 0xFF, 0xFF, 0xFF, 0xFF, 0xF0, 0x00, 0xFF, 0xFF, 0xFF, 0xFF, 0xF8, 0x00, 0xFF, 0xFF, 0xFF, 0xFF, 0xFC, 0x00, 0xFF, 0xFF, 0xFF, 0xFF, 0xFE, 0x00, 0xFF, 0xFF, 0xFF, 0xFF, 0xFF, 0x00, 0xFF, 0xF0, 0x03, 0xFF, 0xFF, 0x00, 0xFF, 0xF0, 0x00, 0x7F, 0xFF, 0x80, 0xFF, 0xF0, 0x00, 0x1F, 0xFF, 0x80, 0xFF, 0xF0, 0x00, 0x0F, 0xFF, 0x80, 0xFF, 0xF0, 0x00, 0x07, 0xFF, 0xC0, 0xFF, 0xF0, 0x00, 0x07, 0xFF, 0xC0, 0xFF, 0xF0, 0x00, 0x07, 0xFF, 0xC0, 0xFF, 0xF0, 0x00, 0x03, 0xFF, 0xC0, 0xFF, 0xF0, 0x00, 0x03, 0xFF, 0xC0, 0xFF, 0xF0, 0x00, 0x03, 0xFF, 0xC0, 0xFF, 0xF0, 0x00, 0x03, 0xFF, 0xC0, 0xFF, 0xF0, 0x00, 0x03, 0xFF, 0xC0, 0xFF, 0xF0, 0x00, 0x03, 0xFF, 0xC0, 0xFF, 0xF0, 0x00, 0x03, 0xFF, 0xC0, 0xFF, 0xF0, 0x00, 0x07, 0xFF, 0x80, 0xFF, 0xF0, 0x00, 0x07, 0xFF, 0x80, 0xFF, 0xF0, 0x00, 0x0F, 0xFF, 0x80, 0xFF, 0xF0, 0x00, 0x1F, 0xFF, 0x80, 0xFF, 0xF0, 0x00, 0x3F, 0xFF, 0x00, 0xFF, 0xF0, 0x00, 0x7F, 0xFF, 0x00, 0xFF, 0xF0, 0x03, 0xFF, 0xFE, 0x00, 0xFF, 0xFF, 0xFF, 0xFF, 0xFE, 0x00, 0xFF, 0xFF, 0xFF, 0xFF, 0xFC, 0x00, 0xFF, 0xFF, 0xFF, 0xFF, 0xF8, 0x00, 0xFF, 0xFF, 0xFF, 0xFF, 0xF0, 0x00, 0xFF, 0xFF, 0xFF, 0xFF, 0xE0, 0x00, 0xFF, 0xFF, 0xFF, 0xFF, 0xC0, 0x00, 0xFF, 0xFF, 0xFF, 0xFF, 0x00, 0x00, 0xFF, 0xFF, 0xFF, 0xFC, 0x00, 0x00, 0xFF, 0xFF, 0xFF, 0xF0, 0x00, 0x00, 0xFF, 0xFF, 0xFF, 0x00, 0x00, 0x00, 0xFF, 0xF0, 0x00, 0x00, 0x00, 0x00, 0xFF, 0xF0, 0x00, 0x00, 0x00, 0x00, 0xFF, 0xF0, 0x00, 0x00, 0x00, 0x00, 0xFF, 0xF0, 0x00, 0x00, 0x00, 0x00, 0xFF, 0xF0, 0x00, 0x00, 0x00, 0x00, 0xFF, 0xF0, 0x00, 0x00, 0x00, 0x00, 0xFF, 0xF0, 0x00, 0x00, 0x00, 0x00, 0xFF, 0xF0, 0x00, 0x00, 0x00, 0x00, 0xFF, 0xF0, 0x00, 0x00, 0x00, 0x00, 0xFF, 0xF0, 0x00, 0x00, 0x00, 0x00, 0xFF, 0xF0, 0x00, 0x00, 0x00, 0x00, 0xFF, 0xF0, 0x00, 0x00, 0x00, 0x00, 0xFF, 0xF0, 0x00, 0x00, 0x00, 0x00, 0xFF, 0xF0, 0x00, 0x00, 0x00, 0x00, 0xFF, 0xF0, 0x00, 0x00, 0x00, 0x00, 0xFF, 0xF0, 0x00, 0x00, 0x00, 0x00, 0xFF, 0xF0, 0x00, 0x00, 0x00, 0x00, 0xFF, 0xF0, 0x00, 0x00, 0x00, 0x00, 0xFF, 0xF0, 0x00, 0x00, 0x00, 0x00, 0xFF, 0xF0, 0x00, 0x00, 0x00, 0x00, 

/* Symbol 0x51, offset 15914 */
    49, 100, 26,
    0x00, 0x00, 0x0F, 0xFE, 0x00, 0x00, 0x00, 0x00, 0x00, 0xFF, 0xFF, 0xC0, 0x00, 0x00, 0x00, 0x03, 0xFF, 0xFF, 0xF8, 0x00, 0x00, 0x00, 0x0F, 0xFF, 0xFF, 0xFC, 0x00, 0x00, 0x00, 0x1F, 0xFF, 0xFF, 0xFF, 0x00, 0x00, 0x00, 0x7F, 0xFF, 0xFF, 0xFF, 0x80, 0x00, 0x00, 0xFF, 0xFF, 0xFF, 0xFF, 0xC0, 0x00, 0x01, 0xFF, 0xFF, 0xFF, 0xFF, 0xE0, 0x00, 0x01, 0xFF, 0xFF, 0xFF, 0xFF, 0xE0, 0x00, 0x03, 0xFF, 0xFF, 0xFF, 0xFF, 0xF0, 0x00, 0x07, 0xFF, 0xF8, 0x0F, 0xFF, 0xF8, 0x00, 0x07, 0xFF, 0xE0, 0x01, 0xFF, 0xF8, 0x00, 0x0F, 0xFF, 0x80, 0x00, 0xFF, 0xFC, 0x00, 0x0F, 0xFF, 0x00, 0x00, 0x7F, 0xFC, 0x00, 0x1F, 0xFF, 0x00, 0x00, 0x3F, 0xFE, 0x00, 0x1F, 0xFE, 0x00, 0x00, 0x3F, 0xFE, 0x00, 0x3F, 0xFC, 0x00, 0x00, 0x1F, 0xFE, 0x00, 0x3F, 0xFC, 0x00, 0x00, 0x1F, 0xFE, 0x00, 0x3F, 0xFC, 0x00, 0x00, 0x1F, 0xFF, 0x00, 0x7F, 0xF8, 0x00, 0x00, 0x0F, 0xFF, 0x00, 0x7F, 0xF8, 0x00, 0x00, 0x0F, 0xFF, 0x00, 0x7F, 0xF8, 0x00, 0x00, 0x0F, 0xFF, 0x00, 0x7F, 0xF8, 0x00, 0x00, 0x0F, 0xFF, 0x00, 0x7F, 0xF0, 0x00, 0x00, 0x07, 0xFF, 0x80, 0xFF, 0xF0, 0x00, 0x00, 0x07, 0xFF, 0x80, 0xFF, 0xF0, 0x00, 0x00, 0x07, 0xFF, 0x80, 0xFF, 0xF0, 0x00, 0x00, 0x07, 0xFF, 0x80, 0xFF, 0xF0, 0x00, 0x00, 0x07, 0xFF, 0x80, 0xFF, 0xF0, 0x00, 0x00, 0x07, 0xFF, 0x80, 0xFF, 0xF0, 0x00, 0x00, 0x07, 0xFF, 0x80, 0xFF, 0xF0, 0x00, 0x00, 0x07, 0xFF, 0x80, 0xFF, 0xF0, 0x00, 0x00, 0x07, 0xFF, 0x80, 0xFF, 0xF0, 0x00, 0x00, 0x07, 0xFF, 0x80, 0xFF, 0xF0, 0x00, 0x00, 0x07, 0xFF, 0x80, 0xFF, 0xF0, 0x00, 0x00, 0x07, 0xFF, 0x80, 0xFF, 0xF0, 0x00, 0x00, 0x07, 0xFF, 0x80, 0xFF, 0xF0, 0x00, 0x00, 0x07, 0xFF, 0x80, 0xFF, 0xF0, 0x00, 0x00, 0x07, 0xFF, 0x80, 0xFF, 0xF0, 0x00, 0x00, 0x07, 0xFF, 0x00, 0xFF, 0xF8, 0x00, 0x00, 0x0F, 0xFF, 0x00, 0x7F, 0xF8, 0x00, 0x00, 0x0F, 0xFF, 0x00, 0x7F, 0xF8, 0x00, 0x00, 0x0F, 0xFF, 0x00, 0x7F, 0xF8, 0x00, 0x00, 0x0F, 0xFF, 0x00, 0x7F, 0xFC, 0x00, 0x00, 0x1F, 0xFE, 0x00, 0x7F, 0xFC, 0x00, 0x00, 0x1F, 0xFE, 0x00, 0x3F, 0xFC, 0x00, 0x00, 0x1F, 0xFE, 0x00, 0x3F, 0xFE, 0x00, 0x00, 0x3F, 0xFE, 0x00, 0x3F, 0xFE, 0x00, 0x00, 0x3F, 0xFC, 0x00, 0x1F, 0xFF, 0x00, 0x00, 0x7F, 0xFC, 0x00, 0x1F, 0xFF, 0x80, 0x00, 0xFF, 0xF8, 0x00, 0x1F, 0xFF, 0xE0, 0x03, 0xFF, 0xF8, 0x00, 0x0F, 0xFF, 0xF8, 0x0F, 0xFF, 0xF0, 0x00, 0x07, 0xFF, 0xFF, 0xFF, 0xFF, 0xE0, 0x00, 0x07, 0xFF, 0xFF, 0xFF, 0xFF, 0xE0, 0x00, 0x03, 0xFF, 0xFF, 0xFF, 0xFF, 0xC0, 0x00, 0x01, 0xFF, 0xFF, 0xFF, 0xFF, 0x80, 0x00, 0x00, 0xFF, 0xFF, 0xFF, 0xFF, 0x00, 0x00, 0x00, 0x7F, 0xFF, 0xFF, 0xFE, 0x00, 0x00, 0x00, 0x3F, 0xFF, 0xFF, 0xFC, 0x00, 0x00, 0x00, 0x0F, 0xFF, 0xFF, 0xF0, 0x00, 0x00, 0x00, 0x03, 0xFF, 0xFF, 0xC0, 0x00, 0x00, 0x00, 0x00, 0x7F, 0xFF, 0x00, 0x00, 0x00, 0x00, 0x00, 0x1F, 0xFC, 0x00, 0x00, 0x00, 0x00, 0x00, 0x1F, 0xFC, 0x00, 0x00, 0x00, 0x00, 0x00, 0x1F, 0xFC, 0x00, 0x00, 0x00, 0x00, 0x00, 0x1F, 0xFE, 0x00, 0x00, 0x00, 0x00, 0x00, 0x1F, 0xFE, 0x00, 0x00, 0x00, 0x00, 0x00, 0x0F, 0xFF, 0x00, 0x00, 0x00, 0x00, 0x00, 0x0F, 0xFF, 0x80, 0x04, 0x00, 0x00, 0x00, 0x0F, 0xFF, 0xC0, 0x0E, 0x00, 0x00, 0x00, 0x07, 0xFF, 0xE0, 0x3E, 0x00, 0x00, 0x00, 0x07, 0xFF, 0xFF, 0xFF, 0x00, 0x00, 0x00, 0x07, 0xFF, 0xFF, 0xFF, 0x80, 0x00, 0x00, 0x03, 0xFF, 0xFF, 0xFF, 0x80, 

/* Symbol 0x52, offset 16435 */
    44, 88, 27,
    0xFF, 0xFF, 0xFF, 0x80, 0x00, 0x00, 0xFF, 0xFF, 0xFF, 0xF8, 0x00, 0x00, 0xFF, 0xFF, 0xFF, 0xFF, 0x00, 0x00, 0xFF, 0xFF, 0xFF, 0xFF, 0xC0, 0x00, 0xFF, 0xFF, 0xFF, 0xFF, 0xE0, 0x00, 0xFF, 0xFF, 0xFF, 0xFF, 0xF0, 0x00, 0xFF, 0xFF, 0xFF, 0xFF, 0xF8, 0x00, 0xFF, 0xFF, 0xFF, 0xFF, 0xFC, 0x00, 0xFF, 0xFF, 0xFF, 0xFF, 0xFC, 0x00, 0xFF, 0xFF, 0xFF, 0xFF, 0xFE, 0x00, 0xFF, 0xF0, 0x03, 0xFF, 0xFE, 0x00, 0xFF, 0xF0, 0x00, 0x7F, 0xFE, 0x00, 0xFF, 0xF0, 0x00, 0x3F, 0xFF, 0x00, 0xFF, 0xF0, 0x00, 0x1F, 0xFF, 0x00, 0xFF, 0xF0, 0x00, 0x1F, 0xFF, 0x00, 0xFF, 0xF0, 0x00, 0x0F, 0xFF, 0x00, 0xFF, 0xF0, 0x00, 0x0F, 0xFF, 0x00, 0xFF, 0xF0, 0x00, 0x0F, 0xFF, 0x00, 0xFF, 0xF0, 0x00, 0x0F, 0xFF, 0x00, 0xFF, 0xF0, 0x00, 0x0F, 0xFF, 0x00, 0xFF, 0xF0, 0x00, 0x0F, 0xFF, 0x00, 0xFF, 0xF0, 0x00, 0x1F, 0xFE, 0x00, 0xFF, 0xF0, 0x00, 0x1F, 0xFE, 0x00, 0xFF, 0xF0, 0x00, 0x3F, 0xFE, 0x00, 0xFF, 0xF0, 0x00, 0x7F, 0xFC, 0x00, 0xFF, 0xF0, 0x00, 0xFF, 0xFC, 0x00, 0xFF, 0xF0, 0x07, 0xFF, 0xF8, 0x00, 0xFF, 0xFF, 0xFF, 0xFF, 0xF0, 0x00, 0xFF, 0xFF, 0xFF, 0xFF, 0xE0, 0x00, 0xFF, 0xFF, 0xFF, 0xFF, 0xC0, 0x00, 0xFF, 0xFF, 0xFF, 0xFF, 0x00, 0x00, 0xFF, 0xFF, 0xFF, 0xFC, 0x00, 0x00, 0xFF, 0xFF, 0xFF, 0xF0, 0x00, 0x00, 0xFF, 0xFF, 0xFF, 0xF8, 0x00, 0x00, 0xFF, 0xFF, 0xFF, 0xFE, 0x00, 0x00, 0xFF, 0xFF, 0xFF, 0xFE, 0x00, 0x00, 0xFF, 0xF0, 0x7F, 0xFF, 0x00, 0x00, 0xFF, 0xF0, 0x1F, 0xFF, 0x80, 0x00, 0xFF, 0xF0, 0x0F, 0xFF, 0x80, 0x00, 0xFF, 0xF0, 0x07, 0xFF, 0xC0, 0x00, 0xFF, 0xF0, 0x03, 0xFF, 0xE0, 0x00, 0xFF, 0xF0, 0x03, 0xFF, 0xE0, 0x00, 0xFF, 0xF0, 0x01, 0xFF, 0xE0, 0x00, 0xFF, 0xF0, 0x01, 0xFF, 0xF0, 0x00, 0xFF, 0xF0, 0x00, 0xFF, 0xF0, 0x00, 0xFF, 0xF0, 0x00, 0xFF, 0xF8, 0x00, 0xFF, 0xF0, 0x00, 0xFF, 0xF8, 0x00, 0xFF, 0xF0, 0x00, 0x7F, 0xFC, 0x00, 0xFF, 0xF0, 0x00, 0x7F, 0xFC, 0x00, 0xFF, 0xF0, 0x00, 0x3F, 0xFE, 0x00, 0xFF, 0xF0, 0x00, 0x3F, 0xFE, 0x00, 0xFF, 0xF0, 0x00, 0x1F, 0xFF, 0x00, 0xFF, 0xF0, 0x00, 0x1F, 0xFF, 0x00, 0xFF, 0xF0, 0x00, 0x0F, 0xFF, 0x80, 0xFF, 0xF0, 0x00, 0x0F, 0xFF, 0x80, 0xFF, 0xF0, 0x00, 0x07, 0xFF, 0xC0, 0xFF, 0xF0, 0x00, 0x07, 0xFF, 0xC0, 0xFF, 0xF0, 0x00, 0x07, 0xFF, 0xE0, 0xFF, 0xF0, 0x00, 0x03, 0xFF, 0xE0, 0xFF, 0xF0, 0x00, 0x03, 0xFF, 0xF0, 0xFF, 0xF0, 0x00, 0x01, 0xFF, 0xF0, 

/* Symbol 0x53, offset 16804 */
    44, 89, 26,
    0x00, 0x00, 0x3F, 0xFE, 0x00, 0x00, 0x00, 0x07, 0xFF, 0xFF, 0xF8, 0x00, 0x00, 0x1F, 0xFF, 0xFF, 0xFE, 0x00, 0x00, 0x7F, 0xFF, 0xFF, 0xFE, 0x00, 0x01, 0xFF, 0xFF, 0xFF, 0xFE, 0x00, 0x03, 0xFF, 0xFF, 0xFF, 0xFE, 0x00, 0x07, 0xFF, 0xFF, 0xFF, 0xFE, 0x00, 0x0F, 0xFF, 0xFF, 0xFF, 0xFE, 0x00, 0x0F, 0xFF, 0xFF, 0xFF, 0xFE, 0x00, 0x1F, 0xFF, 0xFF, 0xFF, 0xFE, 0x00, 0x3F, 0xFF, 0xE0, 0x03, 0xFE, 0x00, 0x3F, 0xFF, 0x00, 0x00, 0x1E, 0x00, 0x3F, 0xFE, 0x00, 0x00, 0x02, 0x00, 0x7F, 0xFC, 0x00, 0x00, 0x00, 0x00, 0x7F, 0xF8, 0x00, 0x00, 0x00, 0x00, 0x7F, 0xF8, 0x00, 0x00, 0x00, 0x00, 0x7F, 0xF8, 0x00, 0x00, 0x00, 0x00, 0x7F, 0xF8, 0x00, 0x00, 0x00, 0x00, 0x7F, 0xF8, 0x00, 0x00, 0x00, 0x00, 0x7F, 0xFC, 0x00, 0x00, 0x00, 0x00, 0x7F, 0xFE, 0x00, 0x00, 0x00, 0x00, 0x7F, 0xFF, 0x00, 0x00, 0x00, 0x00, 0x3F, 0xFF, 0xC0, 0x00, 0x00, 0x00, 0x3F, 0xFF, 0xF0, 0x00, 0x00, 0x00, 0x3F, 0xFF, 0xFE, 0x00, 0x00, 0x00, 0x1F, 0xFF, 0xFF, 0xC0, 0x00, 0x00, 0x1F, 0xFF, 0xFF, 0xF8, 0x00, 0x00, 0x0F, 0xFF, 0xFF, 0xFE, 0x00, 0x00, 0x07, 0xFF, 0xFF, 0xFF, 0x80, 0x00, 0x03, 0xFF, 0xFF, 0xFF, 0xE0, 0x00, 0x01, 0xFF, 0xFF, 0xFF, 0xF8, 0x00, 0x00, 0x7F, 0xFF, 0xFF, 0xFC, 0x00, 0x00, 0x1F, 0xFF, 0xFF, 0xFE, 0x00, 0x00, 0x07, 0xFF, 0xFF, 0xFF, 0x00, 0x00, 0x01, 0xFF, 0xFF, 0xFF, 0x80, 0x00, 0x00, 0x3F, 0xFF, 0xFF, 0xC0, 0x00, 0x00, 0x0F, 0xFF, 0xFF, 0xC0, 0x00, 0x00, 0x01, 0xFF, 0xFF, 0xE0, 0x00, 0x00, 0x00, 0x7F, 0xFF, 0xE0, 0x00, 0x00, 0x00, 0x1F, 0xFF, 0xF0, 0x00, 0x00, 0x00, 0x07, 0xFF, 0xF0, 0x00, 0x00, 0x00, 0x03, 0xFF, 0xF0, 0x00, 0x00, 0x00, 0x03, 0xFF, 0xF0, 0x00, 0x00, 0x00, 0x01, 0xFF, 0xF0, 0x00, 0x00, 0x00, 0x01, 0xFF, 0xF0, 0x00, 0x00, 0x00, 0x01, 0xFF, 0xF0, 0x00, 0x00, 0x00, 0x01, 0xFF, 0xF0, 0x00, 0x00, 0x00, 0x01, 0xFF, 0xF0, 0x00, 0x00, 0x00, 0x03, 0xFF, 0xE0, 0x80, 0x00, 0x00, 0x03, 0xFF, 0xE0, 0xF0, 0x00, 0x00, 0x07, 0xFF, 0xE0, 0xFF, 0x00, 0x00, 0x1F, 0xFF, 0xC0, 0xFF, 0xF8, 0x00, 0xFF, 0xFF, 0xC0, 0xFF, 0xFF, 0xFF, 0xFF, 0xFF, 0x80, 0xFF, 0xFF, 0xFF, 0xFF, 0xFF, 0x80, 0xFF, 0xFF, 0xFF, 0xFF, 0xFF, 0x00, 0xFF, 0xFF, 0xFF, 0xFF, 0xFE, 0x00, 0xFF, 0xFF, 0xFF, 0xFF, 0xFC, 0x00, 0xFF, 0xFF, 0xFF, 0xFF, 0xF8, 0x00, 0xFF, 0xFF, 0xFF, 0xFF, 0xE0, 0x00, 0x7F, 0xFF, 0xFF, 0xFF, 0x80, 0x00, 0x07, 0xFF, 0xFF, 0xFC, 0x00, 0x00, 0x00, 0x1F, 0xFF, 0x80, 0x00, 0x00, 

/* Symbol 0x54, offset 17185 */
    46, 88, 27,
    0xFF, 0xFF, 0xFF, 0xFF, 0xFF, 0xFC, 0xFF, 0xFF, 0xFF, 0xFF, 0xFF, 0xFC, 0xFF, 0xFF, 0xFF, 0xFF, 0xFF, 0xFC, 0xFF, 0xFF, 0xFF, 0xFF, 0xFF, 0xFC, 0xFF, 0xFF, 0xFF, 0xFF, 0xFF, 0xFC, 0xFF, 0xFF, 0xFF, 0xFF, 0xFF, 0xFC, 0xFF, 0xFF, 0xFF, 0xFF, 0xFF, 0xFC, 0xFF, 0xFF, 0xFF, 0xFF, 0xFF, 0xFC, 0xFF, 0xFF, 0xFF, 0xFF, 0xFF, 0xFC, 0xFF, 0xFF, 0xFF, 0xFF, 0xFF, 0xFC, 0x00, 0x00, 0x7F, 0xF8, 0x00, 0x00, 0x00, 0x00, 0x7F, 0xF8, 0x00, 0x00, 0x00, 0x00, 0x7F, 0xF8, 0x00, 0x00, 0x00, 0x00, 0x7F, 0xF8, 0x00, 0x00, 0x00, 0x00, 0x7F, 0xF8, 0x00, 0x00, 0x00, 0x00, 0x7F, 0xF8, 0x00, 0x00, 0x00, 0x00, 0x7F, 0xF8, 0x00, 0x00, 0x00, 0x00, 0x7F, 0xF8, 0x00, 0x00, 0x00, 0x00, 0x7F, 0xF8, 0x00, 0x00, 0x00, 0x00, 0x7F, 0xF8, 0x00, 0x00, 0x00, 0x00, 0x7F, 0xF8, 0x00, 0x00, 0x00, 0x00, 0x7F, 0xF8, 0x00, 0x00, 0x00, 0x00, 0x7F, 0xF8, 0x00, 0x00, 0x00, 0x00, 0x7F, 0xF8, 0x00, 0x00, 0x00, 0x00, 0x7F, 0xF8, 0x00, 0x00, 0x00, 0x00, 0x7F, 0xF8, 0x00, 0x00, 0x00, 0x00, 0x7F, 0xF8, 0x00, 0x00, 0x00, 0x00, 0x7F, 0xF8, 0x00, 0x00, 0x00, 0x00, 0x7F, 0xF8, 0x00, 0x00, 0x00, 0x00, 0x7F, 0xF8, 0x00, 0x00, 0x00, 0x00, 0x7F, 0xF8, 0x00, 0x00, 0x00, 0x00, 0x7F, 0xF8, 0x00, 0x00, 0x00, 0x00, 0x7F, 0xF8, 0x00, 0x00, 0x00, 0x00, 0x7F, 0xF8, 0x00, 0x00, 0x00, 0x00, 0x7F, 0xF8, 0x00, 0x00, 0x00, 0x00, 0x7F, 0xF8, 0x00, 0x00, 0x00, 0x00, 0x7F, 0xF8, 0x00, 0x00, 0x00, 0x00, 0x7F, 0xF8, 0x00, 0x00, 0x00, 0x00, 0x7F, 0xF8, 0x00, 0x00, 0x00, 0x00, 0x7F, 0xF8, 0x00, 0x00, 0x00, 0x00, 0x7F, 0xF8, 0x00, 0x00, 0x00, 0x00, 0x7F, 0xF8, 0x00, 0x00, 0x00, 0x00, 0x7F, 0xF8, 0x00, 0x00, 0x00, 0x00, 0x7F, 0xF8, 0x00, 0x00, 0x00, 0x00, 0x7F, 0xF8, 0x00, 0x00, 0x00, 0x00, 0x7F, 0xF8, 0x00, 0x00, 0x00, 0x00, 0x7F, 0xF8, 0x00, 0x00, 0x00, 0x00, 0x7F, 0xF8, 0x00, 0x00, 0x00, 0x00, 0x7F, 0xF8, 0x00, 0x00, 0x00, 0x00, 0x7F, 0xF8, 0x00, 0x00, 0x00, 0x00, 0x7F, 0xF8, 0x00, 0x00, 0x00, 0x00, 0x7F, 0xF8, 0x00, 0x00, 0x00, 0x00, 0x7F, 0xF8, 0x00, 0x00, 0x00, 0x00, 0x7F, 0xF8, 0x00, 0x00, 0x00, 0x00, 0x7F, 0xF8, 0x00, 0x00, 0x00, 0x00, 0x7F, 0xF8, 0x00, 0x00, 0x00, 0x00, 0x7F, 0xF8, 0x00, 0x00, 0x00, 0x00, 0x7F, 0xF8, 0x00, 0x00, 0x00, 0x00, 0x7F, 0xF8, 0x00, 0x00, 0x00, 0x00, 0x7F, 0xF8, 0x00, 0x00, 0x00, 0x00, 0x7F, 0xF8, 0x00, 0x00, 

/* Symbol 0x55, offset 17554 */
    45, 89, 27,
    0xFF, 0xF0, 0x00, 0x00, 0x7F, 0xF8, 0xFF, 0xF0, 0x00, 0x00, 0x7F, 0xF8, 0xFF, 0xF0, 0x00, 0x00, 0x7F, 0xF8, 0xFF, 0xF0, 0x00, 0x00, 0x7F, 0xF8, 0xFF, 0xF0, 0x00, 0x00, 0x7F, 0xF8, 0xFF, 0xF0, 0x00, 0x00, 0x7F, 0xF8, 0xFF, 0xF0, 0x00, 0x00, 0x7F, 0xF8, 0xFF, 0xF0, 0x00, 0x00, 0x7F, 0xF8, 0xFF, 0xF0, 0x00, 0x00, 0x7F, 0xF8, 0xFF, 0xF0, 0x00, 0x00, 0x7F, 0xF8, 0xFF, 0xF0, 0x00, 0x00, 0x7F, 0xF8, 0xFF, 0xF0, 0x00, 0x00, 0x7F, 0xF8, 0xFF, 0xF0, 0x00, 0x00, 0x7F, 0xF8, 0xFF, 0xF0, 0x00, 0x00, 0x7F, 0xF8, 0xFF, 0xF0, 0x00, 0x00, 0x7F, 0xF8, 0xFF, 0xF0, 0x00, 0x00, 0x7F, 0xF8, 0xFF, 0xF0, 0x00, 0x00, 0x7F, 0xF8, 0xFF, 0xF0, 0x00, 0x00, 0x7F, 0xF8, 0xFF, 0xF0, 0x00, 0x00, 0x7F, 0xF8, 0xFF, 0xF0, 0x00, 0x00, 0x7F, 0xF8, 0xFF, 0xF0, 0x00, 0x00, 0x7F, 0xF8, 0xFF, 0xF0, 0x00, 0x00, 0x7F, 0xF8, 0xFF, 0xF0, 0x00, 0x00, 0x7F, 0xF8, 0xFF, 0xF0, 0x00, 0x00, 0x7F, 0xF8, 0xFF, 0xF0, 0x00, 0x00, 0x7F, 0xF8, 0xFF, 0xF0, 0x00, 0x00, 0x7F, 0xF8, 0xFF, 0xF0, 0x00, 0x00, 0x7F, 0xF8, 0xFF, 0xF0, 0x00, 0x00, 0x7F, 0xF8, 0xFF, 0xF0, 0x00, 0x00, 0x7F, 0xF8, 0xFF, 0xF0, 0x00, 0x00, 0x7F, 0xF8, 0xFF, 0xF0, 0x00, 0x00, 0x7F, 0xF8, 0xFF, 0xF0, 0x00, 0x00, 0x7F, 0xF8, 0xFF, 0xF0, 0x00, 0x00, 0x7F, 0xF8, 0xFF, 0xF0, 0x00, 0x00, 0x7F, 0xF8, 0xFF, 0xF0, 0x00, 0x00, 0x7F, 0xF8, 0xFF, 0xF0, 0x00, 0x00, 0x7F, 0xF8, 0xFF, 0xF0, 0x00, 0x00, 0x7F, 0xF8, 0xFF, 0xF0, 0x00, 0x00, 0x7F, 0xF8, 0xFF, 0xF0, 0x00, 0x00, 0x7F, 0xF8, 0xFF, 0xF0, 0x00, 0x00, 0x7F, 0xF8, 0xFF, 0xF0, 0x00, 0x00, 0x7F, 0xF8, 0xFF, 0xF0, 0x00, 0x00, 0x7F, 0xF8, 0xFF, 0xF0, 0x00, 0x00, 0x7F, 0xF8, 0xFF, 0xF0, 0x00, 0x00, 0x7F, 0xF8, 0xFF, 0xF0, 0x00, 0x00, 0xFF, 0xF8, 0xFF, 0xF8, 0x00, 0x00, 0xFF, 0xF0, 0x7F, 0xF8, 0x00, 0x00, 0xFF, 0xF0, 0x7F, 0xFC, 0x00, 0x01, 0xFF, 0xF0, 0x7F, 0xFC, 0x00, 0x01, 0xFF, 0xF0, 0x7F, 0xFE, 0x00, 0x03, 0xFF, 0xE0, 0x3F, 0xFF, 0x00, 0x07, 0xFF, 0xE0, 0x3F, 0xFF, 0xE0, 0x1F, 0xFF, 0xC0, 0x3F, 0xFF, 0xFF, 0xFF, 0xFF, 0xC0, 0x1F, 0xFF, 0xFF, 0xFF, 0xFF, 0x80, 0x0F, 0xFF, 0xFF, 0xFF, 0xFF, 0x00, 0x0F, 0xFF, 0xFF, 0xFF, 0xFE, 0x00, 0x07, 0xFF, 0xFF, 0xFF, 0xFC, 0x00, 0x03, 0xFF, 0xFF, 0xFF, 0xF8, 0x00, 0x00, 0xFF, 0xFF, 0xFF, 0xF0, 0x00, 0x00, 0x3F, 0xFF, 0xFF, 0xC0, 0x00, 0x00, 0x0F, 0xFF, 0xFF, 0x00, 0x00, 0x00, 0x00, 0xFF, 0xF0, 0x00, 0x00, 

/* Symbol 0x56, offset 17929 */
    52, 88, 27,
    0xFF, 0xF8, 0x00, 0x00, 0x00, 0xFF, 0xF0, 0xFF, 0xF8, 0x00, 0x00, 0x00, 0xFF, 0xF0, 0xFF, 0xF8, 0x00, 0x00, 0x00, 0xFF, 0xF0, 0x7F, 0xFC, 0x00, 0x00, 0x01, 0xFF, 0xE0, 0x7F, 0xFC, 0x00, 0x00, 0x01, 0xFF, 0xE0, 0x7F, 0xFC, 0x00, 0x00, 0x01, 0xFF, 0xE0, 0x3F, 0xFC, 0x00, 0x00, 0x03, 0xFF, 0xC0, 0x3F, 0xFE, 0x00, 0x00, 0x03, 0xFF, 0xC0, 0x3F, 0xFE, 0x00, 0x00, 0x03, 0xFF, 0xC0, 0x3F, 0xFE, 0x00, 0x00, 0x03, 0xFF, 0xC0, 0x1F, 0xFF, 0x00, 0x00, 0x07, 0xFF, 0x80, 0x1F, 0xFF, 0x00, 0x00, 0x07, 0xFF, 0x80, 0x1F, 0xFF, 0x00, 0x00, 0x07, 0xFF, 0x80, 0x0F, 0xFF, 0x00, 0x00, 0x0F, 0xFF, 0x00, 0x0F, 0xFF, 0x80, 0x00, 0x0F, 0xFF, 0x00, 0x0F, 0xFF, 0x80, 0x00, 0x0F, 0xFF, 0x00, 0x07, 0xFF, 0x80, 0x00, 0x0F, 0xFE, 0x00, 0x07, 0xFF, 0xC0, 0x00, 0x1F, 0xFE, 0x00, 0x07, 0xFF, 0xC0, 0x00, 0x1F, 0xFE, 0x00, 0x03, 0xFF, 0xC0, 0x00, 0x1F, 0xFC, 0x00, 0x03, 0xFF, 0xC0, 0x00, 0x3F, 0xFC, 0x00, 0x03, 0xFF, 0xE0, 0x00, 0x3F, 0xFC, 0x00, 0x03, 0xFF, 0xE0, 0x00, 0x3F, 0xFC, 0x00, 0x01, 0xFF, 0xE0, 0x00, 0x3F, 0xF8, 0x00, 0x01, 0xFF, 0xF0, 0x00, 0x7F, 0xF8, 0x00, 0x01, 0xFF, 0xF0, 0x00, 0x7F, 0xF8, 0x00, 0x00, 0xFF, 0xF0, 0x00, 0x7F, 0xF0, 0x00, 0x00, 0xFF, 0xF0, 0x00, 0xFF, 0xF0, 0x00, 0x00, 0xFF, 0xF8, 0x00, 0xFF, 0xF0, 0x00, 0x00, 0x7F, 0xF8, 0x00, 0xFF, 0xE0, 0x00, 0x00, 0x7F, 0xF8, 0x00, 0xFF, 0xE0, 0x00, 0x00, 0x7F, 0xFC, 0x01, 0xFF, 0xE0, 0x00, 0x00, 0x3F, 0xFC, 0x01, 0xFF, 0xC0, 0x00, 0x00, 0x3F, 0xFC, 0x01, 0xFF, 0xC0, 0x00, 0x00, 0x3F, 0xFC, 0x03, 0xFF, 0xC0, 0x00, 0x00, 0x1F, 0xFE, 0x03, 0xFF, 0xC0, 0x00, 0x00, 0x1F, 0xFE, 0x03, 0xFF, 0x80, 0x00, 0x00, 0x1F, 0xFE, 0x03, 0xFF, 0x80, 0x00, 0x00, 0x1F, 0xFF, 0x07, 0xFF, 0x80, 0x00, 0x00, 0x0F, 0xFF, 0x07, 0xFF, 0x00, 0x00, 0x00, 0x0F, 0xFF, 0x07, 0xFF, 0x00, 0x00, 0x00, 0x0F, 0xFF, 0x0F, 0xFF, 0x00, 0x00, 0x00, 0x07, 0xFF, 0x8F, 0xFE, 0x00, 0x00, 0x00, 0x07, 0xFF, 0x8F, 0xFE, 0x00, 0x00, 0x00, 0x07, 0xFF, 0x8F, 0xFE, 0x00, 0x00, 0x00, 0x03, 0xFF, 0xDF, 0xFC, 0x00, 0x00, 0x00, 0x03, 0xFF, 0xDF, 0xFC, 0x00, 0x00, 0x00, 0x03, 0xFF, 0xDF, 0xFC, 0x00, 0x00, 0x00, 0x01, 0xFF, 0xDF, 0xFC, 0x00, 0x00, 0x00, 0x01, 0xFF, 0xFF, 0xF8, 0x00, 0x00, 0x00, 0x01, 0xFF, 0xFF, 0xF8, 0x00, 0x00, 0x00, 0x01, 0xFF, 0xFF, 0xF8, 0x00, 0x00, 0x00, 0x00, 0xFF, 0xFF, 0xF0, 0x00, 0x00, 0x00, 0x00, 0xFF, 0xFF, 0xF0, 0x00, 0x00, 0x00, 0x00, 0xFF, 0xFF, 0xF0, 0x00, 0x00, 0x00, 0x00, 0x7F, 0xFF, 0xE0, 0x00, 0x00, 0x00, 0x00, 0x7F, 0xFF, 0xE0, 0x00, 0x00, 0x00, 0x00, 0x7F, 0xFF, 0xE0, 0x00, 0x00, 0x00, 0x00, 0x3F, 0xFF, 0xC0, 0x00, 0x00, 0x00, 0x00, 0x3F, 0xFF, 0xC0, 0x00, 0x00, 0x00, 0x00, 0x3F, 0xFF, 0xC0, 0x00, 0x00, 

/* Symbol 0x57, offset 18359 */
    48, 88, 27,
    0xFF, 0xC0, 0x00, 0x00, 0x01, 0xFF, 0xFF, 0xC0, 0x00, 0x00, 0x01, 0xFF, 0xFF, 0xC0, 0x00, 0x00, 0x01, 0xFF, 0xFF, 0xC0, 0x00, 0x00, 0x01, 0xFF, 0xFF, 0xC0, 0x00, 0x00, 0x01, 0xFF, 0xFF, 0xC0, 0x00, 0x00, 0x03, 0xFF, 0xFF, 0xC0, 0x00, 0x00, 0x03, 0xFF, 0xFF, 0xC0, 0x00, 0x00, 0x03, 0xFF, 0xFF, 0xC0, 0x00, 0x00, 0x03, 0xFF, 0xFF, 0xC0, 0x00, 0x00, 0x03, 0xFF, 0xFF, 0xC0, 0x00, 0x00, 0x03, 0xFF, 0xFF, 0xC0, 0x00, 0x00, 0x03, 0xFF, 0xFF, 0xC0, 0x00, 0x00, 0x03, 0xFF, 0xFF, 0xC0, 0x00, 0x00, 0x03, 0xFF, 0xFF, 0xC0, 0x00, 0x00, 0x03, 0xFF, 0xFF, 0xC0, 0x00, 0x00, 0x03, 0xFF, 0xFF, 0xC0, 0x00, 0x00, 0x03, 0xFF, 0x7F, 0xC0, 0x00, 0x00, 0x03, 0xFE, 0x7F, 0xC0, 0x00, 0x00, 0x03, 0xFE, 0x7F, 0xC0, 0x0F, 0xF0, 0x03, 0xFE, 0x7F, 0xC0, 0x0F, 0xF0, 0x03, 0xFE, 0x7F, 0xE0, 0x0F, 0xF8, 0x03, 0xFE, 0x7F, 0xE0, 0x0F, 0xF8, 0x03, 0xFE, 0x7F, 0xE0, 0x1F, 0xF8, 0x03, 0xFE, 0x7F, 0xE0, 0x1F, 0xF8, 0x03, 0xFE, 0x7F, 0xE0, 0x1F, 0xFC, 0x03, 0xFE, 0x7F, 0xE0, 0x3F, 0xFC, 0x03, 0xFE, 0x7F, 0xE0, 0x3F, 0xFC, 0x03, 0xFE, 0x7F, 0xE0, 0x3F, 0xFE, 0x03, 0xFE, 0x7F, 0xE0, 0x7F, 0xFE, 0x03, 0xFE, 0x7F, 0xE0, 0x7F, 0xFE, 0x03, 0xFE, 0x7F, 0xE0, 0x7F, 0xFE, 0x07, 0xFE, 0x7F, 0xE0, 0x7F, 0xFF, 0x07, 0xFE, 0x7F, 0xE0, 0xFF, 0xFF, 0x07, 0xFE, 0x7F, 0xE0, 0xFE, 0xFF, 0x07, 0xFE, 0x3F, 0xE0, 0xFE, 0xFF, 0x87, 0xFC, 0x3F, 0xE1, 0xFE, 0xFF, 0x87, 0xFC, 0x3F, 0xE1, 0xFE, 0xFF, 0x87, 0xFC, 0x3F, 0xE1, 0xFC, 0x7F, 0xC7, 0xFC, 0x3F, 0xE1, 0xFC, 0x7F, 0xC7, 0xFC, 0x3F, 0xE3, 0xFC, 0x7F, 0xC7, 0xFC, 0x3F, 0xE3, 0xFC, 0x3F, 0xC7, 0xFC, 0x3F, 0xE3, 0xF8, 0x3F, 0xE7, 0xFC, 0x3F, 0xE7, 0xF8, 0x3F, 0xE7, 0xFC, 0x3F, 0xE7, 0xF8, 0x3F, 0xE7, 0xFC, 0x3F, 0xE7, 0xF0, 0x1F, 0xF7, 0xFC, 0x3F, 0xE7, 0xF0, 0x1F, 0xF7, 0xFC, 0x3F, 0xEF, 0xF0, 0x1F, 0xF7, 0xFC, 0x3F, 0xFF, 0xF0, 0x0F, 0xFF, 0xFC, 0x3F, 0xFF, 0xE0, 0x0F, 0xFF, 0xFC, 0x3F, 0xFF, 0xE0, 0x0F, 0xFF, 0xFC, 0x3F, 0xFF, 0xE0, 0x07, 0xFF, 0xFC, 0x1F, 0xFF, 0xC0, 0x07, 0xFF, 0xF8, 0x1F, 0xFF, 0xC0, 0x07, 0xFF, 0xF8, 0x1F, 0xFF, 0xC0, 0x07, 0xFF, 0xF8, 0x1F, 0xFF, 0xC0, 0x03, 0xFF, 0xF8, 0x1F, 0xFF, 0x80, 0x03, 0xFF, 0xF8, 0x1F, 0xFF, 0x80, 0x03, 0xFF, 0xF8, 0x1F, 0xFF, 0x80, 0x01, 0xFF, 0xF8, 0x1F, 0xFF, 0x00, 0x01, 0xFF, 0xF8, 0x1F, 0xFF, 0x00, 0x01, 0xFF, 0xF8, 

/* Symbol 0x58, offset 18728 */
    51, 88, 27,
    0x7F, 0xFE, 0x00, 0x00, 0x0F, 0xFF, 0xC0, 0x3F, 0xFE, 0x00, 0x00, 0x0F, 0xFF, 0x80, 0x3F, 0xFF, 0x00, 0x00, 0x1F, 0xFF, 0x80, 0x1F, 0xFF, 0x80, 0x00, 0x1F, 0xFF, 0x00, 0x0F, 0xFF, 0x80, 0x00, 0x3F, 0xFE, 0x00, 0x0F, 0xFF, 0xC0, 0x00, 0x7F, 0xFE, 0x00, 0x07, 0xFF, 0xE0, 0x00, 0x7F, 0xFC, 0x00, 0x07, 0xFF, 0xE0, 0x00, 0xFF, 0xFC, 0x00, 0x03, 0xFF, 0xF0, 0x00, 0xFF, 0xF8, 0x00, 0x01, 0xFF, 0xF0, 0x01, 0xFF, 0xF0, 0x00, 0x01, 0xFF, 0xF8, 0x01, 0xFF, 0xF0, 0x00, 0x00, 0xFF, 0xFC, 0x03, 0xFF, 0xE0, 0x00, 0x00, 0xFF, 0xFC, 0x03, 0xFF, 0xE0, 0x00, 0x00, 0x7F, 0xFE, 0x07, 0xFF, 0xC0, 0x00, 0x00, 0x3F, 0xFE, 0x07, 0xFF, 0x80, 0x00, 0x00, 0x3F, 0xFF, 0x0F, 0xFF, 0x80, 0x00, 0x00, 0x1F, 0xFF, 0x9F, 0xFF, 0x00, 0x00, 0x00, 0x1F, 0xFF, 0x9F, 0xFF, 0x00, 0x00, 0x00, 0x0F, 0xFF, 0xFF, 0xFE, 0x00, 0x00, 0x00, 0x0F, 0xFF, 0xFF, 0xFC, 0x00, 0x00, 0x00, 0x07, 0xFF, 0xFF, 0xFC, 0x00, 0x00, 0x00, 0x03, 0xFF, 0xFF, 0xF8, 0x00, 0x00, 0x00, 0x03, 0xFF, 0xFF, 0xF8, 0x00, 0x00, 0x00, 0x01, 0xFF, 0xFF, 0xF0, 0x00, 0x00, 0x00, 0x01, 0xFF, 0xFF, 0xE0, 0x00, 0x00, 0x00, 0x00, 0xFF, 0xFF, 0xE0, 0x00, 0x00, 0x00, 0x00, 0x7F, 0xFF, 0xC0, 0x00, 0x00, 0x00, 0x00, 0x7F, 0xFF, 0xC0, 0x00, 0x00, 0x00, 0x00, 0x3F, 0xFF, 0x80, 0x00, 0x00, 0x00, 0x00, 0x3F, 0xFF, 0x00, 0x00, 0x00, 0x00, 0x00, 0x3F, 0xFF, 0x80, 0x00, 0x00, 0x00, 0x00, 0x7F, 0xFF, 0xC0, 0x00, 0x00, 0x00, 0x00, 0x7F, 0xFF, 0xC0, 0x00, 0x00, 0x00, 0x00, 0xFF, 0xFF, 0xE0, 0x00, 0x00, 0x00, 0x00, 0xFF, 0xFF, 0xF0, 0x00, 0x00, 0x00, 0x01, 0xFF, 0xFF, 0xF0, 0x00, 0x00, 0x00, 0x03, 0xFF, 0xFF, 0xF8, 0x00, 0x00, 0x00, 0x03, 0xFF, 0xFF, 0xF8, 0x00, 0x00, 0x00, 0x07, 0xFF, 0xFF, 0xFC, 0x00, 0x00, 0x00, 0x07, 0xFF, 0xBF, 0xFE, 0x00, 0x00, 0x00, 0x0F, 0xFF, 0x9F, 0xFE, 0x00, 0x00, 0x00, 0x1F, 0xFF, 0x1F, 0xFF, 0x00, 0x00, 0x00, 0x1F, 0xFE, 0x0F, 0xFF, 0x00, 0x00, 0x00, 0x3F, 0xFE, 0x0F, 0xFF, 0x80, 0x00, 0x00, 0x3F, 0xFC, 0x07, 0xFF, 0xC0, 0x00, 0x00, 0x7F, 0xFC, 0x07, 0xFF, 0xC0, 0x00, 0x00, 0xFF, 0xF8, 0x03, 0xFF, 0xE0, 0x00, 0x00, 0xFF, 0xF8, 0x03, 0xFF, 0xE0, 0x00, 0x01, 0xFF, 0xF0, 0x01, 0xFF, 0xF0, 0x00, 0x01, 0xFF, 0xF0, 0x01, 0xFF, 0xF8, 0x00, 0x03, 0xFF, 0xE0, 0x00, 0xFF, 0xF8, 0x00, 0x07, 0xFF, 0xE0, 0x00, 0xFF, 0xFC, 0x00, 0x07, 0xFF, 0xC0, 0x00, 0x7F, 0xFC, 0x00, 0x0F, 0xFF, 0xC0, 0x00, 0x7F, 0xFE, 0x00, 0x0F, 0xFF, 0x80, 0x00, 0x3F, 0xFF, 0x00, 0x1F, 0xFF, 0x80, 0x00, 0x3F, 0xFF, 0x00, 0x3F, 0xFF, 0x00, 0x00, 0x1F, 0xFF, 0x80, 0x3F, 0xFE, 0x00, 0x00, 0x1F, 0xFF, 0x80, 0x7F, 0xFE, 0x00, 0x00, 0x0F, 0xFF, 0xC0, 0x7F, 0xFC, 0x00, 0x00, 0x0F, 0xFF, 0xE0, 0xFF, 0xFC, 0x00, 0x00, 0x07, 0xFF, 0xE0, 

/* Symbol 0x59, offset 19158 */
    52, 88, 27,
    0xFF, 0xF8, 0x00, 0x00, 0x00, 0xFF, 0xF0, 0x7F, 0xFC, 0x00, 0x00, 0x01, 0xFF, 0xE0, 0x7F, 0xFC, 0x00, 0x00, 0x01, 0xFF, 0xE0, 0x3F, 0xFE, 0x00, 0x00, 0x03, 0xFF, 0xC0, 0x3F, 0xFE, 0x00, 0x00, 0x03, 0xFF, 0xC0, 0x1F, 0xFF, 0x00, 0x00, 0x07, 0xFF, 0x80, 0x1F, 0xFF, 0x00, 0x00, 0x07, 0xFF, 0x80, 0x0F, 0xFF, 0x80, 0x00, 0x0F, 0xFF, 0x00, 0x0F, 0xFF, 0x80, 0x00, 0x0F, 0xFF, 0x00, 0x07, 0xFF, 0xC0, 0x00, 0x1F, 0xFE, 0x00, 0x07, 0xFF, 0xC0, 0x00, 0x1F, 0xFE, 0x00, 0x03, 0xFF, 0xC0, 0x00, 0x3F, 0xFC, 0x00, 0x03, 0xFF, 0xE0, 0x00, 0x3F, 0xFC, 0x00, 0x01, 0xFF, 0xE0, 0x00, 0x7F, 0xF8, 0x00, 0x01, 0xFF, 0xF0, 0x00, 0xFF, 0xF8, 0x00, 0x00, 0xFF, 0xF0, 0x00, 0xFF, 0xF0, 0x00, 0x00, 0xFF, 0xF8, 0x01, 0xFF, 0xF0, 0x00, 0x00, 0x7F, 0xF8, 0x01, 0xFF, 0xE0, 0x00, 0x00, 0x7F, 0xFC, 0x03, 0xFF, 0xE0, 0x00, 0x00, 0x3F, 0xFC, 0x03, 0xFF, 0xC0, 0x00, 0x00, 0x3F, 0xFE, 0x03, 0xFF, 0xC0, 0x00, 0x00, 0x1F, 0xFE, 0x07, 0xFF, 0x80, 0x00, 0x00, 0x1F, 0xFF, 0x07, 0xFF, 0x80, 0x00, 0x00, 0x0F, 0xFF, 0x0F, 0xFF, 0x00, 0x00, 0x00, 0x0F, 0xFF, 0x8F, 0xFF, 0x00, 0x00, 0x00, 0x07, 0xFF, 0x9F, 0xFE, 0x00, 0x00, 0x00, 0x07, 0xFF, 0x9F, 0xFE, 0x00, 0x00, 0x00, 0x03, 0xFF, 0xFF, 0xFC, 0x00, 0x00, 0x00, 0x03, 0xFF, 0xFF, 0xFC, 0x00, 0x00, 0x00, 0x01, 0xFF, 0xFF, 0xF8, 0x00, 0x00, 0x00, 0x01, 0xFF, 0xFF, 0xF8, 0x00, 0x00, 0x00, 0x00, 0xFF, 0xFF, 0xF0, 0x00, 0x00, 0x00, 0x00, 0xFF, 0xFF, 0xE0, 0x00, 0x00, 0x00, 0x00, 0x7F, 0xFF, 0xE0, 0x00, 0x00, 0x00, 0x00, 0x7F, 0xFF, 0xC0, 0x00, 0x00, 0x00, 0x00, 0x3F, 0xFF, 0xC0, 0x00, 0x00, 0x00, 0x00, 0x3F, 0xFF, 0x80, 0x00, 0x00, 0x00, 0x00, 0x1F, 0xFF, 0x80, 0x00, 0x00, 0x00, 0x00, 0x0F, 0xFF, 0x00, 0x00, 0x00, 0x00, 0x00, 0x0F, 0xFF, 0x00, 0x00, 0x00, 0x00, 0x00, 0x0F, 0xFF, 0x00, 0x00, 0x00, 0x00, 0x00, 0x0F, 0xFF, 0x00, 0x00, 0x00, 0x00, 0x00, 0x0F, 0xFF, 0x00, 0x00, 0x00, 0x00, 0x00, 0x0F, 0xFF, 0x00, 0x00, 0x00, 0x00, 0x00, 0x0F, 0xFF, 0x00, 0x00, 0x00, 0x00, 0x00, 0x0F, 0xFF, 0x00, 0x00, 0x00, 0x00, 0x00, 0x0F, 0xFF, 0x00, 0x00, 0x00, 0x00, 0x00, 0x0F, 0xFF, 0x00, 0x00, 0x00, 0x00, 0x00, 0x0F, 0xFF, 0x00, 0x00, 0x00, 0x00, 0x00, 0x0F, 0xFF, 0x00, 0x00, 0x00, 0x00, 0x00, 0x0F, 0xFF, 0x00, 0x00, 0x00, 0x00, 0x00, 0x0F, 0xFF, 0x00, 0x00, 0x00, 0x00, 0x00, 0x0F, 0xFF, 0x00, 0x00, 0x00, 0x00, 0x00, 0x0F, 0xFF, 0x00, 0x00, 0x00, 0x00, 0x00, 0x0F, 0xFF, 0x00, 0x00, 0x00, 0x00, 0x00, 0x0F, 0xFF, 0x00, 0x00, 0x00, 0x00, 0x00, 0x0F, 0xFF, 0x00, 0x00, 0x00, 0x00, 0x00, 0x0F, 0xFF, 0x00, 0x00, 0x00, 0x00, 0x00, 0x0F, 0xFF, 0x00, 0x00, 0x00, 0x00, 0x00, 0x0F, 0xFF, 0x00, 0x00, 0x00, 0x00, 0x00, 0x0F, 0xFF, 0x00, 0x00, 0x00, 

/* Symbol 0x5A, offset 19588 */
    43, 88, 27,
    0x7F, 0xFF, 0xFF, 0xFF, 0xFF, 0xE0, 0x7F, 0xFF, 0xFF, 0xFF, 0xFF, 0xE0, 0x7F, 0xFF, 0xFF, 0xFF, 0xFF, 0xE0, 0x7F, 0xFF, 0xFF, 0xFF, 0xFF, 0xE0, 0x7F, 0xFF, 0xFF, 0xFF, 0xFF, 0xE0, 0x7F, 0xFF, 0xFF, 0xFF, 0xFF, 0xE0, 0x7F, 0xFF, 0xFF, 0xFF, 0xFF, 0xE0, 0x7F, 0xFF, 0xFF, 0xFF, 0xFF, 0xE0, 0x7F, 0xFF, 0xFF, 0xFF, 0xFF, 0xE0, 0x7F, 0xFF, 0xFF, 0xFF, 0xFF, 0xC0, 0x00, 0x00, 0x00, 0x0F, 0xFF, 0xC0, 0x00, 0x00, 0x00, 0x1F, 0xFF, 0x80, 0x00, 0x00, 0x00, 0x1F, 0xFF, 0x00, 0x00, 0x00, 0x00, 0x3F, 0xFF, 0x00, 0x00, 0x00, 0x00, 0x7F, 0xFE, 0x00, 0x00, 0x00, 0x00, 0x7F, 0xFC, 0x00, 0x00, 0x00, 0x00, 0xFF, 0xFC, 0x00, 0x00, 0x00, 0x01, 0xFF, 0xF8, 0x00, 0x00, 0x00, 0x01, 0xFF, 0xF0, 0x00, 0x00, 0x00, 0x03, 0xFF, 0xF0, 0x00, 0x00, 0x00, 0x07, 0xFF, 0xE0, 0x00, 0x00, 0x00, 0x07, 0xFF, 0xC0, 0x00, 0x00, 0x00, 0x0F, 0xFF, 0xC0, 0x00, 0x00, 0x00, 0x0F, 0xFF, 0x80, 0x00, 0x00, 0x00, 0x1F, 0xFF, 0x00, 0x00, 0x00, 0x00, 0x3F, 0xFF, 0x00, 0x00, 0x00, 0x00, 0x3F, 0xFE, 0x00, 0x00, 0x00, 0x00, 0x7F, 0xFC, 0x00, 0x00, 0x00, 0x00, 0xFF, 0xFC, 0x00, 0x00, 0x00, 0x00, 0xFF, 0xF8, 0x00, 0x00, 0x00, 0x01, 0xFF, 0xF0, 0x00, 0x00, 0x00, 0x03, 0xFF, 0xF0, 0x00, 0x00, 0x00, 0x03, 0xFF, 0xE0, 0x00, 0x00, 0x00, 0x07, 0xFF, 0xC0, 0x00, 0x00, 0x00, 0x0F, 0xFF, 0xC0, 0x00, 0x00, 0x00, 0x0F, 0xFF, 0x80, 0x00, 0x00, 0x00, 0x1F, 0xFF, 0x00, 0x00, 0x00, 0x00, 0x3F, 0xFE, 0x00, 0x00, 0x00, 0x00, 0x3F, 0xFE, 0x00, 0x00, 0x00, 0x00, 0x7F, 0xFC, 0x00, 0x00, 0x00, 0x00, 0xFF, 0xF8, 0x00, 0x00, 0x00, 0x00, 0xFF, 0xF8, 0x00, 0x00, 0x00, 0x01, 0xFF, 0xF0, 0x00, 0x00, 0x00, 0x03, 0xFF, 0xE0, 0x00, 0x00, 0x00, 0x03, 0xFF, 0xE0, 0x00, 0x00, 0x00, 0x07, 0xFF, 0xC0, 0x00, 0x00, 0x00, 0x0F, 0xFF, 0x80, 0x00, 0x00, 0x00, 0x0F, 0xFF, 0x80, 0x00, 0x00, 0x00, 0x1F, 0xFF, 0x00, 0x00, 0x00, 0x00, 0x3F, 0xFE, 0x00, 0x00, 0x00, 0x00, 0x3F, 0xFE, 0x00, 0x00, 0x00, 0x00, 0x7F, 0xFF, 0xFF, 0xFF, 0xFF, 0xE0, 0xFF, 0xFF, 0xFF, 0xFF, 0xFF, 0xE0, 0xFF, 0xFF, 0xFF, 0xFF, 0xFF, 0xE0, 0xFF, 0xFF, 0xFF, 0xFF, 0xFF, 0xE0, 0xFF, 0xFF, 0xFF, 0xFF, 0xFF, 0xE0, 0xFF, 0xFF, 0xFF, 0xFF, 0xFF, 0xE0, 0xFF, 0xFF, 0xFF, 0xFF, 0xFF, 0xE0, 0xFF, 0xFF, 0xFF, 0xFF, 0xFF, 0xE0, 0xFF, 0xFF, 0xFF, 0xFF, 0xFF, 0xE0, 0xFF, 0xFF, 0xFF, 0xFF, 0xFF, 0xE0, 

/* Symbol 0x5B, offset 19957 */
    25, 100, 20,
    0xFF, 0xFF, 0xFF, 0x80, 0xFF, 0xFF, 0xFF, 0x80, 0xFF, 0xFF, 0xFF, 0x80, 0xFF, 0xFF, 0xFF, 0x80, 0xFF, 0xFF, 0xFF, 0x80, 0xFF, 0xFF, 0xFF, 0x80, 0xFF, 0xFF, 0xFF, 0x80, 0xFF, 0xFF, 0xFF, 0x80, 0xFF, 0xFF, 0xFF, 0x80, 0xFF, 0xE0, 0x00, 0x00, 0xFF, 0xE0, 0x00, 0x00, 0xFF, 0xE0, 0x00, 0x00, 0xFF, 0xE0, 0x00, 0x00, 0xFF, 0xE0, 0x00, 0x00, 0xFF, 0xE0, 0x00, 0x00, 0xFF, 0xE0, 0x00, 0x00, 0xFF, 0xE0, 0x00, 0x00, 0xFF, 0xE0, 0x00, 0x00, 0xFF, 0xE0, 0x00, 0x00, 0xFF, 0xE0, 0x00, 0x00, 0xFF, 0xE0, 0x00, 0x00, 0xFF, 0xE0, 0x00, 0x00, 0xFF, 0xE0, 0x00, 0x00, 0xFF, 0xE0, 0x00, 0x00, 0xFF, 0xE0, 0x00, 0x00, 0xFF, 0xE0, 0x00, 0x00, 0xFF, 0xE0, 0x00, 0x00, 0xFF, 0xE0, 0x00, 0x00, 0xFF, 0xE0, 0x00, 0x00, 0xFF, 0xE0, 0x00, 0x00, 0xFF, 0xE0, 0x00, 0x00, 0xFF, 0xE0, 0x00, 0x00, 0xFF, 0xE0, 0x00, 0x00, 0xFF, 0xE0, 0x00, 0x00, 0xFF, 0xE0, 0x00, 0x00, 0xFF, 0xE0, 0x00, 0x00, 0xFF, 0xE0, 0x00, 0x00, 0xFF, 0xE0, 0x00, 0x00, 0xFF, 0xE0, 0x00, 0x00, 0xFF, 0xE0, 0x00, 0x00, 0xFF, 0xE0, 0x00, 0x00, 0xFF, 0xE0, 0x00, 0x00, 0xFF, 0xE0, 0x00, 0x00, 0xFF, 0xE0, 0x00, 0x00, 0xFF, 0xE0, 0x00, 0x00, 0xFF, 0xE0, 0x00, 0x00, 0xFF, 0xE0, 0x00, 0x00, 0xFF, 0xE0, 0x00, 0x00, 0xFF, 0xE0, 0x00, 0x00, 0xFF, 0xE0, 0x00, 0x00, 0xFF, 0xE0, 0x00, 0x00, 0xFF, 0xE0, 0x00, 0x00, 0xFF, 0xE0, 0x00, 0x00, 0xFF, 0xE0, 0x00, 0x00, 0xFF, 0xE0, 0x00, 0x00, 0xFF, 0xE0, 0x00, 0x00, 0xFF, 0xE0, 0x00, 0x00, 0xFF, 0xE0, 0x00, 0x00, 0xFF, 0xE0, 0x00, 0x00, 0xFF, 0xE0, 0x00, 0x00, 0xFF, 0xE0, 0x00, 0x00, 0xFF, 0xE0, 0x00, 0x00, 0xFF, 0xE0, 0x00, 0x00, 0xFF, 0xE0, 0x00, 0x00, 0xFF, 0xE0, 0x00, 0x00, 0xFF, 0xE0, 0x00, 0x00, 0xFF, 0xE0, 0x00, 0x00, 0xFF, 0xE0, 0x00, 0x00, 0xFF, 0xE0, 0x00, 0x00, 0xFF, 0xE0, 0x00, 0x00, 0xFF, 0xE0, 0x00, 0x00, 0xFF, 0xE0, 0x00, 0x00, 0xFF, 0xE0, 0x00, 0x00, 0xFF, 0xE0, 0x00, 0x00, 0xFF, 0xE0, 0x00, 0x00, 0xFF, 0xE0, 0x00, 0x00, 0xFF, 0xE0, 0x00, 0x00, 0xFF, 0xE0, 0x00, 0x00, 0xFF, 0xFF, 0xFF, 0x80, 0xFF, 0xFF, 0xFF, 0x80, 

/* Symbol 0x5C, offset 20280 */
    44, 98, 22,
    0xFF, 0xE0, 0x00, 0x00, 0x00, 0x00, 0x7F, 0xF0, 0x00, 0x00, 0x00, 0x00, 0x7F, 0xF0, 0x00, 0x00, 0x00, 0x00, 0x3F, 0xF8, 0x00, 0x00, 0x00, 0x00, 0x3F, 0xF8, 0x00, 0x00, 0x00, 0x00, 0x3F, 0xF8, 0x00, 0x00, 0x00, 0x00, 0x1F, 0xFC, 0x00, 0x00, 0x00, 0x00, 0x1F, 0xFC, 0x00, 0x00, 0x00, 0x00, 0x0F, 0xFE, 0x00, 0x00, 0x00, 0x00, 0x0F, 0xFE, 0x00, 0x00, 0x00, 0x00, 0x07, 0xFF, 0x00, 0x00, 0x00, 0x00, 0x07, 0xFF, 0x00, 0x00, 0x00, 0x00, 0x07, 0xFF, 0x80, 0x00, 0x00, 0x00, 0x03, 0xFF, 0x80, 0x00, 0x00, 0x00, 0x03, 0xFF, 0x80, 0x00, 0x00, 0x00, 0x01, 0xFF, 0xC0, 0x00, 0x00, 0x00, 0x01, 0xFF, 0xC0, 0x00, 0x00, 0x00, 0x00, 0xFF, 0xE0, 0x00, 0x00, 0x00, 0x00, 0xFF, 0xE0, 0x00, 0x00, 0x00, 0x00, 0xFF, 0xF0, 0x00, 0x00, 0x00, 0x00, 0x7F, 0xF0, 0x00, 0x00, 0x00, 0x00, 0x7F, 0xF0, 0x00, 0x00, 0x00, 0x00, 0x3F, 0xF8, 0x00, 0x00, 0x00, 0x00, 0x3F, 0xF8, 0x00, 0x00, 0x00, 0x00, 0x1F, 0xFC, 0x00, 0x00, 0x00, 0x00, 0x1F, 0xFC, 0x00, 0x00, 0x00, 0x00, 0x1F, 0xFE, 0x00, 0x00, 0x00, 0x00, 0x0F, 0xFE, 0x00, 0x00, 0x00, 0x00, 0x0F, 0xFE, 0x00, 0x00, 0x00, 0x00, 0x07, 0xFF, 0x00, 0x00, 0x00, 0x00, 0x07, 0xFF, 0x00, 0x00, 0x00, 0x00, 0x03, 0xFF, 0x80, 0x00, 0x00, 0x00, 0x03, 0xFF, 0x80, 0x00, 0x00, 0x00, 0x03, 0xFF, 0xC0, 0x00, 0x00, 0x00, 0x01, 0xFF, 0xC0, 0x00, 0x00, 0x00, 0x01, 0xFF, 0xC0, 0x00, 0x00, 0x00, 0x00, 0xFF, 0xE0, 0x00, 0x00, 0x00, 0x00, 0xFF, 0xE0, 0x00, 0x00, 0x00, 0x00, 0x7F, 0xF0, 0x00, 0x00, 0x00, 0x00, 0x7F, 0xF0, 0x00, 0x00, 0x00, 0x00, 0x3F, 0xF8, 0x00, 0x00, 0x00, 0x00, 0x3F, 0xF8, 0x00, 0x00, 0x00, 0x00, 0x3F, 0xFC, 0x00, 0x00, 0x00, 0x00, 0x1F, 0xFC, 0x00, 0x00, 0x00, 0x00, 0x1F, 0xFC, 0x00, 0x00, 0x00, 0x00, 0x0F, 0xFE, 0x00, 0x00, 0x00, 0x00, 0x0F, 0xFE, 0x00, 0x00, 0x00, 0x00, 0x07, 0xFF, 0x00, 0x00, 0x00, 0x00, 0x07, 0xFF, 0x00, 0x00, 0x00, 0x00, 0x07, 0xFF, 0x80, 0x00, 0x00, 0x00, 0x03, 0xFF, 0x80, 0x00, 0x00, 0x00, 0x03, 0xFF, 0x80, 0x00, 0x00, 0x00, 0x01, 0xFF, 0xC0, 0x00, 0x00, 0x00, 0x01, 0xFF, 0xC0, 0x00, 0x00, 0x00, 0x00, 0xFF, 0xE0, 0x00, 0x00, 0x00, 0x00, 0xFF, 0xE0, 0x00, 0x00, 0x00, 0x00, 0xFF, 0xF0, 0x00, 0x00, 0x00, 0x00, 0x7F, 0xF0, 0x00, 0x00, 0x00, 0x00, 0x7F, 0xF0, 0x00, 0x00, 0x00, 0x00, 0x3F, 0xF8, 0x00, 0x00, 0x00, 0x00, 0x3F, 0xF8, 0x00, 0x00, 0x00, 0x00, 0x1F, 0xFC, 0x00, 0x00, 0x00, 0x00, 0x1F, 0xFC, 0x00, 0x00, 0x00, 0x00, 0x1F, 0xFE, 0x00, 0x00, 0x00, 0x00, 0x0F, 0xFE, 0x00, 0x00, 0x00, 0x00, 0x0F, 0xFE, 0x00, 0x00, 0x00, 0x00, 0x07, 0xFF, 0x00, 0x00, 0x00, 0x00, 0x07, 0xFF, 0x00, 0x00, 0x00, 0x00, 0x03, 0xFF, 0x80, 0x00, 0x00, 0x00, 0x03, 0xFF, 0x80, 0x00, 0x00, 0x00, 0x03, 0xFF, 0xC0, 0x00, 0x00, 0x00, 0x01, 0xFF, 0xC0, 0x00, 0x00, 0x00, 0x01, 0xFF, 0xC0, 0x00, 0x00, 0x00, 0x00, 0xFF, 0xE0, 0x00, 0x00, 0x00, 0x00, 0xFF, 0xE0, 0x00, 0x00, 0x00, 0x00, 0x7F, 0xF0, 

/* Symbol 0x5D, offset 20739 */
    25, 100, 20,
    0xFF, 0xFF, 0xFF, 0x80, 0xFF, 0xFF, 0xFF, 0x80, 0xFF, 0xFF, 0xFF, 0x80, 0xFF, 0xFF, 0xFF, 0x80, 0xFF, 0xFF, 0xFF, 0x80, 0xFF, 0xFF, 0xFF, 0x80, 0xFF, 0xFF, 0xFF, 0x80, 0xFF, 0xFF, 0xFF, 0x80, 0xFF, 0xFF, 0xFF, 0x80, 0x00, 0x03, 0xFF, 0x80, 0x00, 0x03, 0xFF, 0x80, 0x00, 0x03, 0xFF, 0x80, 0x00, 0x03, 0xFF, 0x80, 0x00, 0x03, 0xFF, 0x80, 0x00, 0x03, 0xFF, 0x80, 0x00, 0x03, 0xFF, 0x80, 0x00, 0x03, 0xFF, 0x80, 0x00, 0x03, 0xFF, 0x80, 0x00, 0x03, 0xFF, 0x80, 0x00, 0x03, 0xFF, 0x80, 0x00, 0x03, 0xFF, 0x80, 0x00, 0x03, 0xFF, 0x80, 0x00, 0x03, 0xFF, 0x80, 0x00, 0x03, 0xFF, 0x80, 0x00, 0x03, 0xFF, 0x80, 0x00, 0x03, 0xFF, 0x80, 0x00, 0x03, 0xFF, 0x80, 0x00, 0x03, 0xFF, 0x80, 0x00, 0x03, 0xFF, 0x80, 0x00, 0x03, 0xFF, 0x80, 0x00, 0x03, 0xFF, 0x80, 0x00, 0x03, 0xFF, 0x80, 0x00, 0x03, 0xFF, 0x80, 0x00, 0x03, 0xFF, 0x80, 0x00, 0x03, 0xFF, 0x80, 0x00, 0x03, 0xFF, 0x80, 0x00, 0x03, 0xFF, 0x80, 0x00, 0x03, 0xFF, 0x80, 0x00, 0x03, 0xFF, 0x80, 0x00, 0x03, 0xFF, 0x80, 0x00, 0x03, 0xFF, 0x80, 0x00, 0x03, 0xFF, 0x80, 0x00, 0x03, 0xFF, 0x80, 0x00, 0x03, 0xFF, 0x80, 0x00, 0x03, 0xFF, 0x80, 0x00, 0x03, 0xFF, 0x80, 0x00, 0x03, 0xFF, 0x80, 0x00, 0x03, 0xFF, 0x80, 0x00, 0x03, 0xFF, 0x80, 0x00, 0x03, 0xFF, 0x80, 0x00, 0x03, 0xFF, 0x80, 0x00, 0x03, 0xFF, 0x80, 0x00, 0x03, 0xFF, 0x80, 0x00, 0x03, 0xFF, 0x80, 0x00, 0x03, 0xFF, 0x80, 0x00, 0x03, 0xFF, 0x80, 0x00, 0x03, 0xFF, 0x80, 0x00, 0x03, 0xFF, 0x80, 0x00, 0x03, 0xFF, 0x80, 0x00, 0x03, 0xFF, 0x80, 0x00, 0x03, 0xFF, 0x80, 0x00, 0x03, 0xFF, 0x80, 0x00, 0x03, 0xFF, 0x80, 0x00, 0x03, 0xFF, 0x80, 0x00, 0x03, 0xFF, 0x80, 0x00, 0x03, 0xFF, 0x80, 0x00, 0x03, 0xFF, 0x80, 0x00, 0x03, 0xFF, 0x80, 0x00, 0x03, 0xFF, 0x80, 0x00, 0x03, 0xFF, 0x80, 0x00, 0x03, 0xFF, 0x80, 0x00, 0x03, 0xFF, 0x80, 0x00, 0x03, 0xFF, 0x80, 0x00, 0x03, 0xFF, 0x80, 0x00, 0x03, 0xFF, 0x80, 0x00, 0x03, 0xFF, 0x80, 0x00, 0x03, 0xFF, 0x80, 0x00, 0x03, 0xFF, 0x80, 0xFF, 0xFF, 0xFF, 0x80, 0xFF, 0xFF, 0xFF, 0x80, 

/* Symbol 0x5E, offset 21062 */
    44, 57, 27,
    0x00, 0x00, 0x7F, 0xC0, 0x00, 0x00, 0x00, 0x00, 0xFF, 0xE0, 0x00, 0x00, 0x00, 0x00, 0xFF, 0xF0, 0x00, 0x00, 0x00, 0x01, 0xFF, 0xF0, 0x00, 0x00, 0x00, 0x01, 0xFF, 0xF8, 0x00, 0x00, 0x00, 0x03, 0xFF, 0xF8, 0x00, 0x00, 0x00, 0x07, 0xFF, 0xFC, 0x00, 0x00, 0x00, 0x07, 0xFF, 0xFE, 0x00, 0x00, 0x00, 0x0F, 0xFB, 0xFE, 0x00, 0x00, 0x00, 0x0F, 0xFB, 0xFF, 0x00, 0x00, 0x00, 0x1F, 0xF1, 0xFF, 0x80, 0x00, 0x00, 0x1F, 0xF1, 0xFF, 0x80, 0x00, 0x00, 0x3F, 0xE0, 0xFF, 0xC0, 0x00, 0x00, 0x7F, 0xE0, 0xFF, 0xC0, 0x00, 0x00, 0x7F, 0xC0, 0x7F, 0xE0, 0x00, 0x00, 0xFF, 0xC0, 0x7F, 0xF0, 0x00, 0x00, 0xFF, 0x80, 0x3F, 0xF0, 0x00, 0x01, 0xFF, 0x00, 0x1F, 0xF8, 0x00, 0x03, 0xFF, 0x00, 0x1F, 0xF8, 0x00, 0x03, 0xFE, 0x00, 0x0F, 0xFC, 0x00, 0x07, 0xFE, 0x00, 0x0F, 0xFE, 0x00, 0x07, 0xFC, 0x00, 0x07, 0xFE, 0x00, 0x0F, 0xFC, 0x00, 0x07, 0xFF, 0x00, 0x1F, 0xF8, 0x00, 0x03, 0xFF, 0x80, 0x1F, 0xF8, 0x00, 0x03, 0xFF, 0x80, 0x3F, 0xF0, 0x00, 0x01, 0xFF, 0xC0, 0x3F, 0xE0, 0x00, 0x00, 0xFF, 0xC0, 0x7F, 0xE0, 0x00, 0x00, 0xFF, 0xE0, 0xFF, 0xC0, 0x00, 0x00, 0x7F, 0xF0, 0xFF, 0xC0, 0x00, 0x00, 0x7F, 0xF0, 

/* Symbol 0x5F, offset 21245 */
    53, 100, 98,
    0xFF, 0xFF, 0xFF, 0xFF, 0xFF, 0xFF, 0xF8, 0xFF, 0xFF, 0xFF, 0xFF, 0xFF, 0xFF, 0xF8, 

/* Symbol 0x60, offset 21262 */
    26, 34, 22,
    0xFF, 0xFE, 0x00, 0x00, 0x7F, 0xFF, 0x00, 0x00, 0x3F, 0xFF, 0x80, 0x00, 0x0F, 0xFF, 0xC0, 0x00, 0x07, 0xFF, 0xE0, 0x00, 0x03, 0xFF, 0xF0, 0x00, 0x00, 0xFF, 0xF8, 0x00, 0x00, 0x7F, 0xFC, 0x00, 0x00, 0x3F, 0xFE, 0x00, 0x00, 0x0F, 0xFF, 0x00, 0x00, 0x07, 0xFF, 0x80, 0x00, 0x03, 0xFF, 0xC0, 

/* Symbol 0x61, offset 21313 */
    41, 89, 39,
    0x00, 0x01, 0xFF, 0xF0, 0x00, 0x00, 0x00, 0x3F, 0xFF, 0xFF, 0x00, 0x00, 0x01, 0xFF, 0xFF, 0xFF, 0xC0, 0x00, 0x07, 0xFF, 0xFF, 0xFF, 0xF0, 0x00, 0x0F, 0xFF, 0xFF, 0xFF, 0xF8, 0x00, 0x0F, 0xFF, 0xFF, 0xFF, 0xFC, 0x00, 0x0F, 0xFF, 0xFF, 0xFF, 0xFC, 0x00, 0x0F, 0xFF, 0xFF, 0xFF, 0xFE, 0x00, 0x0F, 0xFF, 0xFF, 0xFF, 0xFF, 0x00, 0x0F, 0xFE, 0x00, 0x7F, 0xFF, 0x00, 0x0F, 0xC0, 0x00, 0x1F, 0xFF, 0x00, 0x0E, 0x00, 0x00, 0x0F, 0xFF, 0x80, 0x08, 0x00, 0x00, 0x07, 0xFF, 0x80, 0x00, 0x00, 0x00, 0x07, 0xFF, 0x80, 0x00, 0x00, 0x00, 0x03, 0xFF, 0x80, 0x00, 0x00, 0x00, 0x03, 0xFF, 0x80, 0x00, 0x00, 0x00, 0x03, 0xFF, 0x80, 0x00, 0x00, 0x00, 0x03, 0xFF, 0x80, 0x00, 0x00, 0x00, 0x03, 0xFF, 0x80, 0x00, 0x00, 0x00, 0x03, 0xFF, 0x80, 0x00, 0x00, 0xFF, 0xFF, 0xFF, 0x80, 0x00, 0x0F, 0xFF, 0xFF, 0xFF, 0x80, 0x00, 0x7F, 0xFF, 0xFF, 0xFF, 0x80, 0x01, 0xFF, 0xFF, 0xFF, 0xFF, 0x80, 0x03, 0xFF, 0xFF, 0xFF, 0xFF, 0x80, 0x0F, 0xFF, 0xFF, 0xFF, 0xFF, 0x80, 0x1F, 0xFF, 0xFF, 0xFF, 0xFF, 0x80, 0x1F, 0xFF, 0xFF, 0xFF, 0xFF, 0x80, 0x3F, 0xFF, 0xC0, 0x03, 0xFF, 0x80, 0x7F, 0xFE, 0x00, 0x03, 0xFF, 0x80, 0x7F, 0xFC, 0x00, 0x03, 0xFF, 0x80, 0x7F, 0xF8, 0x00, 0x03, 0xFF, 0x80, 0xFF, 0xF8, 0x00, 0x03, 0xFF, 0x80, 0xFF, 0xF0, 0x00, 0x03, 0xFF, 0x80, 0xFF, 0xF0, 0x00, 0x03, 0xFF, 0x80, 0xFF, 0xF0, 0x00, 0x07, 0xFF, 0x80, 0xFF, 0xF0, 0x00, 0x0F, 0xFF, 0x80, 0xFF, 0xF0, 0x00, 0x1F, 0xFF, 0x80, 0xFF, 0xF8, 0x00, 0x7F, 0xFF, 0x80, 0xFF, 0xFC, 0x00, 0xFF, 0xFF, 0x80, 0x7F, 0xFF, 0x03, 0xFF, 0xFF, 0x80, 0x7F, 0xFF, 0xFF, 0xFF, 0xFF, 0x80, 0x7F, 0xFF, 0xFF, 0xFF, 0xFF, 0x80, 0x3F, 0xFF, 0xFF, 0xFF, 0xFF, 0x80, 0x1F, 0xFF, 0xFF, 0xFD, 0xFF, 0x80, 0x1F, 0xFF, 0xFF, 0xF1, 0xFF, 0x80, 0x0F, 0xFF, 0xFF, 0xE0, 0xFF, 0x80, 0x03, 0xFF, 0xFF, 0x80, 0xFF, 0x80, 0x00, 0xFF, 0xFE, 0x00, 0xFF, 0x80, 0x00, 0x3F, 0xF0, 0x00, 0x00, 0x00, 

/* Symbol 0x62, offset 21616 */
    43, 89, 22,
    0xFF, 0xE0, 0x00, 0x00, 0x00, 0x00, 0xFF, 0xE0, 0x00, 0x00, 0x00, 0x00, 0xFF, 0xE0, 0x00, 0x00, 0x00, 0x00, 0xFF, 0xE0, 0x00, 0x00, 0x00, 0x00, 0xFF, 0xE0, 0x00, 0x00, 0x00, 0x00, 0xFF, 0xE0, 0x00, 0x00, 0x00, 0x00, 0xFF, 0xE0, 0x00, 0x00, 0x00, 0x00, 0xFF, 0xE0, 0x00, 0x00, 0x00, 0x00, 0xFF, 0xE0, 0x00, 0x00, 0x00, 0x00, 0xFF, 0xE0, 0x00, 0x00, 0x00, 0x00, 0xFF, 0xE0, 0x00, 0x00, 0x00, 0x00, 0xFF, 0xE0, 0x00, 0x00, 0x00, 0x00, 0xFF, 0xE0, 0x00, 0x00, 0x00, 0x00, 0xFF, 0xE0, 0x00, 0x00, 0x00, 0x00, 0xFF, 0xE0, 0x00, 0x00, 0x00, 0x00, 0xFF, 0xE0, 0x00, 0x00, 0x00, 0x00, 0xFF, 0xE0, 0x00, 0x00, 0x00, 0x00, 0xFF, 0xE0, 0x07, 0xF8, 0x00, 0x00, 0xFF, 0xE0, 0x3F, 0xFF, 0x00, 0x00, 0xFF, 0xE0, 0xFF, 0xFF, 0xC0, 0x00, 0xFF, 0xE3, 0xFF, 0xFF, 0xE0, 0x00, 0xFF, 0xE7, 0xFF, 0xFF, 0xF8, 0x00, 0xFF, 0xEF, 0xFF, 0xFF, 0xFC, 0x00, 0xFF, 0xFF, 0xFF, 0xFF, 0xFC, 0x00, 0xFF, 0xFF, 0xFF, 0xFF, 0xFE, 0x00, 0xFF, 0xFF, 0xFF, 0xFF, 0xFF, 0x00, 0xFF, 0xFF, 0xFF, 0xFF, 0xFF, 0x00, 0xFF, 0xFF, 0xF0, 0x7F, 0xFF, 0x80, 0xFF, 0xFF, 0xC0, 0x1F, 0xFF, 0x80, 0xFF, 0xFF, 0x80, 0x0F, 0xFF, 0x80, 0xFF, 0xFF, 0x00, 0x07, 0xFF, 0xC0, 0xFF, 0xFE, 0x00, 0x07, 0xFF, 0xC0, 0xFF, 0xFC, 0x00, 0x03, 0xFF, 0xC0, 0xFF, 0xF8, 0x00, 0x03, 0xFF, 0xC0, 0xFF, 0xF0, 0x00, 0x03, 0xFF, 0xE0, 0xFF, 0xE0, 0x00, 0x01, 0xFF, 0xE0, 0xFF, 0xE0, 0x00, 0x01, 0xFF, 0xE0, 0xFF, 0xE0, 0x00, 0x01, 0xFF, 0xE0, 0xFF, 0xE0, 0x00, 0x01, 0xFF, 0xE0, 0xFF, 0xE0, 0x00, 0x01, 0xFF, 0xE0, 0xFF, 0xE0, 0x00, 0x01, 0xFF, 0xE0, 0xFF, 0xE0, 0x00, 0x01, 0xFF, 0xE0, 0xFF, 0xE0, 0x00, 0x01, 0xFF, 0xE0, 0xFF, 0xE0, 0x00, 0x01, 0xFF, 0xE0, 0xFF, 0xE0, 0x00, 0x01, 0xFF, 0xE0, 0xFF, 0xE0, 0x00, 0x01, 0xFF, 0xE0, 0xFF, 0xE0, 0x00, 0x01, 0xFF, 0xE0, 0xFF, 0xE0, 0x00, 0x03, 0xFF, 0xE0, 0xFF, 0xE0, 0x00, 0x03, 0xFF, 0xC0, 0xFF, 0xE0, 0x00, 0x03, 0xFF, 0xC0, 0xFF, 0xE0, 0x00, 0x07, 0xFF, 0xC0, 0xFF, 0xE0, 0x00, 0x07, 0xFF, 0xC0, 0xFF, 0xE0, 0x00, 0x0F, 0xFF, 0x80, 0xFF, 0xE0, 0x00, 0x0F, 0xFF, 0x80, 0xFF, 0xE0, 0x00, 0x1F, 0xFF, 0x00, 0xFF, 0xE0, 0x00, 0x3F, 0xFF, 0x00, 0xFF, 0xE0, 0x00, 0xFF, 0xFE, 0x00, 0xFF, 0xF8, 0x03, 0xFF, 0xFE, 0x00, 0xFF, 0xFF, 0xFF, 0xFF, 0xFC, 0x00, 0xFF, 0xFF, 0xFF, 0xFF, 0xF8, 0x00, 0xFF, 0xFF, 0xFF, 0xFF, 0xF0, 0x00, 0xFF, 0xFF, 0xFF, 0xFF, 0xE0, 0x00, 0xFF, 0xFF, 0xFF, 0xFF, 0xC0, 0x00, 0xFF, 0xFF, 0xFF, 0xFF, 0x00, 0x00, 0x7F, 0xFF, 0xFF, 0xFE, 0x00, 0x00, 0x07, 0xFF, 0xFF, 0xF0, 0x00, 0x00, 0x00, 0x3F, 0xFF, 0x00, 0x00, 0x00, 

/* Symbol 0x63, offset 22021 */
    39, 89, 39,
    0x00, 0x00, 0x0F, 0xFF, 0x80, 0x00, 0x00, 0xFF, 0xFF, 0xF8, 0x00, 0x07, 0xFF, 0xFF, 0xFE, 0x00, 0x1F, 0xFF, 0xFF, 0xFE, 0x00, 0x3F, 0xFF, 0xFF, 0xFE, 0x00, 0x7F, 0xFF, 0xFF, 0xFE, 0x01, 0xFF, 0xFF, 0xFF, 0xFE, 0x03, 0xFF, 0xFF, 0xFF, 0xFE, 0x03, 0xFF, 0xFF, 0xFF, 0xFE, 0x07, 0xFF, 0xFF, 0xFF, 0xFE, 0x0F, 0xFF, 0xFC, 0x01, 0xFE, 0x1F, 0xFF, 0xE0, 0x00, 0x1E, 0x1F, 0xFF, 0xC0, 0x00, 0x02, 0x3F, 0xFF, 0x00, 0x00, 0x00, 0x3F, 0xFE, 0x00, 0x00, 0x00, 0x3F, 0xFE, 0x00, 0x00, 0x00, 0x7F, 0xFC, 0x00, 0x00, 0x00, 0x7F, 0xF8, 0x00, 0x00, 0x00, 0x7F, 0xF8, 0x00, 0x00, 0x00, 0x7F, 0xF8, 0x00, 0x00, 0x00, 0xFF, 0xF0, 0x00, 0x00, 0x00, 0xFF, 0xF0, 0x00, 0x00, 0x00, 0xFF, 0xF0, 0x00, 0x00, 0x00, 0xFF, 0xF0, 0x00, 0x00, 0x00, 0xFF, 0xF0, 0x00, 0x00, 0x00, 0xFF, 0xF0, 0x00, 0x00, 0x00, 0xFF, 0xF0, 0x00, 0x00, 0x00, 0xFF, 0xF0, 0x00, 0x00, 0x00, 0xFF, 0xF0, 0x00, 0x00, 0x00, 0xFF, 0xF0, 0x00, 0x00, 0x00, 0xFF, 0xF8, 0x00, 0x00, 0x00, 0xFF, 0xF8, 0x00, 0x00, 0x00, 0x7F, 0xF8, 0x00, 0x00, 0x00, 0x7F, 0xFC, 0x00, 0x00, 0x00, 0x7F, 0xFE, 0x00, 0x00, 0x00, 0x7F, 0xFE, 0x00, 0x00, 0x00, 0x3F, 0xFF, 0x00, 0x00, 0x00, 0x3F, 0xFF, 0xC0, 0x00, 0x02, 0x1F, 0xFF, 0xE0, 0x00, 0x1E, 0x1F, 0xFF, 0xFC, 0x01, 0xFE, 0x0F, 0xFF, 0xFF, 0xFF, 0xFE, 0x07, 0xFF, 0xFF, 0xFF, 0xFE, 0x07, 0xFF, 0xFF, 0xFF, 0xFE, 0x03, 0xFF, 0xFF, 0xFF, 0xFE, 0x01, 0xFF, 0xFF, 0xFF, 0xFE, 0x00, 0x7F, 0xFF, 0xFF, 0xFE, 0x00, 0x3F, 0xFF, 0xFF, 0xFE, 0x00, 0x0F, 0xFF, 0xFF, 0xFC, 0x00, 0x03, 0xFF, 0xFF, 0xE0, 0x00, 0x00, 0x3F, 0xFE, 0x00, 

/* Symbol 0x64, offset 22274 */
    42, 89, 22,
    0x00, 0x00, 0x00, 0x01, 0xFF, 0xC0, 0x00, 0x00, 0x00, 0x01, 0xFF, 0xC0, 0x00, 0x00, 0x00, 0x01, 0xFF, 0xC0, 0x00, 0x00, 0x00, 0x01, 0xFF, 0xC0, 0x00, 0x00, 0x00, 0x01, 0xFF, 0xC0, 0x00, 0x00, 0x00, 0x01, 0xFF, 0xC0, 0x00, 0x00, 0x00, 0x01, 0xFF, 0xC0, 0x00, 0x00, 0x00, 0x01, 0xFF, 0xC0, 0x00, 0x00, 0x00, 0x01, 0xFF, 0xC0, 0x00, 0x00, 0x00, 0x01, 0xFF, 0xC0, 0x00, 0x00, 0x00, 0x01, 0xFF, 0xC0, 0x00, 0x00, 0x00, 0x01, 0xFF, 0xC0, 0x00, 0x00, 0x00, 0x01, 0xFF, 0xC0, 0x00, 0x00, 0x00, 0x01, 0xFF, 0xC0, 0x00, 0x00, 0x00, 0x01, 0xFF, 0xC0, 0x00, 0x00, 0x00, 0x01, 0xFF, 0xC0, 0x00, 0x00, 0x00, 0x01, 0xFF, 0xC0, 0x00, 0x00, 0x1F, 0xF9, 0xFF, 0xC0, 0x00, 0x01, 0xFF, 0xFF, 0xFF, 0xC0, 0x00, 0x0F, 0xFF, 0xFF, 0xFF, 0xC0, 0x00, 0x3F, 0xFF, 0xFF, 0xFF, 0xC0, 0x00, 0x7F, 0xFF, 0xFF, 0xFF, 0xC0, 0x00, 0xFF, 0xFF, 0xFF, 0xFF, 0xC0, 0x01, 0xFF, 0xFF, 0xFF, 0xFF, 0xC0, 0x03, 0xFF, 0xFF, 0xFF, 0xFF, 0xC0, 0x07, 0xFF, 0xFF, 0xFF, 0xFF, 0xC0, 0x0F, 0xFF, 0xF0, 0x07, 0xFF, 0xC0, 0x0F, 0xFF, 0xC0, 0x01, 0xFF, 0xC0, 0x1F, 0xFF, 0x80, 0x01, 0xFF, 0xC0, 0x1F, 0xFF, 0x00, 0x01, 0xFF, 0xC0, 0x3F, 0xFE, 0x00, 0x01, 0xFF, 0xC0, 0x3F, 0xFC, 0x00, 0x01, 0xFF, 0xC0, 0x7F, 0xFC, 0x00, 0x01, 0xFF, 0xC0, 0x7F, 0xF8, 0x00, 0x01, 0xFF, 0xC0, 0x7F, 0xF8, 0x00, 0x01, 0xFF, 0xC0, 0x7F, 0xF8, 0x00, 0x01, 0xFF, 0xC0, 0xFF, 0xF8, 0x00, 0x01, 0xFF, 0xC0, 0xFF, 0xF0, 0x00, 0x01, 0xFF, 0xC0, 0xFF, 0xF0, 0x00, 0x01, 0xFF, 0xC0, 0xFF, 0xF0, 0x00, 0x01, 0xFF, 0xC0, 0xFF, 0xF0, 0x00, 0x01, 0xFF, 0xC0, 0xFF, 0xF0, 0x00, 0x01, 0xFF, 0xC0, 0xFF, 0xF0, 0x00, 0x01, 0xFF, 0xC0, 0xFF, 0xF0, 0x00, 0x01, 0xFF, 0xC0, 0xFF, 0xF0, 0x00, 0x01, 0xFF, 0xC0, 0xFF, 0xF0, 0x00, 0x01, 0xFF, 0xC0, 0xFF, 0xF0, 0x00, 0x01, 0xFF, 0xC0, 0xFF, 0xF0, 0x00, 0x01, 0xFF, 0xC0, 0xFF, 0xF0, 0x00, 0x01, 0xFF, 0xC0, 0xFF, 0xF8, 0x00, 0x03, 0xFF, 0xC0, 0x7F, 0xF8, 0x00, 0x07, 0xFF, 0xC0, 0x7F, 0xF8, 0x00, 0x0F, 0xFF, 0xC0, 0x7F, 0xFC, 0x00, 0x0F, 0xFF, 0xC0, 0x7F, 0xFC, 0x00, 0x1F, 0xFF, 0xC0, 0x3F, 0xFE, 0x00, 0x3F, 0xFF, 0xC0, 0x3F, 0xFF, 0x00, 0xFF, 0xFF, 0xC0, 0x3F, 0xFF, 0x81, 0xFF, 0xFF, 0xC0, 0x1F, 0xFF, 0xFF, 0xFF, 0xFF, 0xC0, 0x1F, 0xFF, 0xFF, 0xFF, 0xFF, 0xC0, 0x0F, 0xFF, 0xFF, 0xFF, 0xFF, 0xC0, 0x07, 0xFF, 0xFF, 0xFE, 0xFF, 0xC0, 0x07, 0xFF, 0xFF, 0xFC, 0xFF, 0xC0, 0x03, 0xFF, 0xFF, 0xF8, 0xFF, 0xC0, 0x01, 0xFF, 0xFF, 0xF0, 0xFF, 0xC0, 0x00, 0x7F, 0xFF, 0xC0, 0xFF, 0xC0, 0x00, 0x3F, 0xFF, 0x00, 0x7F, 0xC0, 0x00, 0x07, 0xFC, 0x00, 0x00, 0x00, 

/* Symbol 0x65, offset 22679 */
    44, 89, 39,
    0x00, 0x00, 0x3F, 0xF0, 0x00, 0x00, 0x00, 0x03, 0xFF, 0xFF, 0x00, 0x00, 0x00, 0x0F, 0xFF, 0xFF, 0xC0, 0x00, 0x00, 0x3F, 0xFF, 0xFF, 0xF0, 0x00, 0x00, 0x7F, 0xFF, 0xFF, 0xF8, 0x00, 0x00, 0xFF, 0xFF, 0xFF, 0xFC, 0x00, 0x01, 0xFF, 0xFF, 0xFF, 0xFE, 0x00, 0x03, 0xFF, 0xFF, 0xFF, 0xFF, 0x00, 0x07, 0xFF, 0xFF, 0xFF, 0xFF, 0x80, 0x0F, 0xFF, 0xE0, 0x3F, 0xFF, 0x80, 0x0F, 0xFF, 0x80, 0x0F, 0xFF, 0xC0, 0x1F, 0xFF, 0x00, 0x07, 0xFF, 0xC0, 0x1F, 0xFE, 0x00, 0x03, 0xFF, 0xE0, 0x3F, 0xFC, 0x00, 0x01, 0xFF, 0xE0, 0x3F, 0xFC, 0x00, 0x01, 0xFF, 0xE0, 0x3F, 0xF8, 0x00, 0x01, 0xFF, 0xE0, 0x7F, 0xF8, 0x00, 0x00, 0xFF, 0xF0, 0x7F, 0xF8, 0x00, 0x00, 0xFF, 0xF0, 0x7F, 0xF0, 0x00, 0x00, 0xFF, 0xF0, 0x7F, 0xF0, 0x00, 0x00, 0xFF, 0xF0, 0xFF, 0xFF, 0xFF, 0xFF, 0xFF, 0xF0, 0xFF, 0xFF, 0xFF, 0xFF, 0xFF, 0xF0, 0xFF, 0xFF, 0xFF, 0xFF, 0xFF, 0xF0, 0xFF, 0xFF, 0xFF, 0xFF, 0xFF, 0xF0, 0xFF, 0xFF, 0xFF, 0xFF, 0xFF, 0xF0, 0xFF, 0xFF, 0xFF, 0xFF, 0xFF, 0xF0, 0xFF, 0xFF, 0xFF, 0xFF, 0xFF, 0xF0, 0xFF, 0xFF, 0xFF, 0xFF, 0xFF, 0xF0, 0xFF, 0xF0, 0x00, 0x00, 0x00, 0x00, 0xFF, 0xF0, 0x00, 0x00, 0x00, 0x00, 0xFF, 0xF0, 0x00, 0x00, 0x00, 0x00, 0xFF, 0xF0, 0x00, 0x00, 0x00, 0x00, 0x7F, 0xF8, 0x00, 0x00, 0x00, 0x00, 0x7F, 0xF8, 0x00, 0x00, 0x00, 0x00, 0x7F, 0xF8, 0x00, 0x00, 0x00, 0x00, 0x7F, 0xFC, 0x00, 0x00, 0x00, 0x00, 0x3F, 0xFE, 0x00, 0x00, 0x00, 0x00, 0x3F, 0xFF, 0x00, 0x00, 0x00, 0x00, 0x1F, 0xFF, 0x80, 0x00, 0x00, 0x00, 0x1F, 0xFF, 0xC0, 0x00, 0x01, 0x80, 0x0F, 0xFF, 0xF8, 0x00, 0x7F, 0x80, 0x0F, 0xFF, 0xFF, 0xFF, 0xFF, 0x80, 0x07, 0xFF, 0xFF, 0xFF, 0xFF, 0x80, 0x03, 0xFF, 0xFF, 0xFF, 0xFF, 0x80, 0x01, 0xFF, 0xFF, 0xFF, 0xFF, 0x80, 0x00, 0xFF, 0xFF, 0xFF, 0xFF, 0x80, 0x00, 0x3F, 0xFF, 0xFF, 0xFF, 0x80, 0x00, 0x1F, 0xFF, 0xFF, 0xFF, 0x80, 0x00, 0x03, 0xFF, 0xFF, 0xFE, 0x00, 0x00, 0x00, 0x3F, 0xFF, 0x00, 0x00, 

/* Symbol 0x66, offset 22982 */
    45, 88, 21,
    0x00, 0x00, 0x00, 0x0F, 0xFE, 0x00, 0x00, 0x00, 0x00, 0xFF, 0xFF, 0xE0, 0x00, 0x00, 0x03, 0xFF, 0xFF, 0xF8, 0x00, 0x00, 0x0F, 0xFF, 0xFF, 0xF8, 0x00, 0x00, 0x1F, 0xFF, 0xFF, 0xF8, 0x00, 0x00, 0x3F, 0xFF, 0xFF, 0xF8, 0x00, 0x00, 0x7F, 0xFF, 0xFF, 0xF8, 0x00, 0x00, 0xFF, 0xFF, 0xFF, 0xF8, 0x00, 0x01, 0xFF, 0xFF, 0xFF, 0xF8, 0x00, 0x01, 0xFF, 0xFE, 0x00, 0xF8, 0x00, 0x03, 0xFF, 0xF8, 0x00, 0x08, 0x00, 0x03, 0xFF, 0xE0, 0x00, 0x00, 0x00, 0x03, 0xFF, 0xE0, 0x00, 0x00, 0x00, 0x03, 0xFF, 0xC0, 0x00, 0x00, 0x00, 0x07, 0xFF, 0xC0, 0x00, 0x00, 0x00, 0x07, 0xFF, 0x80, 0x00, 0x00, 0x00, 0x07, 0xFF, 0x80, 0x00, 0x00, 0x00, 0x07, 0xFF, 0x80, 0x00, 0x00, 0x00, 0x07, 0xFF, 0x80, 0x00, 0x00, 0x00, 0x07, 0xFF, 0x80, 0x00, 0x00, 0x00, 0x07, 0xFF, 0x80, 0x00, 0x00, 0x00, 0x07, 0xFF, 0x80, 0x00, 0x00, 0x00, 0x07, 0xFF, 0x80, 0x00, 0x00, 0x00, 0x07, 0xFF, 0x80, 0x00, 0x00, 0x00, 0x07, 0xFF, 0x80, 0x00, 0x00, 0x00, 0x07, 0xFF, 0x80, 0x00, 0x00, 0xFF, 0xFF, 0xFF, 0xFF, 0xFF, 0xF0, 0xFF, 0xFF, 0xFF, 0xFF, 0xFF, 0xF0, 0xFF, 0xFF, 0xFF, 0xFF, 0xFF, 0xF0, 0xFF, 0xFF, 0xFF, 0xFF, 0xFF, 0xF0, 0xFF, 0xFF, 0xFF, 0xFF, 0xFF, 0xF0, 0xFF, 0xFF, 0xFF, 0xFF, 0xFF, 0xF0, 0xFF, 0xFF, 0xFF, 0xFF, 0xFF, 0xF0, 0xFF, 0xFF, 0xFF, 0xFF, 0xFF, 0xF0, 0xFF, 0xFF, 0xFF, 0xFF, 0xFF, 0xF0, 0x00, 0x07, 0xFF, 0x80, 0x00, 0x00, 0x00, 0x07, 0xFF, 0x80, 0x00, 0x00, 0x00, 0x07, 0xFF, 0x80, 0x00, 0x00, 0x00, 0x07, 0xFF, 0x80, 0x00, 0x00, 0x00, 0x07, 0xFF, 0x80, 0x00, 0x00, 0x00, 0x07, 0xFF, 0x80, 0x00, 0x00, 0x00, 0x07, 0xFF, 0x80, 0x00, 0x00, 0x00, 0x07, 0xFF, 0x80, 0x00, 0x00, 0x00, 0x07, 0xFF, 0x80, 0x00, 0x00, 0x00, 0x07, 0xFF, 0x80, 0x00, 0x00, 0x00, 0x07, 0xFF, 0x80, 0x00, 0x00, 0x00, 0x07, 0xFF, 0x80, 0x00, 0x00, 0x00, 0x07, 0xFF, 0x80, 0x00, 0x00, 0x00, 0x07, 0xFF, 0x80, 0x00, 0x00, 0x00, 0x07, 0xFF, 0x80, 0x00, 0x00, 0x00, 0x07, 0xFF, 0x80, 0x00, 0x00, 0x00, 0x07, 0xFF, 0x80, 0x00, 0x00, 0x00, 0x07, 0xFF, 0x80, 0x00, 0x00, 0x00, 0x07, 0xFF, 0x80, 0x00, 0x00, 0x00, 0x07, 0xFF, 0x80, 0x00, 0x00, 0x00, 0x07, 0xFF, 0x80, 0x00, 0x00, 0x00, 0x07, 0xFF, 0x80, 0x00, 0x00, 0x00, 0x07, 0xFF, 0x80, 0x00, 0x00, 0x00, 0x07, 0xFF, 0x80, 0x00, 0x00, 0x00, 0x07, 0xFF, 0x80, 0x00, 0x00, 0x00, 0x07, 0xFF, 0x80, 0x00, 0x00, 0x00, 0x07, 0xFF, 0x80, 0x00, 0x00, 0x00, 0x07, 0xFF, 0x80, 0x00, 0x00, 0x00, 0x07, 0xFF, 0x80, 0x00, 0x00, 0x00, 0x07, 0xFF, 0x80, 0x00, 0x00, 0x00, 0x07, 0xFF, 0x80, 0x00, 0x00, 0x00, 0x07, 0xFF, 0x80, 0x00, 0x00, 

/* Symbol 0x67, offset 23387 */
    46, 100, 39,
    0x00, 0x00, 0x7F, 0xF0, 0x00, 0x00, 0x00, 0x07, 0xFF, 0xFF, 0xFF, 0xFC, 0x00, 0x1F, 0xFF, 0xFF, 0xFF, 0xFC, 0x00, 0x3F, 0xFF, 0xFF, 0xFF, 0xFC, 0x00, 0xFF, 0xFF, 0xFF, 0xFF, 0xFC, 0x01, 0xFF, 0xFF, 0xFF, 0xFF, 0xFC, 0x03, 0xFF, 0xFF, 0xFF, 0xFF, 0xFC, 0x03, 0xFF, 0xFF, 0xFF, 0xFF, 0xFC, 0x07, 0xFF, 0xE0, 0x7F, 0xFF, 0xFC, 0x07, 0xFF, 0x80, 0x1F, 0xFE, 0x00, 0x0F, 0xFF, 0x00, 0x0F, 0xFF, 0x00, 0x0F, 0xFE, 0x00, 0x07, 0xFF, 0x00, 0x1F, 0xFE, 0x00, 0x07, 0xFF, 0x00, 0x1F, 0xFC, 0x00, 0x03, 0xFF, 0x80, 0x1F, 0xFC, 0x00, 0x03, 0xFF, 0x80, 0x1F, 0xFC, 0x00, 0x03, 0xFF, 0x80, 0x1F, 0xFC, 0x00, 0x03, 0xFF, 0x80, 0x1F, 0xFC, 0x00, 0x03, 0xFF, 0x80, 0x1F, 0xFC, 0x00, 0x03, 0xFF, 0x80, 0x1F, 0xFC, 0x00, 0x03, 0xFF, 0x80, 0x1F, 0xFE, 0x00, 0x07, 0xFF, 0x80, 0x0F, 0xFE, 0x00, 0x07, 0xFF, 0x00, 0x0F, 0xFF, 0x00, 0x0F, 0xFF, 0x00, 0x0F, 0xFF, 0x80, 0x1F, 0xFF, 0x00, 0x07, 0xFF, 0xE0, 0x7F, 0xFE, 0x00, 0x03, 0xFF, 0xFF, 0xFF, 0xFE, 0x00, 0x03, 0xFF, 0xFF, 0xFF, 0xFC, 0x00, 0x01, 0xFF, 0xFF, 0xFF, 0xF8, 0x00, 0x03, 0xFF, 0xFF, 0xFF, 0xF0, 0x00, 0x07, 0xFF, 0xFF, 0xFF, 0xE0, 0x00, 0x07, 0xFF, 0xFF, 0xFF, 0x80, 0x00, 0x0F, 0xFD, 0xFF, 0xFE, 0x00, 0x00, 0x1F, 0xF8, 0x7F, 0xE0, 0x00, 0x00, 0x1F, 0xF0, 0x00, 0x00, 0x00, 0x00, 0x1F, 0xF0, 0x00, 0x00, 0x00, 0x00, 0x3F, 0xF0, 0x00, 0x00, 0x00, 0x00, 0x3F, 0xF0, 0x00, 0x00, 0x00, 0x00, 0x3F, 0xF8, 0x00, 0x00, 0x00, 0x00, 0x3F, 0xFC, 0x00, 0x00, 0x00, 0x00, 0x3F, 0xFF, 0xC0, 0x00, 0x00, 0x00, 0x3F, 0xFF, 0xFF, 0xFF, 0xC0, 0x00, 0x1F, 0xFF, 0xFF, 0xFF, 0xFC, 0x00, 0x1F, 0xFF, 0xFF, 0xFF, 0xFF, 0x00, 0x0F, 0xFF, 0xFF, 0xFF, 0xFF, 0x80, 0x07, 0xFF, 0xFF, 0xFF, 0xFF, 0xE0, 0x03, 0xFF, 0xFF, 0xFF, 0xFF, 0xF0, 0x03, 0xFF, 0xFF, 0xFF, 0xFF, 0xF0, 0x07, 0xFF, 0xFF, 0xFF, 0xFF, 0xF8, 0x0F, 0xFF, 0xFF, 0xFF, 0xFF, 0xF8, 0x1F, 0xFE, 0x00, 0x03, 0xFF, 0xFC, 0x3F, 0xFC, 0x00, 0x00, 0xFF, 0xFC, 0x7F, 0xF8, 0x00, 0x00, 0x7F, 0xFC, 0x7F, 0xF8, 0x00, 0x00, 0x3F, 0xFC, 0xFF, 0xF0, 0x00, 0x00, 0x3F, 0xFC, 0xFF, 0xF0, 0x00, 0x00, 0x3F, 0xFC, 0xFF, 0xF0, 0x00, 0x00, 0x3F, 0xFC, 0xFF, 0xF0, 0x00, 0x00, 0x7F, 0xF8, 0xFF, 0xF0, 0x00, 0x00, 0x7F, 0xF8, 0xFF, 0xF8, 0x00, 0x00, 0xFF, 0xF8, 0xFF, 0xFC, 0x00, 0x03, 0xFF, 0xF0, 0x7F, 0xFF, 0x80, 0x1F, 0xFF, 0xF0, 

/* Symbol 0x68, offset 23756 */
    39, 88, 22,
    0xFF, 0xE0, 0x00, 0x00, 0x00, 0xFF, 0xE0, 0x00, 0x00, 0x00, 0xFF, 0xE0, 0x00, 0x00, 0x00, 0xFF, 0xE0, 0x00, 0x00, 0x00, 0xFF, 0xE0, 0x00, 0x00, 0x00, 0xFF, 0xE0, 0x00, 0x00, 0x00, 0xFF, 0xE0, 0x00, 0x00, 0x00, 0xFF, 0xE0, 0x00, 0x00, 0x00, 0xFF, 0xE0, 0x00, 0x00, 0x00, 0xFF, 0xE0, 0x00, 0x00, 0x00, 0xFF, 0xE0, 0x00, 0x00, 0x00, 0xFF, 0xE0, 0x00, 0x00, 0x00, 0xFF, 0xE0, 0x00, 0x00, 0x00, 0xFF, 0xE0, 0x00, 0x00, 0x00, 0xFF, 0xE0, 0x00, 0x00, 0x00, 0xFF, 0xE0, 0x00, 0x00, 0x00, 0xFF, 0xE0, 0x00, 0x00, 0x00, 0xFF, 0xE0, 0x0F, 0xF8, 0x00, 0xFF, 0xE0, 0x7F, 0xFF, 0x00, 0xFF, 0xE0, 0xFF, 0xFF, 0x80, 0xFF, 0xE3, 0xFF, 0xFF, 0xC0, 0xFF, 0xE7, 0xFF, 0xFF, 0xE0, 0xFF, 0xEF, 0xFF, 0xFF, 0xF0, 0xFF, 0xDF, 0xFF, 0xFF, 0xF8, 0xFF, 0xFF, 0xFF, 0xFF, 0xF8, 0xFF, 0xFF, 0xFF, 0xFF, 0xFC, 0xFF, 0xFF, 0xFF, 0xFF, 0xFC, 0xFF, 0xFF, 0xF0, 0x7F, 0xFC, 0xFF, 0xFF, 0xC0, 0x3F, 0xFE, 0xFF, 0xFF, 0x00, 0x1F, 0xFE, 0xFF, 0xFE, 0x00, 0x1F, 0xFE, 0xFF, 0xFC, 0x00, 0x0F, 0xFE, 0xFF, 0xFC, 0x00, 0x0F, 0xFE, 0xFF, 0xF8, 0x00, 0x0F, 0xFE, 0xFF, 0xF0, 0x00, 0x0F, 0xFE, 0xFF, 0xE0, 0x00, 0x0F, 0xFE, 0xFF, 0xE0, 0x00, 0x0F, 0xFE, 0xFF, 0xE0, 0x00, 0x0F, 0xFE, 0xFF, 0xE0, 0x00, 0x0F, 0xFE, 0xFF, 0xE0, 0x00, 0x0F, 0xFE, 0xFF, 0xE0, 0x00, 0x0F, 0xFE, 0xFF, 0xE0, 0x00, 0x0F, 0xFE, 0xFF, 0xE0, 0x00, 0x0F, 0xFE, 0xFF, 0xE0, 0x00, 0x0F, 0xFE, 0xFF, 0xE0, 0x00, 0x0F, 0xFE, 0xFF, 0xE0, 0x00, 0x0F, 0xFE, 0xFF, 0xE0, 0x00, 0x0F, 0xFE, 0xFF, 0xE0, 0x00, 0x0F, 0xFE, 0xFF, 0xE0, 0x00, 0x0F, 0xFE, 0xFF, 0xE0, 0x00, 0x0F, 0xFE, 0xFF, 0xE0, 0x00, 0x0F, 0xFE, 0xFF, 0xE0, 0x00, 0x0F, 0xFE, 0xFF, 0xE0, 0x00, 0x0F, 0xFE, 0xFF, 0xE0, 0x00, 0x0F, 0xFE, 0xFF, 0xE0, 0x00, 0x0F, 0xFE, 0xFF, 0xE0, 0x00, 0x0F, 0xFE, 0xFF, 0xE0, 0x00, 0x0F, 0xFE, 0xFF, 0xE0, 0x00, 0x0F, 0xFE, 0xFF, 0xE0, 0x00, 0x0F, 0xFE, 0xFF, 0xE0, 0x00, 0x0F, 0xFE, 0xFF, 0xE0, 0x00, 0x0F, 0xFE, 0xFF, 0xE0, 0x00, 0x0F, 0xFE, 0xFF, 0xE0, 0x00, 0x0F, 0xFE, 0xFF, 0xE0, 0x00, 0x0F, 0xFE, 0xFF, 0xE0, 0x00, 0x0F, 0xFE, 0xFF, 0xE0, 0x00, 0x0F, 0xFE, 

/* Symbol 0x69, offset 24089 */
    41, 88, 19,
    0x00, 0x00, 0x3E, 0x00, 0x00, 0x00, 0x00, 0x00, 0xFF, 0x80, 0x00, 0x00, 0x00, 0x01, 0xFF, 0xC0, 0x00, 0x00, 0x00, 0x03, 0xFF, 0xE0, 0x00, 0x00, 0x00, 0x03, 0xFF, 0xE0, 0x00, 0x00, 0x00, 0x07, 0xFF, 0xF0, 0x00, 0x00, 0x00, 0x07, 0xFF, 0xF0, 0x00, 0x00, 0x00, 0x07, 0xFF, 0xF0, 0x00, 0x00, 0x00, 0x07, 0xFF, 0xF0, 0x00, 0x00, 0x00, 0x07, 0xFF, 0xF0, 0x00, 0x00, 0x00, 0x03, 0xFF, 0xE0, 0x00, 0x00, 0x00, 0x03, 0xFF, 0xE0, 0x00, 0x00, 0x00, 0x01, 0xFF, 0xC0, 0x00, 0x00, 0x00, 0x00, 0xFF, 0x80, 0x00, 0x00, 0x00, 0x00, 0x3E, 0x00, 0x00, 0x00, 0x00, 0x00, 0x00, 0x00, 0x00, 0x00, 0x00, 0x00, 0x00, 0x00, 0x00, 0x00, 0x00, 0x00, 0x00, 0x00, 0x00, 0x00, 0x00, 0x00, 0x00, 0x00, 0x00, 0x00, 0x00, 0x00, 0x00, 0x00, 0x00, 0x00, 0x00, 0x00, 0x00, 0x00, 0x00, 0x00, 0x7F, 0xFF, 0xFF, 0xE0, 0x00, 0x00, 0x7F, 0xFF, 0xFF, 0xE0, 0x00, 0x00, 0x7F, 0xFF, 0xFF, 0xE0, 0x00, 0x00, 0x7F, 0xFF, 0xFF, 0xE0, 0x00, 0x00, 0x7F, 0xFF, 0xFF, 0xE0, 0x00, 0x00, 0x7F, 0xFF, 0xFF, 0xE0, 0x00, 0x00, 0x7F, 0xFF, 0xFF, 0xE0, 0x00, 0x00, 0x7F, 0xFF, 0xFF, 0xE0, 0x00, 0x00, 0x7F, 0xFF, 0xFF, 0xE0, 0x00, 0x00, 0x00, 0x01, 0xFF, 0xE0, 0x00, 0x00, 0x00, 0x01, 0xFF, 0xE0, 0x00, 0x00, 0x00, 0x01, 0xFF, 0xE0, 0x00, 0x00, 0x00, 0x01, 0xFF, 0xE0, 0x00, 0x00, 0x00, 0x01, 0xFF, 0xE0, 0x00, 0x00, 0x00, 0x01, 0xFF, 0xE0, 0x00, 0x00, 0x00, 0x01, 0xFF, 0xE0, 0x00, 0x00, 0x00, 0x01, 0xFF, 0xE0, 0x00, 0x00, 0x00, 0x01, 0xFF, 0xE0, 0x00, 0x00, 0x00, 0x01, 0xFF, 0xE0, 0x00, 0x00, 0x00, 0x01, 0xFF, 0xE0, 0x00, 0x00, 0x00, 0x01, 0xFF, 0xE0, 0x00, 0x00, 0x00, 0x01, 0xFF, 0xE0, 0x00, 0x00, 0x00, 0x01, 0xFF, 0xE0, 0x00, 0x00, 0x00, 0x01, 0xFF, 0xE0, 0x00, 0x00, 0x00, 0x01, 0xFF, 0xE0, 0x00, 0x00, 0x00, 0x01, 0xFF, 0xE0, 0x00, 0x00, 0x00, 0x01, 0xFF, 0xE0, 0x00, 0x00, 0x00, 0x01, 0xFF, 0xE0, 0x00, 0x00, 0x00, 0x01, 0xFF, 0xE0, 0x00, 0x00, 0x00, 0x01, 0xFF, 0xE0, 0x00, 0x00, 0x00, 0x01, 0xFF, 0xE0, 0x00, 0x00, 0x00, 0x01, 0xFF, 0xE0, 0x00, 0x00, 0x00, 0x01, 0xFF, 0xE0, 0x00, 0x00, 0x00, 0x01, 0xFF, 0xE0, 0x00, 0x00, 0x00, 0x01, 0xFF, 0xE0, 0x00, 0x00, 0x00, 0x01, 0xFF, 0xE0, 0x00, 0x00, 0x00, 0x01, 0xFF, 0xE0, 0x00, 0x00, 0x00, 0x01, 0xFF, 0xE0, 0x00, 0x00, 0x00, 0x01, 0xFF, 0xE0, 0x00, 0x00, 0xFF, 0xFF, 0xFF, 0xFF, 0xFF, 0x80, 0xFF, 0xFF, 0xFF, 0xFF, 0xFF, 0x80, 0xFF, 0xFF, 0xFF, 0xFF, 0xFF, 0x80, 0xFF, 0xFF, 0xFF, 0xFF, 0xFF, 0x80, 0xFF, 0xFF, 0xFF, 0xFF, 0xFF, 0x80, 0xFF, 0xFF, 0xFF, 0xFF, 0xFF, 0x80, 0xFF, 0xFF, 0xFF, 0xFF, 0xFF, 0x80, 0xFF, 0xFF, 0xFF, 0xFF, 0xFF, 0x80, 0xFF, 0xFF, 0xFF, 0xFF, 0xFF, 0x80, 

/* Symbol 0x6A, offset 24506 */
    37, 100, 19,
    0x00, 0x00, 0x00, 0x1F, 0x00, 0x00, 0x00, 0x00, 0x7F, 0xC0, 0x00, 0x00, 0x00, 0xFF, 0xE0, 0x00, 0x00, 0x01, 0xFF, 0xF0, 0x00, 0x00, 0x01, 0xFF, 0xF0, 0x00, 0x00, 0x03, 0xFF, 0xF8, 0x00, 0x00, 0x03, 0xFF, 0xF8, 0x00, 0x00, 0x03, 0xFF, 0xF8, 0x00, 0x00, 0x03, 0xFF, 0xF8, 0x00, 0x00, 0x03, 0xFF, 0xF8, 0x00, 0x00, 0x01, 0xFF, 0xF0, 0x00, 0x00, 0x01, 0xFF, 0xF0, 0x00, 0x00, 0x00, 0xFF, 0xE0, 0x00, 0x00, 0x00, 0x7F, 0xC0, 0x00, 0x00, 0x00, 0x1F, 0x00, 0x00, 0x00, 0x00, 0x00, 0x00, 0x00, 0x00, 0x00, 0x00, 0x00, 0x00, 0x00, 0x00, 0x00, 0x00, 0x00, 0x00, 0x00, 0x00, 0x00, 0x00, 0x00, 0x00, 0x00, 0x00, 0x00, 0x00, 0x00, 0x00, 0x00, 0x3F, 0xFF, 0xFF, 0xFF, 0xF0, 0x3F, 0xFF, 0xFF, 0xFF, 0xF0, 0x3F, 0xFF, 0xFF, 0xFF, 0xF0, 0x3F, 0xFF, 0xFF, 0xFF, 0xF0, 0x3F, 0xFF, 0xFF, 0xFF, 0xF0, 0x3F, 0xFF, 0xFF, 0xFF, 0xF0, 0x3F, 0xFF, 0xFF, 0xFF, 0xF0, 0x3F, 0xFF, 0xFF, 0xFF, 0xF0, 0x3F, 0xFF, 0xFF, 0xFF, 0xF0, 0x00, 0x00, 0x00, 0xFF, 0xF0, 0x00, 0x00, 0x00, 0xFF, 0xF0, 0x00, 0x00, 0x00, 0xFF, 0xF0, 0x00, 0x00, 0x00, 0xFF, 0xF0, 0x00, 0x00, 0x00, 0xFF, 0xF0, 0x00, 0x00, 0x00, 0xFF, 0xF0, 0x00, 0x00, 0x00, 0xFF, 0xF0, 0x00, 0x00, 0x00, 0xFF, 0xF0, 0x00, 0x00, 0x00, 0xFF, 0xF0, 0x00, 0x00, 0x00, 0xFF, 0xF0, 0x00, 0x00, 0x00, 0xFF, 0xF0, 0x00, 0x00, 0x00, 0xFF, 0xF0, 0x00, 0x00, 0x00, 0xFF, 0xF0, 0x00, 0x00, 0x00, 0xFF, 0xF0, 0x00, 0x00, 0x00, 0xFF, 0xF0, 0x00, 0x00, 0x00, 0xFF, 0xF0, 0x00, 0x00, 0x00, 0xFF, 0xF0, 0x00, 0x00, 0x00, 0xFF, 0xF0, 0x00, 0x00, 0x00, 0xFF, 0xF0, 0x00, 0x00, 0x00, 0xFF, 0xF0, 0x00, 0x00, 0x00, 0xFF, 0xF0, 0x00, 0x00, 0x00, 0xFF, 0xF0, 0x00, 0x00, 0x00, 0xFF, 0xF0, 0x00, 0x00, 0x00, 0xFF, 0xF0, 0x00, 0x00, 0x00, 0xFF, 0xF0, 0x00, 0x00, 0x00, 0xFF, 0xF0, 0x00, 0x00, 0x00, 0xFF, 0xF0, 0x00, 0x00, 0x00, 0xFF, 0xF0, 0x00, 0x00, 0x00, 0xFF, 0xF0, 0x00, 0x00, 0x00, 0xFF, 0xF0, 0x00, 0x00, 0x00, 0xFF, 0xF0, 0x00, 0x00, 0x00, 0xFF, 0xF0, 0x00, 0x00, 0x00, 0xFF, 0xF0, 0x00, 0x00, 0x00, 0xFF, 0xF0, 0x00, 0x00, 0x00, 0xFF, 0xF0, 0x00, 0x00, 0x00, 0xFF, 0xF0, 0x00, 0x00, 0x00, 0xFF, 0xF0, 0x00, 0x00, 0x00, 0xFF, 0xF0, 0x00, 0x00, 0x00, 0xFF, 0xF0, 0x00, 0x00, 0x00, 0xFF, 0xF0, 0x00, 0x00, 0x00, 0xFF, 0xF0, 0x00, 0x00, 0x00, 0xFF, 0xF0, 0x00, 0x00, 0x01, 0xFF, 0xF0, 0x00, 0x00, 0x01, 0xFF, 0xE0, 0x00, 0x00, 0x01, 0xFF, 0xE0, 0x00, 0x00, 0x03, 0xFF, 0xE0, 0x80, 0x00, 0x03, 0xFF, 0xE0, 0xE0, 0x00, 0x07, 0xFF, 0xC0, 0xFC, 0x00, 0x0F, 0xFF, 0xC0, 0xFF, 0x80, 0x7F, 0xFF, 0x80, 0xFF, 0xFF, 0xFF, 0xFF, 0x80, 

/* Symbol 0x6B, offset 24914 */
    44, 88, 22,
    0xFF, 0xE0, 0x00, 0x00, 0x00, 0x00, 0xFF, 0xE0, 0x00, 0x00, 0x00, 0x00, 0xFF, 0xE0, 0x00, 0x00, 0x00, 0x00, 0xFF, 0xE0, 0x00, 0x00, 0x00, 0x00, 0xFF, 0xE0, 0x00, 0x00, 0x00, 0x00, 0xFF, 0xE0, 0x00, 0x00, 0x00, 0x00, 0xFF, 0xE0, 0x00, 0x00, 0x00, 0x00, 0xFF, 0xE0, 0x00, 0x00, 0x00, 0x00, 0xFF, 0xE0, 0x00, 0x00, 0x00, 0x00, 0xFF, 0xE0, 0x00, 0x00, 0x00, 0x00, 0xFF, 0xE0, 0x00, 0x00, 0x00, 0x00, 0xFF, 0xE0, 0x00, 0x00, 0x00, 0x00, 0xFF, 0xE0, 0x00, 0x00, 0x00, 0x00, 0xFF, 0xE0, 0x00, 0x00, 0x00, 0x00, 0xFF, 0xE0, 0x00, 0x00, 0x00, 0x00, 0xFF, 0xE0, 0x00, 0x00, 0x00, 0x00, 0xFF, 0xE0, 0x00, 0x00, 0x00, 0x00, 0xFF, 0xE0, 0x00, 0x00, 0x00, 0x00, 0xFF, 0xE0, 0x00, 0x0F, 0xFF, 0xC0, 0xFF, 0xE0, 0x00, 0x1F, 0xFF, 0x80, 0xFF, 0xE0, 0x00, 0x3F, 0xFF, 0x00, 0xFF, 0xE0, 0x00, 0x7F, 0xFE, 0x00, 0xFF, 0xE0, 0x00, 0xFF, 0xFC, 0x00, 0xFF, 0xE0, 0x01, 0xFF, 0xF8, 0x00, 0xFF, 0xE0, 0x01, 0xFF, 0xF0, 0x00, 0xFF, 0xE0, 0x03, 0xFF, 0xE0, 0x00, 0xFF, 0xE0, 0x07, 0xFF, 0xC0, 0x00, 0xFF, 0xE0, 0x0F, 0xFF, 0xC0, 0x00, 0xFF, 0xE0, 0x1F, 0xFF, 0x80, 0x00, 0xFF, 0xE0, 0x1F, 0xFF, 0x00, 0x00, 0xFF, 0xE0, 0x3F, 0xFE, 0x00, 0x00, 0xFF, 0xE0, 0x7F, 0xFC, 0x00, 0x00, 0xFF, 0xE0, 0xFF, 0xF8, 0x00, 0x00, 0xFF, 0xE1, 0xFF, 0xF0, 0x00, 0x00, 0xFF, 0xE3, 0xFF, 0xE0, 0x00, 0x00, 0xFF, 0xE3, 0xFF, 0xC0, 0x00, 0x00, 0xFF, 0xE7, 0xFF, 0x80, 0x00, 0x00, 0xFF, 0xEF, 0xFF, 0x00, 0x00, 0x00, 0xFF, 0xFF, 0xFE, 0x00, 0x00, 0x00, 0xFF, 0xFF, 0xFE, 0x00, 0x00, 0x00, 0xFF, 0xFF, 0xFE, 0x00, 0x00, 0x00, 0xFF, 0xFF, 0xFF, 0x00, 0x00, 0x00, 0xFF, 0xFF, 0xFF, 0x00, 0x00, 0x00, 0xFF, 0xEF, 0xFF, 0x80, 0x00, 0x00, 0xFF, 0xE7, 0xFF, 0xC0, 0x00, 0x00, 0xFF, 0xE7, 0xFF, 0xE0, 0x00, 0x00, 0xFF, 0xE3, 0xFF, 0xF0, 0x00, 0x00, 0xFF, 0xE1, 0xFF, 0xF8, 0x00, 0x00, 0xFF, 0xE0, 0xFF, 0xF8, 0x00, 0x00, 0xFF, 0xE0, 0xFF, 0xFC, 0x00, 0x00, 0xFF, 0xE0, 0x7F, 0xFE, 0x00, 0x00, 0xFF, 0xE0, 0x3F, 0xFF, 0x00, 0x00, 0xFF, 0xE0, 0x1F, 0xFF, 0x80, 0x00, 0xFF, 0xE0, 0x0F, 0xFF, 0xC0, 0x00, 0xFF, 0xE0, 0x0F, 0xFF, 0xC0, 0x00, 0xFF, 0xE0, 0x07, 0xFF, 0xE0, 0x00, 0xFF, 0xE0, 0x03, 0xFF, 0xF0, 0x00, 0xFF, 0xE0, 0x01, 0xFF, 0xF8, 0x00, 0xFF, 0xE0, 0x01, 0xFF, 0xFC, 0x00, 0xFF, 0xE0, 0x00, 0xFF, 0xFE, 0x00, 0xFF, 0xE0, 0x00, 0x7F, 0xFE, 0x00, 0xFF, 0xE0, 0x00, 0x3F, 0xFF, 0x00, 0xFF, 0xE0, 0x00, 0x3F, 0xFF, 0x80, 0xFF, 0xE0, 0x00, 0x1F, 0xFF, 0xC0, 0xFF, 0xE0, 0x00, 0x0F, 0xFF, 0xE0, 0xFF, 0xE0, 0x00, 0x07, 0xFF, 0xF0, 

/* Symbol 0x6C, offset 25313 */
    40, 88, 22,
    0x3F, 0xFF, 0xFF, 0xE0, 0x00, 0x3F, 0xFF, 0xFF, 0xE0, 0x00, 0x3F, 0xFF, 0xFF, 0xE0, 0x00, 0x3F, 0xFF, 0xFF, 0xE0, 0x00, 0x3F, 0xFF, 0xFF, 0xE0, 0x00, 0x3F, 0xFF, 0xFF, 0xE0, 0x00, 0x3F, 0xFF, 0xFF, 0xE0, 0x00, 0x3F, 0xFF, 0xFF, 0xE0, 0x00, 0x3F, 0xFF, 0xFF, 0xE0, 0x00, 0x00, 0x01, 0xFF, 0xE0, 0x00, 0x00, 0x01, 0xFF, 0xE0, 0x00, 0x00, 0x01, 0xFF, 0xE0, 0x00, 0x00, 0x01, 0xFF, 0xE0, 0x00, 0x00, 0x01, 0xFF, 0xE0, 0x00, 0x00, 0x01, 0xFF, 0xE0, 0x00, 0x00, 0x01, 0xFF, 0xE0, 0x00, 0x00, 0x01, 0xFF, 0xE0, 0x00, 0x00, 0x01, 0xFF, 0xE0, 0x00, 0x00, 0x01, 0xFF, 0xE0, 0x00, 0x00, 0x01, 0xFF, 0xE0, 0x00, 0x00, 0x01, 0xFF, 0xE0, 0x00, 0x00, 0x01, 0xFF, 0xE0, 0x00, 0x00, 0x01, 0xFF, 0xE0, 0x00, 0x00, 0x01, 0xFF, 0xE0, 0x00, 0x00, 0x01, 0xFF, 0xE0, 0x00, 0x00, 0x01, 0xFF, 0xE0, 0x00, 0x00, 0x01, 0xFF, 0xE0, 0x00, 0x00, 0x01, 0xFF, 0xE0, 0x00, 0x00, 0x01, 0xFF, 0xE0, 0x00, 0x00, 0x01, 0xFF, 0xE0, 0x00, 0x00, 0x01, 0xFF, 0xE0, 0x00, 0x00, 0x01, 0xFF, 0xE0, 0x00, 0x00, 0x01, 0xFF, 0xE0, 0x00, 0x00, 0x01, 0xFF, 0xE0, 0x00, 0x00, 0x01, 0xFF, 0xE0, 0x00, 0x00, 0x01, 0xFF, 0xE0, 0x00, 0x00, 0x01, 0xFF, 0xE0, 0x00, 0x00, 0x01, 0xFF, 0xE0, 0x00, 0x00, 0x01, 0xFF, 0xE0, 0x00, 0x00, 0x01, 0xFF, 0xE0, 0x00, 0x00, 0x01, 0xFF, 0xE0, 0x00, 0x00, 0x01, 0xFF, 0xE0, 0x00, 0x00, 0x01, 0xFF, 0xE0, 0x00, 0x00, 0x01, 0xFF, 0xE0, 0x00, 0x00, 0x01, 0xFF, 0xE0, 0x00, 0x00, 0x01, 0xFF, 0xE0, 0x00, 0x00, 0x01, 0xFF, 0xE0, 0x00, 0x00, 0x01, 0xFF, 0xE0, 0x00, 0x00, 0x01, 0xFF, 0xE0, 0x00, 0x00, 0x01, 0xFF, 0xE0, 0x00, 0x00, 0x01, 0xFF, 0xE0, 0x00, 0x00, 0x01, 0xFF, 0xE0, 0x00, 0x00, 0x01, 0xFF, 0xE0, 0x00, 0x00, 0x01, 0xFF, 0xE0, 0x00, 0x00, 0x01, 0xFF, 0xE0, 0x00, 0x00, 0x01, 0xFF, 0xE0, 0x00, 0x00, 0x01, 0xFF, 0xE0, 0x00, 0xFF, 0xFF, 0xFF, 0xFF, 0xFF, 0xFF, 0xFF, 0xFF, 0xFF, 0xFF, 0xFF, 0xFF, 0xFF, 0xFF, 0xFF, 0xFF, 0xFF, 0xFF, 0xFF, 0xFF, 0xFF, 0xFF, 0xFF, 0xFF, 0xFF, 0xFF, 0xFF, 0xFF, 0xFF, 0xFF, 0xFF, 0xFF, 0xFF, 0xFF, 0xFF, 0xFF, 0xFF, 0xFF, 0xFF, 0xFF, 0xFF, 0xFF, 0xFF, 0xFF, 0xFF, 

/* Symbol 0x6D, offset 25646 */
    48, 88, 39,
    0x00, 0x01, 0xFC, 0x00, 0x3F, 0x80, 0xFF, 0x83, 0xFF, 0x00, 0xFF, 0xE0, 0xFF, 0x8F, 0xFF, 0x81, 0xFF, 0xF8, 0xFF, 0x9F, 0xFF, 0xC3, 0xFF, 0xF8, 0xFF, 0x9F, 0xFF, 0xE7, 0xFF, 0xFC, 0xFF, 0xBF, 0xFF, 0xE7, 0xFF, 0xFC, 0xFF, 0xBF, 0xFF, 0xEF, 0xFF, 0xFE, 0xFF, 0xFF, 0xFF, 0xEF, 0xFF, 0xFE, 0xFF, 0xFF, 0xFF, 0xFF, 0xFF, 0xFE, 0xFF, 0xFE, 0x3F, 0xFF, 0xC7, 0xFF, 0xFF, 0xFC, 0x3F, 0xFF, 0x87, 0xFF, 0xFF, 0xF8, 0x1F, 0xFF, 0x03, 0xFF, 0xFF, 0xF0, 0x1F, 0xFE, 0x03, 0xFF, 0xFF, 0xF0, 0x1F, 0xFE, 0x03, 0xFF, 0xFF, 0xE0, 0x1F, 0xFC, 0x03, 0xFF, 0xFF, 0xE0, 0x1F, 0xFC, 0x03, 0xFF, 0xFF, 0xE0, 0x1F, 0xF8, 0x03, 0xFF, 0xFF, 0xC0, 0x1F, 0xF8, 0x03, 0xFF, 0xFF, 0xC0, 0x1F, 0xF8, 0x03, 0xFF, 0xFF, 0xC0, 0x1F, 0xF8, 0x03, 0xFF, 0xFF, 0xC0, 0x1F, 0xF8, 0x03, 0xFF, 0xFF, 0xC0, 0x1F, 0xF8, 0x03, 0xFF, 0xFF, 0xC0, 0x1F, 0xF8, 0x03, 0xFF, 0xFF, 0xC0, 0x1F, 0xF8, 0x03, 0xFF, 0xFF, 0xC0, 0x1F, 0xF8, 0x03, 0xFF, 0xFF, 0xC0, 0x1F, 0xF8, 0x03, 0xFF, 0xFF, 0xC0, 0x1F, 0xF8, 0x03, 0xFF, 0xFF, 0xC0, 0x1F, 0xF8, 0x03, 0xFF, 0xFF, 0xC0, 0x1F, 0xF8, 0x03, 0xFF, 0xFF, 0xC0, 0x1F, 0xF8, 0x03, 0xFF, 0xFF, 0xC0, 0x1F, 0xF8, 0x03, 0xFF, 0xFF, 0xC0, 0x1F, 0xF8, 0x03, 0xFF, 0xFF, 0xC0, 0x1F, 0xF8, 0x03, 0xFF, 0xFF, 0xC0, 0x1F, 0xF8, 0x03, 0xFF, 0xFF, 0xC0, 0x1F, 0xF8, 0x03, 0xFF, 0xFF, 0xC0, 0x1F, 0xF8, 0x03, 0xFF, 0xFF, 0xC0, 0x1F, 0xF8, 0x03, 0xFF, 0xFF, 0xC0, 0x1F, 0xF8, 0x03, 0xFF, 0xFF, 0xC0, 0x1F, 0xF8, 0x03, 0xFF, 0xFF, 0xC0, 0x1F, 0xF8, 0x03, 0xFF, 0xFF, 0xC0, 0x1F, 0xF8, 0x03, 0xFF, 0xFF, 0xC0, 0x1F, 0xF8, 0x03, 0xFF, 0xFF, 0xC0, 0x1F, 0xF8, 0x03, 0xFF, 0xFF, 0xC0, 0x1F, 0xF8, 0x03, 0xFF, 0xFF, 0xC0, 0x1F, 0xF8, 0x03, 0xFF, 0xFF, 0xC0, 0x1F, 0xF8, 0x03, 0xFF, 0xFF, 0xC0, 0x1F, 0xF8, 0x03, 0xFF, 0xFF, 0xC0, 0x1F, 0xF8, 0x03, 0xFF, 0xFF, 0xC0, 0x1F, 0xF8, 0x03, 0xFF, 

/* Symbol 0x6E, offset 25943 */
    39, 88, 39,
    0x00, 0x00, 0x0F, 0xF8, 0x00, 0xFF, 0x80, 0x7F, 0xFF, 0x00, 0xFF, 0xC0, 0xFF, 0xFF, 0x80, 0xFF, 0xC3, 0xFF, 0xFF, 0xC0, 0xFF, 0xC7, 0xFF, 0xFF, 0xE0, 0xFF, 0xCF, 0xFF, 0xFF, 0xF0, 0xFF, 0xDF, 0xFF, 0xFF, 0xF8, 0xFF, 0xFF, 0xFF, 0xFF, 0xF8, 0xFF, 0xFF, 0xFF, 0xFF, 0xFC, 0xFF, 0xFF, 0xFF, 0xFF, 0xFC, 0xFF, 0xFF, 0xF0, 0x7F, 0xFC, 0xFF, 0xFF, 0xC0, 0x3F, 0xFE, 0xFF, 0xFF, 0x00, 0x1F, 0xFE, 0xFF, 0xFE, 0x00, 0x1F, 0xFE, 0xFF, 0xFC, 0x00, 0x0F, 0xFE, 0xFF, 0xFC, 0x00, 0x0F, 0xFE, 0xFF, 0xF8, 0x00, 0x0F, 0xFE, 0xFF, 0xF0, 0x00, 0x0F, 0xFE, 0xFF, 0xE0, 0x00, 0x0F, 0xFE, 0xFF, 0xE0, 0x00, 0x0F, 0xFE, 0xFF, 0xE0, 0x00, 0x0F, 0xFE, 0xFF, 0xE0, 0x00, 0x0F, 0xFE, 0xFF, 0xE0, 0x00, 0x0F, 0xFE, 0xFF, 0xE0, 0x00, 0x0F, 0xFE, 0xFF, 0xE0, 0x00, 0x0F, 0xFE, 0xFF, 0xE0, 0x00, 0x0F, 0xFE, 0xFF, 0xE0, 0x00, 0x0F, 0xFE, 0xFF, 0xE0, 0x00, 0x0F, 0xFE, 0xFF, 0xE0, 0x00, 0x0F, 0xFE, 0xFF, 0xE0, 0x00, 0x0F, 0xFE, 0xFF, 0xE0, 0x00, 0x0F, 0xFE, 0xFF, 0xE0, 0x00, 0x0F, 0xFE, 0xFF, 0xE0, 0x00, 0x0F, 0xFE, 0xFF, 0xE0, 0x00, 0x0F, 0xFE, 0xFF, 0xE0, 0x00, 0x0F, 0xFE, 0xFF, 0xE0, 0x00, 0x0F, 0xFE, 0xFF, 0xE0, 0x00, 0x0F, 0xFE, 0xFF, 0xE0, 0x00, 0x0F, 0xFE, 0xFF, 0xE0, 0x00, 0x0F, 0xFE, 0xFF, 0xE0, 0x00, 0x0F, 0xFE, 0xFF, 0xE0, 0x00, 0x0F, 0xFE, 0xFF, 0xE0, 0x00, 0x0F, 0xFE, 0xFF, 0xE0, 0x00, 0x0F, 0xFE, 0xFF, 0xE0, 0x00, 0x0F, 0xFE, 0xFF, 0xE0, 0x00, 0x0F, 0xFE, 0xFF, 0xE0, 0x00, 0x0F, 0xFE, 0xFF, 0xE0, 0x00, 0x0F, 0xFE, 0xFF, 0xE0, 0x00, 0x0F, 0xFE, 0xFF, 0xE0, 0x00, 0x0F, 0xFE, 

/* Symbol 0x6F, offset 26191 */
    46, 89, 39,
    0x00, 0x00, 0x3F, 0xF8, 0x00, 0x00, 0x00, 0x03, 0xFF, 0xFF, 0x80, 0x00, 0x00, 0x0F, 0xFF, 0xFF, 0xE0, 0x00, 0x00, 0x3F, 0xFF, 0xFF, 0xF8, 0x00, 0x00, 0x7F, 0xFF, 0xFF, 0xFC, 0x00, 0x00, 0xFF, 0xFF, 0xFF, 0xFE, 0x00, 0x01, 0xFF, 0xFF, 0xFF, 0xFF, 0x00, 0x03, 0xFF, 0xFF, 0xFF, 0xFF, 0x80, 0x07, 0xFF, 0xFF, 0xFF, 0xFF, 0xC0, 0x0F, 0xFF, 0xFF, 0xFF, 0xFF, 0xC0, 0x0F, 0xFF, 0xF0, 0x1F, 0xFF, 0xE0, 0x1F, 0xFF, 0x80, 0x07, 0xFF, 0xF0, 0x1F, 0xFF, 0x00, 0x03, 0xFF, 0xF0, 0x3F, 0xFE, 0x00, 0x01, 0xFF, 0xF0, 0x3F, 0xFE, 0x00, 0x00, 0xFF, 0xF8, 0x7F, 0xFC, 0x00, 0x00, 0xFF, 0xF8, 0x7F, 0xF8, 0x00, 0x00, 0x7F, 0xF8, 0x7F, 0xF8, 0x00, 0x00, 0x7F, 0xF8, 0x7F, 0xF8, 0x00, 0x00, 0x7F, 0xFC, 0xFF, 0xF8, 0x00, 0x00, 0x3F, 0xFC, 0xFF, 0xF0, 0x00, 0x00, 0x3F, 0xFC, 0xFF, 0xF0, 0x00, 0x00, 0x3F, 0xFC, 0xFF, 0xF0, 0x00, 0x00, 0x3F, 0xFC, 0xFF, 0xF0, 0x00, 0x00, 0x3F, 0xFC, 0xFF, 0xF0, 0x00, 0x00, 0x3F, 0xFC, 0xFF, 0xF0, 0x00, 0x00, 0x3F, 0xFC, 0xFF, 0xF0, 0x00, 0x00, 0x3F, 0xFC, 0xFF, 0xF0, 0x00, 0x00, 0x3F, 0xFC, 0xFF, 0xF0, 0x00, 0x00, 0x3F, 0xFC, 0xFF, 0xF0, 0x00, 0x00, 0x3F, 0xFC, 0xFF, 0xF8, 0x00, 0x00, 0x7F, 0xFC, 0xFF, 0xF8, 0x00, 0x00, 0x7F, 0xF8, 0x7F, 0xF8, 0x00, 0x00, 0x7F, 0xF8, 0x7F, 0xF8, 0x00, 0x00, 0x7F, 0xF8, 0x7F, 0xFC, 0x00, 0x00, 0xFF, 0xF8, 0x7F, 0xFC, 0x00, 0x00, 0xFF, 0xF0, 0x3F, 0xFE, 0x00, 0x01, 0xFF, 0xF0, 0x3F, 0xFF, 0x00, 0x03, 0xFF, 0xE0, 0x3F, 0xFF, 0x80, 0x07, 0xFF, 0xE0, 0x1F, 0xFF, 0xF0, 0x3F, 0xFF, 0xC0, 0x0F, 0xFF, 0xFF, 0xFF, 0xFF, 0xC0, 0x0F, 0xFF, 0xFF, 0xFF, 0xFF, 0x80, 0x07, 0xFF, 0xFF, 0xFF, 0xFF, 0x00, 0x03, 0xFF, 0xFF, 0xFF, 0xFE, 0x00, 0x01, 0xFF, 0xFF, 0xFF, 0xFC, 0x00, 0x00, 0xFF, 0xFF, 0xFF, 0xF8, 0x00, 0x00, 0x7F, 0xFF, 0xFF, 0xF0, 0x00, 0x00, 0x1F, 0xFF, 0xFF, 0xC0, 0x00, 0x00, 0x07, 0xFF, 0xFF, 0x00, 0x00, 0x00, 0x00, 0x7F, 0xF0, 0x00, 0x00, 

/* Symbol 0x70, offset 26494 */
    43, 100, 39,
    0x00, 0x00, 0x07, 0xF8, 0x00, 0x00, 0xFF, 0x80, 0x3F, 0xFF, 0x00, 0x00, 0xFF, 0xC0, 0xFF, 0xFF, 0xC0, 0x00, 0xFF, 0xC3, 0xFF, 0xFF, 0xE0, 0x00, 0xFF, 0xC7, 0xFF, 0xFF, 0xF8, 0x00, 0xFF, 0xCF, 0xFF, 0xFF, 0xFC, 0x00, 0xFF, 0xDF, 0xFF, 0xFF, 0xFC, 0x00, 0xFF, 0xFF, 0xFF, 0xFF, 0xFE, 0x00, 0xFF, 0xFF, 0xFF, 0xFF, 0xFF, 0x00, 0xFF, 0xFF, 0xFF, 0xFF, 0xFF, 0x00, 0xFF, 0xFF, 0xF0, 0x7F, 0xFF, 0x80, 0xFF, 0xFF, 0xC0, 0x1F, 0xFF, 0x80, 0xFF, 0xFF, 0x80, 0x0F, 0xFF, 0x80, 0xFF, 0xFF, 0x00, 0x07, 0xFF, 0xC0, 0xFF, 0xFE, 0x00, 0x07, 0xFF, 0xC0, 0xFF, 0xFC, 0x00, 0x03, 0xFF, 0xC0, 0xFF, 0xF8, 0x00, 0x03, 0xFF, 0xC0, 0xFF, 0xF0, 0x00, 0x03, 0xFF, 0xE0, 0xFF, 0xE0, 0x00, 0x01, 0xFF, 0xE0, 0xFF, 0xE0, 0x00, 0x01, 0xFF, 0xE0, 0xFF, 0xE0, 0x00, 0x01, 0xFF, 0xE0, 0xFF, 0xE0, 0x00, 0x01, 0xFF, 0xE0, 0xFF, 0xE0, 0x00, 0x01, 0xFF, 0xE0, 0xFF, 0xE0, 0x00, 0x01, 0xFF, 0xE0, 0xFF, 0xE0, 0x00, 0x01, 0xFF, 0xE0, 0xFF, 0xE0, 0x00, 0x01, 0xFF, 0xE0, 0xFF, 0xE0, 0x00, 0x01, 0xFF, 0xE0, 0xFF, 0xE0, 0x00, 0x01, 0xFF, 0xE0, 0xFF, 0xE0, 0x00, 0x01, 0xFF, 0xE0, 0xFF, 0xE0, 0x00, 0x01, 0xFF, 0xE0, 0xFF, 0xE0, 0x00, 0x03, 0xFF, 0xE0, 0xFF, 0xE0, 0x00, 0x03, 0xFF, 0xC0, 0xFF, 0xE0, 0x00, 0x03, 0xFF, 0xC0, 0xFF, 0xE0, 0x00, 0x07, 0xFF, 0xC0, 0xFF, 0xE0, 0x00, 0x07, 0xFF, 0xC0, 0xFF, 0xE0, 0x00, 0x0F, 0xFF, 0x80, 0xFF, 0xE0, 0x00, 0x0F, 0xFF, 0x80, 0xFF, 0xE0, 0x00, 0x1F, 0xFF, 0x00, 0xFF, 0xE0, 0x00, 0x3F, 0xFF, 0x00, 0xFF, 0xE0, 0x00, 0xFF, 0xFE, 0x00, 0xFF, 0xF8, 0x03, 0xFF, 0xFE, 0x00, 0xFF, 0xFF, 0xFF, 0xFF, 0xFC, 0x00, 0xFF, 0xFF, 0xFF, 0xFF, 0xF8, 0x00, 0xFF, 0xFF, 0xFF, 0xFF, 0xF0, 0x00, 0xFF, 0xFF, 0xFF, 0xFF, 0xE0, 0x00, 0xFF, 0xFF, 0xFF, 0xFF, 0xC0, 0x00, 0xFF, 0xFF, 0xFF, 0xFF, 0x00, 0x00, 0xFF, 0xFF, 0xFF, 0xFC, 0x00, 0x00, 0xFF, 0xFF, 0xFF, 0xF0, 0x00, 0x00, 0xFF, 0xE7, 0xFF, 0x00, 0x00, 0x00, 0xFF, 0xE0, 0x00, 0x00, 0x00, 0x00, 0xFF, 0xE0, 0x00, 0x00, 0x00, 0x00, 0xFF, 0xE0, 0x00, 0x00, 0x00, 0x00, 0xFF, 0xE0, 0x00, 0x00, 0x00, 0x00, 0xFF, 0xE0, 0x00, 0x00, 0x00, 0x00, 0xFF, 0xE0, 0x00, 0x00, 0x00, 0x00, 0xFF, 0xE0, 0x00, 0x00, 0x00, 0x00, 0xFF, 0xE0, 0x00, 0x00, 0x00, 0x00, 0xFF, 0xE0, 0x00, 0x00, 0x00, 0x00, 0xFF, 0xE0, 0x00, 0x00, 0x00, 0x00, 0xFF, 0xE0, 0x00, 0x00, 0x00, 0x00, 

/* Symbol 0x71, offset 26863 */
    42, 100, 39,
    0x00, 0x00, 0x3F, 0xFC, 0x00, 0xC0, 0x00, 0x01, 0xFF, 0xFF, 0xDF, 0xC0, 0x00, 0x0F, 0xFF, 0xFF, 0xFF, 0xC0, 0x00, 0x3F, 0xFF, 0xFF, 0xFF, 0xC0, 0x00, 0x7F, 0xFF, 0xFF, 0xFF, 0xC0, 0x00, 0xFF, 0xFF, 0xFF, 0xFF, 0xC0, 0x01, 0xFF, 0xFF, 0xFF, 0xFF, 0xC0, 0x03, 0xFF, 0xFF, 0xFF, 0xFF, 0xC0, 0x07, 0xFF, 0xFF, 0xFF, 0xFF, 0xC0, 0x0F, 0xFF, 0xF0, 0x07, 0xFF, 0xC0, 0x0F, 0xFF, 0xC0, 0x01, 0xFF, 0xC0, 0x1F, 0xFF, 0x80, 0x01, 0xFF, 0xC0, 0x1F, 0xFF, 0x00, 0x01, 0xFF, 0xC0, 0x3F, 0xFE, 0x00, 0x01, 0xFF, 0xC0, 0x3F, 0xFC, 0x00, 0x01, 0xFF, 0xC0, 0x7F, 0xFC, 0x00, 0x01, 0xFF, 0xC0, 0x7F, 0xF8, 0x00, 0x01, 0xFF, 0xC0, 0x7F, 0xF8, 0x00, 0x01, 0xFF, 0xC0, 0x7F, 0xF8, 0x00, 0x01, 0xFF, 0xC0, 0x7F, 0xF8, 0x00, 0x01, 0xFF, 0xC0, 0xFF, 0xF0, 0x00, 0x01, 0xFF, 0xC0, 0xFF, 0xF0, 0x00, 0x01, 0xFF, 0xC0, 0xFF, 0xF0, 0x00, 0x01, 0xFF, 0xC0, 0xFF, 0xF0, 0x00, 0x01, 0xFF, 0xC0, 0xFF, 0xF0, 0x00, 0x01, 0xFF, 0xC0, 0xFF, 0xF0, 0x00, 0x01, 0xFF, 0xC0, 0xFF, 0xF0, 0x00, 0x01, 0xFF, 0xC0, 0xFF, 0xF0, 0x00, 0x01, 0xFF, 0xC0, 0xFF, 0xF0, 0x00, 0x01, 0xFF, 0xC0, 0xFF, 0xF0, 0x00, 0x01, 0xFF, 0xC0, 0xFF, 0xF0, 0x00, 0x01, 0xFF, 0xC0, 0xFF, 0xF0, 0x00, 0x01, 0xFF, 0xC0, 0xFF, 0xF8, 0x00, 0x03, 0xFF, 0xC0, 0x7F, 0xF8, 0x00, 0x07, 0xFF, 0xC0, 0x7F, 0xF8, 0x00, 0x0F, 0xFF, 0xC0, 0x7F, 0xFC, 0x00, 0x0F, 0xFF, 0xC0, 0x7F, 0xFC, 0x00, 0x1F, 0xFF, 0xC0, 0x3F, 0xFE, 0x00, 0x3F, 0xFF, 0xC0, 0x3F, 0xFF, 0x00, 0xFF, 0xFF, 0xC0, 0x3F, 0xFF, 0x81, 0xFF, 0xFF, 0xC0, 0x1F, 0xFF, 0xFF, 0xFF, 0xFF, 0xC0, 0x1F, 0xFF, 0xFF, 0xFF, 0xFF, 0xC0, 0x0F, 0xFF, 0xFF, 0xFF, 0xFF, 0xC0, 0x07, 0xFF, 0xFF, 0xFF, 0xFF, 0xC0, 0x07, 0xFF, 0xFF, 0xFD, 0xFF, 0xC0, 0x03, 0xFF, 0xFF, 0xF9, 0xFF, 0xC0, 0x01, 0xFF, 0xFF, 0xF1, 0xFF, 0xC0, 0x00, 0x7F, 0xFF, 0xC1, 0xFF, 0xC0, 0x00, 0x3F, 0xFF, 0x01, 0xFF, 0xC0, 0x00, 0x07, 0xFC, 0x01, 0xFF, 0xC0, 0x00, 0x00, 0x00, 0x01, 0xFF, 0xC0, 0x00, 0x00, 0x00, 0x01, 0xFF, 0xC0, 0x00, 0x00, 0x00, 0x01, 0xFF, 0xC0, 0x00, 0x00, 0x00, 0x01, 0xFF, 0xC0, 0x00, 0x00, 0x00, 0x01, 0xFF, 0xC0, 0x00, 0x00, 0x00, 0x01, 0xFF, 0xC0, 0x00, 0x00, 0x00, 0x01, 0xFF, 0xC0, 0x00, 0x00, 0x00, 0x01, 0xFF, 0xC0, 0x00, 0x00, 0x00, 0x01, 0xFF, 0xC0, 0x00, 0x00, 0x00, 0x01, 0xFF, 0xC0, 0x00, 0x00, 0x00, 0x01, 0xFF, 0xC0, 

/* Symbol 0x72, offset 27232 */
    40, 88, 39,
    0x00, 0x00, 0x07, 0xFC, 0x00, 0xFF, 0xE0, 0x3F, 0xFF, 0x00, 0xFF, 0xE0, 0xFF, 0xFF, 0xC0, 0xFF, 0xE1, 0xFF, 0xFF, 0xE0, 0xFF, 0xE3, 0xFF, 0xFF, 0xF0, 0xFF, 0xE7, 0xFF, 0xFF, 0xF8, 0xFF, 0xEF, 0xFF, 0xFF, 0xF8, 0xFF, 0xFF, 0xFF, 0xFF, 0xFC, 0xFF, 0xFF, 0xFF, 0xFF, 0xFC, 0xFF, 0xFF, 0xFF, 0xFF, 0xFE, 0xFF, 0xFF, 0xF8, 0x3F, 0xFE, 0xFF, 0xFF, 0xE0, 0x1F, 0xFE, 0xFF, 0xFF, 0x80, 0x0F, 0xFF, 0xFF, 0xFF, 0x00, 0x0F, 0xFF, 0xFF, 0xFE, 0x00, 0x07, 0xFF, 0xFF, 0xFE, 0x00, 0x07, 0xFF, 0xFF, 0xFC, 0x00, 0x07, 0xFF, 0xFF, 0xF8, 0x00, 0x07, 0xFF, 0xFF, 0xF0, 0x00, 0x07, 0xFF, 0xFF, 0xF0, 0x00, 0x07, 0xFF, 0xFF, 0xF0, 0x00, 0x00, 0x00, 0xFF, 0xF0, 0x00, 0x00, 0x00, 0xFF, 0xF0, 0x00, 0x00, 0x00, 0xFF, 0xF0, 0x00, 0x00, 0x00, 0xFF, 0xF0, 0x00, 0x00, 0x00, 0xFF, 0xF0, 0x00, 0x00, 0x00, 0xFF, 0xF0, 0x00, 0x00, 0x00, 0xFF, 0xF0, 0x00, 0x00, 0x00, 0xFF, 0xF0, 0x00, 0x00, 0x00, 0xFF, 0xF0, 0x00, 0x00, 0x00, 0xFF, 0xF0, 0x00, 0x00, 0x00, 0xFF, 0xF0, 0x00, 0x00, 0x00, 0xFF, 0xF0, 0x00, 0x00, 0x00, 0xFF, 0xF0, 0x00, 0x00, 0x00, 0xFF, 0xF0, 0x00, 0x00, 0x00, 0xFF, 0xF0, 0x00, 0x00, 0x00, 0xFF, 0xF0, 0x00, 0x00, 0x00, 0xFF, 0xF0, 0x00, 0x00, 0x00, 0xFF, 0xF0, 0x00, 0x00, 0x00, 0xFF, 0xF0, 0x00, 0x00, 0x00, 0xFF, 0xF0, 0x00, 0x00, 0x00, 0xFF, 0xF0, 0x00, 0x00, 0x00, 0xFF, 0xF0, 0x00, 0x00, 0x00, 0xFF, 0xF0, 0x00, 0x00, 0x00, 0xFF, 0xF0, 0x00, 0x00, 0x00, 0xFF, 0xF0, 0x00, 0x00, 0x00, 0xFF, 0xF0, 0x00, 0x00, 0x00, 0xFF, 0xF0, 0x00, 0x00, 0x00, 0xFF, 0xF0, 0x00, 0x00, 0x00, 

/* Symbol 0x73, offset 27480 */
    38, 89, 39,
    0x00, 0x03, 0xFF, 0xFC, 0x00, 0x00, 0x3F, 0xFF, 0xFF, 0xC0, 0x00, 0xFF, 0xFF, 0xFF, 0xC0, 0x03, 0xFF, 0xFF, 0xFF, 0xC0, 0x07, 0xFF, 0xFF, 0xFF, 0xC0, 0x0F, 0xFF, 0xFF, 0xFF, 0xC0, 0x1F, 0xFF, 0xFF, 0xFF, 0xC0, 0x3F, 0xFF, 0xFF, 0xFF, 0xC0, 0x7F, 0xFF, 0x00, 0x1F, 0xC0, 0x7F, 0xFC, 0x00, 0x00, 0x40, 0x7F, 0xF8, 0x00, 0x00, 0x00, 0xFF, 0xF0, 0x00, 0x00, 0x00, 0xFF, 0xF0, 0x00, 0x00, 0x00, 0xFF, 0xF0, 0x00, 0x00, 0x00, 0xFF, 0xF0, 0x00, 0x00, 0x00, 0xFF, 0xF8, 0x00, 0x00, 0x00, 0xFF, 0xFC, 0x00, 0x00, 0x00, 0xFF, 0xFE, 0x00, 0x00, 0x00, 0x7F, 0xFF, 0x80, 0x00, 0x00, 0x7F, 0xFF, 0xF0, 0x00, 0x00, 0x7F, 0xFF, 0xFF, 0x00, 0x00, 0x3F, 0xFF, 0xFF, 0xE0, 0x00, 0x1F, 0xFF, 0xFF, 0xF8, 0x00, 0x0F, 0xFF, 0xFF, 0xFE, 0x00, 0x07, 0xFF, 0xFF, 0xFF, 0x80, 0x03, 0xFF, 0xFF, 0xFF, 0xC0, 0x00, 0xFF, 0xFF, 0xFF, 0xE0, 0x00, 0x3F, 0xFF, 0xFF, 0xF0, 0x00, 0x07, 0xFF, 0xFF, 0xF8, 0x00, 0x00, 0x7F, 0xFF, 0xF8, 0x00, 0x00, 0x0F, 0xFF, 0xF8, 0x00, 0x00, 0x03, 0xFF, 0xFC, 0x00, 0x00, 0x00, 0xFF, 0xFC, 0x00, 0x00, 0x00, 0x7F, 0xFC, 0x00, 0x00, 0x00, 0x3F, 0xFC, 0x00, 0x00, 0x00, 0x3F, 0xFC, 0x00, 0x00, 0x00, 0x3F, 0xFC, 0x00, 0x00, 0x00, 0x3F, 0xFC, 0x80, 0x00, 0x00, 0x7F, 0xFC, 0xF8, 0x00, 0x00, 0xFF, 0xF8, 0xFF, 0xC0, 0x03, 0xFF, 0xF8, 0xFF, 0xFF, 0xFF, 0xFF, 0xF0, 0xFF, 0xFF, 0xFF, 0xFF, 0xF0, 0xFF, 0xFF, 0xFF, 0xFF, 0xE0, 0xFF, 0xFF, 0xFF, 0xFF, 0xC0, 0xFF, 0xFF, 0xFF, 0xFF, 0x80, 0xFF, 0xFF, 0xFF, 0xFF, 0x00, 0xFF, 0xFF, 0xFF, 0xFC, 0x00, 0x3F, 0xFF, 0xFF, 0xE0, 0x00, 0x00, 0xFF, 0xFE, 0x00, 0x00, 

/* Symbol 0x74, offset 27733 */
    43, 89, 25,
    0x00, 0x00, 0x01, 0x80, 0x00, 0x00, 0x00, 0x00, 0x1F, 0x80, 0x00, 0x00, 0x00, 0x01, 0xFF, 0x80, 0x00, 0x00, 0x00, 0x07, 0xFF, 0x80, 0x00, 0x00, 0x00, 0x07, 0xFF, 0x80, 0x00, 0x00, 0x00, 0x07, 0xFF, 0x80, 0x00, 0x00, 0x00, 0x07, 0xFF, 0x80, 0x00, 0x00, 0x00, 0x07, 0xFF, 0x80, 0x00, 0x00, 0x00, 0x07, 0xFF, 0x80, 0x00, 0x00, 0x00, 0x07, 0xFF, 0x80, 0x00, 0x00, 0x00, 0x07, 0xFF, 0x80, 0x00, 0x00, 0x00, 0x07, 0xFF, 0x80, 0x00, 0x00, 0x00, 0x07, 0xFF, 0x80, 0x00, 0x00, 0x00, 0x07, 0xFF, 0x80, 0x00, 0x00, 0x00, 0x07, 0xFF, 0x80, 0x00, 0x00, 0xFF, 0xFF, 0xFF, 0xFF, 0xFF, 0xE0, 0xFF, 0xFF, 0xFF, 0xFF, 0xFF, 0xE0, 0xFF, 0xFF, 0xFF, 0xFF, 0xFF, 0xE0, 0xFF, 0xFF, 0xFF, 0xFF, 0xFF, 0xE0, 0xFF, 0xFF, 0xFF, 0xFF, 0xFF, 0xE0, 0xFF, 0xFF, 0xFF, 0xFF, 0xFF, 0xE0, 0xFF, 0xFF, 0xFF, 0xFF, 0xFF, 0xE0, 0xFF, 0xFF, 0xFF, 0xFF, 0xFF, 0xE0, 0xFF, 0xFF, 0xFF, 0xFF, 0xFF, 0xE0, 0x00, 0x07, 0xFF, 0x80, 0x00, 0x00, 0x00, 0x07, 0xFF, 0x80, 0x00, 0x00, 0x00, 0x07, 0xFF, 0x80, 0x00, 0x00, 0x00, 0x07, 0xFF, 0x80, 0x00, 0x00, 0x00, 0x07, 0xFF, 0x80, 0x00, 0x00, 0x00, 0x07, 0xFF, 0x80, 0x00, 0x00, 0x00, 0x07, 0xFF, 0x80, 0x00, 0x00, 0x00, 0x07, 0xFF, 0x80, 0x00, 0x00, 0x00, 0x07, 0xFF, 0x80, 0x00, 0x00, 0x00, 0x07, 0xFF, 0x80, 0x00, 0x00, 0x00, 0x07, 0xFF, 0x80, 0x00, 0x00, 0x00, 0x07, 0xFF, 0x80, 0x00, 0x00, 0x00, 0x07, 0xFF, 0x80, 0x00, 0x00, 0x00, 0x07, 0xFF, 0x80, 0x00, 0x00, 0x00, 0x07, 0xFF, 0x80, 0x00, 0x00, 0x00, 0x07, 0xFF, 0x80, 0x00, 0x00, 0x00, 0x07, 0xFF, 0x80, 0x00, 0x00, 0x00, 0x07, 0xFF, 0x80, 0x00, 0x00, 0x00, 0x07, 0xFF, 0x80, 0x00, 0x00, 0x00, 0x07, 0xFF, 0x80, 0x00, 0x00, 0x00, 0x07, 0xFF, 0x80, 0x00, 0x00, 0x00, 0x07, 0xFF, 0x80, 0x00, 0x00, 0x00, 0x07, 0xFF, 0x80, 0x00, 0x00, 0x00, 0x07, 0xFF, 0x80, 0x00, 0x00, 0x00, 0x07, 0xFF, 0x80, 0x00, 0x00, 0x00, 0x07, 0xFF, 0x80, 0x00, 0x00, 0x00, 0x07, 0xFF, 0xC0, 0x00, 0x00, 0x00, 0x07, 0xFF, 0xC0, 0x00, 0x00, 0x00, 0x07, 0xFF, 0xE0, 0x00, 0x00, 0x00, 0x03, 0xFF, 0xE0, 0x00, 0x20, 0x00, 0x03, 0xFF, 0xF8, 0x03, 0xE0, 0x00, 0x03, 0xFF, 0xFF, 0xFF, 0xE0, 0x00, 0x01, 0xFF, 0xFF, 0xFF, 0xE0, 0x00, 0x01, 0xFF, 0xFF, 0xFF, 0xE0, 0x00, 0x00, 0xFF, 0xFF, 0xFF, 0xE0, 0x00, 0x00, 0x7F, 0xFF, 0xFF, 0xE0, 0x00, 0x00, 0x3F, 0xFF, 0xFF, 0xE0, 0x00, 0x00, 0x1F, 0xFF, 0xFF, 0xE0, 0x00, 0x00, 0x07, 0xFF, 0xFF, 0x80, 0x00, 0x00, 0x00, 0x7F, 0xF8, 0x00, 

/* Symbol 0x75, offset 28120 */
    39, 89, 40,
    0xFF, 0xE0, 0x00, 0x0F, 0xFE, 0xFF, 0xE0, 0x00, 0x0F, 0xFE, 0xFF, 0xE0, 0x00, 0x0F, 0xFE, 0xFF, 0xE0, 0x00, 0x0F, 0xFE, 0xFF, 0xE0, 0x00, 0x0F, 0xFE, 0xFF, 0xE0, 0x00, 0x0F, 0xFE, 0xFF, 0xE0, 0x00, 0x0F, 0xFE, 0xFF, 0xE0, 0x00, 0x0F, 0xFE, 0xFF, 0xE0, 0x00, 0x0F, 0xFE, 0xFF, 0xE0, 0x00, 0x0F, 0xFE, 0xFF, 0xE0, 0x00, 0x0F, 0xFE, 0xFF, 0xE0, 0x00, 0x0F, 0xFE, 0xFF, 0xE0, 0x00, 0x0F, 0xFE, 0xFF, 0xE0, 0x00, 0x0F, 0xFE, 0xFF, 0xE0, 0x00, 0x0F, 0xFE, 0xFF, 0xE0, 0x00, 0x0F, 0xFE, 0xFF, 0xE0, 0x00, 0x0F, 0xFE, 0xFF, 0xE0, 0x00, 0x0F, 0xFE, 0xFF, 0xE0, 0x00, 0x0F, 0xFE, 0xFF, 0xE0, 0x00, 0x0F, 0xFE, 0xFF, 0xE0, 0x00, 0x0F, 0xFE, 0xFF, 0xE0, 0x00, 0x0F, 0xFE, 0xFF, 0xE0, 0x00, 0x0F, 0xFE, 0xFF, 0xE0, 0x00, 0x0F, 0xFE, 0xFF, 0xE0, 0x00, 0x0F, 0xFE, 0xFF, 0xE0, 0x00, 0x0F, 0xFE, 0xFF, 0xE0, 0x00, 0x0F, 0xFE, 0xFF, 0xE0, 0x00, 0x0F, 0xFE, 0xFF, 0xE0, 0x00, 0x0F, 0xFE, 0xFF, 0xE0, 0x00, 0x0F, 0xFE, 0xFF, 0xE0, 0x00, 0x0F, 0xFE, 0xFF, 0xE0, 0x00, 0x1F, 0xFE, 0xFF, 0xE0, 0x00, 0x3F, 0xFE, 0xFF, 0xE0, 0x00, 0x7F, 0xFE, 0xFF, 0xE0, 0x00, 0x7F, 0xFE, 0xFF, 0xF0, 0x00, 0xFF, 0xFE, 0xFF, 0xF0, 0x01, 0xFF, 0xFE, 0x7F, 0xF8, 0x07, 0xFF, 0xFE, 0x7F, 0xFC, 0x1F, 0xFF, 0xFE, 0x7F, 0xFF, 0xFF, 0xFF, 0xFE, 0x7F, 0xFF, 0xFF, 0xFF, 0xFE, 0x3F, 0xFF, 0xFF, 0xFF, 0xFE, 0x3F, 0xFF, 0xFF, 0xF7, 0xFE, 0x1F, 0xFF, 0xFF, 0xE7, 0xFE, 0x0F, 0xFF, 0xFF, 0xC7, 0xFE, 0x07, 0xFF, 0xFF, 0x87, 0xFE, 0x03, 0xFF, 0xFE, 0x07, 0xFE, 0x01, 0xFF, 0xFC, 0x03, 0xFE, 0x00, 0x3F, 0xE0, 0x00, 0x00, 

/* Symbol 0x76, offset 28368 */
    50, 88, 40,
    0xFF, 0xF0, 0x00, 0x00, 0x03, 0xFF, 0xC0, 0xFF, 0xF8, 0x00, 0x00, 0x03, 0xFF, 0xC0, 0x7F, 0xF8, 0x00, 0x00, 0x07, 0xFF, 0xC0, 0x7F, 0xFC, 0x00, 0x00, 0x07, 0xFF, 0x80, 0x7F, 0xFC, 0x00, 0x00, 0x07, 0xFF, 0x80, 0x3F, 0xFC, 0x00, 0x00, 0x0F, 0xFF, 0x00, 0x3F, 0xFE, 0x00, 0x00, 0x0F, 0xFF, 0x00, 0x1F, 0xFE, 0x00, 0x00, 0x0F, 0xFF, 0x00, 0x1F, 0xFE, 0x00, 0x00, 0x1F, 0xFE, 0x00, 0x1F, 0xFF, 0x00, 0x00, 0x1F, 0xFE, 0x00, 0x0F, 0xFF, 0x00, 0x00, 0x1F, 0xFC, 0x00, 0x0F, 0xFF, 0x00, 0x00, 0x3F, 0xFC, 0x00, 0x07, 0xFF, 0x80, 0x00, 0x3F, 0xFC, 0x00, 0x07, 0xFF, 0x80, 0x00, 0x3F, 0xF8, 0x00, 0x07, 0xFF, 0xC0, 0x00, 0x7F, 0xF8, 0x00, 0x03, 0xFF, 0xC0, 0x00, 0x7F, 0xF8, 0x00, 0x03, 0xFF, 0xC0, 0x00, 0xFF, 0xF0, 0x00, 0x01, 0xFF, 0xE0, 0x00, 0xFF, 0xF0, 0x00, 0x01, 0xFF, 0xE0, 0x00, 0xFF, 0xE0, 0x00, 0x01, 0xFF, 0xE0, 0x01, 0xFF, 0xE0, 0x00, 0x00, 0xFF, 0xF0, 0x01, 0xFF, 0xE0, 0x00, 0x00, 0xFF, 0xF0, 0x01, 0xFF, 0xC0, 0x00, 0x00, 0x7F, 0xF8, 0x03, 0xFF, 0xC0, 0x00, 0x00, 0x7F, 0xF8, 0x03, 0xFF, 0x80, 0x00, 0x00, 0x7F, 0xF8, 0x03, 0xFF, 0x80, 0x00, 0x00, 0x3F, 0xFC, 0x07, 0xFF, 0x80, 0x00, 0x00, 0x3F, 0xFC, 0x07, 0xFF, 0x00, 0x00, 0x00, 0x1F, 0xFC, 0x07, 0xFF, 0x00, 0x00, 0x00, 0x1F, 0xFE, 0x0F, 0xFE, 0x00, 0x00, 0x00, 0x1F, 0xFE, 0x0F, 0xFE, 0x00, 0x00, 0x00, 0x0F, 0xFE, 0x0F, 0xFE, 0x00, 0x00, 0x00, 0x0F, 0xFF, 0x1F, 0xFC, 0x00, 0x00, 0x00, 0x07, 0xFF, 0x1F, 0xFC, 0x00, 0x00, 0x00, 0x07, 0xFF, 0x1F, 0xFC, 0x00, 0x00, 0x00, 0x07, 0xFF, 0xBF, 0xF8, 0x00, 0x00, 0x00, 0x03, 0xFF, 0xBF, 0xF8, 0x00, 0x00, 0x00, 0x03, 0xFF, 0xBF, 0xF0, 0x00, 0x00, 0x00, 0x01, 0xFF, 0xFF, 0xF0, 0x00, 0x00, 0x00, 0x01, 0xFF, 0xFF, 0xF0, 0x00, 0x00, 0x00, 0x01, 0xFF, 0xFF, 0xE0, 0x00, 0x00, 0x00, 0x00, 0xFF, 0xFF, 0xE0, 0x00, 0x00, 0x00, 0x00, 0xFF, 0xFF, 0xC0, 0x00, 0x00, 0x00, 0x00, 0x7F, 0xFF, 0xC0, 0x00, 0x00, 0x00, 0x00, 0x7F, 0xFF, 0xC0, 0x00, 0x00, 0x00, 0x00, 0x7F, 0xFF, 0x80, 0x00, 0x00, 0x00, 0x00, 0x3F, 0xFF, 0x80, 0x00, 0x00, 0x00, 0x00, 0x3F, 0xFF, 0x80, 0x00, 0x00, 0x00, 0x00, 0x1F, 0xFF, 0x00, 0x00, 0x00, 

/* Symbol 0x77, offset 28707 */
    51, 88, 40,
    0xFF, 0xC0, 0x00, 0x00, 0x00, 0x7F, 0xE0, 0xFF, 0xE0, 0x00, 0x00, 0x00, 0x7F, 0xE0, 0xFF, 0xE0, 0x00, 0x00, 0x00, 0x7F, 0xE0, 0xFF, 0xE0, 0x00, 0x00, 0x00, 0x7F, 0xE0, 0xFF, 0xE0, 0x00, 0x00, 0x00, 0x7F, 0xE0, 0xFF, 0xE0, 0x00, 0x00, 0x00, 0x7F, 0xE0, 0xFF, 0xE0, 0x00, 0x00, 0x00, 0x7F, 0xE0, 0x7F, 0xE0, 0x00, 0x00, 0x00, 0xFF, 0xC0, 0x7F, 0xE0, 0x00, 0x00, 0x00, 0xFF, 0xC0, 0x7F, 0xE0, 0x00, 0x00, 0x00, 0xFF, 0xC0, 0x7F, 0xF0, 0x00, 0x00, 0x00, 0xFF, 0xC0, 0x7F, 0xF0, 0x00, 0x00, 0x00, 0xFF, 0xC0, 0x7F, 0xF0, 0x00, 0x00, 0x00, 0xFF, 0xC0, 0x7F, 0xF0, 0x07, 0xFC, 0x00, 0xFF, 0xC0, 0x7F, 0xF0, 0x07, 0xFE, 0x00, 0xFF, 0xC0, 0x3F, 0xF0, 0x07, 0xFE, 0x00, 0xFF, 0x80, 0x3F, 0xF0, 0x0F, 0xFE, 0x00, 0xFF, 0x80, 0x3F, 0xF0, 0x0F, 0xFF, 0x01, 0xFF, 0x80, 0x3F, 0xF0, 0x0F, 0xFF, 0x01, 0xFF, 0x80, 0x3F, 0xF8, 0x1F, 0xFF, 0x01, 0xFF, 0x80, 0x3F, 0xF8, 0x1F, 0xFF, 0x81, 0xFF, 0x80, 0x3F, 0xF8, 0x1F, 0xFF, 0x81, 0xFF, 0x80, 0x1F, 0xF8, 0x3F, 0xFF, 0x81, 0xFF, 0x00, 0x1F, 0xF8, 0x3F, 0xFF, 0xC1, 0xFF, 0x00, 0x1F, 0xF8, 0x3F, 0xFF, 0xC1, 0xFF, 0x00, 0x1F, 0xF8, 0x7F, 0xFF, 0xC1, 0xFF, 0x00, 0x1F, 0xF8, 0x7F, 0xFF, 0xE1, 0xFF, 0x00, 0x1F, 0xF8, 0x7F, 0xBF, 0xE3, 0xFF, 0x00, 0x1F, 0xFC, 0xFF, 0xBF, 0xE3, 0xFF, 0x00, 0x1F, 0xFC, 0xFF, 0xBF, 0xF3, 0xFF, 0x00, 0x0F, 0xFC, 0xFF, 0x1F, 0xF3, 0xFE, 0x00, 0x0F, 0xFD, 0xFF, 0x1F, 0xF3, 0xFE, 0x00, 0x0F, 0xFD, 0xFF, 0x1F, 0xFB, 0xFE, 0x00, 0x0F, 0xFD, 0xFE, 0x0F, 0xFB, 0xFE, 0x00, 0x0F, 0xFD, 0xFE, 0x0F, 0xFB, 0xFE, 0x00, 0x0F, 0xFF, 0xFE, 0x0F, 0xFF, 0xFE, 0x00, 0x0F, 0xFF, 0xFC, 0x07, 0xFF, 0xFE, 0x00, 0x07, 0xFF, 0xFC, 0x07, 0xFF, 0xFC, 0x00, 0x07, 0xFF, 0xFC, 0x07, 0xFF, 0xFC, 0x00, 0x07, 0xFF, 0xFC, 0x03, 0xFF, 0xFC, 0x00, 0x07, 0xFF, 0xF8, 0x03, 0xFF, 0xFC, 0x00, 0x07, 0xFF, 0xF8, 0x03, 0xFF, 0xFC, 0x00, 0x07, 0xFF, 0xF8, 0x03, 0xFF, 0xFC, 0x00, 0x07, 0xFF, 0xF0, 0x01, 0xFF, 0xFC, 0x00, 0x03, 0xFF, 0xF0, 0x01, 0xFF, 0xF8, 0x00, 0x03, 0xFF, 0xF0, 0x01, 0xFF, 0xF8, 0x00, 0x03, 0xFF, 0xE0, 0x00, 0xFF, 0xF8, 0x00, 0x03, 0xFF, 0xE0, 0x00, 0xFF, 0xF8, 0x00, 

/* Symbol 0x78, offset 29046 */
    49, 88, 40,
    0xFF, 0xFC, 0x00, 0x00, 0x1F, 0xFF, 0x00, 0x7F, 0xFE, 0x00, 0x00, 0x3F, 0xFE, 0x00, 0x3F, 0xFF, 0x00, 0x00, 0x3F, 0xFC, 0x00, 0x1F, 0xFF, 0x00, 0x00, 0x7F, 0xFC, 0x00, 0x1F, 0xFF, 0x80, 0x00, 0xFF, 0xF8, 0x00, 0x0F, 0xFF, 0xC0, 0x00, 0xFF, 0xF0, 0x00, 0x07, 0xFF, 0xC0, 0x01, 0xFF, 0xF0, 0x00, 0x07, 0xFF, 0xE0, 0x03, 0xFF, 0xE0, 0x00, 0x03, 0xFF, 0xF0, 0x03, 0xFF, 0xC0, 0x00, 0x01, 0xFF, 0xF0, 0x07, 0xFF, 0xC0, 0x00, 0x00, 0xFF, 0xF8, 0x07, 0xFF, 0x80, 0x00, 0x00, 0xFF, 0xFC, 0x0F, 0xFF, 0x00, 0x00, 0x00, 0x7F, 0xFE, 0x1F, 0xFE, 0x00, 0x00, 0x00, 0x3F, 0xFE, 0x1F, 0xFE, 0x00, 0x00, 0x00, 0x3F, 0xFF, 0x3F, 0xFC, 0x00, 0x00, 0x00, 0x1F, 0xFF, 0xFF, 0xF8, 0x00, 0x00, 0x00, 0x0F, 0xFF, 0xFF, 0xF8, 0x00, 0x00, 0x00, 0x07, 0xFF, 0xFF, 0xF0, 0x00, 0x00, 0x00, 0x07, 0xFF, 0xFF, 0xE0, 0x00, 0x00, 0x00, 0x03, 0xFF, 0xFF, 0xE0, 0x00, 0x00, 0x00, 0x01, 0xFF, 0xFF, 0xC0, 0x00, 0x00, 0x00, 0x01, 0xFF, 0xFF, 0x80, 0x00, 0x00, 0x00, 0x00, 0xFF, 0xFF, 0x80, 0x00, 0x00, 0x00, 0x00, 0x7F, 0xFF, 0x00, 0x00, 0x00, 0x00, 0x00, 0x7F, 0xFF, 0x00, 0x00, 0x00, 0x00, 0x00, 0xFF, 0xFF, 0x80, 0x00, 0x00, 0x00, 0x01, 0xFF, 0xFF, 0xC0, 0x00, 0x00, 0x00, 0x03, 0xFF, 0xFF, 0xC0, 0x00, 0x00, 0x00, 0x03, 0xFF, 0xFF, 0xE0, 0x00, 0x00, 0x00, 0x07, 0xFF, 0xFF, 0xF0, 0x00, 0x00, 0x00, 0x0F, 0xFF, 0xFF, 0xF8, 0x00, 0x00, 0x00, 0x0F, 0xFF, 0x7F, 0xF8, 0x00, 0x00, 0x00, 0x1F, 0xFF, 0x7F, 0xFC, 0x00, 0x00, 0x00, 0x3F, 0xFE, 0x3F, 0xFE, 0x00, 0x00, 0x00, 0x7F, 0xFC, 0x3F, 0xFE, 0x00, 0x00, 0x00, 0x7F, 0xFC, 0x1F, 0xFF, 0x00, 0x00, 0x00, 0xFF, 0xF8, 0x0F, 0xFF, 0x80, 0x00, 0x01, 0xFF, 0xF0, 0x0F, 0xFF, 0xC0, 0x00, 0x03, 0xFF, 0xF0, 0x07, 0xFF, 0xC0, 0x00, 0x03, 0xFF, 0xE0, 0x03, 0xFF, 0xE0, 0x00, 0x07, 0xFF, 0xC0, 0x03, 0xFF, 0xF0, 0x00, 0x0F, 0xFF, 0xC0, 0x01, 0xFF, 0xF0, 0x00, 0x0F, 0xFF, 0x80, 0x01, 0xFF, 0xF8, 0x00, 0x1F, 0xFF, 0x00, 0x00, 0xFF, 0xFC, 0x00, 0x3F, 0xFF, 0x00, 0x00, 0x7F, 0xFE, 0x00, 0x7F, 0xFE, 0x00, 0x00, 0x7F, 0xFE, 0x00, 0x7F, 0xFC, 0x00, 0x00, 0x3F, 0xFF, 0x00, 0xFF, 0xFC, 0x00, 0x00, 0x3F, 0xFF, 0x80, 

/* Symbol 0x79, offset 29385 */
    50, 100, 40,
    0xFF, 0xF0, 0x00, 0x00, 0x03, 0xFF, 0xC0, 0xFF, 0xF8, 0x00, 0x00, 0x03, 0xFF, 0xC0, 0x7F, 0xF8, 0x00, 0x00, 0x07, 0xFF, 0xC0, 0x7F, 0xFC, 0x00, 0x00, 0x07, 0xFF, 0x80, 0x7F, 0xFC, 0x00, 0x00, 0x07, 0xFF, 0x80, 0x3F, 0xFC, 0x00, 0x00, 0x0F, 0xFF, 0x00, 0x3F, 0xFE, 0x00, 0x00, 0x0F, 0xFF, 0x00, 0x1F, 0xFE, 0x00, 0x00, 0x0F, 0xFF, 0x00, 0x1F, 0xFE, 0x00, 0x00, 0x1F, 0xFE, 0x00, 0x1F, 0xFF, 0x00, 0x00, 0x1F, 0xFE, 0x00, 0x0F, 0xFF, 0x00, 0x00, 0x3F, 0xFC, 0x00, 0x0F, 0xFF, 0x00, 0x00, 0x3F, 0xFC, 0x00, 0x07, 0xFF, 0x80, 0x00, 0x3F, 0xFC, 0x00, 0x07, 0xFF, 0x80, 0x00, 0x7F, 0xF8, 0x00, 0x07, 0xFF, 0xC0, 0x00, 0x7F, 0xF8, 0x00, 0x03, 0xFF, 0xC0, 0x00, 0x7F, 0xF0, 0x00, 0x03, 0xFF, 0xC0, 0x00, 0xFF, 0xF0, 0x00, 0x01, 0xFF, 0xE0, 0x00, 0xFF, 0xF0, 0x00, 0x01, 0xFF, 0xE0, 0x00, 0xFF, 0xE0, 0x00, 0x01, 0xFF, 0xE0, 0x01, 0xFF, 0xE0, 0x00, 0x00, 0xFF, 0xF0, 0x01, 0xFF, 0xC0, 0x00, 0x00, 0xFF, 0xF0, 0x01, 0xFF, 0xC0, 0x00, 0x00, 0x7F, 0xF8, 0x03, 0xFF, 0xC0, 0x00, 0x00, 0x7F, 0xF8, 0x03, 0xFF, 0x80, 0x00, 0x00, 0x7F, 0xF8, 0x07, 0xFF, 0x80, 0x00, 0x00, 0x3F, 0xFC, 0x07, 0xFF, 0x80, 0x00, 0x00, 0x3F, 0xFC, 0x07, 0xFF, 0x00, 0x00, 0x00, 0x1F, 0xFC, 0x0F, 0xFF, 0x00, 0x00, 0x00, 0x1F, 0xFE, 0x0F, 0xFE, 0x00, 0x00, 0x00, 0x1F, 0xFE, 0x0F, 0xFE, 0x00, 0x00, 0x00, 0x0F, 0xFE, 0x1F, 0xFE, 0x00, 0x00, 0x00, 0x0F, 0xFF, 0x1F, 0xFC, 0x00, 0x00, 0x00, 0x07, 0xFF, 0x1F, 0xFC, 0x00, 0x00, 0x00, 0x07, 0xFF, 0xBF, 0xF8, 0x00, 0x00, 0x00, 0x07, 0xFF, 0xBF, 0xF8, 0x00, 0x00, 0x00, 0x03, 0xFF, 0xBF, 0xF8, 0x00, 0x00, 0x00, 0x03, 0xFF, 0xFF, 0xF0, 0x00, 0x00, 0x00, 0x01, 0xFF, 0xFF, 0xF0, 0x00, 0x00, 0x00, 0x01, 0xFF, 0xFF, 0xE0, 0x00, 0x00, 0x00, 0x01, 0xFF, 0xFF, 0xE0, 0x00, 0x00, 0x00, 0x00, 0xFF, 0xFF, 0xE0, 0x00, 0x00, 0x00, 0x00, 0xFF, 0xFF, 0xC0, 0x00, 0x00, 0x00, 0x00, 0x7F, 0xFF, 0xC0, 0x00, 0x00, 0x00, 0x00, 0x7F, 0xFF, 0x80, 0x00, 0x00, 0x00, 0x00, 0x7F, 0xFF, 0x80, 0x00, 0x00, 0x00, 0x00, 0x3F, 0xFF, 0x80, 0x00, 0x00, 0x00, 0x00, 0x3F, 0xFF, 0x00, 0x00, 0x00, 0x00, 0x00, 0x1F, 0xFF, 0x00, 0x00, 0x00, 0x00, 0x00, 0x1F, 0xFE, 0x00, 0x00, 0x00, 0x00, 0x00, 0x3F, 0xFE, 0x00, 0x00, 0x00, 0x00, 0x00, 0x3F, 0xFC, 0x00, 0x00, 0x00, 0x00, 0x00, 0x7F, 0xFC, 0x00, 0x00, 0x00, 0x00, 0x00, 0xFF, 0xF8, 0x00, 0x00, 0x00, 0x00, 0x00, 0xFF, 0xF8, 0x00, 0x00, 0x00, 0x00, 0x01, 0xFF, 0xF0, 0x00, 0x00, 0x00, 0x00, 0x03, 0xFF, 0xF0, 0x00, 0x00, 0x00, 0x00, 0x0F, 0xFF, 0xE0, 0x00, 0x00, 0x00, 0x60, 0x3F, 0xFF, 0xC0, 0x00, 0x00, 0x00, 0x7F, 0xFF, 0xFF, 0xC0, 0x00, 0x00, 0x00, 0x7F, 0xFF, 0xFF, 0x80, 0x00, 0x00, 0x00, 

/* Symbol 0x7A, offset 29808 */
    38, 88, 40,
    0x7F, 0xFF, 0xFF, 0xFF, 0xFC, 0x7F, 0xFF, 0xFF, 0xFF, 0xFC, 0x7F, 0xFF, 0xFF, 0xFF, 0xFC, 0x7F, 0xFF, 0xFF, 0xFF, 0xFC, 0x7F, 0xFF, 0xFF, 0xFF, 0xFC, 0x7F, 0xFF, 0xFF, 0xFF, 0xFC, 0x7F, 0xFF, 0xFF, 0xFF, 0xFC, 0x7F, 0xFF, 0xFF, 0xFF, 0xFC, 0x7F, 0xFF, 0xFF, 0xFF, 0xF8, 0x7F, 0xFF, 0xFF, 0xFF, 0xF8, 0x00, 0x00, 0x01, 0xFF, 0xF0, 0x00, 0x00, 0x03, 0xFF, 0xE0, 0x00, 0x00, 0x07, 0xFF, 0xC0, 0x00, 0x00, 0x0F, 0xFF, 0xC0, 0x00, 0x00, 0x0F, 0xFF, 0x80, 0x00, 0x00, 0x1F, 0xFF, 0x00, 0x00, 0x00, 0x3F, 0xFF, 0x00, 0x00, 0x00, 0x7F, 0xFE, 0x00, 0x00, 0x00, 0x7F, 0xFC, 0x00, 0x00, 0x00, 0xFF, 0xF8, 0x00, 0x00, 0x01, 0xFF, 0xF8, 0x00, 0x00, 0x03, 0xFF, 0xF0, 0x00, 0x00, 0x03, 0xFF, 0xE0, 0x00, 0x00, 0x07, 0xFF, 0xC0, 0x00, 0x00, 0x0F, 0xFF, 0xC0, 0x00, 0x00, 0x1F, 0xFF, 0x80, 0x00, 0x00, 0x1F, 0xFF, 0x00, 0x00, 0x00, 0x3F, 0xFE, 0x00, 0x00, 0x00, 0x7F, 0xFE, 0x00, 0x00, 0x00, 0xFF, 0xFC, 0x00, 0x00, 0x00, 0xFF, 0xF8, 0x00, 0x00, 0x01, 0xFF, 0xF0, 0x00, 0x00, 0x03, 0xFF, 0xF0, 0x00, 0x00, 0x07, 0xFF, 0xE0, 0x00, 0x00, 0x07, 0xFF, 0xC0, 0x00, 0x00, 0x0F, 0xFF, 0x80, 0x00, 0x00, 0x1F, 0xFF, 0x80, 0x00, 0x00, 0x3F, 0xFF, 0x00, 0x00, 0x00, 0x3F, 0xFF, 0xFF, 0xFF, 0xFC, 0x7F, 0xFF, 0xFF, 0xFF, 0xFC, 0xFF, 0xFF, 0xFF, 0xFF, 0xFC, 0xFF, 0xFF, 0xFF, 0xFF, 0xFC, 0xFF, 0xFF, 0xFF, 0xFF, 0xFC, 0xFF, 0xFF, 0xFF, 0xFF, 0xFC, 0xFF, 0xFF, 0xFF, 0xFF, 0xFC, 0xFF, 0xFF, 0xFF, 0xFF, 0xFC, 0xFF, 0xFF, 0xFF, 0xFF, 0xFC, 0xFF, 0xFF, 0xFF, 0xFF, 0xFC, 

/* Symbol 0x7B, offset 30051 */
    35, 100, 20,
    0x00, 0x00, 0x00, 0x7F, 0xE0, 0x00, 0x00, 0x03, 0xFF, 0xE0, 0x00, 0x00, 0x0F, 0xFF, 0xE0, 0x00, 0x00, 0x3F, 0xFF, 0xE0, 0x00, 0x00, 0x7F, 0xFF, 0xE0, 0x00, 0x00, 0xFF, 0xFF, 0xE0, 0x00, 0x01, 0xFF, 0xFF, 0xE0, 0x00, 0x01, 0xFF, 0xFF, 0xE0, 0x00, 0x03, 0xFF, 0xFF, 0xE0, 0x00, 0x03, 0xFF, 0xF0, 0x00, 0x00, 0x07, 0xFF, 0xC0, 0x00, 0x00, 0x07, 0xFF, 0x80, 0x00, 0x00, 0x07, 0xFF, 0x00, 0x00, 0x00, 0x0F, 0xFE, 0x00, 0x00, 0x00, 0x0F, 0xFE, 0x00, 0x00, 0x00, 0x0F, 0xFC, 0x00, 0x00, 0x00, 0x0F, 0xFC, 0x00, 0x00, 0x00, 0x0F, 0xFC, 0x00, 0x00, 0x00, 0x0F, 0xFC, 0x00, 0x00, 0x00, 0x0F, 0xFC, 0x00, 0x00, 0x00, 0x0F, 0xFC, 0x00, 0x00, 0x00, 0x0F, 0xFC, 0x00, 0x00, 0x00, 0x0F, 0xFC, 0x00, 0x00, 0x00, 0x0F, 0xFC, 0x00, 0x00, 0x00, 0x0F, 0xFC, 0x00, 0x00, 0x00, 0x0F, 0xFC, 0x00, 0x00, 0x00, 0x0F, 0xFC, 0x00, 0x00, 0x00, 0x0F, 0xFC, 0x00, 0x00, 0x00, 0x0F, 0xFC, 0x00, 0x00, 0x00, 0x0F, 0xFC, 0x00, 0x00, 0x00, 0x0F, 0xFC, 0x00, 0x00, 0x00, 0x0F, 0xFC, 0x00, 0x00, 0x00, 0x1F, 0xFC, 0x00, 0x00, 0x00, 0x1F, 0xF8, 0x00, 0x00, 0x00, 0x3F, 0xF8, 0x00, 0x00, 0x00, 0x7F, 0xF8, 0x00, 0x00, 0x01, 0xFF, 0xF0, 0x00, 0x00, 0xFF, 0xFF, 0xF0, 0x00, 0x00, 0xFF, 0xFF, 0xE0, 0x00, 0x00, 0xFF, 0xFF, 0xC0, 0x00, 0x00, 0xFF, 0xFF, 0x00, 0x00, 0x00, 0xFF, 0xF0, 0x00, 0x00, 0x00, 0xFF, 0xFF, 0x00, 0x00, 0x00, 0xFF, 0xFF, 0xC0, 0x00, 0x00, 0xFF, 0xFF, 0xE0, 0x00, 0x00, 0xFF, 0xFF, 0xF0, 0x00, 0x00, 0x01, 0xFF, 0xF0, 0x00, 0x00, 0x00, 0x7F, 0xF8, 0x00, 0x00, 0x00, 0x3F, 0xF8, 0x00, 0x00, 0x00, 0x1F, 0xF8, 0x00, 0x00, 0x00, 0x1F, 0xFC, 0x00, 0x00, 0x00, 0x1F, 0xFC, 0x00, 0x00, 0x00, 0x0F, 0xFC, 0x00, 0x00, 0x00, 0x0F, 0xFC, 0x00, 0x00, 0x00, 0x0F, 0xFC, 0x00, 0x00, 0x00, 0x0F, 0xFC, 0x00, 0x00, 0x00, 0x0F, 0xFC, 0x00, 0x00, 0x00, 0x0F, 0xFC, 0x00, 0x00, 0x00, 0x0F, 0xFC, 0x00, 0x00, 0x00, 0x0F, 0xFC, 0x00, 0x00, 0x00, 0x0F, 0xFC, 0x00, 0x00, 0x00, 0x0F, 0xFC, 0x00, 0x00, 0x00, 0x0F, 0xFC, 0x00, 0x00, 0x00, 0x0F, 0xFC, 0x00, 0x00, 0x00, 0x0F, 0xFC, 0x00, 0x00, 0x00, 0x0F, 0xFC, 0x00, 0x00, 0x00, 0x0F, 0xFC, 0x00, 0x00, 0x00, 0x0F, 0xFC, 0x00, 0x00, 0x00, 0x0F, 0xFC, 0x00, 0x00, 0x00, 0x0F, 0xFC, 0x00, 0x00, 0x00, 0x0F, 0xFC, 0x00, 0x00, 0x00, 0x0F, 0xFC, 0x00, 0x00, 0x00, 0x0F, 0xFE, 0x00, 0x00, 0x00, 0x0F, 0xFE, 0x00, 0x00, 0x00, 0x07, 0xFF, 0x00, 0x00, 0x00, 0x07, 0xFF, 0x00, 0x00, 0x00, 0x07, 0xFF, 0xC0, 0x00, 0x00, 0x03, 0xFF, 0xF0, 0x00, 0x00, 0x03, 0xFF, 0xFF, 0xE0, 0x00, 0x01, 0xFF, 0xFF, 0xE0, 

/* Symbol 0x7C, offset 30454 */
    11, 100, 11,
    0xFF, 0xE0, 0xFF, 0xE0, 0xFF, 0xE0, 0xFF, 0xE0, 0xFF, 0xE0, 0xFF, 0xE0, 0xFF, 0xE0, 0xFF, 0xE0, 0xFF, 0xE0, 0xFF, 0xE0, 0xFF, 0xE0, 0xFF, 0xE0, 0xFF, 0xE0, 0xFF, 0xE0, 0xFF, 0xE0, 0xFF, 0xE0, 0xFF, 0xE0, 0xFF, 0xE0, 0xFF, 0xE0, 0xFF, 0xE0, 0xFF, 0xE0, 0xFF, 0xE0, 0xFF, 0xE0, 0xFF, 0xE0, 0xFF, 0xE0, 0xFF, 0xE0, 0xFF, 0xE0, 0xFF, 0xE0, 0xFF, 0xE0, 0xFF, 0xE0, 0xFF, 0xE0, 0xFF, 0xE0, 0xFF, 0xE0, 0xFF, 0xE0, 0xFF, 0xE0, 0xFF, 0xE0, 0xFF, 0xE0, 0xFF, 0xE0, 0xFF, 0xE0, 0xFF, 0xE0, 0xFF, 0xE0, 0xFF, 0xE0, 0xFF, 0xE0, 0xFF, 0xE0, 0xFF, 0xE0, 0xFF, 0xE0, 0xFF, 0xE0, 0xFF, 0xE0, 0xFF, 0xE0, 0xFF, 0xE0, 0xFF, 0xE0, 0xFF, 0xE0, 0xFF, 0xE0, 0xFF, 0xE0, 0xFF, 0xE0, 0xFF, 0xE0, 0xFF, 0xE0, 0xFF, 0xE0, 0xFF, 0xE0, 0xFF, 0xE0, 0xFF, 0xE0, 0xFF, 0xE0, 0xFF, 0xE0, 0xFF, 0xE0, 0xFF, 0xE0, 0xFF, 0xE0, 0xFF, 0xE0, 0xFF, 0xE0, 0xFF, 0xE0, 0xFF, 0xE0, 0xFF, 0xE0, 0xFF, 0xE0, 0xFF, 0xE0, 0xFF, 0xE0, 0xFF, 0xE0, 0xFF, 0xE0, 0xFF, 0xE0, 0xFF, 0xE0, 0xFF, 0xE0, 0xFF, 0xE0, 0xFF, 0xE0, 0xFF, 0xE0, 0xFF, 0xE0, 0xFF, 0xE0, 0xFF, 0xE0, 0xFF, 0xE0, 0xFF, 0xE0, 0xFF, 0xE0, 0xFF, 0xE0, 

/* Symbol 0x7D, offset 30635 */
    35, 100, 20,
    0xFF, 0xC0, 0x00, 0x00, 0x00, 0xFF, 0xF8, 0x00, 0x00, 0x00, 0xFF, 0xFE, 0x00, 0x00, 0x00, 0xFF, 0xFF, 0x80, 0x00, 0x00, 0xFF, 0xFF, 0xC0, 0x00, 0x00, 0xFF, 0xFF, 0xE0, 0x00, 0x00, 0xFF, 0xFF, 0xF0, 0x00, 0x00, 0xFF, 0xFF, 0xF0, 0x00, 0x00, 0xFF, 0xFF, 0xF8, 0x00, 0x00, 0x01, 0xFF, 0xF8, 0x00, 0x00, 0x00, 0x7F, 0xFC, 0x00, 0x00, 0x00, 0x1F, 0xFC, 0x00, 0x00, 0x00, 0x1F, 0xFC, 0x00, 0x00, 0x00, 0x0F, 0xFE, 0x00, 0x00, 0x00, 0x0F, 0xFE, 0x00, 0x00, 0x00, 0x07, 0xFE, 0x00, 0x00, 0x00, 0x07, 0xFE, 0x00, 0x00, 0x00, 0x07, 0xFE, 0x00, 0x00, 0x00, 0x07, 0xFE, 0x00, 0x00, 0x00, 0x07, 0xFE, 0x00, 0x00, 0x00, 0x07, 0xFE, 0x00, 0x00, 0x00, 0x07, 0xFE, 0x00, 0x00, 0x00, 0x07, 0xFE, 0x00, 0x00, 0x00, 0x07, 0xFE, 0x00, 0x00, 0x00, 0x07, 0xFE, 0x00, 0x00, 0x00, 0x07, 0xFE, 0x00, 0x00, 0x00, 0x07, 0xFE, 0x00, 0x00, 0x00, 0x07, 0xFE, 0x00, 0x00, 0x00, 0x07, 0xFE, 0x00, 0x00, 0x00, 0x07, 0xFE, 0x00, 0x00, 0x00, 0x07, 0xFE, 0x00, 0x00, 0x00, 0x07, 0xFF, 0x00, 0x00, 0x00, 0x07, 0xFF, 0x00, 0x00, 0x00, 0x03, 0xFF, 0x00, 0x00, 0x00, 0x03, 0xFF, 0x80, 0x00, 0x00, 0x03, 0xFF, 0xC0, 0x00, 0x00, 0x01, 0xFF, 0xF0, 0x00, 0x00, 0x01, 0xFF, 0xFF, 0xE0, 0x00, 0x00, 0xFF, 0xFF, 0xE0, 0x00, 0x00, 0x7F, 0xFF, 0xE0, 0x00, 0x00, 0x1F, 0xFF, 0xE0, 0x00, 0x00, 0x01, 0xFF, 0xE0, 0x00, 0x00, 0x1F, 0xFF, 0xE0, 0x00, 0x00, 0x7F, 0xFF, 0xE0, 0x00, 0x00, 0xFF, 0xFF, 0xE0, 0x00, 0x01, 0xFF, 0xFF, 0xE0, 0x00, 0x01, 0xFF, 0xF0, 0x00, 0x00, 0x03, 0xFF, 0xC0, 0x00, 0x00, 0x03, 0xFF, 0x80, 0x00, 0x00, 0x03, 0xFF, 0x00, 0x00, 0x00, 0x07, 0xFF, 0x00, 0x00, 0x00, 0x07, 0xFE, 0x00, 0x00, 0x00, 0x07, 0xFE, 0x00, 0x00, 0x00, 0x07, 0xFE, 0x00, 0x00, 0x00, 0x07, 0xFE, 0x00, 0x00, 0x00, 0x07, 0xFE, 0x00, 0x00, 0x00, 0x07, 0xFE, 0x00, 0x00, 0x00, 0x07, 0xFE, 0x00, 0x00, 0x00, 0x07, 0xFE, 0x00, 0x00, 0x00, 0x07, 0xFE, 0x00, 0x00, 0x00, 0x07, 0xFE, 0x00, 0x00, 0x00, 0x07, 0xFE, 0x00, 0x00, 0x00, 0x07, 0xFE, 0x00, 0x00, 0x00, 0x07, 0xFE, 0x00, 0x00, 0x00, 0x07, 0xFE, 0x00, 0x00, 0x00, 0x07, 0xFE, 0x00, 0x00, 0x00, 0x07, 0xFE, 0x00, 0x00, 0x00, 0x07, 0xFE, 0x00, 0x00, 0x00, 0x07, 0xFE, 0x00, 0x00, 0x00, 0x07, 0xFE, 0x00, 0x00, 0x00, 0x07, 0xFE, 0x00, 0x00, 0x00, 0x07, 0xFE, 0x00, 0x00, 0x00, 0x0F, 0xFE, 0x00, 0x00, 0x00, 0x0F, 0xFE, 0x00, 0x00, 0x00, 0x1F, 0xFC, 0x00, 0x00, 0x00, 0x1F, 0xFC, 0x00, 0x00, 0x00, 0x7F, 0xFC, 0x00, 0x00, 0x01, 0xFF, 0xF8, 0x00, 0x00, 0xFF, 0xFF, 0xF8, 0x00, 0x00, 0xFF, 0xFF, 0xF0, 0x00, 0x00, 

/* Symbol 0x7E, offset 31038 */
    49, 73, 51,
    0x00, 0x3F, 0xC0, 0x00, 0x00, 0x00, 0x00, 0x00, 0xFF, 0xF0, 0x00, 0x00, 0x00, 0x00, 0x03, 0xFF, 0xFC, 0x00, 0x00, 0x00, 0x00, 0x07, 0xFF, 0xFF, 0x00, 0x01, 0xFF, 0x80, 0x0F, 0xFF, 0xFF, 0x80, 0x01, 0xFF, 0x80, 0x1F, 0xFF, 0xFF, 0xC0, 0x01, 0xFF, 0x80, 0x1F, 0xFF, 0xFF, 0xE0, 0x01, 0xFF, 0x80, 0x3F, 0xFF, 0xFF, 0xF0, 0x01, 0xFF, 0x80, 0x3F, 0xFF, 0xFF, 0xF8, 0x03, 0xFF, 0x80, 0x7F, 0xFF, 0xFF, 0xFC, 0x03, 0xFF, 0x00, 0x7F, 0xF0, 0xFF, 0xFE, 0x03, 0xFF, 0x00, 0x7F, 0xE0, 0x3F, 0xFF, 0x87, 0xFF, 0x00, 0x7F, 0xE0, 0x1F, 0xFF, 0xFF, 0xFF, 0x00, 0xFF, 0xE0, 0x0F, 0xFF, 0xFF, 0xFE, 0x00, 0xFF, 0xC0, 0x07, 0xFF, 0xFF, 0xFE, 0x00, 0xFF, 0xC0, 0x03, 0xFF, 0xFF, 0xFC, 0x00, 0xFF, 0xC0, 0x01, 0xFF, 0xFF, 0xFC, 0x00, 0xFF, 0xC0, 0x00, 0xFF, 0xFF, 0xF8, 0x00, 0xFF, 0xC0, 0x00, 0x7F, 0xFF, 0xF0, 0x00, 0x00, 0x00, 0x00, 0x1F, 0xFF, 0xE0, 0x00, 0x00, 0x00, 0x00, 0x07, 0xFF, 0x80, 0x00, 0x00, 0x00, 0x00, 0x01, 0xFE, 0x00, 0x00, 

/* Symbol 0x7F, offset 31195 */
    26, 88, 16,
    0xFF, 0xFF, 0xFF, 0xC0, 0xFF, 0xFF, 0xFF, 0xC0, 0xFF, 0xFF, 0xFF, 0xC0, 0xFF, 0xFF, 0xFF, 0xC0, 0xFF, 0xFF, 0xFF, 0xC0, 0xFF, 0xFF, 0xFF, 0xC0, 0xFE, 0x00, 0x3F, 0xC0, 0xFE, 0x00, 0x3F, 0xC0, 0xFE, 0x00, 0x3F, 0xC0, 0xFE, 0x00, 0x3F, 0xC0, 0xFE, 0x00, 0x3F, 0xC0, 0xFE, 0x00, 0x3F, 0xC0, 0xFE, 0x00, 0x3F, 0xC0, 0xFE, 0x00, 0x3F, 0xC0, 0xFE, 0x00, 0x3F, 0xC0, 0xFE, 0x00, 0x3F, 0xC0, 0xFE, 0x00, 0x3F, 0xC0, 0xFE, 0x00, 0x3F, 0xC0, 0xFE, 0x00, 0x3F, 0xC0, 0xFE, 0x00, 0x3F, 0xC0, 0xFE, 0x00, 0x3F, 0xC0, 0xFE, 0x00, 0x3F, 0xC0, 0xFE, 0x00, 0x3F, 0xC0, 0xFE, 0x00, 0x3F, 0xC0, 0xFE, 0x00, 0x3F, 0xC0, 0xFE, 0x00, 0x3F, 0xC0, 0xFE, 0x00, 0x3F, 0xC0, 0xFE, 0x00, 0x3F, 0xC0, 0xFE, 0x00, 0x3F, 0xC0, 0xFE, 0x00, 0x3F, 0xC0, 0xFE, 0x00, 0x3F, 0xC0, 0xFE, 0x00, 0x3F, 0xC0, 0xFE, 0x00, 0x3F, 0xC0, 0xFE, 0x00, 0x3F, 0xC0, 0xFE, 0x00, 0x3F, 0xC0, 0xFE, 0x00, 0x3F, 0xC0, 0xFE, 0x00, 0x3F, 0xC0, 0xFE, 0x00, 0x3F, 0xC0, 0xFE, 0x00, 0x3F, 0xC0, 0xFE, 0x00, 0x3F, 0xC0, 0xFE, 0x00, 0x3F, 0xC0, 0xFE, 0x00, 0x3F, 0xC0, 0xFE, 0x00, 0x3F, 0xC0, 0xFE, 0x00, 0x3F, 0xC0, 0xFE, 0x00, 0x3F, 0xC0, 0xFE, 0x00, 0x3F, 0xC0, 0xFE, 0x00, 0x3F, 0xC0, 0xFE, 0x00, 0x3F, 0xC0, 0xFE, 0x00, 0x3F, 0xC0, 0xFE, 0x00, 0x3F, 0xC0, 0xFE, 0x00, 0x3F, 0xC0, 0xFE, 0x00, 0x3F, 0xC0, 0xFE, 0x00, 0x3F, 0xC0, 0xFE, 0x00, 0x3F, 0xC0, 0xFE, 0x00, 0x3F, 0xC0, 0xFE, 0x00, 0x3F, 0xC0, 0xFE, 0x00, 0x3F, 0xC0, 0xFE, 0x00, 0x3F, 0xC0, 0xFE, 0x00, 0x3F, 0xC0, 0xFE, 0x00, 0x3F, 0xC0, 0xFE, 0x00, 0x3F, 0xC0, 0xFE, 0x00, 0x3F, 0xC0, 0xFE, 0x00, 0x3F, 0xC0, 0xFE, 0x00, 0x3F, 0xC0, 0xFE, 0x00, 0x3F, 0xC0, 0xFE, 0x00, 0x3F, 0xC0, 0xFF, 0xFF, 0xFF, 0xC0, 0xFF, 0xFF, 0xFF, 0xC0, 0xFF, 0xFF, 0xFF, 0xC0, 0xFF, 0xFF, 0xFF, 0xC0, 0xFF, 0xFF, 0xFF, 0xC0, 0xFF, 0xFF, 0xFF, 0xC0, 

/* Symbol 0xC0, offset 31486 */
    52, 88, 27,
    0x00, 0x00, 0x3F, 0xFF, 0xC0, 0x00, 0x00, 0x00, 0x00, 0x7F, 0xFF, 0xC0, 0x00, 0x00, 0x00, 0x00, 0x7F, 0xFF, 0xE0, 0x00, 0x00, 0x00, 0x00, 0x7F, 0xFF, 0xE0, 0x00, 0x00, 0x00, 0x00, 0x7F, 0xFF, 0xE0, 0x00, 0x00, 0x00, 0x00, 0xFF, 0xFF, 0xF0, 0x00, 0x00, 0x00, 0x00, 0xFF, 0xFF, 0xF0, 0x00, 0x00, 0x00, 0x00, 0xFF, 0xFF, 0xF0, 0x00, 0x00, 0x00, 0x01, 0xFF, 0xFF, 0xF8, 0x00, 0x00, 0x00, 0x01, 0xFF, 0xFF, 0xF8, 0x00, 0x00, 0x00, 0x01, 0xFF, 0xBF, 0xF8, 0x00, 0x00, 0x00, 0x03, 0xFF, 0xBF, 0xFC, 0x00, 0x00, 0x00, 0x03, 0xFF, 0xBF, 0xFC, 0x00, 0x00, 0x00, 0x03, 0xFF, 0xBF, 0xFC, 0x00, 0x00, 0x00, 0x03, 0xFF, 0x1F, 0xFC, 0x00, 0x00, 0x00, 0x07, 0xFF, 0x1F, 0xFE, 0x00, 0x00, 0x00, 0x07, 0xFF, 0x1F, 0xFE, 0x00, 0x00, 0x00, 0x07, 0xFE, 0x1F, 0xFE, 0x00, 0x00, 0x00, 0x0F, 0xFE, 0x0F, 0xFF, 0x00, 0x00, 0x00, 0x0F, 0xFE, 0x0F, 0xFF, 0x00, 0x00, 0x00, 0x0F, 0xFE, 0x0F, 0xFF, 0x00, 0x00, 0x00, 0x1F, 0xFC, 0x07, 0xFF, 0x80, 0x00, 0x00, 0x1F, 0xFC, 0x07, 0xFF, 0x80, 0x00, 0x00, 0x1F, 0xFC, 0x07, 0xFF, 0x80, 0x00, 0x00, 0x1F, 0xF8, 0x07, 0xFF, 0x80, 0x00, 0x00, 0x3F, 0xF8, 0x03, 0xFF, 0xC0, 0x00, 0x00, 0x3F, 0xF8, 0x03, 0xFF, 0xC0, 0x00, 0x00, 0x3F, 0xF8, 0x03, 0xFF, 0xC0, 0x00, 0x00, 0x7F, 0xF0, 0x01, 0xFF, 0xE0, 0x00, 0x00, 0x7F, 0xF0, 0x01, 0xFF, 0xE0, 0x00, 0x00, 0x7F, 0xF0, 0x01, 0xFF, 0xE0, 0x00, 0x00, 0xFF, 0xE0, 0x01, 0xFF, 0xF0, 0x00, 0x00, 0xFF, 0xE0, 0x00, 0xFF, 0xF0, 0x00, 0x00, 0xFF, 0xE0, 0x00, 0xFF, 0xF0, 0x00, 0x01, 0xFF, 0xE0, 0x00, 0xFF, 0xF0, 0x00, 0x01, 0xFF, 0xC0, 0x00, 0x7F, 0xF8, 0x00, 0x01, 0xFF, 0xC0, 0x00, 0x7F, 0xF8, 0x00, 0x01, 0xFF, 0xC0, 0x00, 0x7F, 0xF8, 0x00, 0x03, 0xFF, 0x80, 0x00, 0x7F, 0xFC, 0x00, 0x03, 0xFF, 0x80, 0x00, 0x3F, 0xFC, 0x00, 0x03, 0xFF, 0xFF, 0xFF, 0xFF, 0xFC, 0x00, 0x07, 0xFF, 0xFF, 0xFF, 0xFF, 0xFE, 0x00, 0x07, 0xFF, 0xFF, 0xFF, 0xFF, 0xFE, 0x00, 0x07, 0xFF, 0xFF, 0xFF, 0xFF, 0xFE, 0x00, 0x0F, 0xFF, 0xFF, 0xFF, 0xFF, 0xFF, 0x00, 0x0F, 0xFF, 0xFF, 0xFF, 0xFF, 0xFF, 0x00, 0x0F, 0xFF, 0xFF, 0xFF, 0xFF, 0xFF, 0x00, 0x0F, 0xFF, 0xFF, 0xFF, 0xFF, 0xFF, 0x00, 0x1F, 0xFF, 0xFF, 0xFF, 0xFF, 0xFF, 0x80, 0x1F, 0xFC, 0x00, 0x00, 0x07, 0xFF, 0x80, 0x1F, 0xFC, 0x00, 0x00, 0x07, 0xFF, 0x80, 0x3F, 0xFC, 0x00, 0x00, 0x07, 0xFF, 0xC0, 0x3F, 0xF8, 0x00, 0x00, 0x07, 0xFF, 0xC0, 0x3F, 0xF8, 0x00, 0x00, 0x03, 0xFF, 0xC0, 0x7F, 0xF8, 0x00, 0x00, 0x03, 0xFF, 0xE0, 0x7F, 0xF8, 0x00, 0x00, 0x03, 0xFF, 0xE0, 0x7F, 0xF0, 0x00, 0x00, 0x03, 0xFF, 0xE0, 0x7F, 0xF0, 0x00, 0x00, 0x01, 0xFF, 0xE0, 0xFF, 0xF0, 0x00, 0x00, 0x01, 0xFF, 0xF0, 0xFF, 0xE0, 0x00, 0x00, 0x01, 0xFF, 0xF0, 0xFF, 0xE0, 0x00, 0x00, 0x00, 0xFF, 0xF0, 

/* Symbol 0xC1, offset 31916 */
    43, 88, 27,
    0xFF, 0xFF, 0xFF, 0xFF, 0xFE, 0x00, 0xFF, 0xFF, 0xFF, 0xFF, 0xFE, 0x00, 0xFF, 0xFF, 0xFF, 0xFF, 0xFE, 0x00, 0xFF, 0xFF, 0xFF, 0xFF, 0xFE, 0x00, 0xFF, 0xFF, 0xFF, 0xFF, 0xFE, 0x00, 0xFF, 0xFF, 0xFF, 0xFF, 0xFE, 0x00, 0xFF, 0xFF, 0xFF, 0xFF, 0xFE, 0x00, 0xFF, 0xFF, 0xFF, 0xFF, 0xFE, 0x00, 0xFF, 0xFF, 0xFF, 0xFF, 0xFE, 0x00, 0xFF, 0xE0, 0x00, 0x00, 0x00, 0x00, 0xFF, 0xE0, 0x00, 0x00, 0x00, 0x00, 0xFF, 0xE0, 0x00, 0x00, 0x00, 0x00, 0xFF, 0xE0, 0x00, 0x00, 0x00, 0x00, 0xFF, 0xE0, 0x00, 0x00, 0x00, 0x00, 0xFF, 0xE0, 0x00, 0x00, 0x00, 0x00, 0xFF, 0xE0, 0x00, 0x00, 0x00, 0x00, 0xFF, 0xE0, 0x00, 0x00, 0x00, 0x00, 0xFF, 0xE0, 0x00, 0x00, 0x00, 0x00, 0xFF, 0xE0, 0x00, 0x00, 0x00, 0x00, 0xFF, 0xE0, 0x00, 0x00, 0x00, 0x00, 0xFF, 0xE0, 0x00, 0x00, 0x00, 0x00, 0xFF, 0xE0, 0x00, 0x00, 0x00, 0x00, 0xFF, 0xE0, 0x00, 0x00, 0x00, 0x00, 0xFF, 0xE0, 0x00, 0x00, 0x00, 0x00, 0xFF, 0xFF, 0xFF, 0xC0, 0x00, 0x00, 0xFF, 0xFF, 0xFF, 0xFC, 0x00, 0x00, 0xFF, 0xFF, 0xFF, 0xFF, 0x80, 0x00, 0xFF, 0xFF, 0xFF, 0xFF, 0xE0, 0x00, 0xFF, 0xFF, 0xFF, 0xFF, 0xF0, 0x00, 0xFF, 0xFF, 0xFF, 0xFF, 0xFC, 0x00, 0xFF, 0xFF, 0xFF, 0xFF, 0xFE, 0x00, 0xFF, 0xFF, 0xFF, 0xFF, 0xFF, 0x00, 0xFF, 0xFF, 0xFF, 0xFF, 0xFF, 0x00, 0xFF, 0xE0, 0x00, 0xFF, 0xFF, 0x80, 0xFF, 0xE0, 0x00, 0x3F, 0xFF, 0x80, 0xFF, 0xE0, 0x00, 0x0F, 0xFF, 0xC0, 0xFF, 0xE0, 0x00, 0x07, 0xFF, 0xC0, 0xFF, 0xE0, 0x00, 0x03, 0xFF, 0xC0, 0xFF, 0xE0, 0x00, 0x03, 0xFF, 0xE0, 0xFF, 0xE0, 0x00, 0x01, 0xFF, 0xE0, 0xFF, 0xE0, 0x00, 0x01, 0xFF, 0xE0, 0xFF, 0xE0, 0x00, 0x01, 0xFF, 0xE0, 0xFF, 0xE0, 0x00, 0x01, 0xFF, 0xE0, 0xFF, 0xE0, 0x00, 0x01, 0xFF, 0xE0, 0xFF, 0xE0, 0x00, 0x01, 0xFF, 0xE0, 0xFF, 0xE0, 0x00, 0x03, 0xFF, 0xE0, 0xFF, 0xE0, 0x00, 0x03, 0xFF, 0xE0, 0xFF, 0xE0, 0x00, 0x07, 0xFF, 0xC0, 0xFF, 0xE0, 0x00, 0x07, 0xFF, 0xC0, 0xFF, 0xE0, 0x00, 0x0F, 0xFF, 0xC0, 0xFF, 0xE0, 0x00, 0x3F, 0xFF, 0x80, 0xFF, 0xE0, 0x01, 0xFF, 0xFF, 0x80, 0xFF, 0xFF, 0xFF, 0xFF, 0xFF, 0x00, 0xFF, 0xFF, 0xFF, 0xFF, 0xFE, 0x00, 0xFF, 0xFF, 0xFF, 0xFF, 0xFE, 0x00, 0xFF, 0xFF, 0xFF, 0xFF, 0xFC, 0x00, 0xFF, 0xFF, 0xFF, 0xFF, 0xF0, 0x00, 0xFF, 0xFF, 0xFF, 0xFF, 0xE0, 0x00, 0xFF, 0xFF, 0xFF, 0xFF, 0x80, 0x00, 0xFF, 0xFF, 0xFF, 0xFC, 0x00, 0x00, 0xFF, 0xFF, 0xFF, 0xC0, 0x00, 0x00, 

/* Symbol 0xC2, offset 32285 */
    43, 88, 27,
    0xFF, 0xFF, 0xFF, 0xE0, 0x00, 0x00, 0xFF, 0xFF, 0xFF, 0xFE, 0x00, 0x00, 0xFF, 0xFF, 0xFF, 0xFF, 0xC0, 0x00, 0xFF, 0xFF, 0xFF, 0xFF, 0xF0, 0x00, 0xFF, 0xFF, 0xFF, 0xFF, 0xF8, 0x00, 0xFF, 0xFF, 0xFF, 0xFF, 0xFC, 0x00, 0xFF, 0xFF, 0xFF, 0xFF, 0xFE, 0x00, 0xFF, 0xFF, 0xFF, 0xFF, 0xFE, 0x00, 0xFF, 0xFF, 0xFF, 0xFF, 0xFF, 0x00, 0xFF, 0xE0, 0x01, 0xFF, 0xFF, 0x00, 0xFF, 0xE0, 0x00, 0x3F, 0xFF, 0x80, 0xFF, 0xE0, 0x00, 0x1F, 0xFF, 0x80, 0xFF, 0xE0, 0x00, 0x0F, 0xFF, 0x80, 0xFF, 0xE0, 0x00, 0x0F, 0xFF, 0x80, 0xFF, 0xE0, 0x00, 0x07, 0xFF, 0x80, 0xFF, 0xE0, 0x00, 0x07, 0xFF, 0x80, 0xFF, 0xE0, 0x00, 0x07, 0xFF, 0x80, 0xFF, 0xE0, 0x00, 0x07, 0xFF, 0x80, 0xFF, 0xE0, 0x00, 0x07, 0xFF, 0x80, 0xFF, 0xE0, 0x00, 0x07, 0xFF, 0x00, 0xFF, 0xE0, 0x00, 0x0F, 0xFF, 0x00, 0xFF, 0xE0, 0x00, 0x1F, 0xFF, 0x00, 0xFF, 0xE0, 0x00, 0x1F, 0xFE, 0x00, 0xFF, 0xE0, 0x00, 0x7F, 0xFC, 0x00, 0xFF, 0xE0, 0x01, 0xFF, 0xFC, 0x00, 0xFF, 0xFF, 0xFF, 0xFF, 0xF8, 0x00, 0xFF, 0xFF, 0xFF, 0xFF, 0xF0, 0x00, 0xFF, 0xFF, 0xFF, 0xFF, 0xC0, 0x00, 0xFF, 0xFF, 0xFF, 0xFF, 0x80, 0x00, 0xFF, 0xFF, 0xFF, 0xFF, 0xF0, 0x00, 0xFF, 0xFF, 0xFF, 0xFF, 0xF8, 0x00, 0xFF, 0xFF, 0xFF, 0xFF, 0xFE, 0x00, 0xFF, 0xFF, 0xFF, 0xFF, 0xFF, 0x00, 0xFF, 0xFF, 0xFF, 0xFF, 0xFF, 0x00, 0xFF, 0xE0, 0x00, 0xFF, 0xFF, 0x80, 0xFF, 0xE0, 0x00, 0x1F, 0xFF, 0xC0, 0xFF, 0xE0, 0x00, 0x0F, 0xFF, 0xC0, 0xFF, 0xE0, 0x00, 0x07, 0xFF, 0xC0, 0xFF, 0xE0, 0x00, 0x03, 0xFF, 0xE0, 0xFF, 0xE0, 0x00, 0x03, 0xFF, 0xE0, 0xFF, 0xE0, 0x00, 0x01, 0xFF, 0xE0, 0xFF, 0xE0, 0x00, 0x01, 0xFF, 0xE0, 0xFF, 0xE0, 0x00, 0x01, 0xFF, 0xE0, 0xFF, 0xE0, 0x00, 0x01, 0xFF, 0xE0, 0xFF, 0xE0, 0x00, 0x01, 0xFF, 0xE0, 0xFF, 0xE0, 0x00, 0x01, 0xFF, 0xE0, 0xFF, 0xE0, 0x00, 0x03, 0xFF, 0xE0, 0xFF, 0xE0, 0x00, 0x03, 0xFF, 0xC0, 0xFF, 0xE0, 0x00, 0x07, 0xFF, 0xC0, 0xFF, 0xE0, 0x00, 0x0F, 0xFF, 0xC0, 0xFF, 0xE0, 0x00, 0x3F, 0xFF, 0x80, 0xFF, 0xE0, 0x00, 0xFF, 0xFF, 0x80, 0xFF, 0xFF, 0xFF, 0xFF, 0xFF, 0x00, 0xFF, 0xFF, 0xFF, 0xFF, 0xFF, 0x00, 0xFF, 0xFF, 0xFF, 0xFF, 0xFE, 0x00, 0xFF, 0xFF, 0xFF, 0xFF, 0xFC, 0x00, 0xFF, 0xFF, 0xFF, 0xFF, 0xF0, 0x00, 0xFF, 0xFF, 0xFF, 0xFF, 0xE0, 0x00, 0xFF, 0xFF, 0xFF, 0xFF, 0x80, 0x00, 0xFF, 0xFF, 0xFF, 0xFC, 0x00, 0x00, 0xFF, 0xFF, 0xFF, 0xC0, 0x00, 0x00, 

/* Symbol 0xC3, offset 32654 */
    38, 88, 27,
    0xFF, 0xFF, 0xFF, 0xFF, 0xFC, 0xFF, 0xFF, 0xFF, 0xFF, 0xFC, 0xFF, 0xFF, 0xFF, 0xFF, 0xFC, 0xFF, 0xFF, 0xFF, 0xFF, 0xFC, 0xFF, 0xFF, 0xFF, 0xFF, 0xFC, 0xFF, 0xFF, 0xFF, 0xFF, 0xFC, 0xFF, 0xFF, 0xFF, 0xFF, 0xFC, 0xFF, 0xFF, 0xFF, 0xFF, 0xFC, 0xFF, 0xFF, 0xFF, 0xFF, 0xFC, 0xFF, 0xFF, 0xFF, 0xFF, 0xFC, 0xFF, 0xE0, 0x00, 0x00, 0x00, 0xFF, 0xE0, 0x00, 0x00, 0x00, 0xFF, 0xE0, 0x00, 0x00, 0x00, 0xFF, 0xE0, 0x00, 0x00, 0x00, 0xFF, 0xE0, 0x00, 0x00, 0x00, 0xFF, 0xE0, 0x00, 0x00, 0x00, 0xFF, 0xE0, 0x00, 0x00, 0x00, 0xFF, 0xE0, 0x00, 0x00, 0x00, 0xFF, 0xE0, 0x00, 0x00, 0x00, 0xFF, 0xE0, 0x00, 0x00, 0x00, 0xFF, 0xE0, 0x00, 0x00, 0x00, 0xFF, 0xE0, 0x00, 0x00, 0x00, 0xFF, 0xE0, 0x00, 0x00, 0x00, 0xFF, 0xE0, 0x00, 0x00, 0x00, 0xFF, 0xE0, 0x00, 0x00, 0x00, 0xFF, 0xE0, 0x00, 0x00, 0x00, 0xFF, 0xE0, 0x00, 0x00, 0x00, 0xFF, 0xE0, 0x00, 0x00, 0x00, 0xFF, 0xE0, 0x00, 0x00, 0x00, 0xFF, 0xE0, 0x00, 0x00, 0x00, 0xFF, 0xE0, 0x00, 0x00, 0x00, 0xFF, 0xE0, 0x00, 0x00, 0x00, 0xFF, 0xE0, 0x00, 0x00, 0x00, 0xFF, 0xE0, 0x00, 0x00, 0x00, 0xFF, 0xE0, 0x00, 0x00, 0x00, 0xFF, 0xE0, 0x00, 0x00, 0x00, 0xFF, 0xE0, 0x00, 0x00, 0x00, 0xFF, 0xE0, 0x00, 0x00, 0x00, 0xFF, 0xE0, 0x00, 0x00, 0x00, 0xFF, 0xE0, 0x00, 0x00, 0x00, 0xFF, 0xE0, 0x00, 0x00, 0x00, 0xFF, 0xE0, 0x00, 0x00, 0x00, 0xFF, 0xE0, 0x00, 0x00, 0x00, 0xFF, 0xE0, 0x00, 0x00, 0x00, 0xFF, 0xE0, 0x00, 0x00, 0x00, 0xFF, 0xE0, 0x00, 0x00, 0x00, 0xFF, 0xE0, 0x00, 0x00, 0x00, 0xFF, 0xE0, 0x00, 0x00, 0x00, 0xFF, 0xE0, 0x00, 0x00, 0x00, 0xFF, 0xE0, 0x00, 0x00, 0x00, 0xFF, 0xE0, 0x00, 0x00, 0x00, 0xFF, 0xE0, 0x00, 0x00, 0x00, 0xFF, 0xE0, 0x00, 0x00, 0x00, 0xFF, 0xE0, 0x00, 0x00, 0x00, 0xFF, 0xE0, 0x00, 0x00, 0x00, 0xFF, 0xE0, 0x00, 0x00, 0x00, 0xFF, 0xE0, 0x00, 0x00, 0x00, 0xFF, 0xE0, 0x00, 0x00, 0x00, 0xFF, 0xE0, 0x00, 0x00, 0x00, 0xFF, 0xE0, 0x00, 0x00, 0x00, 0xFF, 0xE0, 0x00, 0x00, 0x00, 

/* Symbol 0xC4, offset 32962 */
    53, 100, 27,
    0x00, 0x03, 0xFF, 0xFF, 0xFF, 0xFF, 0x00, 0x00, 0x03, 0xFF, 0xFF, 0xFF, 0xFF, 0x00, 0x00, 0x03, 0xFF, 0xFF, 0xFF, 0xFF, 0x00, 0x00, 0x03, 0xFF, 0xFF, 0xFF, 0xFF, 0x00, 0x00, 0x03, 0xFF, 0xFF, 0xFF, 0xFF, 0x00, 0x00, 0x03, 0xFF, 0xFF, 0xFF, 0xFF, 0x00, 0x00, 0x03, 0xFF, 0xFF, 0xFF, 0xFF, 0x00, 0x00, 0x03, 0xFF, 0xFF, 0xFF, 0xFF, 0x00, 0x00, 0x03, 0xFF, 0xFF, 0xFF, 0xFF, 0x00, 0x00, 0x03, 0xFF, 0xFF, 0xFF, 0xFF, 0x00, 0x00, 0x03, 0xFF, 0x80, 0x0F, 0xFF, 0x00, 0x00, 0x03, 0xFF, 0x80, 0x0F, 0xFF, 0x00, 0x00, 0x03, 0xFF, 0x80, 0x0F, 0xFF, 0x00, 0x00, 0x03, 0xFF, 0x80, 0x0F, 0xFF, 0x00, 0x00, 0x07, 0xFF, 0x80, 0x0F, 0xFF, 0x00, 0x00, 0x07, 0xFF, 0x80, 0x0F, 0xFF, 0x00, 0x00, 0x07, 0xFF, 0x80, 0x0F, 0xFF, 0x00, 0x00, 0x07, 0xFF, 0x80, 0x0F, 0xFF, 0x00, 0x00, 0x07, 0xFF, 0x80, 0x0F, 0xFF, 0x00, 0x00, 0x07, 0xFF, 0x80, 0x0F, 0xFF, 0x00, 0x00, 0x07, 0xFF, 0x80, 0x0F, 0xFF, 0x00, 0x00, 0x07, 0xFF, 0x00, 0x0F, 0xFF, 0x00, 0x00, 0x07, 0xFF, 0x00, 0x0F, 0xFF, 0x00, 0x00, 0x07, 0xFF, 0x00, 0x0F, 0xFF, 0x00, 0x00, 0x07, 0xFF, 0x00, 0x0F, 0xFF, 0x00, 0x00, 0x07, 0xFF, 0x00, 0x0F, 0xFF, 0x00, 0x00, 0x07, 0xFF, 0x00, 0x0F, 0xFF, 0x00, 0x00, 0x07, 0xFF, 0x00, 0x0F, 0xFF, 0x00, 0x00, 0x07, 0xFF, 0x00, 0x0F, 0xFF, 0x00, 0x00, 0x07, 0xFF, 0x00, 0x0F, 0xFF, 0x00, 0x00, 0x0F, 0xFF, 0x00, 0x0F, 0xFF, 0x00, 0x00, 0x0F, 0xFF, 0x00, 0x0F, 0xFF, 0x00, 0x00, 0x0F, 0xFF, 0x00, 0x0F, 0xFF, 0x00, 0x00, 0x0F, 0xFF, 0x00, 0x0F, 0xFF, 0x00, 0x00, 0x0F, 0xFF, 0x00, 0x0F, 0xFF, 0x00, 0x00, 0x0F, 0xFE, 0x00, 0x0F, 0xFF, 0x00, 0x00, 0x0F, 0xFE, 0x00, 0x0F, 0xFF, 0x00, 0x00, 0x0F, 0xFE, 0x00, 0x0F, 0xFF, 0x00, 0x00, 0x1F, 0xFE, 0x00, 0x0F, 0xFF, 0x00, 0x00, 0x1F, 0xFE, 0x00, 0x0F, 0xFF, 0x00, 0x00, 0x1F, 0xFE, 0x00, 0x0F, 0xFF, 0x00, 0x00, 0x1F, 0xFE, 0x00, 0x0F, 0xFF, 0x00, 0x00, 0x3F, 0xFC, 0x00, 0x0F, 0xFF, 0x00, 0x00, 0x3F, 0xFC, 0x00, 0x0F, 0xFF, 0x00, 0x00, 0x3F, 0xFC, 0x00, 0x0F, 0xFF, 0x00, 0x00, 0x7F, 0xFC, 0x00, 0x0F, 0xFF, 0x00, 0x00, 0x7F, 0xF8, 0x00, 0x0F, 0xFF, 0x00, 0x00, 0xFF, 0xF8, 0x00, 0x0F, 0xFF, 0x00, 0x00, 0xFF, 0xF0, 0x00, 0x0F, 0xFF, 0x00, 0x01, 0xFF, 0xE0, 0x00, 0x0F, 0xFF, 0x00, 0x07, 0xFF, 0xC0, 0x00, 0x0F, 0xFF, 0x00, 0xFF, 0xFF, 0xFF, 0xFF, 0xFF, 0xFF, 0xF8, 0xFF, 0xFF, 0xFF, 0xFF, 0xFF, 0xFF, 0xF8, 0xFF, 0xFF, 0xFF, 0xFF, 0xFF, 0xFF, 0xF8, 0xFF, 0xFF, 0xFF, 0xFF, 0xFF, 0xFF, 0xF8, 0xFF, 0xFF, 0xFF, 0xFF, 0xFF, 0xFF, 0xF8, 0xFF, 0xFF, 0xFF, 0xFF, 0xFF, 0xFF, 0xF8, 0xFF, 0xFF, 0xFF, 0xFF, 0xFF, 0xFF, 0xF8, 0xFF, 0xFF, 0xFF, 0xFF, 0xFF, 0xFF, 0xF8, 0xFF, 0xFF, 0xFF, 0xFF, 0xFF, 0xFF, 0xF8, 0xFF, 0xFF, 0xFF, 0xFF, 0xFF, 0xFF, 0xF8, 0xFF, 0xF0, 0x00, 0x00, 0x00, 0x7F, 0xF8, 0xFF, 0xF0, 0x00, 0x00, 0x00, 0x7F, 0xF8, 0xFF, 0xF0, 0x00, 0x00, 0x00, 0x7F, 0xF8, 0xFF, 0xF0, 0x00, 0x00, 0x00, 0x7F, 0xF8, 0xFF, 0xF0, 0x00, 0x00, 0x00, 0x7F, 0xF8, 0x7F, 0xF0, 0x00, 0x00, 0x00, 0x7F, 0xF0, 0x7F, 0xF0, 0x00, 0x00, 0x00, 0x7F, 0xF0, 0x7F, 0xF0, 0x00, 0x00, 0x00, 0x7F, 0xF0, 0x7F, 0xF0, 0x00, 0x00, 0x00, 0x7F, 0xF0, 0x7F, 0xF0, 0x00, 0x00, 0x00, 0x7F, 0xF0, 0x7F, 0xF0, 0x00, 0x00, 0x00, 0x7F, 0xF0, 0x7F, 0xF0, 0x00, 0x00, 0x00, 0x7F, 0xF0, 

/* Symbol 0xC5, offset 33476 */
    37, 88, 27,
    0xFF, 0xFF, 0xFF, 0xFF, 0xF8, 0xFF, 0xFF, 0xFF, 0xFF, 0xF8, 0xFF, 0xFF, 0xFF, 0xFF, 0xF8, 0xFF, 0xFF, 0xFF, 0xFF, 0xF8, 0xFF, 0xFF, 0xFF, 0xFF, 0xF8, 0xFF, 0xFF, 0xFF, 0xFF, 0xF8, 0xFF, 0xFF, 0xFF, 0xFF, 0xF8, 0xFF, 0xFF, 0xFF, 0xFF, 0xF8, 0xFF, 0xFF, 0xFF, 0xFF, 0xF8, 0xFF, 0xFF, 0xFF, 0xFF, 0xF8, 0xFF, 0xF0, 0x00, 0x00, 0x00, 0xFF, 0xF0, 0x00, 0x00, 0x00, 0xFF, 0xF0, 0x00, 0x00, 0x00, 0xFF, 0xF0, 0x00, 0x00, 0x00, 0xFF, 0xF0, 0x00, 0x00, 0x00, 0xFF, 0xF0, 0x00, 0x00, 0x00, 0xFF, 0xF0, 0x00, 0x00, 0x00, 0xFF, 0xF0, 0x00, 0x00, 0x00, 0xFF, 0xF0, 0x00, 0x00, 0x00, 0xFF, 0xF0, 0x00, 0x00, 0x00, 0xFF, 0xF0, 0x00, 0x00, 0x00, 0xFF, 0xF0, 0x00, 0x00, 0x00, 0xFF, 0xF0, 0x00, 0x00, 0x00, 0xFF, 0xF0, 0x00, 0x00, 0x00, 0xFF, 0xFF, 0xFF, 0xFF, 0xF0, 0xFF, 0xFF, 0xFF, 0xFF, 0xF0, 0xFF, 0xFF, 0xFF, 0xFF, 0xF0, 0xFF, 0xFF, 0xFF, 0xFF, 0xF0, 0xFF, 0xFF, 0xFF, 0xFF, 0xF0, 0xFF, 0xFF, 0xFF, 0xFF, 0xF0, 0xFF, 0xFF, 0xFF, 0xFF, 0xF0, 0xFF, 0xFF, 0xFF, 0xFF, 0xF0, 0xFF, 0xFF, 0xFF, 0xFF, 0xF0, 0xFF, 0xFF, 0xFF, 0xFF, 0xF0, 0xFF, 0xF0, 0x00, 0x00, 0x00, 0xFF, 0xF0, 0x00, 0x00, 0x00, 0xFF, 0xF0, 0x00, 0x00, 0x00, 0xFF, 0xF0, 0x00, 0x00, 0x00, 0xFF, 0xF0, 0x00, 0x00, 0x00, 0xFF, 0xF0, 0x00, 0x00, 0x00, 0xFF, 0xF0, 0x00, 0x00, 0x00, 0xFF, 0xF0, 0x00, 0x00, 0x00, 0xFF, 0xF0, 0x00, 0x00, 0x00, 0xFF, 0xF0, 0x00, 0x00, 0x00, 0xFF, 0xF0, 0x00, 0x00, 0x00, 0xFF, 0xF0, 0x00, 0x00, 0x00, 0xFF, 0xF0, 0x00, 0x00, 0x00, 0xFF, 0xF0, 0x00, 0x00, 0x00, 0xFF, 0xF0, 0x00, 0x00, 0x00, 0xFF, 0xF0, 0x00, 0x00, 0x00, 0xFF, 0xF0, 0x00, 0x00, 0x00, 0xFF, 0xFF, 0xFF, 0xFF, 0xF8, 0xFF, 0xFF, 0xFF, 0xFF, 0xF8, 0xFF, 0xFF, 0xFF, 0xFF, 0xF8, 0xFF, 0xFF, 0xFF, 0xFF, 0xF8, 0xFF, 0xFF, 0xFF, 0xFF, 0xF8, 0xFF, 0xFF, 0xFF, 0xFF, 0xF8, 0xFF, 0xFF, 0xFF, 0xFF, 0xF8, 0xFF, 0xFF, 0xFF, 0xFF, 0xF8, 0xFF, 0xFF, 0xFF, 0xFF, 0xF8, 0xFF, 0xFF, 0xFF, 0xFF, 0xF8, 

/* Symbol 0xC6, offset 33784 */
    53, 88, 27,
    0xFF, 0xE0, 0x07, 0xFE, 0x00, 0x7F, 0xF0, 0x7F, 0xF0, 0x07, 0xFE, 0x00, 0xFF, 0xE0, 0x7F, 0xF0, 0x07, 0xFE, 0x00, 0xFF, 0xE0, 0x7F, 0xF0, 0x07, 0xFE, 0x00, 0xFF, 0xE0, 0x3F, 0xF8, 0x07, 0xFE, 0x01, 0xFF, 0xC0, 0x3F, 0xF8, 0x07, 0xFE, 0x01, 0xFF, 0xC0, 0x3F, 0xF8, 0x07, 0xFE, 0x01, 0xFF, 0x80, 0x1F, 0xFC, 0x07, 0xFE, 0x03, 0xFF, 0x80, 0x1F, 0xFC, 0x07, 0xFE, 0x03, 0xFF, 0x80, 0x0F, 0xFC, 0x07, 0xFE, 0x03, 0xFF, 0x00, 0x0F, 0xFE, 0x07, 0xFE, 0x07, 0xFF, 0x00, 0x0F, 0xFE, 0x07, 0xFE, 0x07, 0xFE, 0x00, 0x07, 0xFE, 0x07, 0xFE, 0x07, 0xFE, 0x00, 0x07, 0xFF, 0x07, 0xFE, 0x0F, 0xFE, 0x00, 0x07, 0xFF, 0x07, 0xFE, 0x0F, 0xFC, 0x00, 0x03, 0xFF, 0x07, 0xFE, 0x0F, 0xFC, 0x00, 0x03, 0xFF, 0x87, 0xFE, 0x1F, 0xF8, 0x00, 0x01, 0xFF, 0x87, 0xFE, 0x1F, 0xF8, 0x00, 0x01, 0xFF, 0x87, 0xFE, 0x1F, 0xF0, 0x00, 0x01, 0xFF, 0xC7, 0xFE, 0x3F, 0xF0, 0x00, 0x00, 0xFF, 0xC7, 0xFE, 0x3F, 0xF0, 0x00, 0x00, 0xFF, 0xC7, 0xFE, 0x3F, 0xE0, 0x00, 0x00, 0xFF, 0xE7, 0xFE, 0x7F, 0xE0, 0x00, 0x00, 0x7F, 0xE7, 0xFE, 0x7F, 0xC0, 0x00, 0x00, 0x7F, 0xE7, 0xFE, 0x7F, 0xC0, 0x00, 0x00, 0x3F, 0xF7, 0xFE, 0xFF, 0xC0, 0x00, 0x00, 0x3F, 0xF7, 0xFE, 0xFF, 0x80, 0x00, 0x00, 0x3F, 0xF7, 0xFE, 0xFF, 0x80, 0x00, 0x00, 0x1F, 0xFF, 0xFF, 0xFF, 0x00, 0x00, 0x00, 0x1F, 0xFF, 0xFF, 0xFF, 0x00, 0x00, 0x00, 0x3F, 0xFF, 0xFF, 0xFF, 0x80, 0x00, 0x00, 0x3F, 0xFF, 0xFF, 0xFF, 0x80, 0x00, 0x00, 0x3F, 0xF7, 0xFE, 0xFF, 0xC0, 0x00, 0x00, 0x7F, 0xF7, 0xFE, 0xFF, 0xC0, 0x00, 0x00, 0x7F, 0xF7, 0xFE, 0xFF, 0xC0, 0x00, 0x00, 0x7F, 0xE7, 0xFE, 0x7F, 0xE0, 0x00, 0x00, 0xFF, 0xE7, 0xFE, 0x7F, 0xE0, 0x00, 0x00, 0xFF, 0xE7, 0xFE, 0x7F, 0xF0, 0x00, 0x01, 0xFF, 0xC7, 0xFE, 0x3F, 0xF0, 0x00, 0x01, 0xFF, 0xC7, 0xFE, 0x3F, 0xF0, 0x00, 0x01, 0xFF, 0xC7, 0xFE, 0x3F, 0xF8, 0x00, 0x03, 0xFF, 0x87, 0xFE, 0x1F, 0xF8, 0x00, 0x03, 0xFF, 0x87, 0xFE, 0x1F, 0xFC, 0x00, 0x03, 0xFF, 0x87, 0xFE, 0x1F, 0xFC, 0x00, 0x07, 0xFF, 0x07, 0xFE, 0x0F, 0xFC, 0x00, 0x07, 0xFF, 0x07, 0xFE, 0x0F, 0xFE, 0x00, 0x0F, 0xFF, 0x07, 0xFE, 0x0F, 0xFE, 0x00, 0x0F, 0xFE, 0x07, 0xFE, 0x07, 0xFF, 0x00, 0x0F, 0xFE, 0x07, 0xFE, 0x07, 0xFF, 0x00, 0x1F, 0xFE, 0x07, 0xFE, 0x07, 0xFF, 0x00, 0x1F, 0xFC, 0x07, 0xFE, 0x03, 0xFF, 0x80, 0x1F, 0xFC, 0x07, 0xFE, 0x03, 0xFF, 0x80, 0x3F, 0xFC, 0x07, 0xFE, 0x03, 0xFF, 0xC0, 0x3F, 0xF8, 0x07, 0xFE, 0x01, 0xFF, 0xC0, 0x7F, 0xF8, 0x07, 0xFE, 0x01, 0xFF, 0xC0, 0x7F, 0xF8, 0x07, 0xFE, 0x01, 0xFF, 0xE0, 0x7F, 0xF0, 0x07, 0xFE, 0x00, 0xFF, 0xE0, 0xFF, 0xF0, 0x07, 0xFE, 0x00, 0xFF, 0xF0, 0xFF, 0xF0, 0x07, 0xFE, 0x00, 0xFF, 0xF0, 0xFF, 0xE0, 0x07, 0xFE, 0x00, 0x7F, 0xF0, 0xFF, 0xE0, 0x07, 0xFE, 0x00, 0x7F, 0xF8, 

/* Symbol 0xC7, offset 34214 */
    43, 89, 26,
    0x00, 0x3F, 0xFF, 0xC0, 0x00, 0x00, 0x0F, 0xFF, 0xFF, 0xFE, 0x00, 0x00, 0x3F, 0xFF, 0xFF, 0xFF, 0x80, 0x00, 0x3F, 0xFF, 0xFF, 0xFF, 0xE0, 0x00, 0x3F, 0xFF, 0xFF, 0xFF, 0xF0, 0x00, 0x3F, 0xFF, 0xFF, 0xFF, 0xF8, 0x00, 0x3F, 0xFF, 0xFF, 0xFF, 0xFC, 0x00, 0x3F, 0xFF, 0xFF, 0xFF, 0xFE, 0x00, 0x3F, 0xFF, 0xFF, 0xFF, 0xFE, 0x00, 0x3F, 0xF0, 0x01, 0xFF, 0xFF, 0x00, 0x3E, 0x00, 0x00, 0x3F, 0xFF, 0x00, 0x30, 0x00, 0x00, 0x1F, 0xFF, 0x80, 0x00, 0x00, 0x00, 0x0F, 0xFF, 0x80, 0x00, 0x00, 0x00, 0x0F, 0xFF, 0x80, 0x00, 0x00, 0x00, 0x07, 0xFF, 0x80, 0x00, 0x00, 0x00, 0x07, 0xFF, 0x80, 0x00, 0x00, 0x00, 0x07, 0xFF, 0x80, 0x00, 0x00, 0x00, 0x07, 0xFF, 0x80, 0x00, 0x00, 0x00, 0x07, 0xFF, 0x80, 0x00, 0x00, 0x00, 0x07, 0xFF, 0x80, 0x00, 0x00, 0x00, 0x0F, 0xFF, 0x00, 0x00, 0x00, 0x00, 0x0F, 0xFF, 0x00, 0x00, 0x00, 0x00, 0x1F, 0xFF, 0x00, 0x00, 0x00, 0x00, 0x3F, 0xFE, 0x00, 0x00, 0x00, 0x00, 0x7F, 0xFE, 0x00, 0x00, 0x00, 0x03, 0xFF, 0xFC, 0x00, 0x0F, 0xFF, 0xFF, 0xFF, 0xF8, 0x00, 0x0F, 0xFF, 0xFF, 0xFF, 0xF0, 0x00, 0x0F, 0xFF, 0xFF, 0xFF, 0xC0, 0x00, 0x0F, 0xFF, 0xFF, 0xFF, 0x80, 0x00, 0x0F, 0xFF, 0xFF, 0xFF, 0xF0, 0x00, 0x0F, 0xFF, 0xFF, 0xFF, 0xF8, 0x00, 0x0F, 0xFF, 0xFF, 0xFF, 0xFE, 0x00, 0x0F, 0xFF, 0xFF, 0xFF, 0xFF, 0x00, 0x0F, 0xFF, 0xFF, 0xFF, 0xFF, 0x00, 0x00, 0x00, 0x00, 0xFF, 0xFF, 0x80, 0x00, 0x00, 0x00, 0x3F, 0xFF, 0xC0, 0x00, 0x00, 0x00, 0x0F, 0xFF, 0xC0, 0x00, 0x00, 0x00, 0x07, 0xFF, 0xC0, 0x00, 0x00, 0x00, 0x03, 0xFF, 0xE0, 0x00, 0x00, 0x00, 0x03, 0xFF, 0xE0, 0x00, 0x00, 0x00, 0x01, 0xFF, 0xE0, 0x00, 0x00, 0x00, 0x01, 0xFF, 0xE0, 0x00, 0x00, 0x00, 0x01, 0xFF, 0xE0, 0x00, 0x00, 0x00, 0x01, 0xFF, 0xE0, 0x00, 0x00, 0x00, 0x01, 0xFF, 0xE0, 0x00, 0x00, 0x00, 0x01, 0xFF, 0xE0, 0x00, 0x00, 0x00, 0x03, 0xFF, 0xE0, 0x00, 0x00, 0x00, 0x03, 0xFF, 0xE0, 0x00, 0x00, 0x00, 0x07, 0xFF, 0xC0, 0xC0, 0x00, 0x00, 0x0F, 0xFF, 0xC0, 0xFC, 0x00, 0x00, 0x3F, 0xFF, 0xC0, 0xFF, 0xF0, 0x00, 0xFF, 0xFF, 0x80, 0xFF, 0xFF, 0xFF, 0xFF, 0xFF, 0x80, 0xFF, 0xFF, 0xFF, 0xFF, 0xFF, 0x00, 0xFF, 0xFF, 0xFF, 0xFF, 0xFE, 0x00, 0xFF, 0xFF, 0xFF, 0xFF, 0xFC, 0x00, 0xFF, 0xFF, 0xFF, 0xFF, 0xF8, 0x00, 0xFF, 0xFF, 0xFF, 0xFF, 0xF0, 0x00, 0xFF, 0xFF, 0xFF, 0xFF, 0xE0, 0x00, 0x3F, 0xFF, 0xFF, 0xFF, 0x80, 0x00, 0x07, 0xFF, 0xFF, 0xFC, 0x00, 0x00, 0x00, 0x1F, 0xFF, 0xC0, 0x00, 0x00, 

/* Symbol 0xC8, offset 34595 */
    44, 88, 27,
    0xFF, 0xF0, 0x00, 0x00, 0xFF, 0xF0, 0xFF, 0xF0, 0x00, 0x00, 0xFF, 0xF0, 0xFF, 0xF0, 0x00, 0x01, 0xFF, 0xF0, 0xFF, 0xF0, 0x00, 0x01, 0xFF, 0xF0, 0xFF, 0xF0, 0x00, 0x03, 0xFF, 0xF0, 0xFF, 0xF0, 0x00, 0x03, 0xFF, 0xF0, 0xFF, 0xF0, 0x00, 0x07, 0xFF, 0xF0, 0xFF, 0xF0, 0x00, 0x07, 0xFF, 0xF0, 0xFF, 0xF0, 0x00, 0x0F, 0xFF, 0xF0, 0xFF, 0xF0, 0x00, 0x0F, 0xFF, 0xF0, 0xFF, 0xF0, 0x00, 0x1F, 0xFF, 0xF0, 0xFF, 0xF0, 0x00, 0x3F, 0xFF, 0xF0, 0xFF, 0xF0, 0x00, 0x3F, 0xFF, 0xF0, 0xFF, 0xF0, 0x00, 0x7F, 0xFF, 0xF0, 0xFF, 0xF0, 0x00, 0x7F, 0xFF, 0xF0, 0xFF, 0xF0, 0x00, 0xFF, 0xFF, 0xF0, 0xFF, 0xF0, 0x00, 0xFF, 0xFF, 0xF0, 0xFF, 0xF0, 0x01, 0xFF, 0xFF, 0xF0, 0xFF, 0xF0, 0x01, 0xFF, 0xFF, 0xF0, 0xFF, 0xF0, 0x03, 0xFF, 0xFF, 0xF0, 0xFF, 0xF0, 0x03, 0xFF, 0xFF, 0xF0, 0xFF, 0xF0, 0x07, 0xFF, 0xFF, 0xF0, 0xFF, 0xF0, 0x07, 0xFF, 0xFF, 0xF0, 0xFF, 0xF0, 0x0F, 0xFE, 0xFF, 0xF0, 0xFF, 0xF0, 0x0F, 0xFE, 0xFF, 0xF0, 0xFF, 0xF0, 0x1F, 0xFC, 0xFF, 0xF0, 0xFF, 0xF0, 0x1F, 0xFC, 0xFF, 0xF0, 0xFF, 0xF0, 0x3F, 0xF8, 0xFF, 0xF0, 0xFF, 0xF0, 0x3F, 0xF8, 0xFF, 0xF0, 0xFF, 0xF0, 0x7F, 0xF0, 0xFF, 0xF0, 0xFF, 0xF0, 0x7F, 0xE0, 0xFF, 0xF0, 0xFF, 0xF0, 0xFF, 0xE0, 0xFF, 0xF0, 0xFF, 0xF0, 0xFF, 0xC0, 0xFF, 0xF0, 0xFF, 0xF1, 0xFF, 0xC0, 0xFF, 0xF0, 0xFF, 0xF3, 0xFF, 0x80, 0xFF, 0xF0, 0xFF, 0xF3, 0xFF, 0x80, 0xFF, 0xF0, 0xFF, 0xF7, 0xFF, 0x00, 0xFF, 0xF0, 0xFF, 0xF7, 0xFF, 0x00, 0xFF, 0xF0, 0xFF, 0xFF, 0xFE, 0x00, 0xFF, 0xF0, 0xFF, 0xFF, 0xFE, 0x00, 0xFF, 0xF0, 0xFF, 0xFF, 0xFC, 0x00, 0xFF, 0xF0, 0xFF, 0xFF, 0xFC, 0x00, 0xFF, 0xF0, 0xFF, 0xFF, 0xF8, 0x00, 0xFF, 0xF0, 0xFF, 0xFF, 0xF8, 0x00, 0xFF, 0xF0, 0xFF, 0xFF, 0xF0, 0x00, 0xFF, 0xF0, 0xFF, 0xFF, 0xF0, 0x00, 0xFF, 0xF0, 0xFF, 0xFF, 0xE0, 0x00, 0xFF, 0xF0, 0xFF, 0xFF, 0xE0, 0x00, 0xFF, 0xF0, 0xFF, 0xFF, 0xC0, 0x00, 0xFF, 0xF0, 0xFF, 0xFF, 0xC0, 0x00, 0xFF, 0xF0, 0xFF, 0xFF, 0x80, 0x00, 0xFF, 0xF0, 0xFF, 0xFF, 0x00, 0x00, 0xFF, 0xF0, 0xFF, 0xFF, 0x00, 0x00, 0xFF, 0xF0, 0xFF, 0xFE, 0x00, 0x00, 0xFF, 0xF0, 0xFF, 0xFE, 0x00, 0x00, 0xFF, 0xF0, 0xFF, 0xFC, 0x00, 0x00, 0xFF, 0xF0, 0xFF, 0xFC, 0x00, 0x00, 0xFF, 0xF0, 0xFF, 0xF8, 0x00, 0x00, 0xFF, 0xF0, 0xFF, 0xF8, 0x00, 0x00, 0xFF, 0xF0, 0xFF, 0xF0, 0x00, 0x00, 0xFF, 0xF0, 0xFF, 0xF0, 0x00, 0x00, 0xFF, 0xF0, 

/* Symbol 0xC9, offset 34964 */
    44, 88, 10,
    0x01, 0xFF, 0x80, 0x0F, 0xFC, 0x00, 0x01, 0xFF, 0x80, 0x0F, 0xFC, 0x00, 0x01, 0xFF, 0x80, 0x0F, 0xFC, 0x00, 0x01, 0xFF, 0x80, 0x1F, 0xFC, 0x00, 0x00, 0xFF, 0xC0, 0x1F, 0xF8, 0x00, 0x00, 0xFF, 0xE0, 0x3F, 0xF8, 0x00, 0x00, 0xFF, 0xF0, 0x7F, 0xF8, 0x00, 0x00, 0x7F, 0xFF, 0xFF, 0xF0, 0x00, 0x00, 0x7F, 0xFF, 0xFF, 0xE0, 0x00, 0x00, 0x3F, 0xFF, 0xFF, 0xE0, 0x00, 0x00, 0x1F, 0xFF, 0xFF, 0xC0, 0x00, 0x00, 0x0F, 0xFF, 0xFF, 0x00, 0x00, 0x00, 0x03, 0xFF, 0xFC, 0x00, 0x00, 0x00, 0x00, 0x7F, 0xE0, 0x00, 0x00, 0x00, 0x00, 0x00, 0x00, 0x00, 0x00, 0x00, 0x00, 0x00, 0x00, 0x00, 0x00, 0x00, 0x00, 0x00, 0x00, 0x00, 0x00, 0xFF, 0xF0, 0x00, 0x00, 0xFF, 0xF0, 0xFF, 0xF0, 0x00, 0x00, 0xFF, 0xF0, 0xFF, 0xF0, 0x00, 0x01, 0xFF, 0xF0, 0xFF, 0xF0, 0x00, 0x01, 0xFF, 0xF0, 0xFF, 0xF0, 0x00, 0x03, 0xFF, 0xF0, 0xFF, 0xF0, 0x00, 0x03, 0xFF, 0xF0, 0xFF, 0xF0, 0x00, 0x07, 0xFF, 0xF0, 0xFF, 0xF0, 0x00, 0x07, 0xFF, 0xF0, 0xFF, 0xF0, 0x00, 0x0F, 0xFF, 0xF0, 0xFF, 0xF0, 0x00, 0x0F, 0xFF, 0xF0, 0xFF, 0xF0, 0x00, 0x1F, 0xFF, 0xF0, 0xFF, 0xF0, 0x00, 0x3F, 0xFF, 0xF0, 0xFF, 0xF0, 0x00, 0x3F, 0xFF, 0xF0, 0xFF, 0xF0, 0x00, 0x7F, 0xFF, 0xF0, 0xFF, 0xF0, 0x00, 0x7F, 0xFF, 0xF0, 0xFF, 0xF0, 0x00, 0xFF, 0xFF, 0xF0, 0xFF, 0xF0, 0x00, 0xFF, 0xFF, 0xF0, 0xFF, 0xF0, 0x01, 0xFF, 0xFF, 0xF0, 0xFF, 0xF0, 0x01, 0xFF, 0xFF, 0xF0, 0xFF, 0xF0, 0x03, 0xFF, 0xFF, 0xF0, 0xFF, 0xF0, 0x03, 0xFF, 0xFF, 0xF0, 0xFF, 0xF0, 0x07, 0xFF, 0xFF, 0xF0, 0xFF, 0xF0, 0x07, 0xFF, 0xFF, 0xF0, 0xFF, 0xF0, 0x0F, 0xFE, 0xFF, 0xF0, 0xFF, 0xF0, 0x0F, 0xFE, 0xFF, 0xF0, 0xFF, 0xF0, 0x1F, 0xFC, 0xFF, 0xF0, 0xFF, 0xF0, 0x1F, 0xFC, 0xFF, 0xF0, 0xFF, 0xF0, 0x3F, 0xF8, 0xFF, 0xF0, 0xFF, 0xF0, 0x3F, 0xF8, 0xFF, 0xF0, 0xFF, 0xF0, 0x7F, 0xF0, 0xFF, 0xF0, 0xFF, 0xF0, 0x7F, 0xE0, 0xFF, 0xF0, 0xFF, 0xF0, 0xFF, 0xE0, 0xFF, 0xF0, 0xFF, 0xF0, 0xFF, 0xC0, 0xFF, 0xF0, 0xFF, 0xF1, 0xFF, 0xC0, 0xFF, 0xF0, 0xFF, 0xF3, 0xFF, 0x80, 0xFF, 0xF0, 0xFF, 0xF3, 0xFF, 0x80, 0xFF, 0xF0, 0xFF, 0xF7, 0xFF, 0x00, 0xFF, 0xF0, 0xFF, 0xF7, 0xFF, 0x00, 0xFF, 0xF0, 0xFF, 0xFF, 0xFE, 0x00, 0xFF, 0xF0, 0xFF, 0xFF, 0xFE, 0x00, 0xFF, 0xF0, 0xFF, 0xFF, 0xFC, 0x00, 0xFF, 0xF0, 0xFF, 0xFF, 0xFC, 0x00, 0xFF, 0xF0, 0xFF, 0xFF, 0xF8, 0x00, 0xFF, 0xF0, 0xFF, 0xFF, 0xF8, 0x00, 0xFF, 0xF0, 0xFF, 0xFF, 0xF0, 0x00, 0xFF, 0xF0, 0xFF, 0xFF, 0xF0, 0x00, 0xFF, 0xF0, 0xFF, 0xFF, 0xE0, 0x00, 0xFF, 0xF0, 0xFF, 0xFF, 0xE0, 0x00, 0xFF, 0xF0, 0xFF, 0xFF, 0xC0, 0x00, 0xFF, 0xF0, 0xFF, 0xFF, 0xC0, 0x00, 0xFF, 0xF0, 0xFF, 0xFF, 0x80, 0x00, 0xFF, 0xF0, 0xFF, 0xFF, 0x00, 0x00, 0xFF, 0xF0, 0xFF, 0xFF, 0x00, 0x00, 0xFF, 0xF0, 0xFF, 0xFE, 0x00, 0x00, 0xFF, 0xF0, 0xFF, 0xFE, 0x00, 0x00, 0xFF, 0xF0, 0xFF, 0xFC, 0x00, 0x00, 0xFF, 0xF0, 0xFF, 0xFC, 0x00, 0x00, 0xFF, 0xF0, 0xFF, 0xF8, 0x00, 0x00, 0xFF, 0xF0, 0xFF, 0xF8, 0x00, 0x00, 0xFF, 0xF0, 0xFF, 0xF0, 0x00, 0x00, 0xFF, 0xF0, 0xFF, 0xF0, 0x00, 0x00, 0xFF, 0xF0, 

/* Symbol 0xCA, offset 35435 */
    45, 88, 27,
    0xFF, 0xF0, 0x00, 0x03, 0xFF, 0xF0, 0xFF, 0xF0, 0x00, 0x07, 0xFF, 0xE0, 0xFF, 0xF0, 0x00, 0x0F, 0xFF, 0xC0, 0xFF, 0xF0, 0x00, 0x0F, 0xFF, 0xC0, 0xFF, 0xF0, 0x00, 0x1F, 0xFF, 0x80, 0xFF, 0xF0, 0x00, 0x1F, 0xFF, 0x00, 0xFF, 0xF0, 0x00, 0x3F, 0xFE, 0x00, 0xFF, 0xF0, 0x00, 0x7F, 0xFE, 0x00, 0xFF, 0xF0, 0x00, 0x7F, 0xFC, 0x00, 0xFF, 0xF0, 0x00, 0xFF, 0xF8, 0x00, 0xFF, 0xF0, 0x01, 0xFF, 0xF8, 0x00, 0xFF, 0xF0, 0x01, 0xFF, 0xF0, 0x00, 0xFF, 0xF0, 0x03, 0xFF, 0xE0, 0x00, 0xFF, 0xF0, 0x07, 0xFF, 0xE0, 0x00, 0xFF, 0xF0, 0x07, 0xFF, 0xC0, 0x00, 0xFF, 0xF0, 0x0F, 0xFF, 0x80, 0x00, 0xFF, 0xF0, 0x0F, 0xFF, 0x00, 0x00, 0xFF, 0xF0, 0x1F, 0xFF, 0x00, 0x00, 0xFF, 0xF0, 0x3F, 0xFE, 0x00, 0x00, 0xFF, 0xF0, 0x3F, 0xFC, 0x00, 0x00, 0xFF, 0xF0, 0x7F, 0xFC, 0x00, 0x00, 0xFF, 0xF0, 0xFF, 0xF8, 0x00, 0x00, 0xFF, 0xF0, 0xFF, 0xF0, 0x00, 0x00, 0xFF, 0xF1, 0xFF, 0xF0, 0x00, 0x00, 0xFF, 0xF3, 0xFF, 0xE0, 0x00, 0x00, 0xFF, 0xF3, 0xFF, 0xC0, 0x00, 0x00, 0xFF, 0xF7, 0xFF, 0x80, 0x00, 0x00, 0xFF, 0xF7, 0xFF, 0x80, 0x00, 0x00, 0xFF, 0xFF, 0xFF, 0x00, 0x00, 0x00, 0xFF, 0xFF, 0xFF, 0x00, 0x00, 0x00, 0xFF, 0xFF, 0xFF, 0x00, 0x00, 0x00, 0xFF, 0xFF, 0xFF, 0x80, 0x00, 0x00, 0xFF, 0xF7, 0xFF, 0xC0, 0x00, 0x00, 0xFF, 0xF7, 0xFF, 0xC0, 0x00, 0x00, 0xFF, 0xF3, 0xFF, 0xE0, 0x00, 0x00, 0xFF, 0xF3, 0xFF, 0xF0, 0x00, 0x00, 0xFF, 0xF1, 0xFF, 0xF0, 0x00, 0x00, 0xFF, 0xF0, 0xFF, 0xF8, 0x00, 0x00, 0xFF, 0xF0, 0xFF, 0xFC, 0x00, 0x00, 0xFF, 0xF0, 0x7F, 0xFC, 0x00, 0x00, 0xFF, 0xF0, 0x7F, 0xFE, 0x00, 0x00, 0xFF, 0xF0, 0x3F, 0xFF, 0x00, 0x00, 0xFF, 0xF0, 0x1F, 0xFF, 0x00, 0x00, 0xFF, 0xF0, 0x1F, 0xFF, 0x80, 0x00, 0xFF, 0xF0, 0x0F, 0xFF, 0xC0, 0x00, 0xFF, 0xF0, 0x07, 0xFF, 0xC0, 0x00, 0xFF, 0xF0, 0x07, 0xFF, 0xE0, 0x00, 0xFF, 0xF0, 0x03, 0xFF, 0xF0, 0x00, 0xFF, 0xF0, 0x03, 0xFF, 0xF0, 0x00, 0xFF, 0xF0, 0x01, 0xFF, 0xF8, 0x00, 0xFF, 0xF0, 0x00, 0xFF, 0xFC, 0x00, 0xFF, 0xF0, 0x00, 0xFF, 0xFC, 0x00, 0xFF, 0xF0, 0x00, 0x7F, 0xFE, 0x00, 0xFF, 0xF0, 0x00, 0x7F, 0xFF, 0x00, 0xFF, 0xF0, 0x00, 0x3F, 0xFF, 0x80, 0xFF, 0xF0, 0x00, 0x1F, 0xFF, 0x80, 0xFF, 0xF0, 0x00, 0x1F, 0xFF, 0xC0, 0xFF, 0xF0, 0x00, 0x0F, 0xFF, 0xE0, 0xFF, 0xF0, 0x00, 0x0F, 0xFF, 0xE0, 0xFF, 0xF0, 0x00, 0x07, 0xFF, 0xF0, 0xFF, 0xF0, 0x00, 0x03, 0xFF, 0xF8, 

/* Symbol 0xCB, offset 35804 */
    48, 89, 27,
    0x00, 0x03, 0xFF, 0xFF, 0xFF, 0xFF, 0x00, 0x03, 0xFF, 0xFF, 0xFF, 0xFF, 0x00, 0x03, 0xFF, 0xFF, 0xFF, 0xFF, 0x00, 0x03, 0xFF, 0xFF, 0xFF, 0xFF, 0x00, 0x03, 0xFF, 0xFF, 0xFF, 0xFF, 0x00, 0x03, 0xFF, 0xFF, 0xFF, 0xFF, 0x00, 0x03, 0xFF, 0xFF, 0xFF, 0xFF, 0x00, 0x03, 0xFF, 0xFF, 0xFF, 0xFF, 0x00, 0x03, 0xFF, 0xFF, 0xFF, 0xFF, 0x00, 0x03, 0xFF, 0xFF, 0xFF, 0xFF, 0x00, 0x03, 0xFF, 0x80, 0x0F, 0xFF, 0x00, 0x03, 0xFF, 0x80, 0x0F, 0xFF, 0x00, 0x03, 0xFF, 0x80, 0x0F, 0xFF, 0x00, 0x07, 0xFF, 0x80, 0x0F, 0xFF, 0x00, 0x07, 0xFF, 0x80, 0x0F, 0xFF, 0x00, 0x07, 0xFF, 0x80, 0x0F, 0xFF, 0x00, 0x07, 0xFF, 0x80, 0x0F, 0xFF, 0x00, 0x07, 0xFF, 0x80, 0x0F, 0xFF, 0x00, 0x07, 0xFF, 0x80, 0x0F, 0xFF, 0x00, 0x07, 0xFF, 0x80, 0x0F, 0xFF, 0x00, 0x07, 0xFF, 0x00, 0x0F, 0xFF, 0x00, 0x07, 0xFF, 0x00, 0x0F, 0xFF, 0x00, 0x07, 0xFF, 0x00, 0x0F, 0xFF, 0x00, 0x07, 0xFF, 0x00, 0x0F, 0xFF, 0x00, 0x07, 0xFF, 0x00, 0x0F, 0xFF, 0x00, 0x07, 0xFF, 0x00, 0x0F, 0xFF, 0x00, 0x07, 0xFF, 0x00, 0x0F, 0xFF, 0x00, 0x0F, 0xFF, 0x00, 0x0F, 0xFF, 0x00, 0x0F, 0xFF, 0x00, 0x0F, 0xFF, 0x00, 0x0F, 0xFF, 0x00, 0x0F, 0xFF, 0x00, 0x0F, 0xFF, 0x00, 0x0F, 0xFF, 0x00, 0x0F, 0xFF, 0x00, 0x0F, 0xFF, 0x00, 0x0F, 0xFE, 0x00, 0x0F, 0xFF, 0x00, 0x0F, 0xFE, 0x00, 0x0F, 0xFF, 0x00, 0x0F, 0xFE, 0x00, 0x0F, 0xFF, 0x00, 0x1F, 0xFE, 0x00, 0x0F, 0xFF, 0x00, 0x1F, 0xFE, 0x00, 0x0F, 0xFF, 0x00, 0x1F, 0xFE, 0x00, 0x0F, 0xFF, 0x00, 0x1F, 0xFE, 0x00, 0x0F, 0xFF, 0x00, 0x1F, 0xFC, 0x00, 0x0F, 0xFF, 0x00, 0x1F, 0xFC, 0x00, 0x0F, 0xFF, 0x00, 0x3F, 0xFC, 0x00, 0x0F, 0xFF, 0x00, 0x3F, 0xFC, 0x00, 0x0F, 0xFF, 0x00, 0x3F, 0xFC, 0x00, 0x0F, 0xFF, 0x00, 0x7F, 0xF8, 0x00, 0x0F, 0xFF, 0x00, 0x7F, 0xF8, 0x00, 0x0F, 0xFF, 0x00, 0x7F, 0xF8, 0x00, 0x0F, 0xFF, 0x00, 0xFF, 0xF8, 0x00, 0x0F, 0xFF, 0x01, 0xFF, 0xF0, 0x00, 0x0F, 0xFF, 0x03, 0xFF, 0xF0, 0x00, 0x0F, 0xFF, 0x07, 0xFF, 0xF0, 0x00, 0x0F, 0xFF, 0x7F, 0xFF, 0xE0, 0x00, 0x0F, 0xFF, 0x7F, 0xFF, 0xE0, 0x00, 0x0F, 0xFF, 0x7F, 0xFF, 0xE0, 0x00, 0x0F, 0xFF, 0x7F, 0xFF, 0xC0, 0x00, 0x0F, 0xFF, 0x7F, 0xFF, 0x80, 0x00, 0x0F, 0xFF, 0xFF, 0xFF, 0x80, 0x00, 0x0F, 0xFF, 0xFF, 0xFF, 0x00, 0x00, 0x0F, 0xFF, 0xFF, 0xFE, 0x00, 0x00, 0x0F, 0xFF, 0xFF, 0xFC, 0x00, 0x00, 0x0F, 0xFF, 0xFF, 0xF8, 0x00, 0x00, 0x0F, 0xFF, 0x3F, 0xC0, 0x00, 0x00, 0x00, 0x00, 

/* Symbol 0xCC, offset 36179 */
    48, 88, 27,
    0x1F, 0xFF, 0x00, 0x00, 0xFF, 0xF8, 0x1F, 0xFF, 0x00, 0x01, 0xFF, 0xF8, 0x1F, 0xFF, 0x80, 0x01, 0xFF, 0xF8, 0x1F, 0xFF, 0x80, 0x01, 0xFF, 0xF8, 0x1F, 0xFF, 0x80, 0x03, 0xFF, 0xF8, 0x1F, 0xFF, 0xC0, 0x03, 0xFF, 0xF8, 0x1F, 0xFF, 0xC0, 0x03, 0xFF, 0xF8, 0x1F, 0xFF, 0xC0, 0x07, 0xFF, 0xF8, 0x1F, 0xFF, 0xC0, 0x07, 0xFF, 0xF8, 0x3F, 0xFF, 0xE0, 0x07, 0xFF, 0xFC, 0x3F, 0xFF, 0xE0, 0x07, 0xFF, 0xFC, 0x3F, 0xFF, 0xE0, 0x0F, 0xFF, 0xFC, 0x3F, 0xFF, 0xF0, 0x0F, 0xFF, 0xFC, 0x3F, 0xFF, 0xF0, 0x0F, 0xFF, 0xFC, 0x3F, 0xEF, 0xF0, 0x1F, 0xFF, 0xFC, 0x3F, 0xEF, 0xF0, 0x1F, 0xEF, 0xFC, 0x3F, 0xEF, 0xF8, 0x1F, 0xEF, 0xFC, 0x3F, 0xEF, 0xF8, 0x3F, 0xE7, 0xFC, 0x3F, 0xE7, 0xF8, 0x3F, 0xC7, 0xFC, 0x3F, 0xE7, 0xF8, 0x3F, 0xC7, 0xFC, 0x3F, 0xE7, 0xFC, 0x3F, 0xC7, 0xFC, 0x3F, 0xE3, 0xFC, 0x7F, 0x87, 0xFC, 0x3F, 0xE3, 0xFC, 0x7F, 0x87, 0xFC, 0x3F, 0xE3, 0xFC, 0x7F, 0x87, 0xFC, 0x3F, 0xE3, 0xFE, 0xFF, 0x07, 0xFC, 0x3F, 0xE1, 0xFE, 0xFF, 0x07, 0xFC, 0x7F, 0xE1, 0xFE, 0xFF, 0x07, 0xFE, 0x7F, 0xE1, 0xFE, 0xFF, 0x07, 0xFE, 0x7F, 0xE1, 0xFF, 0xFE, 0x07, 0xFE, 0x7F, 0xE0, 0xFF, 0xFE, 0x07, 0xFE, 0x7F, 0xE0, 0xFF, 0xFE, 0x07, 0xFE, 0x7F, 0xC0, 0xFF, 0xFC, 0x07, 0xFE, 0x7F, 0xC0, 0x7F, 0xFC, 0x07, 0xFE, 0x7F, 0xC0, 0x7F, 0xFC, 0x07, 0xFE, 0x7F, 0xC0, 0x7F, 0xF8, 0x07, 0xFE, 0x7F, 0xC0, 0x7F, 0xF8, 0x07, 0xFE, 0x7F, 0xC0, 0x3F, 0xF8, 0x07, 0xFE, 0x7F, 0xC0, 0x3F, 0xF0, 0x07, 0xFE, 0x7F, 0xC0, 0x3F, 0xF0, 0x07, 0xFE, 0x7F, 0xC0, 0x3F, 0xF0, 0x07, 0xFE, 0x7F, 0xC0, 0x1F, 0xE0, 0x07, 0xFE, 0x7F, 0xC0, 0x1F, 0xE0, 0x03, 0xFE, 0x7F, 0xC0, 0x1F, 0xE0, 0x03, 0xFE, 0x7F, 0xC0, 0x00, 0x00, 0x03, 0xFE, 0xFF, 0xC0, 0x00, 0x00, 0x03, 0xFF, 0xFF, 0xC0, 0x00, 0x00, 0x03, 0xFF, 0xFF, 0xC0, 0x00, 0x00, 0x03, 0xFF, 0xFF, 0xC0, 0x00, 0x00, 0x03, 0xFF, 0xFF, 0xC0, 0x00, 0x00, 0x03, 0xFF, 0xFF, 0xC0, 0x00, 0x00, 0x03, 0xFF, 0xFF, 0xC0, 0x00, 0x00, 0x03, 0xFF, 0xFF, 0xC0, 0x00, 0x00, 0x03, 0xFF, 0xFF, 0xC0, 0x00, 0x00, 0x03, 0xFF, 0xFF, 0xC0, 0x00, 0x00, 0x03, 0xFF, 0xFF, 0xC0, 0x00, 0x00, 0x03, 0xFF, 0xFF, 0xC0, 0x00, 0x00, 0x03, 0xFF, 0xFF, 0x80, 0x00, 0x00, 0x03, 0xFF, 0xFF, 0x80, 0x00, 0x00, 0x03, 0xFF, 0xFF, 0x80, 0x00, 0x00, 0x03, 0xFF, 0xFF, 0x80, 0x00, 0x00, 0x03, 0xFF, 0xFF, 0x80, 0x00, 0x00, 0x03, 0xFF, 

/* Symbol 0xCD, offset 36548 */
    44, 88, 27,
    0xFF, 0xF0, 0x00, 0x00, 0xFF, 0xF0, 0xFF, 0xF0, 0x00, 0x00, 0xFF, 0xF0, 0xFF, 0xF0, 0x00, 0x00, 0xFF, 0xF0, 0xFF, 0xF0, 0x00, 0x00, 0xFF, 0xF0, 0xFF, 0xF0, 0x00, 0x00, 0xFF, 0xF0, 0xFF, 0xF0, 0x00, 0x00, 0xFF, 0xF0, 0xFF, 0xF0, 0x00, 0x00, 0xFF, 0xF0, 0xFF, 0xF0, 0x00, 0x00, 0xFF, 0xF0, 0xFF, 0xF0, 0x00, 0x00, 0xFF, 0xF0, 0xFF, 0xF0, 0x00, 0x00, 0xFF, 0xF0, 0xFF, 0xF0, 0x00, 0x00, 0xFF, 0xF0, 0xFF, 0xF0, 0x00, 0x00, 0xFF, 0xF0, 0xFF, 0xF0, 0x00, 0x00, 0xFF, 0xF0, 0xFF, 0xF0, 0x00, 0x00, 0xFF, 0xF0, 0xFF, 0xF0, 0x00, 0x00, 0xFF, 0xF0, 0xFF, 0xF0, 0x00, 0x00, 0xFF, 0xF0, 0xFF, 0xF0, 0x00, 0x00, 0xFF, 0xF0, 0xFF, 0xF0, 0x00, 0x00, 0xFF, 0xF0, 0xFF, 0xF0, 0x00, 0x00, 0xFF, 0xF0, 0xFF, 0xF0, 0x00, 0x00, 0xFF, 0xF0, 0xFF, 0xF0, 0x00, 0x00, 0xFF, 0xF0, 0xFF, 0xF0, 0x00, 0x00, 0xFF, 0xF0, 0xFF, 0xF0, 0x00, 0x00, 0xFF, 0xF0, 0xFF, 0xF0, 0x00, 0x00, 0xFF, 0xF0, 0xFF, 0xFF, 0xFF, 0xFF, 0xFF, 0xF0, 0xFF, 0xFF, 0xFF, 0xFF, 0xFF, 0xF0, 0xFF, 0xFF, 0xFF, 0xFF, 0xFF, 0xF0, 0xFF, 0xFF, 0xFF, 0xFF, 0xFF, 0xF0, 0xFF, 0xFF, 0xFF, 0xFF, 0xFF, 0xF0, 0xFF, 0xFF, 0xFF, 0xFF, 0xFF, 0xF0, 0xFF, 0xFF, 0xFF, 0xFF, 0xFF, 0xF0, 0xFF, 0xFF, 0xFF, 0xFF, 0xFF, 0xF0, 0xFF, 0xFF, 0xFF, 0xFF, 0xFF, 0xF0, 0xFF, 0xFF, 0xFF, 0xFF, 0xFF, 0xF0, 0xFF, 0xF0, 0x00, 0x00, 0xFF, 0xF0, 0xFF, 0xF0, 0x00, 0x00, 0xFF, 0xF0, 0xFF, 0xF0, 0x00, 0x00, 0xFF, 0xF0, 0xFF, 0xF0, 0x00, 0x00, 0xFF, 0xF0, 0xFF, 0xF0, 0x00, 0x00, 0xFF, 0xF0, 0xFF, 0xF0, 0x00, 0x00, 0xFF, 0xF0, 0xFF, 0xF0, 0x00, 0x00, 0xFF, 0xF0, 0xFF, 0xF0, 0x00, 0x00, 0xFF, 0xF0, 0xFF, 0xF0, 0x00, 0x00, 0xFF, 0xF0, 0xFF, 0xF0, 0x00, 0x00, 0xFF, 0xF0, 0xFF, 0xF0, 0x00, 0x00, 0xFF, 0xF0, 0xFF, 0xF0, 0x00, 0x00, 0xFF, 0xF0, 0xFF, 0xF0, 0x00, 0x00, 0xFF, 0xF0, 0xFF, 0xF0, 0x00, 0x00, 0xFF, 0xF0, 0xFF, 0xF0, 0x00, 0x00, 0xFF, 0xF0, 0xFF, 0xF0, 0x00, 0x00, 0xFF, 0xF0, 0xFF, 0xF0, 0x00, 0x00, 0xFF, 0xF0, 0xFF, 0xF0, 0x00, 0x00, 0xFF, 0xF0, 0xFF, 0xF0, 0x00, 0x00, 0xFF, 0xF0, 0xFF, 0xF0, 0x00, 0x00, 0xFF, 0xF0, 0xFF, 0xF0, 0x00, 0x00, 0xFF, 0xF0, 0xFF, 0xF0, 0x00, 0x00, 0xFF, 0xF0, 0xFF, 0xF0, 0x00, 0x00, 0xFF, 0xF0, 0xFF, 0xF0, 0x00, 0x00, 0xFF, 0xF0, 0xFF, 0xF0, 0x00, 0x00, 0xFF, 0xF0, 0xFF, 0xF0, 0x00, 0x00, 0xFF, 0xF0, 0xFF, 0xF0, 0x00, 0x00, 0xFF, 0xF0, 

/* Symbol 0xCE, offset 36917 */
    49, 89, 26,
    0x00, 0x00, 0x0F, 0xFE, 0x00, 0x00, 0x00, 0x00, 0x00, 0xFF, 0xFF, 0xC0, 0x00, 0x00, 0x00, 0x03, 0xFF, 0xFF, 0xF0, 0x00, 0x00, 0x00, 0x0F, 0xFF, 0xFF, 0xFC, 0x00, 0x00, 0x00, 0x1F, 0xFF, 0xFF, 0xFF, 0x00, 0x00, 0x00, 0x7F, 0xFF, 0xFF, 0xFF, 0x80, 0x00, 0x00, 0xFF, 0xFF, 0xFF, 0xFF, 0xC0, 0x00, 0x01, 0xFF, 0xFF, 0xFF, 0xFF, 0xE0, 0x00, 0x03, 0xFF, 0xFF, 0xFF, 0xFF, 0xE0, 0x00, 0x03, 0xFF, 0xFF, 0xFF, 0xFF, 0xF0, 0x00, 0x07, 0xFF, 0xF8, 0x0F, 0xFF, 0xF8, 0x00, 0x07, 0xFF, 0xE0, 0x03, 0xFF, 0xF8, 0x00, 0x0F, 0xFF, 0x80, 0x00, 0xFF, 0xFC, 0x00, 0x1F, 0xFF, 0x00, 0x00, 0x7F, 0xFC, 0x00, 0x1F, 0xFF, 0x00, 0x00, 0x3F, 0xFC, 0x00, 0x1F, 0xFE, 0x00, 0x00, 0x3F, 0xFE, 0x00, 0x3F, 0xFC, 0x00, 0x00, 0x1F, 0xFE, 0x00, 0x3F, 0xFC, 0x00, 0x00, 0x1F, 0xFE, 0x00, 0x3F, 0xFC, 0x00, 0x00, 0x1F, 0xFF, 0x00, 0x7F, 0xF8, 0x00, 0x00, 0x0F, 0xFF, 0x00, 0x7F, 0xF8, 0x00, 0x00, 0x0F, 0xFF, 0x00, 0x7F, 0xF8, 0x00, 0x00, 0x0F, 0xFF, 0x00, 0x7F, 0xF8, 0x00, 0x00, 0x0F, 0xFF, 0x00, 0x7F, 0xF0, 0x00, 0x00, 0x0F, 0xFF, 0x80, 0xFF, 0xF0, 0x00, 0x00, 0x07, 0xFF, 0x80, 0xFF, 0xF0, 0x00, 0x00, 0x07, 0xFF, 0x80, 0xFF, 0xF0, 0x00, 0x00, 0x07, 0xFF, 0x80, 0xFF, 0xF0, 0x00, 0x00, 0x07, 0xFF, 0x80, 0xFF, 0xF0, 0x00, 0x00, 0x07, 0xFF, 0x80, 0xFF, 0xF0, 0x00, 0x00, 0x07, 0xFF, 0x80, 0xFF, 0xF0, 0x00, 0x00, 0x07, 0xFF, 0x80, 0xFF, 0xF0, 0x00, 0x00, 0x07, 0xFF, 0x80, 0xFF, 0xF0, 0x00, 0x00, 0x07, 0xFF, 0x80, 0xFF, 0xF0, 0x00, 0x00, 0x07, 0xFF, 0x80, 0xFF, 0xF0, 0x00, 0x00, 0x07, 0xFF, 0x80, 0xFF, 0xF0, 0x00, 0x00, 0x07, 0xFF, 0x80, 0xFF, 0xF0, 0x00, 0x00, 0x07, 0xFF, 0x80, 0xFF, 0xF0, 0x00, 0x00, 0x07, 0xFF, 0x80, 0xFF, 0xF0, 0x00, 0x00, 0x07, 0xFF, 0x80, 0xFF, 0xF8, 0x00, 0x00, 0x07, 0xFF, 0x00, 0x7F, 0xF8, 0x00, 0x00, 0x0F, 0xFF, 0x00, 0x7F, 0xF8, 0x00, 0x00, 0x0F, 0xFF, 0x00, 0x7F, 0xF8, 0x00, 0x00, 0x0F, 0xFF, 0x00, 0x7F, 0xF8, 0x00, 0x00, 0x0F, 0xFF, 0x00, 0x7F, 0xFC, 0x00, 0x00, 0x1F, 0xFE, 0x00, 0x3F, 0xFC, 0x00, 0x00, 0x1F, 0xFE, 0x00, 0x3F, 0xFC, 0x00, 0x00, 0x1F, 0xFE, 0x00, 0x3F, 0xFE, 0x00, 0x00, 0x3F, 0xFC, 0x00, 0x1F, 0xFE, 0x00, 0x00, 0x7F, 0xFC, 0x00, 0x1F, 0xFF, 0x00, 0x00, 0x7F, 0xFC, 0x00, 0x1F, 0xFF, 0x80, 0x00, 0xFF, 0xF8, 0x00, 0x0F, 0xFF, 0xE0, 0x03, 0xFF, 0xF8, 0x00, 0x0F, 0xFF, 0xF8, 0x0F, 0xFF, 0xF0, 0x00, 0x07, 0xFF, 0xFF, 0xFF, 0xFF, 0xE0, 0x00, 0x03, 0xFF, 0xFF, 0xFF, 0xFF, 0xE0, 0x00, 0x03, 0xFF, 0xFF, 0xFF, 0xFF, 0xC0, 0x00, 0x01, 0xFF, 0xFF, 0xFF, 0xFF, 0x80, 0x00, 0x00, 0xFF, 0xFF, 0xFF, 0xFF, 0x00, 0x00, 0x00, 0x7F, 0xFF, 0xFF, 0xFC, 0x00, 0x00, 0x00, 0x1F, 0xFF, 0xFF, 0xF8, 0x00, 0x00, 0x00, 0x07, 0xFF, 0xFF, 0xE0, 0x00, 0x00, 0x00, 0x01, 0xFF, 0xFF, 0x80, 0x00, 0x00, 0x00, 0x00, 0x3F, 0xF8, 0x00, 0x00, 0x00, 

/* Symbol 0xCF, offset 37361 */
    44, 88, 27,
    0xFF, 0xFF, 0xFF, 0xFF, 0xFF, 0xF0, 0xFF, 0xFF, 0xFF, 0xFF, 0xFF, 0xF0, 0xFF, 0xFF, 0xFF, 0xFF, 0xFF, 0xF0, 0xFF, 0xFF, 0xFF, 0xFF, 0xFF, 0xF0, 0xFF, 0xFF, 0xFF, 0xFF, 0xFF, 0xF0, 0xFF, 0xFF, 0xFF, 0xFF, 0xFF, 0xF0, 0xFF, 0xFF, 0xFF, 0xFF, 0xFF, 0xF0, 0xFF, 0xFF, 0xFF, 0xFF, 0xFF, 0xF0, 0xFF, 0xFF, 0xFF, 0xFF, 0xFF, 0xF0, 0xFF, 0xFF, 0xFF, 0xFF, 0xFF, 0xF0, 0xFF, 0xF0, 0x00, 0x00, 0xFF, 0xF0, 0xFF, 0xF0, 0x00, 0x00, 0xFF, 0xF0, 0xFF, 0xF0, 0x00, 0x00, 0xFF, 0xF0, 0xFF, 0xF0, 0x00, 0x00, 0xFF, 0xF0, 0xFF, 0xF0, 0x00, 0x00, 0xFF, 0xF0, 0xFF, 0xF0, 0x00, 0x00, 0xFF, 0xF0, 0xFF, 0xF0, 0x00, 0x00, 0xFF, 0xF0, 0xFF, 0xF0, 0x00, 0x00, 0xFF, 0xF0, 0xFF, 0xF0, 0x00, 0x00, 0xFF, 0xF0, 0xFF, 0xF0, 0x00, 0x00, 0xFF, 0xF0, 0xFF, 0xF0, 0x00, 0x00, 0xFF, 0xF0, 0xFF, 0xF0, 0x00, 0x00, 0xFF, 0xF0, 0xFF, 0xF0, 0x00, 0x00, 0xFF, 0xF0, 0xFF, 0xF0, 0x00, 0x00, 0xFF, 0xF0, 0xFF, 0xF0, 0x00, 0x00, 0xFF, 0xF0, 0xFF, 0xF0, 0x00, 0x00, 0xFF, 0xF0, 0xFF, 0xF0, 0x00, 0x00, 0xFF, 0xF0, 0xFF, 0xF0, 0x00, 0x00, 0xFF, 0xF0, 0xFF, 0xF0, 0x00, 0x00, 0xFF, 0xF0, 0xFF, 0xF0, 0x00, 0x00, 0xFF, 0xF0, 0xFF, 0xF0, 0x00, 0x00, 0xFF, 0xF0, 0xFF, 0xF0, 0x00, 0x00, 0xFF, 0xF0, 0xFF, 0xF0, 0x00, 0x00, 0xFF, 0xF0, 0xFF, 0xF0, 0x00, 0x00, 0xFF, 0xF0, 0xFF, 0xF0, 0x00, 0x00, 0xFF, 0xF0, 0xFF, 0xF0, 0x00, 0x00, 0xFF, 0xF0, 0xFF, 0xF0, 0x00, 0x00, 0xFF, 0xF0, 0xFF, 0xF0, 0x00, 0x00, 0xFF, 0xF0, 0xFF, 0xF0, 0x00, 0x00, 0xFF, 0xF0, 0xFF, 0xF0, 0x00, 0x00, 0xFF, 0xF0, 0xFF, 0xF0, 0x00, 0x00, 0xFF, 0xF0, 0xFF, 0xF0, 0x00, 0x00, 0xFF, 0xF0, 0xFF, 0xF0, 0x00, 0x00, 0xFF, 0xF0, 0xFF, 0xF0, 0x00, 0x00, 0xFF, 0xF0, 0xFF, 0xF0, 0x00, 0x00, 0xFF, 0xF0, 0xFF, 0xF0, 0x00, 0x00, 0xFF, 0xF0, 0xFF, 0xF0, 0x00, 0x00, 0xFF, 0xF0, 0xFF, 0xF0, 0x00, 0x00, 0xFF, 0xF0, 0xFF, 0xF0, 0x00, 0x00, 0xFF, 0xF0, 0xFF, 0xF0, 0x00, 0x00, 0xFF, 0xF0, 0xFF, 0xF0, 0x00, 0x00, 0xFF, 0xF0, 0xFF, 0xF0, 0x00, 0x00, 0xFF, 0xF0, 0xFF, 0xF0, 0x00, 0x00, 0xFF, 0xF0, 0xFF, 0xF0, 0x00, 0x00, 0xFF, 0xF0, 0xFF, 0xF0, 0x00, 0x00, 0xFF, 0xF0, 0xFF, 0xF0, 0x00, 0x00, 0xFF, 0xF0, 0xFF, 0xF0, 0x00, 0x00, 0xFF, 0xF0, 0xFF, 0xF0, 0x00, 0x00, 0xFF, 0xF0, 0xFF, 0xF0, 0x00, 0x00, 0xFF, 0xF0, 0xFF, 0xF0, 0x00, 0x00, 0xFF, 0xF0, 0xFF, 0xF0, 0x00, 0x00, 0xFF, 0xF0, 

/* Symbol 0xD0, offset 37730 */
    42, 88, 27,
    0xFF, 0xFF, 0xFF, 0x80, 0x00, 0x00, 0xFF, 0xFF, 0xFF, 0xF8, 0x00, 0x00, 0xFF, 0xFF, 0xFF, 0xFF, 0x00, 0x00, 0xFF, 0xFF, 0xFF, 0xFF, 0xC0, 0x00, 0xFF, 0xFF, 0xFF, 0xFF, 0xE0, 0x00, 0xFF, 0xFF, 0xFF, 0xFF, 0xF0, 0x00, 0xFF, 0xFF, 0xFF, 0xFF, 0xF8, 0x00, 0xFF, 0xFF, 0xFF, 0xFF, 0xFC, 0x00, 0xFF, 0xFF, 0xFF, 0xFF, 0xFE, 0x00, 0xFF, 0xFF, 0xFF, 0xFF, 0xFF, 0x00, 0xFF, 0xF0, 0x03, 0xFF, 0xFF, 0x00, 0xFF, 0xF0, 0x00, 0x7F, 0xFF, 0x80, 0xFF, 0xF0, 0x00, 0x1F, 0xFF, 0x80, 0xFF, 0xF0, 0x00, 0x0F, 0xFF, 0x80, 0xFF, 0xF0, 0x00, 0x07, 0xFF, 0xC0, 0xFF, 0xF0, 0x00, 0x07, 0xFF, 0xC0, 0xFF, 0xF0, 0x00, 0x07, 0xFF, 0xC0, 0xFF, 0xF0, 0x00, 0x03, 0xFF, 0xC0, 0xFF, 0xF0, 0x00, 0x03, 0xFF, 0xC0, 0xFF, 0xF0, 0x00, 0x03, 0xFF, 0xC0, 0xFF, 0xF0, 0x00, 0x03, 0xFF, 0xC0, 0xFF, 0xF0, 0x00, 0x03, 0xFF, 0xC0, 0xFF, 0xF0, 0x00, 0x03, 0xFF, 0xC0, 0xFF, 0xF0, 0x00, 0x03, 0xFF, 0xC0, 0xFF, 0xF0, 0x00, 0x07, 0xFF, 0x80, 0xFF, 0xF0, 0x00, 0x07, 0xFF, 0x80, 0xFF, 0xF0, 0x00, 0x0F, 0xFF, 0x80, 0xFF, 0xF0, 0x00, 0x1F, 0xFF, 0x80, 0xFF, 0xF0, 0x00, 0x3F, 0xFF, 0x00, 0xFF, 0xF0, 0x00, 0x7F, 0xFF, 0x00, 0xFF, 0xF0, 0x03, 0xFF, 0xFE, 0x00, 0xFF, 0xFF, 0xFF, 0xFF, 0xFE, 0x00, 0xFF, 0xFF, 0xFF, 0xFF, 0xFC, 0x00, 0xFF, 0xFF, 0xFF, 0xFF, 0xF8, 0x00, 0xFF, 0xFF, 0xFF, 0xFF, 0xF0, 0x00, 0xFF, 0xFF, 0xFF, 0xFF, 0xE0, 0x00, 0xFF, 0xFF, 0xFF, 0xFF, 0xC0, 0x00, 0xFF, 0xFF, 0xFF, 0xFF, 0x00, 0x00, 0xFF, 0xFF, 0xFF, 0xFC, 0x00, 0x00, 0xFF, 0xFF, 0xFF, 0xF0, 0x00, 0x00, 0xFF, 0xFF, 0xFF, 0x00, 0x00, 0x00, 0xFF, 0xF0, 0x00, 0x00, 0x00, 0x00, 0xFF, 0xF0, 0x00, 0x00, 0x00, 0x00, 0xFF, 0xF0, 0x00, 0x00, 0x00, 0x00, 0xFF, 0xF0, 0x00, 0x00, 0x00, 0x00, 0xFF, 0xF0, 0x00, 0x00, 0x00, 0x00, 0xFF, 0xF0, 0x00, 0x00, 0x00, 0x00, 0xFF, 0xF0, 0x00, 0x00, 0x00, 0x00, 0xFF, 0xF0, 0x00, 0x00, 0x00, 0x00, 0xFF, 0xF0, 0x00, 0x00, 0x00, 0x00, 0xFF, 0xF0, 0x00, 0x00, 0x00, 0x00, 0xFF, 0xF0, 0x00, 0x00, 0x00, 0x00, 0xFF, 0xF0, 0x00, 0x00, 0x00, 0x00, 0xFF, 0xF0, 0x00, 0x00, 0x00, 0x00, 0xFF, 0xF0, 0x00, 0x00, 0x00, 0x00, 0xFF, 0xF0, 0x00, 0x00, 0x00, 0x00, 0xFF, 0xF0, 0x00, 0x00, 0x00, 0x00, 0xFF, 0xF0, 0x00, 0x00, 0x00, 0x00, 0xFF, 0xF0, 0x00, 0x00, 0x00, 0x00, 0xFF, 0xF0, 0x00, 0x00, 0x00, 0x00, 0xFF, 0xF0, 0x00, 0x00, 0x00, 0x00, 

/* Symbol 0xD1, offset 38099 */
    43, 89, 26,
    0x00, 0x00, 0x03, 0xFF, 0xF0, 0x00, 0x00, 0x00, 0x3F, 0xFF, 0xFF, 0x80, 0x00, 0x00, 0xFF, 0xFF, 0xFF, 0xE0, 0x00, 0x03, 0xFF, 0xFF, 0xFF, 0xE0, 0x00, 0x0F, 0xFF, 0xFF, 0xFF, 0xE0, 0x00, 0x1F, 0xFF, 0xFF, 0xFF, 0xE0, 0x00, 0x3F, 0xFF, 0xFF, 0xFF, 0xE0, 0x00, 0x7F, 0xFF, 0xFF, 0xFF, 0xE0, 0x00, 0xFF, 0xFF, 0xFF, 0xFF, 0xE0, 0x01, 0xFF, 0xFF, 0xFF, 0xFF, 0xE0, 0x03, 0xFF, 0xFF, 0x80, 0x1F, 0xE0, 0x07, 0xFF, 0xFC, 0x00, 0x01, 0xE0, 0x07, 0xFF, 0xF0, 0x00, 0x00, 0x20, 0x0F, 0xFF, 0xE0, 0x00, 0x00, 0x00, 0x0F, 0xFF, 0xC0, 0x00, 0x00, 0x00, 0x1F, 0xFF, 0x80, 0x00, 0x00, 0x00, 0x1F, 0xFF, 0x80, 0x00, 0x00, 0x00, 0x3F, 0xFF, 0x00, 0x00, 0x00, 0x00, 0x3F, 0xFE, 0x00, 0x00, 0x00, 0x00, 0x3F, 0xFE, 0x00, 0x00, 0x00, 0x00, 0x7F, 0xFE, 0x00, 0x00, 0x00, 0x00, 0x7F, 0xFC, 0x00, 0x00, 0x00, 0x00, 0x7F, 0xFC, 0x00, 0x00, 0x00, 0x00, 0x7F, 0xFC, 0x00, 0x00, 0x00, 0x00, 0x7F, 0xFC, 0x00, 0x00, 0x00, 0x00, 0xFF, 0xF8, 0x00, 0x00, 0x00, 0x00, 0xFF, 0xF8, 0x00, 0x00, 0x00, 0x00, 0xFF, 0xF8, 0x00, 0x00, 0x00, 0x00, 0xFF, 0xF8, 0x00, 0x00, 0x00, 0x00, 0xFF, 0xF8, 0x00, 0x00, 0x00, 0x00, 0xFF, 0xF8, 0x00, 0x00, 0x00, 0x00, 0xFF, 0xF8, 0x00, 0x00, 0x00, 0x00, 0xFF, 0xF8, 0x00, 0x00, 0x00, 0x00, 0xFF, 0xF8, 0x00, 0x00, 0x00, 0x00, 0xFF, 0xF8, 0x00, 0x00, 0x00, 0x00, 0xFF, 0xF8, 0x00, 0x00, 0x00, 0x00, 0xFF, 0xF8, 0x00, 0x00, 0x00, 0x00, 0xFF, 0xF8, 0x00, 0x00, 0x00, 0x00, 0xFF, 0xFC, 0x00, 0x00, 0x00, 0x00, 0xFF, 0xFC, 0x00, 0x00, 0x00, 0x00, 0x7F, 0xFC, 0x00, 0x00, 0x00, 0x00, 0x7F, 0xFC, 0x00, 0x00, 0x00, 0x00, 0x7F, 0xFC, 0x00, 0x00, 0x00, 0x00, 0x7F, 0xFE, 0x00, 0x00, 0x00, 0x00, 0x7F, 0xFE, 0x00, 0x00, 0x00, 0x00, 0x3F, 0xFF, 0x00, 0x00, 0x00, 0x00, 0x3F, 0xFF, 0x00, 0x00, 0x00, 0x00, 0x3F, 0xFF, 0x80, 0x00, 0x00, 0x00, 0x1F, 0xFF, 0xC0, 0x00, 0x00, 0x00, 0x1F, 0xFF, 0xE0, 0x00, 0x00, 0x20, 0x0F, 0xFF, 0xF0, 0x00, 0x00, 0xE0, 0x0F, 0xFF, 0xFC, 0x00, 0x07, 0xE0, 0x07, 0xFF, 0xFF, 0x80, 0x7F, 0xE0, 0x03, 0xFF, 0xFF, 0xFF, 0xFF, 0xE0, 0x03, 0xFF, 0xFF, 0xFF, 0xFF, 0xE0, 0x01, 0xFF, 0xFF, 0xFF, 0xFF, 0xE0, 0x00, 0xFF, 0xFF, 0xFF, 0xFF, 0xE0, 0x00, 0x7F, 0xFF, 0xFF, 0xFF, 0xE0, 0x00, 0x1F, 0xFF, 0xFF, 0xFF, 0xE0, 0x00, 0x0F, 0xFF, 0xFF, 0xFF, 0xE0, 0x00, 0x03, 0xFF, 0xFF, 0xFF, 0xC0, 0x00, 0x00, 0x7F, 0xFF, 0xFC, 0x00, 0x00, 0x00, 0x07, 0xFF, 0xC0, 0x00, 

/* Symbol 0xD2, offset 38480 */
    46, 88, 27,
    0xFF, 0xFF, 0xFF, 0xFF, 0xFF, 0xFC, 0xFF, 0xFF, 0xFF, 0xFF, 0xFF, 0xFC, 0xFF, 0xFF, 0xFF, 0xFF, 0xFF, 0xFC, 0xFF, 0xFF, 0xFF, 0xFF, 0xFF, 0xFC, 0xFF, 0xFF, 0xFF, 0xFF, 0xFF, 0xFC, 0xFF, 0xFF, 0xFF, 0xFF, 0xFF, 0xFC, 0xFF, 0xFF, 0xFF, 0xFF, 0xFF, 0xFC, 0xFF, 0xFF, 0xFF, 0xFF, 0xFF, 0xFC, 0xFF, 0xFF, 0xFF, 0xFF, 0xFF, 0xFC, 0xFF, 0xFF, 0xFF, 0xFF, 0xFF, 0xFC, 0x00, 0x00, 0x7F, 0xF8, 0x00, 0x00, 0x00, 0x00, 0x7F, 0xF8, 0x00, 0x00, 0x00, 0x00, 0x7F, 0xF8, 0x00, 0x00, 0x00, 0x00, 0x7F, 0xF8, 0x00, 0x00, 0x00, 0x00, 0x7F, 0xF8, 0x00, 0x00, 0x00, 0x00, 0x7F, 0xF8, 0x00, 0x00, 0x00, 0x00, 0x7F, 0xF8, 0x00, 0x00, 0x00, 0x00, 0x7F, 0xF8, 0x00, 0x00, 0x00, 0x00, 0x7F, 0xF8, 0x00, 0x00, 0x00, 0x00, 0x7F, 0xF8, 0x00, 0x00, 0x00, 0x00, 0x7F, 0xF8, 0x00, 0x00, 0x00, 0x00, 0x7F, 0xF8, 0x00, 0x00, 0x00, 0x00, 0x7F, 0xF8, 0x00, 0x00, 0x00, 0x00, 0x7F, 0xF8, 0x00, 0x00, 0x00, 0x00, 0x7F, 0xF8, 0x00, 0x00, 0x00, 0x00, 0x7F, 0xF8, 0x00, 0x00, 0x00, 0x00, 0x7F, 0xF8, 0x00, 0x00, 0x00, 0x00, 0x7F, 0xF8, 0x00, 0x00, 0x00, 0x00, 0x7F, 0xF8, 0x00, 0x00, 0x00, 0x00, 0x7F, 0xF8, 0x00, 0x00, 0x00, 0x00, 0x7F, 0xF8, 0x00, 0x00, 0x00, 0x00, 0x7F, 0xF8, 0x00, 0x00, 0x00, 0x00, 0x7F, 0xF8, 0x00, 0x00, 0x00, 0x00, 0x7F, 0xF8, 0x00, 0x00, 0x00, 0x00, 0x7F, 0xF8, 0x00, 0x00, 0x00, 0x00, 0x7F, 0xF8, 0x00, 0x00, 0x00, 0x00, 0x7F, 0xF8, 0x00, 0x00, 0x00, 0x00, 0x7F, 0xF8, 0x00, 0x00, 0x00, 0x00, 0x7F, 0xF8, 0x00, 0x00, 0x00, 0x00, 0x7F, 0xF8, 0x00, 0x00, 0x00, 0x00, 0x7F, 0xF8, 0x00, 0x00, 0x00, 0x00, 0x7F, 0xF8, 0x00, 0x00, 0x00, 0x00, 0x7F, 0xF8, 0x00, 0x00, 0x00, 0x00, 0x7F, 0xF8, 0x00, 0x00, 0x00, 0x00, 0x7F, 0xF8, 0x00, 0x00, 0x00, 0x00, 0x7F, 0xF8, 0x00, 0x00, 0x00, 0x00, 0x7F, 0xF8, 0x00, 0x00, 0x00, 0x00, 0x7F, 0xF8, 0x00, 0x00, 0x00, 0x00, 0x7F, 0xF8, 0x00, 0x00, 0x00, 0x00, 0x7F, 0xF8, 0x00, 0x00, 0x00, 0x00, 0x7F, 0xF8, 0x00, 0x00, 0x00, 0x00, 0x7F, 0xF8, 0x00, 0x00, 0x00, 0x00, 0x7F, 0xF8, 0x00, 0x00, 0x00, 0x00, 0x7F, 0xF8, 0x00, 0x00, 0x00, 0x00, 0x7F, 0xF8, 0x00, 0x00, 0x00, 0x00, 0x7F, 0xF8, 0x00, 0x00, 0x00, 0x00, 0x7F, 0xF8, 0x00, 0x00, 0x00, 0x00, 0x7F, 0xF8, 0x00, 0x00, 0x00, 0x00, 0x7F, 0xF8, 0x00, 0x00, 0x00, 0x00, 0x7F, 0xF8, 0x00, 0x00, 0x00, 0x00, 0x7F, 0xF8, 0x00, 0x00, 

/* Symbol 0xD3, offset 38849 */
    49, 89, 27,
    0xFF, 0xFC, 0x00, 0x00, 0x07, 0xFF, 0x80, 0xFF, 0xFC, 0x00, 0x00, 0x0F, 0xFF, 0x80, 0x7F, 0xFE, 0x00, 0x00, 0x0F, 0xFF, 0x00, 0x7F, 0xFE, 0x00, 0x00, 0x0F, 0xFF, 0x00, 0x3F, 0xFF, 0x00, 0x00, 0x1F, 0xFF, 0x00, 0x3F, 0xFF, 0x00, 0x00, 0x1F, 0xFE, 0x00, 0x1F, 0xFF, 0x00, 0x00, 0x3F, 0xFE, 0x00, 0x1F, 0xFF, 0x80, 0x00, 0x3F, 0xFC, 0x00, 0x0F, 0xFF, 0x80, 0x00, 0x3F, 0xFC, 0x00, 0x0F, 0xFF, 0xC0, 0x00, 0x7F, 0xFC, 0x00, 0x07, 0xFF, 0xC0, 0x00, 0x7F, 0xF8, 0x00, 0x07, 0xFF, 0xE0, 0x00, 0xFF, 0xF8, 0x00, 0x03, 0xFF, 0xE0, 0x00, 0xFF, 0xF0, 0x00, 0x01, 0xFF, 0xF0, 0x00, 0xFF, 0xF0, 0x00, 0x01, 0xFF, 0xF0, 0x01, 0xFF, 0xE0, 0x00, 0x00, 0xFF, 0xF8, 0x01, 0xFF, 0xE0, 0x00, 0x00, 0xFF, 0xF8, 0x03, 0xFF, 0xE0, 0x00, 0x00, 0x7F, 0xFC, 0x03, 0xFF, 0xC0, 0x00, 0x00, 0x7F, 0xFC, 0x03, 0xFF, 0xC0, 0x00, 0x00, 0x3F, 0xFE, 0x07, 0xFF, 0x80, 0x00, 0x00, 0x3F, 0xFE, 0x07, 0xFF, 0x80, 0x00, 0x00, 0x1F, 0xFE, 0x07, 0xFF, 0x80, 0x00, 0x00, 0x1F, 0xFF, 0x0F, 0xFF, 0x00, 0x00, 0x00, 0x0F, 0xFF, 0x0F, 0xFF, 0x00, 0x00, 0x00, 0x0F, 0xFF, 0x8F, 0xFE, 0x00, 0x00, 0x00, 0x07, 0xFF, 0x9F, 0xFE, 0x00, 0x00, 0x00, 0x07, 0xFF, 0xDF, 0xFC, 0x00, 0x00, 0x00, 0x03, 0xFF, 0xDF, 0xFC, 0x00, 0x00, 0x00, 0x03, 0xFF, 0xDF, 0xFC, 0x00, 0x00, 0x00, 0x01, 0xFF, 0xFF, 0xF8, 0x00, 0x00, 0x00, 0x01, 0xFF, 0xFF, 0xF8, 0x00, 0x00, 0x00, 0x00, 0xFF, 0xFF, 0xF0, 0x00, 0x00, 0x00, 0x00, 0xFF, 0xFF, 0xF0, 0x00, 0x00, 0x00, 0x00, 0x7F, 0xFF, 0xF0, 0x00, 0x00, 0x00, 0x00, 0x7F, 0xFF, 0xE0, 0x00, 0x00, 0x00, 0x00, 0x3F, 0xFF, 0xE0, 0x00, 0x00, 0x00, 0x00, 0x1F, 0xFF, 0xC0, 0x00, 0x00, 0x00, 0x00, 0x1F, 0xFF, 0xC0, 0x00, 0x00, 0x00, 0x00, 0x0F, 0xFF, 0xC0, 0x00, 0x00, 0x00, 0x00, 0x0F, 0xFF, 0x80, 0x00, 0x00, 0x00, 0x00, 0x07, 0xFF, 0x80, 0x00, 0x00, 0x00, 0x00, 0x07, 0xFF, 0x00, 0x00, 0x00, 0x00, 0x00, 0x0F, 0xFF, 0x00, 0x00, 0x00, 0x00, 0x00, 0x0F, 0xFE, 0x00, 0x00, 0x00, 0x00, 0x00, 0x1F, 0xFE, 0x00, 0x00, 0x00, 0x00, 0x00, 0x1F, 0xFE, 0x00, 0x00, 0x00, 0x00, 0x00, 0x3F, 0xFC, 0x00, 0x00, 0x00, 0x00, 0x00, 0x3F, 0xFC, 0x00, 0x00, 0x00, 0x00, 0x00, 0x7F, 0xF8, 0x00, 0x00, 0x00, 0x00, 0x00, 0xFF, 0xF8, 0x00, 0x00, 0x00, 0x00, 0x03, 0xFF, 0xF0, 0x00, 0x00, 0x00, 0x0F, 0xFF, 0xFF, 0xF0, 0x00, 0x00, 0x00, 0x0F, 0xFF, 0xFF, 0xE0, 0x00, 0x00, 0x00, 0x0F, 0xFF, 0xFF, 0xE0, 0x00, 0x00, 0x00, 0x0F, 0xFF, 0xFF, 0xC0, 0x00, 0x00, 0x00, 0x0F, 0xFF, 0xFF, 0x80, 0x00, 0x00, 0x00, 0x0F, 0xFF, 0xFF, 0x80, 0x00, 0x00, 0x00, 0x0F, 0xFF, 0xFF, 0x00, 0x00, 0x00, 0x00, 0x0F, 0xFF, 0xFE, 0x00, 0x00, 0x00, 0x00, 0x0F, 0xFF, 0xF8, 0x00, 0x00, 0x00, 0x00, 0x0F, 0xFF, 0xF0, 0x00, 0x00, 0x00, 0x00, 0x01, 0xFF, 0x80, 0x00, 0x00, 0x00, 0x00, 

/* Symbol 0xD4, offset 39286 */
    49, 90, 26,
    0x00, 0x00, 0x1F, 0xFC, 0x00, 0x00, 0x00, 0x00, 0x00, 0x1F, 0xFC, 0x00, 0x00, 0x00, 0x00, 0x00, 0x1F, 0xFC, 0x00, 0x00, 0x00, 0x00, 0x00, 0x1F, 0xFC, 0x00, 0x00, 0x00, 0x00, 0x00, 0x1F, 0xFC, 0x00, 0x00, 0x00, 0x00, 0x00, 0x1F, 0xFC, 0x00, 0x00, 0x00, 0x00, 0x00, 0xFF, 0xFF, 0x80, 0x00, 0x00, 0x00, 0x07, 0xFF, 0xFF, 0xF0, 0x00, 0x00, 0x00, 0x1F, 0xFF, 0xFF, 0xFE, 0x00, 0x00, 0x00, 0x7F, 0xFF, 0xFF, 0xFF, 0x00, 0x00, 0x00, 0xFF, 0xFF, 0xFF, 0xFF, 0xC0, 0x00, 0x01, 0xFF, 0xFF, 0xFF, 0xFF, 0xE0, 0x00, 0x03, 0xFF, 0xFF, 0xFF, 0xFF, 0xF0, 0x00, 0x07, 0xFF, 0xFF, 0xFF, 0xFF, 0xF0, 0x00, 0x0F, 0xFF, 0xFF, 0xFF, 0xFF, 0xF8, 0x00, 0x0F, 0xFF, 0xFF, 0xFF, 0xFF, 0xFC, 0x00, 0x1F, 0xFF, 0xDF, 0xFD, 0xFF, 0xFC, 0x00, 0x1F, 0xFF, 0x1F, 0xFC, 0x7F, 0xFE, 0x00, 0x3F, 0xFE, 0x1F, 0xFC, 0x3F, 0xFE, 0x00, 0x3F, 0xFC, 0x1F, 0xFC, 0x1F, 0xFE, 0x00, 0x3F, 0xF8, 0x1F, 0xFC, 0x0F, 0xFF, 0x00, 0x7F, 0xF8, 0x1F, 0xFC, 0x0F, 0xFF, 0x00, 0x7F, 0xF0, 0x1F, 0xFC, 0x07, 0xFF, 0x00, 0x7F, 0xF0, 0x1F, 0xFC, 0x07, 0xFF, 0x00, 0x7F, 0xF0, 0x1F, 0xFC, 0x07, 0xFF, 0x80, 0xFF, 0xE0, 0x1F, 0xFC, 0x03, 0xFF, 0x80, 0xFF, 0xE0, 0x1F, 0xFC, 0x03, 0xFF, 0x80, 0xFF, 0xE0, 0x1F, 0xFC, 0x03, 0xFF, 0x80, 0xFF, 0xE0, 0x1F, 0xFC, 0x03, 0xFF, 0x80, 0xFF, 0xE0, 0x1F, 0xFC, 0x03, 0xFF, 0x80, 0xFF, 0xE0, 0x1F, 0xFC, 0x03, 0xFF, 0x80, 0xFF, 0xE0, 0x1F, 0xFC, 0x03, 0xFF, 0x80, 0xFF, 0xE0, 0x1F, 0xFC, 0x03, 0xFF, 0x80, 0xFF, 0xE0, 0x1F, 0xFC, 0x03, 0xFF, 0x80, 0xFF, 0xE0, 0x1F, 0xFC, 0x03, 0xFF, 0x80, 0xFF, 0xE0, 0x1F, 0xFC, 0x03, 0xFF, 0x80, 0xFF, 0xE0, 0x1F, 0xFC, 0x03, 0xFF, 0x80, 0xFF, 0xE0, 0x1F, 0xFC, 0x03, 0xFF, 0x80, 0xFF, 0xF0, 0x1F, 0xFC, 0x03, 0xFF, 0x80, 0xFF, 0xF0, 0x1F, 0xFC, 0x07, 0xFF, 0x00, 0x7F, 0xF0, 0x1F, 0xFC, 0x07, 0xFF, 0x00, 0x7F, 0xF0, 0x1F, 0xFC, 0x07, 0xFF, 0x00, 0x7F, 0xF8, 0x1F, 0xFC, 0x0F, 0xFF, 0x00, 0x7F, 0xF8, 0x1F, 0xFC, 0x0F, 0xFE, 0x00, 0x7F, 0xFC, 0x1F, 0xFC, 0x1F, 0xFE, 0x00, 0x3F, 0xFE, 0x1F, 0xFC, 0x3F, 0xFE, 0x00, 0x3F, 0xFF, 0x1F, 0xFC, 0x7F, 0xFC, 0x00, 0x1F, 0xFF, 0xDF, 0xFD, 0xFF, 0xFC, 0x00, 0x1F, 0xFF, 0xFF, 0xFF, 0xFF, 0xF8, 0x00, 0x0F, 0xFF, 0xFF, 0xFF, 0xFF, 0xF8, 0x00, 0x0F, 0xFF, 0xFF, 0xFF, 0xFF, 0xF0, 0x00, 0x07, 0xFF, 0xFF, 0xFF, 0xFF, 0xE0, 0x00, 0x03, 0xFF, 0xFF, 0xFF, 0xFF, 0xC0, 0x00, 0x01, 0xFF, 0xFF, 0xFF, 0xFF, 0x80, 0x00, 0x00, 0x7F, 0xFF, 0xFF, 0xFF, 0x00, 0x00, 0x00, 0x3F, 0xFF, 0xFF, 0xFE, 0x00, 0x00, 0x00, 0x07, 0xFF, 0xFF, 0xF0, 0x00, 0x00, 0x00, 0x00, 0xFF, 0xFF, 0xC0, 0x00, 0x00, 0x00, 0x00, 0x1F, 0xFC, 0x00, 0x00, 0x00, 0x00, 0x00, 0x1F, 0xFC, 0x00, 0x00, 0x00, 0x00, 0x00, 0x1F, 0xFC, 0x00, 0x00, 0x00, 0x00, 0x00, 0x1F, 0xFC, 0x00, 0x00, 0x00, 0x00, 0x00, 0x1F, 0xFC, 0x00, 0x00, 0x00, 0x00, 0x00, 0x1F, 0xFC, 0x00, 0x00, 0x00, 

/* Symbol 0xD5, offset 39737 */
    51, 88, 27,
    0x7F, 0xFE, 0x00, 0x00, 0x0F, 0xFF, 0xC0, 0x3F, 0xFE, 0x00, 0x00, 0x0F, 0xFF, 0x80, 0x3F, 0xFF, 0x00, 0x00, 0x1F, 0xFF, 0x80, 0x1F, 0xFF, 0x80, 0x00, 0x1F, 0xFF, 0x00, 0x0F, 0xFF, 0x80, 0x00, 0x3F, 0xFE, 0x00, 0x0F, 0xFF, 0xC0, 0x00, 0x7F, 0xFE, 0x00, 0x07, 0xFF, 0xE0, 0x00, 0x7F, 0xFC, 0x00, 0x07, 0xFF, 0xE0, 0x00, 0xFF, 0xFC, 0x00, 0x03, 0xFF, 0xF0, 0x00, 0xFF, 0xF8, 0x00, 0x01, 0xFF, 0xF0, 0x01, 0xFF, 0xF0, 0x00, 0x01, 0xFF, 0xF8, 0x01, 0xFF, 0xF0, 0x00, 0x00, 0xFF, 0xFC, 0x03, 0xFF, 0xE0, 0x00, 0x00, 0xFF, 0xFC, 0x03, 0xFF, 0xE0, 0x00, 0x00, 0x7F, 0xFE, 0x07, 0xFF, 0xC0, 0x00, 0x00, 0x3F, 0xFE, 0x07, 0xFF, 0x80, 0x00, 0x00, 0x3F, 0xFF, 0x0F, 0xFF, 0x80, 0x00, 0x00, 0x1F, 0xFF, 0x9F, 0xFF, 0x00, 0x00, 0x00, 0x1F, 0xFF, 0x9F, 0xFF, 0x00, 0x00, 0x00, 0x0F, 0xFF, 0xFF, 0xFE, 0x00, 0x00, 0x00, 0x0F, 0xFF, 0xFF, 0xFC, 0x00, 0x00, 0x00, 0x07, 0xFF, 0xFF, 0xFC, 0x00, 0x00, 0x00, 0x03, 0xFF, 0xFF, 0xF8, 0x00, 0x00, 0x00, 0x03, 0xFF, 0xFF, 0xF8, 0x00, 0x00, 0x00, 0x01, 0xFF, 0xFF, 0xF0, 0x00, 0x00, 0x00, 0x01, 0xFF, 0xFF, 0xE0, 0x00, 0x00, 0x00, 0x00, 0xFF, 0xFF, 0xE0, 0x00, 0x00, 0x00, 0x00, 0x7F, 0xFF, 0xC0, 0x00, 0x00, 0x00, 0x00, 0x7F, 0xFF, 0xC0, 0x00, 0x00, 0x00, 0x00, 0x3F, 0xFF, 0x80, 0x00, 0x00, 0x00, 0x00, 0x3F, 0xFF, 0x00, 0x00, 0x00, 0x00, 0x00, 0x3F, 0xFF, 0x80, 0x00, 0x00, 0x00, 0x00, 0x7F, 0xFF, 0xC0, 0x00, 0x00, 0x00, 0x00, 0x7F, 0xFF, 0xC0, 0x00, 0x00, 0x00, 0x00, 0xFF, 0xFF, 0xE0, 0x00, 0x00, 0x00, 0x00, 0xFF, 0xFF, 0xF0, 0x00, 0x00, 0x00, 0x01, 0xFF, 0xFF, 0xF0, 0x00, 0x00, 0x00, 0x03, 0xFF, 0xFF, 0xF8, 0x00, 0x00, 0x00, 0x03, 0xFF, 0xFF, 0xF8, 0x00, 0x00, 0x00, 0x07, 0xFF, 0xFF, 0xFC, 0x00, 0x00, 0x00, 0x07, 0xFF, 0xBF, 0xFE, 0x00, 0x00, 0x00, 0x0F, 0xFF, 0x9F, 0xFE, 0x00, 0x00, 0x00, 0x1F, 0xFF, 0x1F, 0xFF, 0x00, 0x00, 0x00, 0x1F, 0xFE, 0x0F, 0xFF, 0x00, 0x00, 0x00, 0x3F, 0xFE, 0x0F, 0xFF, 0x80, 0x00, 0x00, 0x3F, 0xFC, 0x07, 0xFF, 0xC0, 0x00, 0x00, 0x7F, 0xFC, 0x07, 0xFF, 0xC0, 0x00, 0x00, 0xFF, 0xF8, 0x03, 0xFF, 0xE0, 0x00, 0x00, 0xFF, 0xF8, 0x03, 0xFF, 0xE0, 0x00, 0x01, 0xFF, 0xF0, 0x01, 0xFF, 0xF0, 0x00, 0x01, 0xFF, 0xF0, 0x01, 0xFF, 0xF8, 0x00, 0x03, 0xFF, 0xE0, 0x00, 0xFF, 0xF8, 0x00, 0x07, 0xFF, 0xE0, 0x00, 0xFF, 0xFC, 0x00, 0x07, 0xFF, 0xC0, 0x00, 0x7F, 0xFC, 0x00, 0x0F, 0xFF, 0xC0, 0x00, 0x7F, 0xFE, 0x00, 0x0F, 0xFF, 0x80, 0x00, 0x3F, 0xFF, 0x00, 0x1F, 0xFF, 0x80, 0x00, 0x3F, 0xFF, 0x00, 0x3F, 0xFF, 0x00, 0x00, 0x1F, 0xFF, 0x80, 0x3F, 0xFE, 0x00, 0x00, 0x1F, 0xFF, 0x80, 0x7F, 0xFE, 0x00, 0x00, 0x0F, 0xFF, 0xC0, 0x7F, 0xFC, 0x00, 0x00, 0x0F, 0xFF, 0xE0, 0xFF, 0xFC, 0x00, 0x00, 0x07, 0xFF, 0xE0, 

/* Symbol 0xD6, offset 40167 */
    48, 100, 27,
    0xFF, 0xF0, 0x00, 0x01, 0xFF, 0xE0, 0xFF, 0xF0, 0x00, 0x01, 0xFF, 0xE0, 0xFF, 0xF0, 0x00, 0x01, 0xFF, 0xE0, 0xFF, 0xF0, 0x00, 0x01, 0xFF, 0xE0, 0xFF, 0xF0, 0x00, 0x01, 0xFF, 0xE0, 0xFF, 0xF0, 0x00, 0x01, 0xFF, 0xE0, 0xFF, 0xF0, 0x00, 0x01, 0xFF, 0xE0, 0xFF, 0xF0, 0x00, 0x01, 0xFF, 0xE0, 0xFF, 0xF0, 0x00, 0x01, 0xFF, 0xE0, 0xFF, 0xF0, 0x00, 0x01, 0xFF, 0xE0, 0xFF, 0xF0, 0x00, 0x01, 0xFF, 0xE0, 0xFF, 0xF0, 0x00, 0x01, 0xFF, 0xE0, 0xFF, 0xF0, 0x00, 0x01, 0xFF, 0xE0, 0xFF, 0xF0, 0x00, 0x01, 0xFF, 0xE0, 0xFF, 0xF0, 0x00, 0x01, 0xFF, 0xE0, 0xFF, 0xF0, 0x00, 0x01, 0xFF, 0xE0, 0xFF, 0xF0, 0x00, 0x01, 0xFF, 0xE0, 0xFF, 0xF0, 0x00, 0x01, 0xFF, 0xE0, 0xFF, 0xF0, 0x00, 0x01, 0xFF, 0xE0, 0xFF, 0xF0, 0x00, 0x01, 0xFF, 0xE0, 0xFF, 0xF0, 0x00, 0x01, 0xFF, 0xE0, 0xFF, 0xF0, 0x00, 0x01, 0xFF, 0xE0, 0xFF, 0xF0, 0x00, 0x01, 0xFF, 0xE0, 0xFF, 0xF0, 0x00, 0x01, 0xFF, 0xE0, 0xFF, 0xF0, 0x00, 0x01, 0xFF, 0xE0, 0xFF, 0xF0, 0x00, 0x01, 0xFF, 0xE0, 0xFF, 0xF0, 0x00, 0x01, 0xFF, 0xE0, 0xFF, 0xF0, 0x00, 0x01, 0xFF, 0xE0, 0xFF, 0xF0, 0x00, 0x01, 0xFF, 0xE0, 0xFF, 0xF0, 0x00, 0x01, 0xFF, 0xE0, 0xFF, 0xF0, 0x00, 0x01, 0xFF, 0xE0, 0xFF, 0xF0, 0x00, 0x01, 0xFF, 0xE0, 0xFF, 0xF0, 0x00, 0x01, 0xFF, 0xE0, 0xFF, 0xF0, 0x00, 0x01, 0xFF, 0xE0, 0xFF, 0xF0, 0x00, 0x01, 0xFF, 0xE0, 0xFF, 0xF0, 0x00, 0x01, 0xFF, 0xE0, 0xFF, 0xF0, 0x00, 0x01, 0xFF, 0xE0, 0xFF, 0xF0, 0x00, 0x01, 0xFF, 0xE0, 0xFF, 0xF0, 0x00, 0x01, 0xFF, 0xE0, 0xFF, 0xF0, 0x00, 0x01, 0xFF, 0xE0, 0xFF, 0xF0, 0x00, 0x01, 0xFF, 0xE0, 0xFF, 0xF0, 0x00, 0x01, 0xFF, 0xE0, 0xFF, 0xF0, 0x00, 0x01, 0xFF, 0xE0, 0xFF, 0xF0, 0x00, 0x01, 0xFF, 0xE0, 0xFF, 0xF0, 0x00, 0x01, 0xFF, 0xE0, 0xFF, 0xF0, 0x00, 0x01, 0xFF, 0xE0, 0xFF, 0xF0, 0x00, 0x01, 0xFF, 0xE0, 0xFF, 0xF0, 0x00, 0x01, 0xFF, 0xE0, 0xFF, 0xF0, 0x00, 0x01, 0xFF, 0xE0, 0xFF, 0xF0, 0x00, 0x01, 0xFF, 0xE0, 0xFF, 0xF0, 0x00, 0x01, 0xFF, 0xE0, 0xFF, 0xFF, 0xFF, 0xFF, 0xFF, 0xFF, 0xFF, 0xFF, 0xFF, 0xFF, 0xFF, 0xFF, 0xFF, 0xFF, 0xFF, 0xFF, 0xFF, 0xFF, 0xFF, 0xFF, 0xFF, 0xFF, 0xFF, 0xFF, 0xFF, 0xFF, 0xFF, 0xFF, 0xFF, 0xFF, 0xFF, 0xFF, 0xFF, 0xFF, 0xFF, 0xFF, 0xFF, 0xFF, 0xFF, 0xFF, 0xFF, 0xFF, 0xFF, 0xFF, 0xFF, 0xFF, 0xFF, 0xFF, 0xFF, 0xFF, 0xFF, 0xFF, 0xFF, 0xFF, 0xFF, 0xFF, 0xFF, 0xFF, 0xFF, 0xFF, 0x00, 0x00, 0x00, 0x00, 0x0F, 0xFF, 0x00, 0x00, 0x00, 0x00, 0x0F, 0xFF, 0x00, 0x00, 0x00, 0x00, 0x0F, 0xFF, 0x00, 0x00, 0x00, 0x00, 0x0F, 0xFF, 0x00, 0x00, 0x00, 0x00, 0x0F, 0xFF, 0x00, 0x00, 0x00, 0x00, 0x0F, 0xFE, 0x00, 0x00, 0x00, 0x00, 0x0F, 0xFE, 0x00, 0x00, 0x00, 0x00, 0x0F, 0xFE, 0x00, 0x00, 0x00, 0x00, 0x0F, 0xFE, 0x00, 0x00, 0x00, 0x00, 0x0F, 0xFE, 0x00, 0x00, 0x00, 0x00, 0x0F, 0xFE, 0x00, 0x00, 0x00, 0x00, 0x0F, 0xFE, 

/* Symbol 0xD7, offset 40608 */
    45, 88, 27,
    0xFF, 0xF0, 0x00, 0x00, 0x7F, 0xF8, 0xFF, 0xF0, 0x00, 0x00, 0x7F, 0xF8, 0xFF, 0xF0, 0x00, 0x00, 0x7F, 0xF8, 0xFF, 0xF0, 0x00, 0x00, 0x7F, 0xF8, 0xFF, 0xF0, 0x00, 0x00, 0x7F, 0xF8, 0xFF, 0xF0, 0x00, 0x00, 0x7F, 0xF8, 0xFF, 0xF0, 0x00, 0x00, 0x7F, 0xF8, 0xFF, 0xF0, 0x00, 0x00, 0x7F, 0xF8, 0xFF, 0xF0, 0x00, 0x00, 0x7F, 0xF8, 0xFF, 0xF0, 0x00, 0x00, 0x7F, 0xF8, 0xFF, 0xF0, 0x00, 0x00, 0x7F, 0xF8, 0xFF, 0xF0, 0x00, 0x00, 0x7F, 0xF8, 0xFF, 0xF0, 0x00, 0x00, 0x7F, 0xF8, 0xFF, 0xF0, 0x00, 0x00, 0x7F, 0xF8, 0xFF, 0xF0, 0x00, 0x00, 0x7F, 0xF8, 0xFF, 0xF0, 0x00, 0x00, 0x7F, 0xF8, 0xFF, 0xF0, 0x00, 0x00, 0x7F, 0xF8, 0xFF, 0xF0, 0x00, 0x00, 0x7F, 0xF8, 0xFF, 0xF0, 0x00, 0x00, 0x7F, 0xF8, 0xFF, 0xF0, 0x00, 0x00, 0x7F, 0xF8, 0xFF, 0xF8, 0x00, 0x00, 0x7F, 0xF8, 0xFF, 0xF8, 0x00, 0x00, 0x7F, 0xF8, 0x7F, 0xF8, 0x00, 0x00, 0x7F, 0xF8, 0x7F, 0xFC, 0x00, 0x00, 0x7F, 0xF8, 0x7F, 0xFC, 0x00, 0x00, 0x7F, 0xF8, 0x7F, 0xFE, 0x00, 0x00, 0x7F, 0xF8, 0x3F, 0xFF, 0x00, 0x00, 0x7F, 0xF8, 0x3F, 0xFF, 0xE0, 0x00, 0x7F, 0xF8, 0x1F, 0xFF, 0xFF, 0xFF, 0xFF, 0xF8, 0x1F, 0xFF, 0xFF, 0xFF, 0xFF, 0xF8, 0x0F, 0xFF, 0xFF, 0xFF, 0xFF, 0xF8, 0x07, 0xFF, 0xFF, 0xFF, 0xFF, 0xF8, 0x07, 0xFF, 0xFF, 0xFF, 0xFF, 0xF8, 0x01, 0xFF, 0xFF, 0xFF, 0xFF, 0xF8, 0x00, 0xFF, 0xFF, 0xFF, 0xFF, 0xF8, 0x00, 0x3F, 0xFF, 0xFF, 0xFF, 0xF8, 0x00, 0x0F, 0xFF, 0xFF, 0xFF, 0xF8, 0x00, 0x00, 0xFF, 0xFF, 0xFF, 0xF8, 0x00, 0x00, 0x00, 0x00, 0x7F, 0xF8, 0x00, 0x00, 0x00, 0x00, 0x7F, 0xF8, 0x00, 0x00, 0x00, 0x00, 0x7F, 0xF8, 0x00, 0x00, 0x00, 0x00, 0x7F, 0xF8, 0x00, 0x00, 0x00, 0x00, 0x7F, 0xF8, 0x00, 0x00, 0x00, 0x00, 0x7F, 0xF8, 0x00, 0x00, 0x00, 0x00, 0x7F, 0xF8, 0x00, 0x00, 0x00, 0x00, 0x7F, 0xF8, 0x00, 0x00, 0x00, 0x00, 0x7F, 0xF8, 0x00, 0x00, 0x00, 0x00, 0x7F, 0xF8, 0x00, 0x00, 0x00, 0x00, 0x7F, 0xF8, 0x00, 0x00, 0x00, 0x00, 0x7F, 0xF8, 0x00, 0x00, 0x00, 0x00, 0x7F, 0xF8, 0x00, 0x00, 0x00, 0x00, 0x7F, 0xF8, 0x00, 0x00, 0x00, 0x00, 0x7F, 0xF8, 0x00, 0x00, 0x00, 0x00, 0x7F, 0xF8, 0x00, 0x00, 0x00, 0x00, 0x7F, 0xF8, 0x00, 0x00, 0x00, 0x00, 0x7F, 0xF8, 0x00, 0x00, 0x00, 0x00, 0x7F, 0xF8, 0x00, 0x00, 0x00, 0x00, 0x7F, 0xF8, 0x00, 0x00, 0x00, 0x00, 0x7F, 0xF8, 0x00, 0x00, 0x00, 0x00, 0x7F, 0xF8, 0x00, 0x00, 0x00, 0x00, 0x7F, 0xF8, 

/* Symbol 0xD8, offset 40977 */
    48, 88, 27,
    0xFF, 0xE0, 0x1F, 0xF8, 0x07, 0xFF, 0xFF, 0xE0, 0x1F, 0xF8, 0x07, 0xFF, 0xFF, 0xE0, 0x1F, 0xF8, 0x07, 0xFF, 0xFF, 0xE0, 0x1F, 0xF8, 0x07, 0xFF, 0xFF, 0xE0, 0x1F, 0xF8, 0x07, 0xFF, 0xFF, 0xE0, 0x1F, 0xF8, 0x07, 0xFF, 0xFF, 0xE0, 0x1F, 0xF8, 0x07, 0xFF, 0xFF, 0xE0, 0x1F, 0xF8, 0x07, 0xFF, 0xFF, 0xE0, 0x1F, 0xF8, 0x07, 0xFF, 0xFF, 0xE0, 0x1F, 0xF8, 0x07, 0xFF, 0xFF, 0xE0, 0x1F, 0xF8, 0x07, 0xFF, 0xFF, 0xE0, 0x1F, 0xF8, 0x07, 0xFF, 0xFF, 0xE0, 0x1F, 0xF8, 0x07, 0xFF, 0xFF, 0xE0, 0x1F, 0xF8, 0x07, 0xFF, 0xFF, 0xE0, 0x1F, 0xF8, 0x07, 0xFF, 0xFF, 0xE0, 0x1F, 0xF8, 0x07, 0xFF, 0xFF, 0xE0, 0x1F, 0xF8, 0x07, 0xFF, 0xFF, 0xE0, 0x1F, 0xF8, 0x07, 0xFF, 0xFF, 0xE0, 0x1F, 0xF8, 0x07, 0xFF, 0xFF, 0xE0, 0x1F, 0xF8, 0x07, 0xFF, 0xFF, 0xE0, 0x1F, 0xF8, 0x07, 0xFF, 0xFF, 0xE0, 0x1F, 0xF8, 0x07, 0xFF, 0xFF, 0xE0, 0x1F, 0xF8, 0x07, 0xFF, 0xFF, 0xE0, 0x1F, 0xF8, 0x07, 0xFF, 0xFF, 0xE0, 0x1F, 0xF8, 0x07, 0xFF, 0xFF, 0xE0, 0x1F, 0xF8, 0x07, 0xFF, 0xFF, 0xE0, 0x1F, 0xF8, 0x07, 0xFF, 0xFF, 0xE0, 0x1F, 0xF8, 0x07, 0xFF, 0xFF, 0xE0, 0x1F, 0xF8, 0x07, 0xFF, 0xFF, 0xE0, 0x1F, 0xF8, 0x07, 0xFF, 0xFF, 0xE0, 0x1F, 0xF8, 0x07, 0xFF, 0xFF, 0xE0, 0x1F, 0xF8, 0x07, 0xFF, 0xFF, 0xE0, 0x1F, 0xF8, 0x07, 0xFF, 0xFF, 0xE0, 0x1F, 0xF8, 0x07, 0xFF, 0xFF, 0xE0, 0x1F, 0xF8, 0x07, 0xFF, 0xFF, 0xE0, 0x1F, 0xF8, 0x07, 0xFF, 0xFF, 0xE0, 0x1F, 0xF8, 0x07, 0xFF, 0xFF, 0xE0, 0x1F, 0xF8, 0x07, 0xFF, 0xFF, 0xE0, 0x1F, 0xF8, 0x07, 0xFF, 0xFF, 0xE0, 0x1F, 0xF8, 0x07, 0xFF, 0xFF, 0xE0, 0x1F, 0xF8, 0x07, 0xFF, 0xFF, 0xE0, 0x1F, 0xF8, 0x07, 0xFF, 0xFF, 0xE0, 0x1F, 0xF8, 0x07, 0xFF, 0xFF, 0xE0, 0x1F, 0xF8, 0x07, 0xFF, 0xFF, 0xE0, 0x1F, 0xF8, 0x07, 0xFF, 0xFF, 0xE0, 0x1F, 0xF8, 0x07, 0xFF, 0xFF, 0xE0, 0x1F, 0xF8, 0x07, 0xFF, 0xFF, 0xE0, 0x1F, 0xF8, 0x07, 0xFF, 0xFF, 0xE0, 0x1F, 0xF8, 0x07, 0xFF, 0xFF, 0xE0, 0x1F, 0xF8, 0x07, 0xFF, 0xFF, 0xE0, 0x1F, 0xF8, 0x07, 0xFF, 0xFF, 0xE0, 0x1F, 0xF8, 0x07, 0xFF, 0xFF, 0xFF, 0xFF, 0xFF, 0xFF, 0xFF, 0xFF, 0xFF, 0xFF, 0xFF, 0xFF, 0xFF, 0xFF, 0xFF, 0xFF, 0xFF, 0xFF, 0xFF, 0xFF, 0xFF, 0xFF, 0xFF, 0xFF, 0xFF, 0xFF, 0xFF, 0xFF, 0xFF, 0xFF, 0xFF, 0xFF, 0xFF, 0xFF, 0xFF, 0xFF, 0xFF, 0xFF, 0xFF, 0xFF, 0xFF, 0xFF, 0xFF, 0xFF, 0xFF, 0xFF, 0xFF, 0xFF, 0xFF, 0xFF, 0xFF, 0xFF, 0xFF, 0xFF, 0xFF, 

/* Symbol 0xD9, offset 41346 */
    49, 100, 27,
    0xFF, 0xE0, 0x3F, 0xF0, 0x1F, 0xFC, 0x00, 0xFF, 0xE0, 0x3F, 0xF0, 0x1F, 0xFC, 0x00, 0xFF, 0xE0, 0x3F, 0xF0, 0x1F, 0xFC, 0x00, 0xFF, 0xE0, 0x3F, 0xF0, 0x1F, 0xFC, 0x00, 0xFF, 0xE0, 0x3F, 0xF0, 0x1F, 0xFC, 0x00, 0xFF, 0xE0, 0x3F, 0xF0, 0x1F, 0xFC, 0x00, 0xFF, 0xE0, 0x3F, 0xF0, 0x1F, 0xFC, 0x00, 0xFF, 0xE0, 0x3F, 0xF0, 0x1F, 0xFC, 0x00, 0xFF, 0xE0, 0x3F, 0xF0, 0x1F, 0xFC, 0x00, 0xFF, 0xE0, 0x3F, 0xF0, 0x1F, 0xFC, 0x00, 0xFF, 0xE0, 0x3F, 0xF0, 0x1F, 0xFC, 0x00, 0xFF, 0xE0, 0x3F, 0xF0, 0x1F, 0xFC, 0x00, 0xFF, 0xE0, 0x3F, 0xF0, 0x1F, 0xFC, 0x00, 0xFF, 0xE0, 0x3F, 0xF0, 0x1F, 0xFC, 0x00, 0xFF, 0xE0, 0x3F, 0xF0, 0x1F, 0xFC, 0x00, 0xFF, 0xE0, 0x3F, 0xF0, 0x1F, 0xFC, 0x00, 0xFF, 0xE0, 0x3F, 0xF0, 0x1F, 0xFC, 0x00, 0xFF, 0xE0, 0x3F, 0xF0, 0x1F, 0xFC, 0x00, 0xFF, 0xE0, 0x3F, 0xF0, 0x1F, 0xFC, 0x00, 0xFF, 0xE0, 0x3F, 0xF0, 0x1F, 0xFC, 0x00, 0xFF, 0xE0, 0x3F, 0xF0, 0x1F, 0xFC, 0x00, 0xFF, 0xE0, 0x3F, 0xF0, 0x1F, 0xFC, 0x00, 0xFF, 0xE0, 0x3F, 0xF0, 0x1F, 0xFC, 0x00, 0xFF, 0xE0, 0x3F, 0xF0, 0x1F, 0xFC, 0x00, 0xFF, 0xE0, 0x3F, 0xF0, 0x1F, 0xFC, 0x00, 0xFF, 0xE0, 0x3F, 0xF0, 0x1F, 0xFC, 0x00, 0xFF, 0xE0, 0x3F, 0xF0, 0x1F, 0xFC, 0x00, 0xFF, 0xE0, 0x3F, 0xF0, 0x1F, 0xFC, 0x00, 0xFF, 0xE0, 0x3F, 0xF0, 0x1F, 0xFC, 0x00, 0xFF, 0xE0, 0x3F, 0xF0, 0x1F, 0xFC, 0x00, 0xFF, 0xE0, 0x3F, 0xF0, 0x1F, 0xFC, 0x00, 0xFF, 0xE0, 0x3F, 0xF0, 0x1F, 0xFC, 0x00, 0xFF, 0xE0, 0x3F, 0xF0, 0x1F, 0xFC, 0x00, 0xFF, 0xE0, 0x3F, 0xF0, 0x1F, 0xFC, 0x00, 0xFF, 0xE0, 0x3F, 0xF0, 0x1F, 0xFC, 0x00, 0xFF, 0xE0, 0x3F, 0xF0, 0x1F, 0xFC, 0x00, 0xFF, 0xE0, 0x3F, 0xF0, 0x1F, 0xFC, 0x00, 0xFF, 0xE0, 0x3F, 0xF0, 0x1F, 0xFC, 0x00, 0xFF, 0xE0, 0x3F, 0xF0, 0x1F, 0xFC, 0x00, 0xFF, 0xE0, 0x3F, 0xF0, 0x1F, 0xFC, 0x00, 0xFF, 0xE0, 0x3F, 0xF0, 0x1F, 0xFC, 0x00, 0xFF, 0xE0, 0x3F, 0xF0, 0x1F, 0xFC, 0x00, 0xFF, 0xE0, 0x3F, 0xF0, 0x1F, 0xFC, 0x00, 0xFF, 0xE0, 0x3F, 0xF0, 0x1F, 0xFC, 0x00, 0xFF, 0xE0, 0x3F, 0xF0, 0x1F, 0xFC, 0x00, 0xFF, 0xE0, 0x3F, 0xF0, 0x1F, 0xFC, 0x00, 0xFF, 0xE0, 0x3F, 0xF0, 0x1F, 0xFC, 0x00, 0xFF, 0xE0, 0x3F, 0xF0, 0x1F, 0xFC, 0x00, 0xFF, 0xE0, 0x3F, 0xF0, 0x1F, 0xFC, 0x00, 0xFF, 0xE0, 0x3F, 0xF0, 0x1F, 0xFC, 0x00, 0xFF, 0xE0, 0x3F, 0xF0, 0x1F, 0xFC, 0x00, 0xFF, 0xE0, 0x3F, 0xF0, 0x1F, 0xFC, 0x00, 0xFF, 0xFF, 0xFF, 0xFF, 0xFF, 0xFF, 0x80, 0xFF, 0xFF, 0xFF, 0xFF, 0xFF, 0xFF, 0x80, 0xFF, 0xFF, 0xFF, 0xFF, 0xFF, 0xFF, 0x80, 0xFF, 0xFF, 0xFF, 0xFF, 0xFF, 0xFF, 0x80, 0xFF, 0xFF, 0xFF, 0xFF, 0xFF, 0xFF, 0x80, 0xFF, 0xFF, 0xFF, 0xFF, 0xFF, 0xFF, 0x80, 0xFF, 0xFF, 0xFF, 0xFF, 0xFF, 0xFF, 0x80, 0xFF, 0xFF, 0xFF, 0xFF, 0xFF, 0xFF, 0x80, 0xFF, 0xFF, 0xFF, 0xFF, 0xFF, 0xFF, 0x80, 0x00, 0x00, 0x00, 0x00, 0x03, 0xFF, 0x80, 0x00, 0x00, 0x00, 0x00, 0x03, 0xFF, 0x80, 0x00, 0x00, 0x00, 0x00, 0x03, 0xFF, 0x80, 0x00, 0x00, 0x00, 0x00, 0x03, 0xFF, 0x80, 0x00, 0x00, 0x00, 0x00, 0x03, 0xFF, 0x80, 0x00, 0x00, 0x00, 0x00, 0x03, 0xFF, 0x00, 0x00, 0x00, 0x00, 0x00, 0x03, 0xFF, 0x00, 0x00, 0x00, 0x00, 0x00, 0x03, 0xFF, 0x00, 0x00, 0x00, 0x00, 0x00, 0x03, 0xFF, 0x00, 0x00, 0x00, 0x00, 0x00, 0x03, 0xFF, 0x00, 0x00, 0x00, 0x00, 0x00, 0x03, 0xFF, 0x00, 0x00, 0x00, 0x00, 0x00, 0x03, 0xFF, 0x00, 

/* Symbol 0xDA, offset 41860 */
    50, 88, 27,
    0xFF, 0xFF, 0xF8, 0x00, 0x00, 0x00, 0x00, 0xFF, 0xFF, 0xF8, 0x00, 0x00, 0x00, 0x00, 0xFF, 0xFF, 0xF8, 0x00, 0x00, 0x00, 0x00, 0xFF, 0xFF, 0xF8, 0x00, 0x00, 0x00, 0x00, 0xFF, 0xFF, 0xF8, 0x00, 0x00, 0x00, 0x00, 0xFF, 0xFF, 0xF8, 0x00, 0x00, 0x00, 0x00, 0xFF, 0xFF, 0xF8, 0x00, 0x00, 0x00, 0x00, 0xFF, 0xFF, 0xF8, 0x00, 0x00, 0x00, 0x00, 0xFF, 0xFF, 0xF8, 0x00, 0x00, 0x00, 0x00, 0x00, 0x3F, 0xF8, 0x00, 0x00, 0x00, 0x00, 0x00, 0x3F, 0xF8, 0x00, 0x00, 0x00, 0x00, 0x00, 0x3F, 0xF8, 0x00, 0x00, 0x00, 0x00, 0x00, 0x3F, 0xF8, 0x00, 0x00, 0x00, 0x00, 0x00, 0x3F, 0xF8, 0x00, 0x00, 0x00, 0x00, 0x00, 0x3F, 0xF8, 0x00, 0x00, 0x00, 0x00, 0x00, 0x3F, 0xF8, 0x00, 0x00, 0x00, 0x00, 0x00, 0x3F, 0xF8, 0x00, 0x00, 0x00, 0x00, 0x00, 0x3F, 0xF8, 0x00, 0x00, 0x00, 0x00, 0x00, 0x3F, 0xF8, 0x00, 0x00, 0x00, 0x00, 0x00, 0x3F, 0xF8, 0x00, 0x00, 0x00, 0x00, 0x00, 0x3F, 0xF8, 0x00, 0x00, 0x00, 0x00, 0x00, 0x3F, 0xF8, 0x00, 0x00, 0x00, 0x00, 0x00, 0x3F, 0xF8, 0x00, 0x00, 0x00, 0x00, 0x00, 0x3F, 0xFF, 0xFF, 0xC0, 0x00, 0x00, 0x00, 0x3F, 0xFF, 0xFF, 0xFC, 0x00, 0x00, 0x00, 0x3F, 0xFF, 0xFF, 0xFF, 0x00, 0x00, 0x00, 0x3F, 0xFF, 0xFF, 0xFF, 0xC0, 0x00, 0x00, 0x3F, 0xFF, 0xFF, 0xFF, 0xF0, 0x00, 0x00, 0x3F, 0xFF, 0xFF, 0xFF, 0xF8, 0x00, 0x00, 0x3F, 0xFF, 0xFF, 0xFF, 0xFC, 0x00, 0x00, 0x3F, 0xFF, 0xFF, 0xFF, 0xFE, 0x00, 0x00, 0x3F, 0xFF, 0xFF, 0xFF, 0xFE, 0x00, 0x00, 0x3F, 0xF8, 0x01, 0xFF, 0xFF, 0x00, 0x00, 0x3F, 0xF8, 0x00, 0x7F, 0xFF, 0x00, 0x00, 0x3F, 0xF8, 0x00, 0x1F, 0xFF, 0x80, 0x00, 0x3F, 0xF8, 0x00, 0x0F, 0xFF, 0x80, 0x00, 0x3F, 0xF8, 0x00, 0x07, 0xFF, 0x80, 0x00, 0x3F, 0xF8, 0x00, 0x07, 0xFF, 0xC0, 0x00, 0x3F, 0xF8, 0x00, 0x03, 0xFF, 0xC0, 0x00, 0x3F, 0xF8, 0x00, 0x03, 0xFF, 0xC0, 0x00, 0x3F, 0xF8, 0x00, 0x03, 0xFF, 0xC0, 0x00, 0x3F, 0xF8, 0x00, 0x03, 0xFF, 0xC0, 0x00, 0x3F, 0xF8, 0x00, 0x03, 0xFF, 0xC0, 0x00, 0x3F, 0xF8, 0x00, 0x03, 0xFF, 0xC0, 0x00, 0x3F, 0xF8, 0x00, 0x03, 0xFF, 0xC0, 0x00, 0x3F, 0xF8, 0x00, 0x07, 0xFF, 0xC0, 0x00, 0x3F, 0xF8, 0x00, 0x07, 0xFF, 0x80, 0x00, 0x3F, 0xF8, 0x00, 0x0F, 0xFF, 0x80, 0x00, 0x3F, 0xF8, 0x00, 0x0F, 0xFF, 0x80, 0x00, 0x3F, 0xF8, 0x00, 0x1F, 0xFF, 0x80, 0x00, 0x3F, 0xF8, 0x00, 0x7F, 0xFF, 0x00, 0x00, 0x3F, 0xF8, 0x01, 0xFF, 0xFF, 0x00, 0x00, 0x3F, 0xFF, 0xFF, 0xFF, 0xFE, 0x00, 0x00, 0x3F, 0xFF, 0xFF, 0xFF, 0xFC, 0x00, 0x00, 0x3F, 0xFF, 0xFF, 0xFF, 0xF8, 0x00, 0x00, 0x3F, 0xFF, 0xFF, 0xFF, 0xF0, 0x00, 0x00, 0x3F, 0xFF, 0xFF, 0xFF, 0xE0, 0x00, 0x00, 0x3F, 0xFF, 0xFF, 0xFF, 0xC0, 0x00, 0x00, 0x3F, 0xFF, 0xFF, 0xFF, 0x00, 0x00, 0x00, 0x3F, 0xFF, 0xFF, 0xF8, 0x00, 0x00, 0x00, 0x3F, 0xFF, 0xFF, 0x80, 0x00, 0x00, 

/* Symbol 0xDB, offset 42290 */
    47, 88, 27,
    0xFF, 0xE0, 0x00, 0x00, 0x0F, 0xFE, 0xFF, 0xE0, 0x00, 0x00, 0x0F, 0xFE, 0xFF, 0xE0, 0x00, 0x00, 0x0F, 0xFE, 0xFF, 0xE0, 0x00, 0x00, 0x0F, 0xFE, 0xFF, 0xE0, 0x00, 0x00, 0x0F, 0xFE, 0xFF, 0xE0, 0x00, 0x00, 0x0F, 0xFE, 0xFF, 0xE0, 0x00, 0x00, 0x0F, 0xFE, 0xFF, 0xE0, 0x00, 0x00, 0x0F, 0xFE, 0xFF, 0xE0, 0x00, 0x00, 0x0F, 0xFE, 0xFF, 0xE0, 0x00, 0x00, 0x0F, 0xFE, 0xFF, 0xE0, 0x00, 0x00, 0x0F, 0xFE, 0xFF, 0xE0, 0x00, 0x00, 0x0F, 0xFE, 0xFF, 0xE0, 0x00, 0x00, 0x0F, 0xFE, 0xFF, 0xE0, 0x00, 0x00, 0x0F, 0xFE, 0xFF, 0xE0, 0x00, 0x00, 0x0F, 0xFE, 0xFF, 0xE0, 0x00, 0x00, 0x0F, 0xFE, 0xFF, 0xE0, 0x00, 0x00, 0x0F, 0xFE, 0xFF, 0xE0, 0x00, 0x00, 0x0F, 0xFE, 0xFF, 0xE0, 0x00, 0x00, 0x0F, 0xFE, 0xFF, 0xE0, 0x00, 0x00, 0x0F, 0xFE, 0xFF, 0xE0, 0x00, 0x00, 0x0F, 0xFE, 0xFF, 0xE0, 0x00, 0x00, 0x0F, 0xFE, 0xFF, 0xE0, 0x00, 0x00, 0x0F, 0xFE, 0xFF, 0xFF, 0xF0, 0x00, 0x0F, 0xFE, 0xFF, 0xFF, 0xFE, 0x00, 0x0F, 0xFE, 0xFF, 0xFF, 0xFF, 0x80, 0x0F, 0xFE, 0xFF, 0xFF, 0xFF, 0xE0, 0x0F, 0xFE, 0xFF, 0xFF, 0xFF, 0xF0, 0x0F, 0xFE, 0xFF, 0xFF, 0xFF, 0xFC, 0x0F, 0xFE, 0xFF, 0xFF, 0xFF, 0xFC, 0x0F, 0xFE, 0xFF, 0xFF, 0xFF, 0xFE, 0x0F, 0xFE, 0xFF, 0xFF, 0xFF, 0xFF, 0x0F, 0xFE, 0xFF, 0xE0, 0x7F, 0xFF, 0x0F, 0xFE, 0xFF, 0xE0, 0x1F, 0xFF, 0x8F, 0xFE, 0xFF, 0xE0, 0x0F, 0xFF, 0x8F, 0xFE, 0xFF, 0xE0, 0x07, 0xFF, 0x8F, 0xFE, 0xFF, 0xE0, 0x07, 0xFF, 0xCF, 0xFE, 0xFF, 0xE0, 0x03, 0xFF, 0xCF, 0xFE, 0xFF, 0xE0, 0x03, 0xFF, 0xCF, 0xFE, 0xFF, 0xE0, 0x03, 0xFF, 0xCF, 0xFE, 0xFF, 0xE0, 0x03, 0xFF, 0xCF, 0xFE, 0xFF, 0xE0, 0x03, 0xFF, 0xCF, 0xFE, 0xFF, 0xE0, 0x03, 0xFF, 0xCF, 0xFE, 0xFF, 0xE0, 0x03, 0xFF, 0xCF, 0xFE, 0xFF, 0xE0, 0x03, 0xFF, 0xCF, 0xFE, 0xFF, 0xE0, 0x03, 0xFF, 0xCF, 0xFE, 0xFF, 0xE0, 0x07, 0xFF, 0xCF, 0xFE, 0xFF, 0xE0, 0x07, 0xFF, 0x8F, 0xFE, 0xFF, 0xE0, 0x07, 0xFF, 0x8F, 0xFE, 0xFF, 0xE0, 0x0F, 0xFF, 0x8F, 0xFE, 0xFF, 0xE0, 0x1F, 0xFF, 0x0F, 0xFE, 0xFF, 0xE0, 0x7F, 0xFF, 0x0F, 0xFE, 0xFF, 0xFF, 0xFF, 0xFE, 0x0F, 0xFE, 0xFF, 0xFF, 0xFF, 0xFE, 0x0F, 0xFE, 0xFF, 0xFF, 0xFF, 0xFC, 0x0F, 0xFE, 0xFF, 0xFF, 0xFF, 0xF8, 0x0F, 0xFE, 0xFF, 0xFF, 0xFF, 0xF0, 0x0F, 0xFE, 0xFF, 0xFF, 0xFF, 0xE0, 0x0F, 0xFE, 0xFF, 0xFF, 0xFF, 0x80, 0x0F, 0xFE, 0xFF, 0xFF, 0xFE, 0x00, 0x0F, 0xFE, 0xFF, 0xFF, 0xE0, 0x00, 0x0F, 0xFE, 

/* Symbol 0xDC, offset 42659 */
    44, 88, 27,
    0xFF, 0xE0, 0x00, 0x00, 0x00, 0x00, 0xFF, 0xE0, 0x00, 0x00, 0x00, 0x00, 0xFF, 0xE0, 0x00, 0x00, 0x00, 0x00, 0xFF, 0xE0, 0x00, 0x00, 0x00, 0x00, 0xFF, 0xE0, 0x00, 0x00, 0x00, 0x00, 0xFF, 0xE0, 0x00, 0x00, 0x00, 0x00, 0xFF, 0xE0, 0x00, 0x00, 0x00, 0x00, 0xFF, 0xE0, 0x00, 0x00, 0x00, 0x00, 0xFF, 0xE0, 0x00, 0x00, 0x00, 0x00, 0xFF, 0xE0, 0x00, 0x00, 0x00, 0x00, 0xFF, 0xE0, 0x00, 0x00, 0x00, 0x00, 0xFF, 0xE0, 0x00, 0x00, 0x00, 0x00, 0xFF, 0xE0, 0x00, 0x00, 0x00, 0x00, 0xFF, 0xE0, 0x00, 0x00, 0x00, 0x00, 0xFF, 0xE0, 0x00, 0x00, 0x00, 0x00, 0xFF, 0xE0, 0x00, 0x00, 0x00, 0x00, 0xFF, 0xE0, 0x00, 0x00, 0x00, 0x00, 0xFF, 0xE0, 0x00, 0x00, 0x00, 0x00, 0xFF, 0xE0, 0x00, 0x00, 0x00, 0x00, 0xFF, 0xE0, 0x00, 0x00, 0x00, 0x00, 0xFF, 0xE0, 0x00, 0x00, 0x00, 0x00, 0xFF, 0xE0, 0x00, 0x00, 0x00, 0x00, 0xFF, 0xE0, 0x00, 0x00, 0x00, 0x00, 0xFF, 0xFF, 0xFF, 0xF0, 0x00, 0x00, 0xFF, 0xFF, 0xFF, 0xFF, 0x00, 0x00, 0xFF, 0xFF, 0xFF, 0xFF, 0xC0, 0x00, 0xFF, 0xFF, 0xFF, 0xFF, 0xF0, 0x00, 0xFF, 0xFF, 0xFF, 0xFF, 0xFC, 0x00, 0xFF, 0xFF, 0xFF, 0xFF, 0xFE, 0x00, 0xFF, 0xFF, 0xFF, 0xFF, 0xFF, 0x00, 0xFF, 0xFF, 0xFF, 0xFF, 0xFF, 0x80, 0xFF, 0xFF, 0xFF, 0xFF, 0xFF, 0x80, 0xFF, 0xE0, 0x00, 0xFF, 0xFF, 0xC0, 0xFF, 0xE0, 0x00, 0x1F, 0xFF, 0xC0, 0xFF, 0xE0, 0x00, 0x07, 0xFF, 0xE0, 0xFF, 0xE0, 0x00, 0x03, 0xFF, 0xE0, 0xFF, 0xE0, 0x00, 0x01, 0xFF, 0xE0, 0xFF, 0xE0, 0x00, 0x01, 0xFF, 0xF0, 0xFF, 0xE0, 0x00, 0x00, 0xFF, 0xF0, 0xFF, 0xE0, 0x00, 0x00, 0xFF, 0xF0, 0xFF, 0xE0, 0x00, 0x00, 0xFF, 0xF0, 0xFF, 0xE0, 0x00, 0x00, 0xFF, 0xF0, 0xFF, 0xE0, 0x00, 0x00, 0xFF, 0xF0, 0xFF, 0xE0, 0x00, 0x00, 0xFF, 0xF0, 0xFF, 0xE0, 0x00, 0x00, 0xFF, 0xF0, 0xFF, 0xE0, 0x00, 0x01, 0xFF, 0xF0, 0xFF, 0xE0, 0x00, 0x01, 0xFF, 0xF0, 0xFF, 0xE0, 0x00, 0x03, 0xFF, 0xE0, 0xFF, 0xE0, 0x00, 0x03, 0xFF, 0xE0, 0xFF, 0xE0, 0x00, 0x07, 0xFF, 0xE0, 0xFF, 0xE0, 0x00, 0x1F, 0xFF, 0xC0, 0xFF, 0xE0, 0x00, 0x7F, 0xFF, 0xC0, 0xFF, 0xFF, 0xFF, 0xFF, 0xFF, 0x80, 0xFF, 0xFF, 0xFF, 0xFF, 0xFF, 0x00, 0xFF, 0xFF, 0xFF, 0xFF, 0xFF, 0x00, 0xFF, 0xFF, 0xFF, 0xFF, 0xFE, 0x00, 0xFF, 0xFF, 0xFF, 0xFF, 0xF8, 0x00, 0xFF, 0xFF, 0xFF, 0xFF, 0xF0, 0x00, 0xFF, 0xFF, 0xFF, 0xFF, 0xC0, 0x00, 0xFF, 0xFF, 0xFF, 0xFE, 0x00, 0x00, 0xFF, 0xFF, 0xFF, 0xE0, 0x00, 0x00, 

/* Symbol 0xDD, offset 43028 */
    45, 89, 26,
    0x00, 0x1F, 0xFF, 0x00, 0x00, 0x00, 0x03, 0xFF, 0xFF, 0xF0, 0x00, 0x00, 0x3F, 0xFF, 0xFF, 0xFE, 0x00, 0x00, 0x7F, 0xFF, 0xFF, 0xFF, 0x80, 0x00, 0x7F, 0xFF, 0xFF, 0xFF, 0xE0, 0x00, 0x7F, 0xFF, 0xFF, 0xFF, 0xF0, 0x00, 0x7F, 0xFF, 0xFF, 0xFF, 0xF8, 0x00, 0x7F, 0xFF, 0xFF, 0xFF, 0xFC, 0x00, 0x7F, 0xFF, 0xFF, 0xFF, 0xFE, 0x00, 0x7F, 0xFF, 0xFF, 0xFF, 0xFF, 0x00, 0x7F, 0xE0, 0x07, 0xFF, 0xFF, 0x00, 0x7E, 0x00, 0x00, 0xFF, 0xFF, 0x80, 0x70, 0x00, 0x00, 0x3F, 0xFF, 0x80, 0x40, 0x00, 0x00, 0x1F, 0xFF, 0xC0, 0x00, 0x00, 0x00, 0x0F, 0xFF, 0xC0, 0x00, 0x00, 0x00, 0x07, 0xFF, 0xE0, 0x00, 0x00, 0x00, 0x07, 0xFF, 0xE0, 0x00, 0x00, 0x00, 0x03, 0xFF, 0xE0, 0x00, 0x00, 0x00, 0x03, 0xFF, 0xF0, 0x00, 0x00, 0x00, 0x01, 0xFF, 0xF0, 0x00, 0x00, 0x00, 0x01, 0xFF, 0xF0, 0x00, 0x00, 0x00, 0x01, 0xFF, 0xF0, 0x00, 0x00, 0x00, 0x01, 0xFF, 0xF0, 0x00, 0x00, 0x00, 0x00, 0xFF, 0xF8, 0x00, 0x00, 0x00, 0x00, 0xFF, 0xF8, 0x0F, 0xFF, 0xFF, 0xFF, 0xFF, 0xF8, 0x0F, 0xFF, 0xFF, 0xFF, 0xFF, 0xF8, 0x0F, 0xFF, 0xFF, 0xFF, 0xFF, 0xF8, 0x0F, 0xFF, 0xFF, 0xFF, 0xFF, 0xF8, 0x0F, 0xFF, 0xFF, 0xFF, 0xFF, 0xF8, 0x0F, 0xFF, 0xFF, 0xFF, 0xFF, 0xF8, 0x0F, 0xFF, 0xFF, 0xFF, 0xFF, 0xF8, 0x0F, 0xFF, 0xFF, 0xFF, 0xFF, 0xF8, 0x0F, 0xFF, 0xFF, 0xFF, 0xFF, 0xF8, 0x0F, 0xFF, 0xFF, 0xFF, 0xFF, 0xF8, 0x00, 0x00, 0x00, 0x00, 0xFF, 0xF8, 0x00, 0x00, 0x00, 0x00, 0xFF, 0xF8, 0x00, 0x00, 0x00, 0x00, 0xFF, 0xF8, 0x00, 0x00, 0x00, 0x00, 0xFF, 0xF8, 0x00, 0x00, 0x00, 0x00, 0xFF, 0xF0, 0x00, 0x00, 0x00, 0x01, 0xFF, 0xF0, 0x00, 0x00, 0x00, 0x01, 0xFF, 0xF0, 0x00, 0x00, 0x00, 0x01, 0xFF, 0xF0, 0x00, 0x00, 0x00, 0x01, 0xFF, 0xF0, 0x00, 0x00, 0x00, 0x03, 0xFF, 0xE0, 0x00, 0x00, 0x00, 0x03, 0xFF, 0xE0, 0x00, 0x00, 0x00, 0x07, 0xFF, 0xE0, 0x00, 0x00, 0x00, 0x0F, 0xFF, 0xC0, 0x00, 0x00, 0x00, 0x1F, 0xFF, 0xC0, 0x80, 0x00, 0x00, 0x3F, 0xFF, 0x80, 0xF0, 0x00, 0x00, 0xFF, 0xFF, 0x80, 0xFF, 0x80, 0x07, 0xFF, 0xFF, 0x00, 0xFF, 0xFF, 0xFF, 0xFF, 0xFF, 0x00, 0xFF, 0xFF, 0xFF, 0xFF, 0xFE, 0x00, 0xFF, 0xFF, 0xFF, 0xFF, 0xFC, 0x00, 0xFF, 0xFF, 0xFF, 0xFF, 0xF8, 0x00, 0xFF, 0xFF, 0xFF, 0xFF, 0xF0, 0x00, 0xFF, 0xFF, 0xFF, 0xFF, 0xE0, 0x00, 0xFF, 0xFF, 0xFF, 0xFF, 0xC0, 0x00, 0xFF, 0xFF, 0xFF, 0xFF, 0x00, 0x00, 0x7F, 0xFF, 0xFF, 0xFC, 0x00, 0x00, 0x07, 0xFF, 0xFF, 0xE0, 0x00, 0x00, 0x00, 0x7F, 0xFC, 0x00, 0x00, 0x00, 

/* Symbol 0xDE, offset 43409 */
    49, 89, 26,
    0x00, 0x00, 0x00, 0x0F, 0xF8, 0x00, 0x00, 0xFF, 0xC0, 0x00, 0x3F, 0xFF, 0x00, 0x00, 0xFF, 0xC0, 0x00, 0xFF, 0xFF, 0xC0, 0x00, 0xFF, 0xC0, 0x01, 0xFF, 0xFF, 0xE0, 0x00, 0xFF, 0xC0, 0x03, 0xFF, 0xFF, 0xF0, 0x00, 0xFF, 0xC0, 0x07, 0xFF, 0xFF, 0xF8, 0x00, 0xFF, 0xC0, 0x07, 0xFF, 0xFF, 0xF8, 0x00, 0xFF, 0xC0, 0x0F, 0xFF, 0xFF, 0xFC, 0x00, 0xFF, 0xC0, 0x0F, 0xFF, 0xFF, 0xFC, 0x00, 0xFF, 0xC0, 0x1F, 0xFF, 0xFF, 0xFE, 0x00, 0xFF, 0xC0, 0x1F, 0xFC, 0x1F, 0xFE, 0x00, 0xFF, 0xC0, 0x3F, 0xF8, 0x0F, 0xFE, 0x00, 0xFF, 0xC0, 0x3F, 0xF8, 0x07, 0xFE, 0x00, 0xFF, 0xC0, 0x3F, 0xF0, 0x07, 0xFF, 0x00, 0xFF, 0xC0, 0x3F, 0xF0, 0x07, 0xFF, 0x00, 0xFF, 0xC0, 0x7F, 0xE0, 0x03, 0xFF, 0x00, 0xFF, 0xC0, 0x7F, 0xE0, 0x03, 0xFF, 0x00, 0xFF, 0xC0, 0x7F, 0xE0, 0x03, 0xFF, 0x00, 0xFF, 0xC0, 0x7F, 0xE0, 0x03, 0xFF, 0x00, 0xFF, 0xC0, 0x7F, 0xE0, 0x03, 0xFF, 0x80, 0xFF, 0xC0, 0x7F, 0xC0, 0x01, 0xFF, 0x80, 0xFF, 0xC0, 0xFF, 0xC0, 0x01, 0xFF, 0x80, 0xFF, 0xC0, 0xFF, 0xC0, 0x01, 0xFF, 0x80, 0xFF, 0xC0, 0xFF, 0xC0, 0x01, 0xFF, 0x80, 0xFF, 0xC0, 0xFF, 0xC0, 0x01, 0xFF, 0x80, 0xFF, 0xC0, 0xFF, 0xC0, 0x01, 0xFF, 0x80, 0xFF, 0xFF, 0xFF, 0xC0, 0x01, 0xFF, 0x80, 0xFF, 0xFF, 0xFF, 0xC0, 0x01, 0xFF, 0x80, 0xFF, 0xFF, 0xFF, 0xC0, 0x01, 0xFF, 0x80, 0xFF, 0xFF, 0xFF, 0xC0, 0x01, 0xFF, 0x80, 0xFF, 0xFF, 0xFF, 0xC0, 0x01, 0xFF, 0x80, 0xFF, 0xFF, 0xFF, 0xC0, 0x01, 0xFF, 0x80, 0xFF, 0xFF, 0xFF, 0xC0, 0x01, 0xFF, 0x80, 0xFF, 0xFF, 0xFF, 0xC0, 0x01, 0xFF, 0x80, 0xFF, 0xFF, 0xFF, 0xC0, 0x01, 0xFF, 0x80, 0xFF, 0xFF, 0xFF, 0xC0, 0x01, 0xFF, 0x80, 0xFF, 0xC0, 0xFF, 0xC0, 0x01, 0xFF, 0x80, 0xFF, 0xC0, 0xFF, 0xC0, 0x01, 0xFF, 0x80, 0xFF, 0xC0, 0xFF, 0xC0, 0x01, 0xFF, 0x80, 0xFF, 0xC0, 0xFF, 0xC0, 0x01, 0xFF, 0x80, 0xFF, 0xC0, 0xFF, 0xC0, 0x01, 0xFF, 0x80, 0xFF, 0xC0, 0xFF, 0xC0, 0x01, 0xFF, 0x80, 0xFF, 0xC0, 0xFF, 0xC0, 0x03, 0xFF, 0x00, 0xFF, 0xC0, 0xFF, 0xE0, 0x03, 0xFF, 0x00, 0xFF, 0xC0, 0x7F, 0xE0, 0x03, 0xFF, 0x00, 0xFF, 0xC0, 0x7F, 0xE0, 0x03, 0xFF, 0x00, 0xFF, 0xC0, 0x7F, 0xE0, 0x03, 0xFF, 0x00, 0xFF, 0xC0, 0x7F, 0xE0, 0x03, 0xFF, 0x00, 0xFF, 0xC0, 0x7F, 0xF0, 0x07, 0xFE, 0x00, 0xFF, 0xC0, 0x7F, 0xF0, 0x07, 0xFE, 0x00, 0xFF, 0xC0, 0x3F, 0xF0, 0x0F, 0xFE, 0x00, 0xFF, 0xC0, 0x3F, 0xF8, 0x0F, 0xFE, 0x00, 0xFF, 0xC0, 0x3F, 0xFC, 0x3F, 0xFC, 0x00, 0xFF, 0xC0, 0x3F, 0xFF, 0xFF, 0xFC, 0x00, 0xFF, 0xC0, 0x1F, 0xFF, 0xFF, 0xF8, 0x00, 0xFF, 0xC0, 0x1F, 0xFF, 0xFF, 0xF8, 0x00, 0xFF, 0xC0, 0x0F, 0xFF, 0xFF, 0xF0, 0x00, 0xFF, 0xC0, 0x0F, 0xFF, 0xFF, 0xF0, 0x00, 0xFF, 0xC0, 0x07, 0xFF, 0xFF, 0xE0, 0x00, 0xFF, 0xC0, 0x03, 0xFF, 0xFF, 0xC0, 0x00, 0xFF, 0xC0, 0x01, 0xFF, 0xFF, 0x80, 0x00, 0xFF, 0xC0, 0x00, 0x7F, 0xFE, 0x00, 0x00, 0x00, 0x00, 0x00, 0x0F, 0xF0, 0x00, 0x00, 

/* Symbol 0xDF, offset 43853 */
    45, 88, 27,
    0x00, 0x00, 0x07, 0xFF, 0xFF, 0xF8, 0x00, 0x00, 0xFF, 0xFF, 0xFF, 0xF8, 0x00, 0x03, 0xFF, 0xFF, 0xFF, 0xF8, 0x00, 0x0F, 0xFF, 0xFF, 0xFF, 0xF8, 0x00, 0x3F, 0xFF, 0xFF, 0xFF, 0xF8, 0x00, 0x7F, 0xFF, 0xFF, 0xFF, 0xF8, 0x00, 0xFF, 0xFF, 0xFF, 0xFF, 0xF8, 0x01, 0xFF, 0xFF, 0xFF, 0xFF, 0xF8, 0x01, 0xFF, 0xFF, 0xFF, 0xFF, 0xF8, 0x03, 0xFF, 0xFF, 0xFF, 0xFF, 0xF8, 0x03, 0xFF, 0xFE, 0x00, 0x7F, 0xF8, 0x07, 0xFF, 0xF0, 0x00, 0x7F, 0xF8, 0x07, 0xFF, 0xC0, 0x00, 0x7F, 0xF8, 0x07, 0xFF, 0xC0, 0x00, 0x7F, 0xF8, 0x0F, 0xFF, 0x80, 0x00, 0x7F, 0xF8, 0x0F, 0xFF, 0x80, 0x00, 0x7F, 0xF8, 0x0F, 0xFF, 0x00, 0x00, 0x7F, 0xF8, 0x0F, 0xFF, 0x00, 0x00, 0x7F, 0xF8, 0x0F, 0xFF, 0x00, 0x00, 0x7F, 0xF8, 0x0F, 0xFF, 0x00, 0x00, 0x7F, 0xF8, 0x0F, 0xFF, 0x00, 0x00, 0x7F, 0xF8, 0x0F, 0xFF, 0x00, 0x00, 0x7F, 0xF8, 0x0F, 0xFF, 0x00, 0x00, 0x7F, 0xF8, 0x0F, 0xFF, 0x80, 0x00, 0x7F, 0xF8, 0x07, 0xFF, 0x80, 0x00, 0x7F, 0xF8, 0x07, 0xFF, 0xC0, 0x00, 0x7F, 0xF8, 0x07, 0xFF, 0xE0, 0x00, 0x7F, 0xF8, 0x03, 0xFF, 0xF0, 0x00, 0x7F, 0xF8, 0x01, 0xFF, 0xFE, 0x00, 0x7F, 0xF8, 0x01, 0xFF, 0xFF, 0xFF, 0xFF, 0xF8, 0x00, 0xFF, 0xFF, 0xFF, 0xFF, 0xF8, 0x00, 0x7F, 0xFF, 0xFF, 0xFF, 0xF8, 0x00, 0x1F, 0xFF, 0xFF, 0xFF, 0xF8, 0x00, 0x07, 0xFF, 0xFF, 0xFF, 0xF8, 0x00, 0x03, 0xFF, 0xFF, 0xFF, 0xF8, 0x00, 0x0F, 0xFF, 0xFF, 0xFF, 0xF8, 0x00, 0x1F, 0xFF, 0xFF, 0xFF, 0xF8, 0x00, 0x3F, 0xFF, 0xFF, 0xFF, 0xF8, 0x00, 0x7F, 0xFF, 0x00, 0x7F, 0xF8, 0x00, 0xFF, 0xFC, 0x00, 0x7F, 0xF8, 0x00, 0xFF, 0xF8, 0x00, 0x7F, 0xF8, 0x01, 0xFF, 0xF0, 0x00, 0x7F, 0xF8, 0x01, 0xFF, 0xE0, 0x00, 0x7F, 0xF8, 0x03, 0xFF, 0xE0, 0x00, 0x7F, 0xF8, 0x03, 0xFF, 0xE0, 0x00, 0x7F, 0xF8, 0x07, 0xFF, 0xC0, 0x00, 0x7F, 0xF8, 0x07, 0xFF, 0xC0, 0x00, 0x7F, 0xF8, 0x07, 0xFF, 0x80, 0x00, 0x7F, 0xF8, 0x0F, 0xFF, 0x80, 0x00, 0x7F, 0xF8, 0x0F, 0xFF, 0x80, 0x00, 0x7F, 0xF8, 0x0F, 0xFF, 0x80, 0x00, 0x7F, 0xF8, 0x1F, 0xFF, 0x00, 0x00, 0x7F, 0xF8, 0x1F, 0xFF, 0x00, 0x00, 0x7F, 0xF8, 0x1F, 0xFF, 0x00, 0x00, 0x7F, 0xF8, 0x3F, 0xFE, 0x00, 0x00, 0x7F, 0xF8, 0x3F, 0xFE, 0x00, 0x00, 0x7F, 0xF8, 0x3F, 0xFE, 0x00, 0x00, 0x7F, 0xF8, 0x7F, 0xFC, 0x00, 0x00, 0x7F, 0xF8, 0x7F, 0xFC, 0x00, 0x00, 0x7F, 0xF8, 0x7F, 0xFC, 0x00, 0x00, 0x7F, 0xF8, 0xFF, 0xF8, 0x00, 0x00, 0x7F, 0xF8, 

/* Symbol 0xE0, offset 44222 */
    41, 89, 39,
    0x00, 0x01, 0xFF, 0xF0, 0x00, 0x00, 0x00, 0x3F, 0xFF, 0xFF, 0x00, 0x00, 0x01, 0xFF, 0xFF, 0xFF, 0xC0, 0x00, 0x07, 0xFF, 0xFF, 0xFF, 0xF0, 0x00, 0x0F, 0xFF, 0xFF, 0xFF, 0xF8, 0x00, 0x0F, 0xFF, 0xFF, 0xFF, 0xFC, 0x00, 0x0F, 0xFF, 0xFF, 0xFF, 0xFC, 0x00, 0x0F, 0xFF, 0xFF, 0xFF, 0xFE, 0x00, 0x0F, 0xFF, 0xFF, 0xFF, 0xFF, 0x00, 0x0F, 0xFE, 0x00, 0x7F, 0xFF, 0x00, 0x0F, 0xC0, 0x00, 0x1F, 0xFF, 0x00, 0x0E, 0x00, 0x00, 0x0F, 0xFF, 0x80, 0x08, 0x00, 0x00, 0x07, 0xFF, 0x80, 0x00, 0x00, 0x00, 0x07, 0xFF, 0x80, 0x00, 0x00, 0x00, 0x03, 0xFF, 0x80, 0x00, 0x00, 0x00, 0x03, 0xFF, 0x80, 0x00, 0x00, 0x00, 0x03, 0xFF, 0x80, 0x00, 0x00, 0x00, 0x03, 0xFF, 0x80, 0x00, 0x00, 0x00, 0x03, 0xFF, 0x80, 0x00, 0x00, 0x00, 0x03, 0xFF, 0x80, 0x00, 0x00, 0xFF, 0xFF, 0xFF, 0x80, 0x00, 0x0F, 0xFF, 0xFF, 0xFF, 0x80, 0x00, 0x7F, 0xFF, 0xFF, 0xFF, 0x80, 0x01, 0xFF, 0xFF, 0xFF, 0xFF, 0x80, 0x03, 0xFF, 0xFF, 0xFF, 0xFF, 0x80, 0x0F, 0xFF, 0xFF, 0xFF, 0xFF, 0x80, 0x1F, 0xFF, 0xFF, 0xFF, 0xFF, 0x80, 0x1F, 0xFF, 0xFF, 0xFF, 0xFF, 0x80, 0x3F, 0xFF, 0xC0, 0x03, 0xFF, 0x80, 0x7F, 0xFE, 0x00, 0x03, 0xFF, 0x80, 0x7F, 0xFC, 0x00, 0x03, 0xFF, 0x80, 0x7F, 0xF8, 0x00, 0x03, 0xFF, 0x80, 0xFF, 0xF8, 0x00, 0x03, 0xFF, 0x80, 0xFF, 0xF0, 0x00, 0x03, 0xFF, 0x80, 0xFF, 0xF0, 0x00, 0x03, 0xFF, 0x80, 0xFF, 0xF0, 0x00, 0x07, 0xFF, 0x80, 0xFF, 0xF0, 0x00, 0x0F, 0xFF, 0x80, 0xFF, 0xF0, 0x00, 0x1F, 0xFF, 0x80, 0xFF, 0xF8, 0x00, 0x7F, 0xFF, 0x80, 0xFF, 0xFC, 0x00, 0xFF, 0xFF, 0x80, 0x7F, 0xFF, 0x03, 0xFF, 0xFF, 0x80, 0x7F, 0xFF, 0xFF, 0xFF, 0xFF, 0x80, 0x7F, 0xFF, 0xFF, 0xFF, 0xFF, 0x80, 0x3F, 0xFF, 0xFF, 0xFF, 0xFF, 0x80, 0x1F, 0xFF, 0xFF, 0xFD, 0xFF, 0x80, 0x1F, 0xFF, 0xFF, 0xF1, 0xFF, 0x80, 0x0F, 0xFF, 0xFF, 0xE0, 0xFF, 0x80, 0x03, 0xFF, 0xFF, 0x80, 0xFF, 0x80, 0x00, 0xFF, 0xFE, 0x00, 0xFF, 0x80, 0x00, 0x3F, 0xF0, 0x00, 0x00, 0x00, 

/* Symbol 0xE1, offset 44525 */
    45, 89, 19,
    0x00, 0x00, 0x00, 0x00, 0x00, 0x80, 0x00, 0x00, 0x00, 0x00, 0x0F, 0x80, 0x00, 0x00, 0x00, 0x03, 0xFF, 0x80, 0x00, 0x00, 0x00, 0xFF, 0xFF, 0x80, 0x00, 0x00, 0x0F, 0xFF, 0xFF, 0x80, 0x00, 0x00, 0x7F, 0xFF, 0xFF, 0x80, 0x00, 0x03, 0xFF, 0xFF, 0xFF, 0x80, 0x00, 0x07, 0xFF, 0xFF, 0xFF, 0x80, 0x00, 0x1F, 0xFF, 0xFF, 0xFF, 0x80, 0x00, 0x3F, 0xFF, 0xFF, 0xFF, 0x80, 0x00, 0x7F, 0xFF, 0xFF, 0xFF, 0x80, 0x00, 0xFF, 0xFF, 0xFF, 0xFE, 0x00, 0x01, 0xFF, 0xFF, 0xFE, 0x00, 0x00, 0x03, 0xFF, 0xFF, 0x00, 0x00, 0x00, 0x07, 0xFF, 0xF8, 0x00, 0x00, 0x00, 0x07, 0xFF, 0xE0, 0x00, 0x00, 0x00, 0x0F, 0xFF, 0x80, 0x00, 0x00, 0x00, 0x0F, 0xFF, 0x00, 0x00, 0x00, 0x00, 0x1F, 0xFE, 0x00, 0x00, 0x00, 0x00, 0x1F, 0xFC, 0x00, 0x00, 0x00, 0x00, 0x3F, 0xFC, 0x00, 0x00, 0x00, 0x00, 0x3F, 0xF8, 0x03, 0xFE, 0x00, 0x00, 0x3F, 0xF8, 0x1F, 0xFF, 0xC0, 0x00, 0x3F, 0xF0, 0x7F, 0xFF, 0xF0, 0x00, 0x7F, 0xF1, 0xFF, 0xFF, 0xFC, 0x00, 0x7F, 0xF3, 0xFF, 0xFF, 0xFE, 0x00, 0x7F, 0xE7, 0xFF, 0xFF, 0xFF, 0x00, 0x7F, 0xEF, 0xFF, 0xFF, 0xFF, 0x80, 0x7F, 0xFF, 0xFF, 0xFF, 0xFF, 0x80, 0x7F, 0xFF, 0xFF, 0xFF, 0xFF, 0xC0, 0xFF, 0xFF, 0xFF, 0xFF, 0xFF, 0xC0, 0xFF, 0xFF, 0xF8, 0x1F, 0xFF, 0xE0, 0xFF, 0xFF, 0xE0, 0x07, 0xFF, 0xE0, 0xFF, 0xFF, 0xC0, 0x03, 0xFF, 0xF0, 0xFF, 0xFF, 0x80, 0x01, 0xFF, 0xF0, 0xFF, 0xFF, 0x00, 0x01, 0xFF, 0xF0, 0xFF, 0xFE, 0x00, 0x00, 0xFF, 0xF0, 0xFF, 0xFC, 0x00, 0x00, 0xFF, 0xF8, 0xFF, 0xF8, 0x00, 0x00, 0xFF, 0xF8, 0xFF, 0xF0, 0x00, 0x00, 0x7F, 0xF8, 0xFF, 0xF0, 0x00, 0x00, 0x7F, 0xF8, 0xFF, 0xF0, 0x00, 0x00, 0x7F, 0xF8, 0xFF, 0xF0, 0x00, 0x00, 0x7F, 0xF8, 0xFF, 0xF0, 0x00, 0x00, 0x7F, 0xF8, 0xFF, 0xF0, 0x00, 0x00, 0x7F, 0xF8, 0xFF, 0xF0, 0x00, 0x00, 0x7F, 0xF8, 0xFF, 0xF0, 0x00, 0x00, 0x7F, 0xF8, 0xFF, 0xF0, 0x00, 0x00, 0x7F, 0xF8, 0xFF, 0xF8, 0x00, 0x00, 0x7F, 0xF8, 0x7F, 0xF8, 0x00, 0x00, 0x7F, 0xF0, 0x7F, 0xF8, 0x00, 0x00, 0xFF, 0xF0, 0x7F, 0xF8, 0x00, 0x00, 0xFF, 0xF0, 0x7F, 0xF8, 0x00, 0x00, 0xFF, 0xF0, 0x7F, 0xFC, 0x00, 0x00, 0xFF, 0xF0, 0x3F, 0xFC, 0x00, 0x01, 0xFF, 0xE0, 0x3F, 0xFC, 0x00, 0x01, 0xFF, 0xE0, 0x3F, 0xFE, 0x00, 0x03, 0xFF, 0xE0, 0x1F, 0xFE, 0x00, 0x03, 0xFF, 0xC0, 0x1F, 0xFF, 0x00, 0x07, 0xFF, 0xC0, 0x1F, 0xFF, 0x80, 0x0F, 0xFF, 0x80, 0x0F, 0xFF, 0xE0, 0x3F, 0xFF, 0x00, 0x07, 0xFF, 0xFF, 0xFF, 0xFF, 0x00, 0x07, 0xFF, 0xFF, 0xFF, 0xFE, 0x00, 0x03, 0xFF, 0xFF, 0xFF, 0xFC, 0x00, 0x01, 0xFF, 0xFF, 0xFF, 0xF8, 0x00, 0x00, 0xFF, 0xFF, 0xFF, 0xF0, 0x00, 0x00, 0x7F, 0xFF, 0xFF, 0xC0, 0x00, 0x00, 0x1F, 0xFF, 0xFF, 0x80, 0x00, 0x00, 0x07, 0xFF, 0xFE, 0x00, 0x00, 0x00, 0x00, 0xFF, 0xE0, 0x00, 0x00, 

/* Symbol 0xE2, offset 44948 */
    43, 89, 39,
    0x00, 0xFF, 0xFF, 0xF0, 0x00, 0x00, 0xFF, 0xFF, 0xFF, 0xFF, 0x00, 0x00, 0xFF, 0xFF, 0xFF, 0xFF, 0xE0, 0x00, 0xFF, 0xFF, 0xFF, 0xFF, 0xF8, 0x00, 0xFF, 0xFF, 0xFF, 0xFF, 0xFC, 0x00, 0xFF, 0xFF, 0xFF, 0xFF, 0xFE, 0x00, 0xFF, 0xFF, 0xFF, 0xFF, 0xFF, 0x00, 0xFF, 0xFF, 0xFF, 0xFF, 0xFF, 0x00, 0xFF, 0xFF, 0xFF, 0xFF, 0xFF, 0x80, 0xFF, 0xE0, 0x00, 0x7F, 0xFF, 0x80, 0xFF, 0xE0, 0x00, 0x1F, 0xFF, 0x80, 0xFF, 0xE0, 0x00, 0x0F, 0xFF, 0x80, 0xFF, 0xE0, 0x00, 0x07, 0xFF, 0x80, 0xFF, 0xE0, 0x00, 0x07, 0xFF, 0x80, 0xFF, 0xE0, 0x00, 0x07, 0xFF, 0x80, 0xFF, 0xE0, 0x00, 0x07, 0xFF, 0x00, 0xFF, 0xE0, 0x00, 0x07, 0xFF, 0x00, 0xFF, 0xE0, 0x00, 0x0F, 0xFF, 0x00, 0xFF, 0xE0, 0x00, 0x1F, 0xFE, 0x00, 0xFF, 0xE0, 0x00, 0xFF, 0xFC, 0x00, 0xFF, 0xFF, 0xFF, 0xFF, 0xF8, 0x00, 0xFF, 0xFF, 0xFF, 0xFF, 0xF0, 0x00, 0xFF, 0xFF, 0xFF, 0xFF, 0xC0, 0x00, 0xFF, 0xFF, 0xFF, 0xFF, 0x80, 0x00, 0xFF, 0xFF, 0xFF, 0xFF, 0xF0, 0x00, 0xFF, 0xFF, 0xFF, 0xFF, 0xFC, 0x00, 0xFF, 0xFF, 0xFF, 0xFF, 0xFF, 0x00, 0xFF, 0xFF, 0xFF, 0xFF, 0xFF, 0x80, 0xFF, 0xE0, 0x00, 0x7F, 0xFF, 0x80, 0xFF, 0xE0, 0x00, 0x0F, 0xFF, 0xC0, 0xFF, 0xE0, 0x00, 0x07, 0xFF, 0xC0, 0xFF, 0xE0, 0x00, 0x03, 0xFF, 0xE0, 0xFF, 0xE0, 0x00, 0x01, 0xFF, 0xE0, 0xFF, 0xE0, 0x00, 0x01, 0xFF, 0xE0, 0xFF, 0xE0, 0x00, 0x01, 0xFF, 0xE0, 0xFF, 0xE0, 0x00, 0x01, 0xFF, 0xE0, 0xFF, 0xE0, 0x00, 0x01, 0xFF, 0xE0, 0xFF, 0xE0, 0x00, 0x03, 0xFF, 0xE0, 0xFF, 0xE0, 0x00, 0x07, 0xFF, 0xE0, 0xFF, 0xE0, 0x00, 0x0F, 0xFF, 0xC0, 0xFF, 0xF0, 0x00, 0x7F, 0xFF, 0xC0, 0xFF, 0xFF, 0xFF, 0xFF, 0xFF, 0x80, 0xFF, 0xFF, 0xFF, 0xFF, 0xFF, 0x80, 0xFF, 0xFF, 0xFF, 0xFF, 0xFF, 0x00, 0xFF, 0xFF, 0xFF, 0xFF, 0xFE, 0x00, 0xFF, 0xFF, 0xFF, 0xFF, 0xFC, 0x00, 0xFF, 0xFF, 0xFF, 0xFF, 0xF0, 0x00, 0xFF, 0xFF, 0xFF, 0xFF, 0xC0, 0x00, 0xFF, 0xFF, 0xFF, 0xFE, 0x00, 0x00, 0x00, 0xFF, 0xFF, 0xE0, 0x00, 0x00, 

/* Symbol 0xE3, offset 45251 */
    37, 88, 40,
    0xFF, 0xFF, 0xFF, 0xFF, 0xF8, 0xFF, 0xFF, 0xFF, 0xFF, 0xF8, 0xFF, 0xFF, 0xFF, 0xFF, 0xF8, 0xFF, 0xFF, 0xFF, 0xFF, 0xF8, 0xFF, 0xFF, 0xFF, 0xFF, 0xF8, 0xFF, 0xFF, 0xFF, 0xFF, 0xF8, 0xFF, 0xFF, 0xFF, 0xFF, 0xF8, 0xFF, 0xFF, 0xFF, 0xFF, 0xF8, 0xFF, 0xFF, 0xFF, 0xFF, 0xF8, 0xFF, 0xFF, 0xFF, 0xFF, 0xF8, 0xFF, 0xE0, 0x00, 0x00, 0x00, 0xFF, 0xE0, 0x00, 0x00, 0x00, 0xFF, 0xE0, 0x00, 0x00, 0x00, 0xFF, 0xE0, 0x00, 0x00, 0x00, 0xFF, 0xE0, 0x00, 0x00, 0x00, 0xFF, 0xE0, 0x00, 0x00, 0x00, 0xFF, 0xE0, 0x00, 0x00, 0x00, 0xFF, 0xE0, 0x00, 0x00, 0x00, 0xFF, 0xE0, 0x00, 0x00, 0x00, 0xFF, 0xE0, 0x00, 0x00, 0x00, 0xFF, 0xE0, 0x00, 0x00, 0x00, 0xFF, 0xE0, 0x00, 0x00, 0x00, 0xFF, 0xE0, 0x00, 0x00, 0x00, 0xFF, 0xE0, 0x00, 0x00, 0x00, 0xFF, 0xE0, 0x00, 0x00, 0x00, 0xFF, 0xE0, 0x00, 0x00, 0x00, 0xFF, 0xE0, 0x00, 0x00, 0x00, 0xFF, 0xE0, 0x00, 0x00, 0x00, 0xFF, 0xE0, 0x00, 0x00, 0x00, 0xFF, 0xE0, 0x00, 0x00, 0x00, 0xFF, 0xE0, 0x00, 0x00, 0x00, 0xFF, 0xE0, 0x00, 0x00, 0x00, 0xFF, 0xE0, 0x00, 0x00, 0x00, 0xFF, 0xE0, 0x00, 0x00, 0x00, 0xFF, 0xE0, 0x00, 0x00, 0x00, 0xFF, 0xE0, 0x00, 0x00, 0x00, 0xFF, 0xE0, 0x00, 0x00, 0x00, 0xFF, 0xE0, 0x00, 0x00, 0x00, 0xFF, 0xE0, 0x00, 0x00, 0x00, 0xFF, 0xE0, 0x00, 0x00, 0x00, 0xFF, 0xE0, 0x00, 0x00, 0x00, 0xFF, 0xE0, 0x00, 0x00, 0x00, 0xFF, 0xE0, 0x00, 0x00, 0x00, 0xFF, 0xE0, 0x00, 0x00, 0x00, 0xFF, 0xE0, 0x00, 0x00, 0x00, 0xFF, 0xE0, 0x00, 0x00, 0x00, 0xFF, 0xE0, 0x00, 0x00, 0x00, 0xFF, 0xE0, 0x00, 0x00, 0x00, 

/* Symbol 0xE4, offset 45494 */
    51, 100, 40,
    0x00, 0x03, 0xFF, 0xFF, 0xFF, 0xFC, 0x00, 0x00, 0x03, 0xFF, 0xFF, 0xFF, 0xFC, 0x00, 0x00, 0x03, 0xFF, 0xFF, 0xFF, 0xFC, 0x00, 0x00, 0x03, 0xFF, 0xFF, 0xFF, 0xFC, 0x00, 0x00, 0x03, 0xFF, 0xFF, 0xFF, 0xFC, 0x00, 0x00, 0x03, 0xFF, 0xFF, 0xFF, 0xFC, 0x00, 0x00, 0x03, 0xFF, 0xFF, 0xFF, 0xFC, 0x00, 0x00, 0x03, 0xFF, 0xFF, 0xFF, 0xFC, 0x00, 0x00, 0x03, 0xFF, 0xFF, 0xFF, 0xFC, 0x00, 0x00, 0x07, 0xFF, 0xFF, 0xFF, 0xFC, 0x00, 0x00, 0x07, 0xFF, 0x00, 0x1F, 0xFC, 0x00, 0x00, 0x07, 0xFF, 0x00, 0x1F, 0xFC, 0x00, 0x00, 0x07, 0xFF, 0x00, 0x1F, 0xFC, 0x00, 0x00, 0x07, 0xFF, 0x00, 0x1F, 0xFC, 0x00, 0x00, 0x07, 0xFF, 0x00, 0x1F, 0xFC, 0x00, 0x00, 0x07, 0xFF, 0x00, 0x1F, 0xFC, 0x00, 0x00, 0x07, 0xFF, 0x00, 0x1F, 0xFC, 0x00, 0x00, 0x07, 0xFF, 0x00, 0x1F, 0xFC, 0x00, 0x00, 0x07, 0xFF, 0x00, 0x1F, 0xFC, 0x00, 0x00, 0x0F, 0xFF, 0x00, 0x1F, 0xFC, 0x00, 0x00, 0x0F, 0xFE, 0x00, 0x1F, 0xFC, 0x00, 0x00, 0x0F, 0xFE, 0x00, 0x1F, 0xFC, 0x00, 0x00, 0x0F, 0xFE, 0x00, 0x1F, 0xFC, 0x00, 0x00, 0x0F, 0xFE, 0x00, 0x1F, 0xFC, 0x00, 0x00, 0x0F, 0xFE, 0x00, 0x1F, 0xFC, 0x00, 0x00, 0x1F, 0xFE, 0x00, 0x1F, 0xFC, 0x00, 0x00, 0x1F, 0xFE, 0x00, 0x1F, 0xFC, 0x00, 0x00, 0x1F, 0xFC, 0x00, 0x1F, 0xFC, 0x00, 0x00, 0x1F, 0xFC, 0x00, 0x1F, 0xFC, 0x00, 0x00, 0x3F, 0xFC, 0x00, 0x1F, 0xFC, 0x00, 0x00, 0x3F, 0xFC, 0x00, 0x1F, 0xFC, 0x00, 0x00, 0x3F, 0xF8, 0x00, 0x1F, 0xFC, 0x00, 0x00, 0x7F, 0xF8, 0x00, 0x1F, 0xFC, 0x00, 0x00, 0x7F, 0xF8, 0x00, 0x1F, 0xFC, 0x00, 0x00, 0xFF, 0xF0, 0x00, 0x1F, 0xFC, 0x00, 0x01, 0xFF, 0xF0, 0x00, 0x1F, 0xFC, 0x00, 0x03, 0xFF, 0xE0, 0x00, 0x1F, 0xFC, 0x00, 0x0F, 0xFF, 0xC0, 0x00, 0x1F, 0xFC, 0x00, 0xFF, 0xFF, 0xFF, 0xFF, 0xFF, 0xFF, 0xE0, 0xFF, 0xFF, 0xFF, 0xFF, 0xFF, 0xFF, 0xE0, 0xFF, 0xFF, 0xFF, 0xFF, 0xFF, 0xFF, 0xE0, 0xFF, 0xFF, 0xFF, 0xFF, 0xFF, 0xFF, 0xE0, 0xFF, 0xFF, 0xFF, 0xFF, 0xFF, 0xFF, 0xE0, 0xFF, 0xFF, 0xFF, 0xFF, 0xFF, 0xFF, 0xE0, 0xFF, 0xFF, 0xFF, 0xFF, 0xFF, 0xFF, 0xE0, 0xFF, 0xFF, 0xFF, 0xFF, 0xFF, 0xFF, 0xE0, 0xFF, 0xFF, 0xFF, 0xFF, 0xFF, 0xFF, 0xE0, 0xFF, 0xFF, 0xFF, 0xFF, 0xFF, 0xFF, 0xE0, 0xFF, 0xE0, 0x00, 0x00, 0x00, 0xFF, 0xE0, 0xFF, 0xE0, 0x00, 0x00, 0x00, 0xFF, 0xE0, 0xFF, 0xE0, 0x00, 0x00, 0x00, 0xFF, 0xE0, 0xFF, 0xE0, 0x00, 0x00, 0x00, 0xFF, 0xE0, 0xFF, 0xE0, 0x00, 0x00, 0x00, 0xFF, 0xE0, 0xFF, 0xE0, 0x00, 0x00, 0x00, 0xFF, 0xE0, 0xFF, 0xE0, 0x00, 0x00, 0x00, 0xFF, 0xE0, 0xFF, 0xE0, 0x00, 0x00, 0x00, 0xFF, 0xE0, 0xFF, 0xE0, 0x00, 0x00, 0x00, 0xFF, 0xE0, 0x7F, 0xE0, 0x00, 0x00, 0x00, 0xFF, 0xE0, 0x7F, 0xE0, 0x00, 0x00, 0x00, 0xFF, 0xC0, 0x7F, 0xE0, 0x00, 0x00, 0x00, 0xFF, 0xC0, 

/* Symbol 0xE5, offset 45917 */
    44, 89, 39,
    0x00, 0x00, 0x3F, 0xF0, 0x00, 0x00, 0x00, 0x03, 0xFF, 0xFF, 0x00, 0x00, 0x00, 0x0F, 0xFF, 0xFF, 0xC0, 0x00, 0x00, 0x3F, 0xFF, 0xFF, 0xF0, 0x00, 0x00, 0x7F, 0xFF, 0xFF, 0xF8, 0x00, 0x00, 0xFF, 0xFF, 0xFF, 0xFC, 0x00, 0x01, 0xFF, 0xFF, 0xFF, 0xFE, 0x00, 0x03, 0xFF, 0xFF, 0xFF, 0xFF, 0x00, 0x07, 0xFF, 0xFF, 0xFF, 0xFF, 0x80, 0x0F, 0xFF, 0xE0, 0x3F, 0xFF, 0x80, 0x0F, 0xFF, 0x80, 0x0F, 0xFF, 0xC0, 0x1F, 0xFF, 0x00, 0x07, 0xFF, 0xC0, 0x1F, 0xFE, 0x00, 0x03, 0xFF, 0xE0, 0x3F, 0xFC, 0x00, 0x01, 0xFF, 0xE0, 0x3F, 0xFC, 0x00, 0x01, 0xFF, 0xE0, 0x3F, 0xF8, 0x00, 0x01, 0xFF, 0xE0, 0x7F, 0xF8, 0x00, 0x00, 0xFF, 0xF0, 0x7F, 0xF8, 0x00, 0x00, 0xFF, 0xF0, 0x7F, 0xF0, 0x00, 0x00, 0xFF, 0xF0, 0x7F, 0xF0, 0x00, 0x00, 0xFF, 0xF0, 0xFF, 0xFF, 0xFF, 0xFF, 0xFF, 0xF0, 0xFF, 0xFF, 0xFF, 0xFF, 0xFF, 0xF0, 0xFF, 0xFF, 0xFF, 0xFF, 0xFF, 0xF0, 0xFF, 0xFF, 0xFF, 0xFF, 0xFF, 0xF0, 0xFF, 0xFF, 0xFF, 0xFF, 0xFF, 0xF0, 0xFF, 0xFF, 0xFF, 0xFF, 0xFF, 0xF0, 0xFF, 0xFF, 0xFF, 0xFF, 0xFF, 0xF0, 0xFF, 0xFF, 0xFF, 0xFF, 0xFF, 0xF0, 0xFF, 0xF0, 0x00, 0x00, 0x00, 0x00, 0xFF, 0xF0, 0x00, 0x00, 0x00, 0x00, 0xFF, 0xF0, 0x00, 0x00, 0x00, 0x00, 0xFF, 0xF0, 0x00, 0x00, 0x00, 0x00, 0x7F, 0xF8, 0x00, 0x00, 0x00, 0x00, 0x7F, 0xF8, 0x00, 0x00, 0x00, 0x00, 0x7F, 0xF8, 0x00, 0x00, 0x00, 0x00, 0x7F, 0xFC, 0x00, 0x00, 0x00, 0x00, 0x3F, 0xFE, 0x00, 0x00, 0x00, 0x00, 0x3F, 0xFF, 0x00, 0x00, 0x00, 0x00, 0x1F, 0xFF, 0x80, 0x00, 0x00, 0x00, 0x1F, 0xFF, 0xC0, 0x00, 0x01, 0x80, 0x0F, 0xFF, 0xF8, 0x00, 0x7F, 0x80, 0x0F, 0xFF, 0xFF, 0xFF, 0xFF, 0x80, 0x07, 0xFF, 0xFF, 0xFF, 0xFF, 0x80, 0x03, 0xFF, 0xFF, 0xFF, 0xFF, 0x80, 0x01, 0xFF, 0xFF, 0xFF, 0xFF, 0x80, 0x00, 0xFF, 0xFF, 0xFF, 0xFF, 0x80, 0x00, 0x3F, 0xFF, 0xFF, 0xFF, 0x80, 0x00, 0x1F, 0xFF, 0xFF, 0xFF, 0x80, 0x00, 0x03, 0xFF, 0xFF, 0xFE, 0x00, 0x00, 0x00, 0x3F, 0xFF, 0x00, 0x00, 

/* Symbol 0xE6, offset 46220 */
    53, 88, 40,
    0xFF, 0xE0, 0x07, 0xFE, 0x00, 0x7F, 0xF0, 0x7F, 0xF0, 0x07, 0xFE, 0x00, 0xFF, 0xE0, 0x7F, 0xF0, 0x07, 0xFE, 0x00, 0xFF, 0xE0, 0x3F, 0xF8, 0x07, 0xFE, 0x01, 0xFF, 0xC0, 0x3F, 0xF8, 0x07, 0xFE, 0x01, 0xFF, 0xC0, 0x1F, 0xFC, 0x07, 0xFE, 0x01, 0xFF, 0x80, 0x1F, 0xFC, 0x07, 0xFE, 0x03, 0xFF, 0x80, 0x0F, 0xFC, 0x07, 0xFE, 0x03, 0xFF, 0x00, 0x0F, 0xFE, 0x07, 0xFE, 0x07, 0xFF, 0x00, 0x07, 0xFE, 0x07, 0xFE, 0x07, 0xFE, 0x00, 0x07, 0xFF, 0x07, 0xFE, 0x0F, 0xFE, 0x00, 0x07, 0xFF, 0x07, 0xFE, 0x0F, 0xFC, 0x00, 0x03, 0xFF, 0x87, 0xFE, 0x1F, 0xFC, 0x00, 0x03, 0xFF, 0x87, 0xFE, 0x1F, 0xF8, 0x00, 0x01, 0xFF, 0x87, 0xFE, 0x1F, 0xF8, 0x00, 0x01, 0xFF, 0xC7, 0xFE, 0x3F, 0xF0, 0x00, 0x00, 0xFF, 0xC7, 0xFE, 0x3F, 0xF0, 0x00, 0x00, 0xFF, 0xE7, 0xFE, 0x7F, 0xE0, 0x00, 0x00, 0x7F, 0xE7, 0xFE, 0x7F, 0xE0, 0x00, 0x00, 0x7F, 0xF7, 0xFE, 0xFF, 0xC0, 0x00, 0x00, 0x3F, 0xF7, 0xFE, 0xFF, 0xC0, 0x00, 0x00, 0x3F, 0xF7, 0xFE, 0xFF, 0x80, 0x00, 0x00, 0x1F, 0xFF, 0xFF, 0xFF, 0x00, 0x00, 0x00, 0x1F, 0xFF, 0xFF, 0xFF, 0x80, 0x00, 0x00, 0x3F, 0xFF, 0xFF, 0xFF, 0x80, 0x00, 0x00, 0x3F, 0xF7, 0xFE, 0xFF, 0xC0, 0x00, 0x00, 0x7F, 0xF7, 0xFE, 0xFF, 0xC0, 0x00, 0x00, 0x7F, 0xE7, 0xFE, 0x7F, 0xE0, 0x00, 0x00, 0xFF, 0xE7, 0xFE, 0x7F, 0xE0, 0x00, 0x00, 0xFF, 0xE7, 0xFE, 0x7F, 0xF0, 0x00, 0x01, 0xFF, 0xC7, 0xFE, 0x3F, 0xF0, 0x00, 0x01, 0xFF, 0xC7, 0xFE, 0x3F, 0xF8, 0x00, 0x03, 0xFF, 0x87, 0xFE, 0x1F, 0xF8, 0x00, 0x03, 0xFF, 0x87, 0xFE, 0x1F, 0xFC, 0x00, 0x07, 0xFF, 0x87, 0xFE, 0x1F, 0xFC, 0x00, 0x07, 0xFF, 0x07, 0xFE, 0x0F, 0xFE, 0x00, 0x0F, 0xFF, 0x07, 0xFE, 0x0F, 0xFE, 0x00, 0x0F, 0xFE, 0x07, 0xFE, 0x07, 0xFF, 0x00, 0x1F, 0xFE, 0x07, 0xFE, 0x07, 0xFF, 0x00, 0x1F, 0xFC, 0x07, 0xFE, 0x03, 0xFF, 0x80, 0x1F, 0xFC, 0x07, 0xFE, 0x03, 0xFF, 0x80, 0x3F, 0xFC, 0x07, 0xFE, 0x03, 0xFF, 0xC0, 0x3F, 0xF8, 0x07, 0xFE, 0x01, 0xFF, 0xC0, 0x7F, 0xF8, 0x07, 0xFE, 0x01, 0xFF, 0xE0, 0x7F, 0xF0, 0x07, 0xFE, 0x00, 0xFF, 0xE0, 0xFF, 0xF0, 0x07, 0xFE, 0x00, 0xFF, 0xF0, 0xFF, 0xF0, 0x07, 0xFE, 0x00, 0x7F, 0xF0, 0xFF, 0xE0, 0x07, 0xFE, 0x00, 0x7F, 0xF8, 

/* Symbol 0xE7, offset 46559 */
    43, 89, 39,
    0x00, 0x3F, 0xFF, 0xE0, 0x00, 0x00, 0x0F, 0xFF, 0xFF, 0xFF, 0x00, 0x00, 0x7F, 0xFF, 0xFF, 0xFF, 0xC0, 0x00, 0x7F, 0xFF, 0xFF, 0xFF, 0xF0, 0x00, 0x7F, 0xFF, 0xFF, 0xFF, 0xF8, 0x00, 0x7F, 0xFF, 0xFF, 0xFF, 0xFC, 0x00, 0x7F, 0xFF, 0xFF, 0xFF, 0xFE, 0x00, 0x7F, 0xFF, 0xFF, 0xFF, 0xFF, 0x00, 0x7F, 0xFF, 0xFF, 0xFF, 0xFF, 0x00, 0x7F, 0x80, 0x00, 0xFF, 0xFF, 0x80, 0x60, 0x00, 0x00, 0x3F, 0xFF, 0x80, 0x00, 0x00, 0x00, 0x0F, 0xFF, 0x80, 0x00, 0x00, 0x00, 0x0F, 0xFF, 0x80, 0x00, 0x00, 0x00, 0x0F, 0xFF, 0x80, 0x00, 0x00, 0x00, 0x0F, 0xFF, 0x80, 0x00, 0x00, 0x00, 0x0F, 0xFF, 0x80, 0x00, 0x00, 0x00, 0x0F, 0xFF, 0x00, 0x00, 0x00, 0x00, 0x1F, 0xFF, 0x00, 0x00, 0x00, 0x00, 0x3F, 0xFE, 0x00, 0x00, 0x00, 0x01, 0xFF, 0xFC, 0x00, 0x07, 0xFF, 0xFF, 0xFF, 0xF8, 0x00, 0x07, 0xFF, 0xFF, 0xFF, 0xF0, 0x00, 0x07, 0xFF, 0xFF, 0xFF, 0xC0, 0x00, 0x07, 0xFF, 0xFF, 0xFF, 0x80, 0x00, 0x07, 0xFF, 0xFF, 0xFF, 0xF0, 0x00, 0x07, 0xFF, 0xFF, 0xFF, 0xFC, 0x00, 0x07, 0xFF, 0xFF, 0xFF, 0xFF, 0x00, 0x07, 0xFF, 0xFF, 0xFF, 0xFF, 0x80, 0x00, 0x00, 0x00, 0x7F, 0xFF, 0x80, 0x00, 0x00, 0x00, 0x0F, 0xFF, 0xC0, 0x00, 0x00, 0x00, 0x07, 0xFF, 0xC0, 0x00, 0x00, 0x00, 0x03, 0xFF, 0xE0, 0x00, 0x00, 0x00, 0x01, 0xFF, 0xE0, 0x00, 0x00, 0x00, 0x01, 0xFF, 0xE0, 0x00, 0x00, 0x00, 0x01, 0xFF, 0xE0, 0x00, 0x00, 0x00, 0x01, 0xFF, 0xE0, 0x00, 0x00, 0x00, 0x03, 0xFF, 0xE0, 0x00, 0x00, 0x00, 0x03, 0xFF, 0xE0, 0x00, 0x00, 0x00, 0x07, 0xFF, 0xE0, 0xC0, 0x00, 0x00, 0x1F, 0xFF, 0xC0, 0xFF, 0x80, 0x00, 0x7F, 0xFF, 0xC0, 0xFF, 0xFF, 0xFF, 0xFF, 0xFF, 0x80, 0xFF, 0xFF, 0xFF, 0xFF, 0xFF, 0x80, 0xFF, 0xFF, 0xFF, 0xFF, 0xFF, 0x00, 0xFF, 0xFF, 0xFF, 0xFF, 0xFE, 0x00, 0xFF, 0xFF, 0xFF, 0xFF, 0xFC, 0x00, 0xFF, 0xFF, 0xFF, 0xFF, 0xF0, 0x00, 0xFF, 0xFF, 0xFF, 0xFF, 0xC0, 0x00, 0x3F, 0xFF, 0xFF, 0xFE, 0x00, 0x00, 0x00, 0x7F, 0xFF, 0xC0, 0x00, 0x00, 

/* Symbol 0xE8, offset 46862 */
    41, 88, 40,
    0xFF, 0xE0, 0x00, 0x03, 0xFF, 0x80, 0xFF, 0xE0, 0x00, 0x07, 0xFF, 0x80, 0xFF, 0xE0, 0x00, 0x07, 0xFF, 0x80, 0xFF, 0xE0, 0x00, 0x0F, 0xFF, 0x80, 0xFF, 0xE0, 0x00, 0x1F, 0xFF, 0x80, 0xFF, 0xE0, 0x00, 0x1F, 0xFF, 0x80, 0xFF, 0xE0, 0x00, 0x3F, 0xFF, 0x80, 0xFF, 0xE0, 0x00, 0x3F, 0xFF, 0x80, 0xFF, 0xE0, 0x00, 0x7F, 0xFF, 0x80, 0xFF, 0xE0, 0x00, 0xFF, 0xFF, 0x80, 0xFF, 0xE0, 0x00, 0xFF, 0xFF, 0x80, 0xFF, 0xE0, 0x01, 0xFF, 0xFF, 0x80, 0xFF, 0xE0, 0x03, 0xFF, 0xFF, 0x80, 0xFF, 0xE0, 0x03, 0xFF, 0xFF, 0x80, 0xFF, 0xE0, 0x07, 0xFF, 0xFF, 0x80, 0xFF, 0xE0, 0x0F, 0xFF, 0xFF, 0x80, 0xFF, 0xE0, 0x0F, 0xFF, 0xFF, 0x80, 0xFF, 0xE0, 0x1F, 0xFF, 0xFF, 0x80, 0xFF, 0xE0, 0x3F, 0xFF, 0xFF, 0x80, 0xFF, 0xE0, 0x3F, 0xFB, 0xFF, 0x80, 0xFF, 0xE0, 0x7F, 0xF3, 0xFF, 0x80, 0xFF, 0xE0, 0x7F, 0xF3, 0xFF, 0x80, 0xFF, 0xE0, 0xFF, 0xE3, 0xFF, 0x80, 0xFF, 0xE1, 0xFF, 0xC3, 0xFF, 0x80, 0xFF, 0xE1, 0xFF, 0xC3, 0xFF, 0x80, 0xFF, 0xE3, 0xFF, 0x83, 0xFF, 0x80, 0xFF, 0xE7, 0xFF, 0x03, 0xFF, 0x80, 0xFF, 0xE7, 0xFF, 0x03, 0xFF, 0x80, 0xFF, 0xEF, 0xFE, 0x03, 0xFF, 0x80, 0xFF, 0xFF, 0xFC, 0x03, 0xFF, 0x80, 0xFF, 0xFF, 0xFC, 0x03, 0xFF, 0x80, 0xFF, 0xFF, 0xF8, 0x03, 0xFF, 0x80, 0xFF, 0xFF, 0xF8, 0x03, 0xFF, 0x80, 0xFF, 0xFF, 0xF0, 0x03, 0xFF, 0x80, 0xFF, 0xFF, 0xE0, 0x03, 0xFF, 0x80, 0xFF, 0xFF, 0xE0, 0x03, 0xFF, 0x80, 0xFF, 0xFF, 0xC0, 0x03, 0xFF, 0x80, 0xFF, 0xFF, 0x80, 0x03, 0xFF, 0x80, 0xFF, 0xFF, 0x80, 0x03, 0xFF, 0x80, 0xFF, 0xFF, 0x00, 0x03, 0xFF, 0x80, 0xFF, 0xFE, 0x00, 0x03, 0xFF, 0x80, 0xFF, 0xFE, 0x00, 0x03, 0xFF, 0x80, 0xFF, 0xFC, 0x00, 0x03, 0xFF, 0x80, 0xFF, 0xF8, 0x00, 0x03, 0xFF, 0x80, 0xFF, 0xF8, 0x00, 0x03, 0xFF, 0x80, 0xFF, 0xF0, 0x00, 0x03, 0xFF, 0x80, 0xFF, 0xF0, 0x00, 0x03, 0xFF, 0x80, 0xFF, 0xE0, 0x00, 0x03, 0xFF, 0x80, 

/* Symbol 0xE9, offset 47153 */
    41, 88, 21,
    0x07, 0xFE, 0x00, 0x3F, 0xF0, 0x00, 0x07, 0xFE, 0x00, 0x3F, 0xF0, 0x00, 0x07, 0xFE, 0x00, 0x3F, 0xF0, 0x00, 0x07, 0xFE, 0x00, 0x7F, 0xF0, 0x00, 0x03, 0xFF, 0x00, 0x7F, 0xE0, 0x00, 0x03, 0xFF, 0x80, 0xFF, 0xE0, 0x00, 0x03, 0xFF, 0xC1, 0xFF, 0xE0, 0x00, 0x01, 0xFF, 0xFF, 0xFF, 0xC0, 0x00, 0x01, 0xFF, 0xFF, 0xFF, 0x80, 0x00, 0x00, 0xFF, 0xFF, 0xFF, 0x80, 0x00, 0x00, 0x7F, 0xFF, 0xFF, 0x00, 0x00, 0x00, 0x3F, 0xFF, 0xFC, 0x00, 0x00, 0x00, 0x0F, 0xFF, 0xF0, 0x00, 0x00, 0x00, 0x01, 0xFF, 0x80, 0x00, 0x00, 0x00, 0x00, 0x00, 0x00, 0x00, 0x00, 0x00, 0x00, 0x00, 0x00, 0x00, 0x00, 0x00, 0x00, 0x00, 0x00, 0x00, 0x00, 0x00, 0x00, 0x00, 0x00, 0x00, 0x00, 0x00, 0x00, 0x00, 0x00, 0x00, 0x00, 0xFF, 0xE0, 0x00, 0x03, 0xFF, 0x80, 0xFF, 0xE0, 0x00, 0x07, 0xFF, 0x80, 0xFF, 0xE0, 0x00, 0x07, 0xFF, 0x80, 0xFF, 0xE0, 0x00, 0x0F, 0xFF, 0x80, 0xFF, 0xE0, 0x00, 0x1F, 0xFF, 0x80, 0xFF, 0xE0, 0x00, 0x1F, 0xFF, 0x80, 0xFF, 0xE0, 0x00, 0x3F, 0xFF, 0x80, 0xFF, 0xE0, 0x00, 0x3F, 0xFF, 0x80, 0xFF, 0xE0, 0x00, 0x7F, 0xFF, 0x80, 0xFF, 0xE0, 0x00, 0xFF, 0xFF, 0x80, 0xFF, 0xE0, 0x00, 0xFF, 0xFF, 0x80, 0xFF, 0xE0, 0x01, 0xFF, 0xFF, 0x80, 0xFF, 0xE0, 0x03, 0xFF, 0xFF, 0x80, 0xFF, 0xE0, 0x03, 0xFF, 0xFF, 0x80, 0xFF, 0xE0, 0x07, 0xFF, 0xFF, 0x80, 0xFF, 0xE0, 0x0F, 0xFF, 0xFF, 0x80, 0xFF, 0xE0, 0x0F, 0xFF, 0xFF, 0x80, 0xFF, 0xE0, 0x1F, 0xFF, 0xFF, 0x80, 0xFF, 0xE0, 0x3F, 0xFF, 0xFF, 0x80, 0xFF, 0xE0, 0x3F, 0xFB, 0xFF, 0x80, 0xFF, 0xE0, 0x7F, 0xF3, 0xFF, 0x80, 0xFF, 0xE0, 0x7F, 0xF3, 0xFF, 0x80, 0xFF, 0xE0, 0xFF, 0xE3, 0xFF, 0x80, 0xFF, 0xE1, 0xFF, 0xC3, 0xFF, 0x80, 0xFF, 0xE1, 0xFF, 0xC3, 0xFF, 0x80, 0xFF, 0xE3, 0xFF, 0x83, 0xFF, 0x80, 0xFF, 0xE7, 0xFF, 0x03, 0xFF, 0x80, 0xFF, 0xE7, 0xFF, 0x03, 0xFF, 0x80, 0xFF, 0xEF, 0xFE, 0x03, 0xFF, 0x80, 0xFF, 0xFF, 0xFC, 0x03, 0xFF, 0x80, 0xFF, 0xFF, 0xFC, 0x03, 0xFF, 0x80, 0xFF, 0xFF, 0xF8, 0x03, 0xFF, 0x80, 0xFF, 0xFF, 0xF8, 0x03, 0xFF, 0x80, 0xFF, 0xFF, 0xF0, 0x03, 0xFF, 0x80, 0xFF, 0xFF, 0xE0, 0x03, 0xFF, 0x80, 0xFF, 0xFF, 0xE0, 0x03, 0xFF, 0x80, 0xFF, 0xFF, 0xC0, 0x03, 0xFF, 0x80, 0xFF, 0xFF, 0x80, 0x03, 0xFF, 0x80, 0xFF, 0xFF, 0x80, 0x03, 0xFF, 0x80, 0xFF, 0xFF, 0x00, 0x03, 0xFF, 0x80, 0xFF, 0xFE, 0x00, 0x03, 0xFF, 0x80, 0xFF, 0xFE, 0x00, 0x03, 0xFF, 0x80, 0xFF, 0xFC, 0x00, 0x03, 0xFF, 0x80, 0xFF, 0xF8, 0x00, 0x03, 0xFF, 0x80, 0xFF, 0xF8, 0x00, 0x03, 0xFF, 0x80, 0xFF, 0xF0, 0x00, 0x03, 0xFF, 0x80, 0xFF, 0xF0, 0x00, 0x03, 0xFF, 0x80, 0xFF, 0xE0, 0x00, 0x03, 0xFF, 0x80, 

/* Symbol 0xEA, offset 47558 */
    44, 88, 40,
    0xFF, 0xE0, 0x00, 0x1F, 0xFF, 0xC0, 0xFF, 0xE0, 0x00, 0x1F, 0xFF, 0x80, 0xFF, 0xE0, 0x00, 0x3F, 0xFF, 0x00, 0xFF, 0xE0, 0x00, 0x7F, 0xFE, 0x00, 0xFF, 0xE0, 0x00, 0xFF, 0xFC, 0x00, 0xFF, 0xE0, 0x01, 0xFF, 0xF8, 0x00, 0xFF, 0xE0, 0x03, 0xFF, 0xF0, 0x00, 0xFF, 0xE0, 0x03, 0xFF, 0xE0, 0x00, 0xFF, 0xE0, 0x07, 0xFF, 0xC0, 0x00, 0xFF, 0xE0, 0x0F, 0xFF, 0x80, 0x00, 0xFF, 0xE0, 0x1F, 0xFF, 0x80, 0x00, 0xFF, 0xE0, 0x3F, 0xFF, 0x00, 0x00, 0xFF, 0xE0, 0x7F, 0xFE, 0x00, 0x00, 0xFF, 0xE0, 0x7F, 0xFC, 0x00, 0x00, 0xFF, 0xE0, 0xFF, 0xF8, 0x00, 0x00, 0xFF, 0xE1, 0xFF, 0xF0, 0x00, 0x00, 0xFF, 0xE3, 0xFF, 0xE0, 0x00, 0x00, 0xFF, 0xE7, 0xFF, 0xC0, 0x00, 0x00, 0xFF, 0xE7, 0xFF, 0x80, 0x00, 0x00, 0xFF, 0xEF, 0xFF, 0x80, 0x00, 0x00, 0xFF, 0xFF, 0xFF, 0x00, 0x00, 0x00, 0xFF, 0xFF, 0xFE, 0x00, 0x00, 0x00, 0xFF, 0xFF, 0xFE, 0x00, 0x00, 0x00, 0xFF, 0xFF, 0xFF, 0x00, 0x00, 0x00, 0xFF, 0xFF, 0xFF, 0x80, 0x00, 0x00, 0xFF, 0xEF, 0xFF, 0x80, 0x00, 0x00, 0xFF, 0xE7, 0xFF, 0xC0, 0x00, 0x00, 0xFF, 0xE3, 0xFF, 0xE0, 0x00, 0x00, 0xFF, 0xE3, 0xFF, 0xF0, 0x00, 0x00, 0xFF, 0xE1, 0xFF, 0xF8, 0x00, 0x00, 0xFF, 0xE0, 0xFF, 0xFC, 0x00, 0x00, 0xFF, 0xE0, 0x7F, 0xFC, 0x00, 0x00, 0xFF, 0xE0, 0x7F, 0xFE, 0x00, 0x00, 0xFF, 0xE0, 0x3F, 0xFF, 0x00, 0x00, 0xFF, 0xE0, 0x1F, 0xFF, 0x80, 0x00, 0xFF, 0xE0, 0x0F, 0xFF, 0xC0, 0x00, 0xFF, 0xE0, 0x07, 0xFF, 0xC0, 0x00, 0xFF, 0xE0, 0x07, 0xFF, 0xE0, 0x00, 0xFF, 0xE0, 0x03, 0xFF, 0xF0, 0x00, 0xFF, 0xE0, 0x01, 0xFF, 0xF8, 0x00, 0xFF, 0xE0, 0x00, 0xFF, 0xFC, 0x00, 0xFF, 0xE0, 0x00, 0xFF, 0xFE, 0x00, 0xFF, 0xE0, 0x00, 0x7F, 0xFE, 0x00, 0xFF, 0xE0, 0x00, 0x3F, 0xFF, 0x00, 0xFF, 0xE0, 0x00, 0x1F, 0xFF, 0x80, 0xFF, 0xE0, 0x00, 0x1F, 0xFF, 0xC0, 0xFF, 0xE0, 0x00, 0x0F, 0xFF, 0xE0, 0xFF, 0xE0, 0x00, 0x07, 0xFF, 0xF0, 

/* Symbol 0xEB, offset 47849 */
    46, 89, 40,
    0x00, 0x03, 0xFF, 0xFF, 0xFF, 0xFC, 0x00, 0x03, 0xFF, 0xFF, 0xFF, 0xFC, 0x00, 0x03, 0xFF, 0xFF, 0xFF, 0xFC, 0x00, 0x03, 0xFF, 0xFF, 0xFF, 0xFC, 0x00, 0x03, 0xFF, 0xFF, 0xFF, 0xFC, 0x00, 0x03, 0xFF, 0xFF, 0xFF, 0xFC, 0x00, 0x03, 0xFF, 0xFF, 0xFF, 0xFC, 0x00, 0x03, 0xFF, 0xFF, 0xFF, 0xFC, 0x00, 0x03, 0xFF, 0xFF, 0xFF, 0xFC, 0x00, 0x07, 0xFF, 0xFF, 0xFF, 0xFC, 0x00, 0x07, 0xFF, 0x00, 0x1F, 0xFC, 0x00, 0x07, 0xFF, 0x00, 0x1F, 0xFC, 0x00, 0x07, 0xFF, 0x00, 0x1F, 0xFC, 0x00, 0x07, 0xFF, 0x00, 0x1F, 0xFC, 0x00, 0x07, 0xFF, 0x00, 0x1F, 0xFC, 0x00, 0x07, 0xFF, 0x00, 0x1F, 0xFC, 0x00, 0x07, 0xFF, 0x00, 0x1F, 0xFC, 0x00, 0x07, 0xFF, 0x00, 0x1F, 0xFC, 0x00, 0x07, 0xFF, 0x00, 0x1F, 0xFC, 0x00, 0x07, 0xFF, 0x00, 0x1F, 0xFC, 0x00, 0x0F, 0xFF, 0x00, 0x1F, 0xFC, 0x00, 0x0F, 0xFE, 0x00, 0x1F, 0xFC, 0x00, 0x0F, 0xFE, 0x00, 0x1F, 0xFC, 0x00, 0x0F, 0xFE, 0x00, 0x1F, 0xFC, 0x00, 0x0F, 0xFE, 0x00, 0x1F, 0xFC, 0x00, 0x0F, 0xFE, 0x00, 0x1F, 0xFC, 0x00, 0x1F, 0xFE, 0x00, 0x1F, 0xFC, 0x00, 0x1F, 0xFE, 0x00, 0x1F, 0xFC, 0x00, 0x1F, 0xFC, 0x00, 0x1F, 0xFC, 0x00, 0x1F, 0xFC, 0x00, 0x1F, 0xFC, 0x00, 0x3F, 0xFC, 0x00, 0x1F, 0xFC, 0x00, 0x3F, 0xFC, 0x00, 0x1F, 0xFC, 0x00, 0x3F, 0xFC, 0x00, 0x1F, 0xFC, 0x00, 0x7F, 0xF8, 0x00, 0x1F, 0xFC, 0x00, 0x7F, 0xF8, 0x00, 0x1F, 0xFC, 0x00, 0xFF, 0xF8, 0x00, 0x1F, 0xFC, 0x01, 0xFF, 0xF8, 0x00, 0x1F, 0xFC, 0x07, 0xFF, 0xF0, 0x00, 0x1F, 0xFC, 0xFF, 0xFF, 0xF0, 0x00, 0x1F, 0xFC, 0xFF, 0xFF, 0xE0, 0x00, 0x1F, 0xFC, 0xFF, 0xFF, 0xE0, 0x00, 0x1F, 0xFC, 0xFF, 0xFF, 0xC0, 0x00, 0x1F, 0xFC, 0xFF, 0xFF, 0xC0, 0x00, 0x1F, 0xFC, 0xFF, 0xFF, 0x80, 0x00, 0x1F, 0xFC, 0xFF, 0xFF, 0x00, 0x00, 0x1F, 0xFC, 0xFF, 0xFE, 0x00, 0x00, 0x1F, 0xFC, 0xFF, 0xFC, 0x00, 0x00, 0x1F, 0xFC, 0xFF, 0xF8, 0x00, 0x00, 0x1F, 0xFC, 0x3F, 0xC0, 0x00, 0x00, 0x00, 0x00, 

/* Symbol 0xEC, offset 48146 */
    48, 88, 40,
    0x3F, 0xFF, 0x00, 0x00, 0xFF, 0xFC, 0x3F, 0xFF, 0x00, 0x01, 0xFF, 0xFC, 0x3F, 0xFF, 0x00, 0x01, 0xFF, 0xFC, 0x3F, 0xFF, 0x80, 0x01, 0xFF, 0xFC, 0x3F, 0xFF, 0x80, 0x03, 0xFF, 0xFC, 0x3F, 0xFF, 0x80, 0x03, 0xFF, 0xFC, 0x3F, 0xFF, 0xC0, 0x07, 0xFF, 0xFC, 0x3F, 0xFF, 0xC0, 0x07, 0xFF, 0xFC, 0x3F, 0xFF, 0xC0, 0x07, 0xFF, 0xFC, 0x3F, 0xFF, 0xE0, 0x0F, 0xFF, 0xFC, 0x3F, 0xFF, 0xE0, 0x0F, 0xFF, 0xFC, 0x3F, 0xDF, 0xF0, 0x0F, 0xF7, 0xFC, 0x3F, 0xDF, 0xF0, 0x1F, 0xF7, 0xFC, 0x3F, 0xDF, 0xF0, 0x1F, 0xF7, 0xFC, 0x3F, 0xCF, 0xF8, 0x3F, 0xE7, 0xFC, 0x3F, 0xCF, 0xF8, 0x3F, 0xE7, 0xFC, 0x7F, 0xCF, 0xF8, 0x3F, 0xE7, 0xFE, 0x7F, 0xC7, 0xFC, 0x7F, 0xC7, 0xFE, 0x7F, 0xC7, 0xFC, 0x7F, 0xC7, 0xFE, 0x7F, 0xC7, 0xFC, 0x7F, 0x87, 0xFE, 0x7F, 0xC3, 0xFE, 0xFF, 0x87, 0xFE, 0x7F, 0xC3, 0xFE, 0xFF, 0x87, 0xFE, 0x7F, 0xC3, 0xFE, 0xFF, 0x07, 0xFE, 0x7F, 0xC1, 0xFF, 0xFF, 0x07, 0xFE, 0x7F, 0xC1, 0xFF, 0xFE, 0x07, 0xFE, 0x7F, 0xC1, 0xFF, 0xFE, 0x07, 0xFE, 0x7F, 0xC0, 0xFF, 0xFE, 0x07, 0xFE, 0x7F, 0xC0, 0xFF, 0xFC, 0x07, 0xFE, 0x7F, 0xC0, 0xFF, 0xFC, 0x07, 0xFE, 0x7F, 0xC0, 0x7F, 0xFC, 0x03, 0xFE, 0x7F, 0xC0, 0x7F, 0xF8, 0x03, 0xFE, 0x7F, 0xC0, 0x7F, 0xF8, 0x03, 0xFE, 0xFF, 0xC0, 0x3F, 0xF0, 0x03, 0xFF, 0xFF, 0xC0, 0x3F, 0xF0, 0x03, 0xFF, 0xFF, 0xC0, 0x3F, 0xF0, 0x03, 0xFF, 0xFF, 0xC0, 0x1F, 0xE0, 0x03, 0xFF, 0xFF, 0xC0, 0x1F, 0xE0, 0x03, 0xFF, 0xFF, 0xC0, 0x00, 0x00, 0x03, 0xFF, 0xFF, 0xC0, 0x00, 0x00, 0x03, 0xFF, 0xFF, 0xC0, 0x00, 0x00, 0x03, 0xFF, 0xFF, 0xC0, 0x00, 0x00, 0x03, 0xFF, 0xFF, 0xC0, 0x00, 0x00, 0x03, 0xFF, 0xFF, 0xC0, 0x00, 0x00, 0x03, 0xFF, 0xFF, 0x80, 0x00, 0x00, 0x03, 0xFF, 0xFF, 0x80, 0x00, 0x00, 0x03, 0xFF, 0xFF, 0x80, 0x00, 0x00, 0x03, 0xFF, 0xFF, 0x80, 0x00, 0x00, 0x03, 0xFF, 0xFF, 0x80, 0x00, 0x00, 0x03, 0xFF, 

/* Symbol 0xED, offset 48437 */
    41, 88, 40,
    0xFF, 0xE0, 0x00, 0x03, 0xFF, 0x80, 0xFF, 0xE0, 0x00, 0x03, 0xFF, 0x80, 0xFF, 0xE0, 0x00, 0x03, 0xFF, 0x80, 0xFF, 0xE0, 0x00, 0x03, 0xFF, 0x80, 0xFF, 0xE0, 0x00, 0x03, 0xFF, 0x80, 0xFF, 0xE0, 0x00, 0x03, 0xFF, 0x80, 0xFF, 0xE0, 0x00, 0x03, 0xFF, 0x80, 0xFF, 0xE0, 0x00, 0x03, 0xFF, 0x80, 0xFF, 0xE0, 0x00, 0x03, 0xFF, 0x80, 0xFF, 0xE0, 0x00, 0x03, 0xFF, 0x80, 0xFF, 0xE0, 0x00, 0x03, 0xFF, 0x80, 0xFF, 0xE0, 0x00, 0x03, 0xFF, 0x80, 0xFF, 0xE0, 0x00, 0x03, 0xFF, 0x80, 0xFF, 0xE0, 0x00, 0x03, 0xFF, 0x80, 0xFF, 0xE0, 0x00, 0x03, 0xFF, 0x80, 0xFF, 0xE0, 0x00, 0x03, 0xFF, 0x80, 0xFF, 0xE0, 0x00, 0x03, 0xFF, 0x80, 0xFF, 0xE0, 0x00, 0x03, 0xFF, 0x80, 0xFF, 0xFF, 0xFF, 0xFF, 0xFF, 0x80, 0xFF, 0xFF, 0xFF, 0xFF, 0xFF, 0x80, 0xFF, 0xFF, 0xFF, 0xFF, 0xFF, 0x80, 0xFF, 0xFF, 0xFF, 0xFF, 0xFF, 0x80, 0xFF, 0xFF, 0xFF, 0xFF, 0xFF, 0x80, 0xFF, 0xFF, 0xFF, 0xFF, 0xFF, 0x80, 0xFF, 0xFF, 0xFF, 0xFF, 0xFF, 0x80, 0xFF, 0xFF, 0xFF, 0xFF, 0xFF, 0x80, 0xFF, 0xFF, 0xFF, 0xFF, 0xFF, 0x80, 0xFF, 0xFF, 0xFF, 0xFF, 0xFF, 0x80, 0xFF, 0xE0, 0x00, 0x03, 0xFF, 0x80, 0xFF, 0xE0, 0x00, 0x03, 0xFF, 0x80, 0xFF, 0xE0, 0x00, 0x03, 0xFF, 0x80, 0xFF, 0xE0, 0x00, 0x03, 0xFF, 0x80, 0xFF, 0xE0, 0x00, 0x03, 0xFF, 0x80, 0xFF, 0xE0, 0x00, 0x03, 0xFF, 0x80, 0xFF, 0xE0, 0x00, 0x03, 0xFF, 0x80, 0xFF, 0xE0, 0x00, 0x03, 0xFF, 0x80, 0xFF, 0xE0, 0x00, 0x03, 0xFF, 0x80, 0xFF, 0xE0, 0x00, 0x03, 0xFF, 0x80, 0xFF, 0xE0, 0x00, 0x03, 0xFF, 0x80, 0xFF, 0xE0, 0x00, 0x03, 0xFF, 0x80, 0xFF, 0xE0, 0x00, 0x03, 0xFF, 0x80, 0xFF, 0xE0, 0x00, 0x03, 0xFF, 0x80, 0xFF, 0xE0, 0x00, 0x03, 0xFF, 0x80, 0xFF, 0xE0, 0x00, 0x03, 0xFF, 0x80, 0xFF, 0xE0, 0x00, 0x03, 0xFF, 0x80, 0xFF, 0xE0, 0x00, 0x03, 0xFF, 0x80, 0xFF, 0xE0, 0x00, 0x03, 0xFF, 0x80, 0xFF, 0xE0, 0x00, 0x03, 0xFF, 0x80, 

/* Symbol 0xEE, offset 48728 */
    46, 89, 39,
    0x00, 0x00, 0x3F, 0xF8, 0x00, 0x00, 0x00, 0x03, 0xFF, 0xFF, 0x80, 0x00, 0x00, 0x0F, 0xFF, 0xFF, 0xE0, 0x00, 0x00, 0x3F, 0xFF, 0xFF, 0xF8, 0x00, 0x00, 0x7F, 0xFF, 0xFF, 0xFC, 0x00, 0x00, 0xFF, 0xFF, 0xFF, 0xFE, 0x00, 0x01, 0xFF, 0xFF, 0xFF, 0xFF, 0x00, 0x03, 0xFF, 0xFF, 0xFF, 0xFF, 0x80, 0x07, 0xFF, 0xFF, 0xFF, 0xFF, 0xC0, 0x0F, 0xFF, 0xFF, 0xFF, 0xFF, 0xC0, 0x0F, 0xFF, 0xF0, 0x1F, 0xFF, 0xE0, 0x1F, 0xFF, 0x80, 0x07, 0xFF, 0xF0, 0x1F, 0xFF, 0x00, 0x03, 0xFF, 0xF0, 0x3F, 0xFE, 0x00, 0x01, 0xFF, 0xF0, 0x3F, 0xFE, 0x00, 0x00, 0xFF, 0xF8, 0x7F, 0xFC, 0x00, 0x00, 0xFF, 0xF8, 0x7F, 0xF8, 0x00, 0x00, 0x7F, 0xF8, 0x7F, 0xF8, 0x00, 0x00, 0x7F, 0xF8, 0x7F, 0xF8, 0x00, 0x00, 0x7F, 0xFC, 0xFF, 0xF8, 0x00, 0x00, 0x3F, 0xFC, 0xFF, 0xF0, 0x00, 0x00, 0x3F, 0xFC, 0xFF, 0xF0, 0x00, 0x00, 0x3F, 0xFC, 0xFF, 0xF0, 0x00, 0x00, 0x3F, 0xFC, 0xFF, 0xF0, 0x00, 0x00, 0x3F, 0xFC, 0xFF, 0xF0, 0x00, 0x00, 0x3F, 0xFC, 0xFF, 0xF0, 0x00, 0x00, 0x3F, 0xFC, 0xFF, 0xF0, 0x00, 0x00, 0x3F, 0xFC, 0xFF, 0xF0, 0x00, 0x00, 0x3F, 0xFC, 0xFF, 0xF0, 0x00, 0x00, 0x3F, 0xFC, 0xFF, 0xF0, 0x00, 0x00, 0x3F, 0xFC, 0xFF, 0xF8, 0x00, 0x00, 0x7F, 0xFC, 0xFF, 0xF8, 0x00, 0x00, 0x7F, 0xF8, 0x7F, 0xF8, 0x00, 0x00, 0x7F, 0xF8, 0x7F, 0xF8, 0x00, 0x00, 0x7F, 0xF8, 0x7F, 0xFC, 0x00, 0x00, 0xFF, 0xF8, 0x7F, 0xFC, 0x00, 0x00, 0xFF, 0xF0, 0x3F, 0xFE, 0x00, 0x01, 0xFF, 0xF0, 0x3F, 0xFF, 0x00, 0x03, 0xFF, 0xE0, 0x3F, 0xFF, 0x80, 0x07, 0xFF, 0xE0, 0x1F, 0xFF, 0xF0, 0x3F, 0xFF, 0xC0, 0x0F, 0xFF, 0xFF, 0xFF, 0xFF, 0xC0, 0x0F, 0xFF, 0xFF, 0xFF, 0xFF, 0x80, 0x07, 0xFF, 0xFF, 0xFF, 0xFF, 0x00, 0x03, 0xFF, 0xFF, 0xFF, 0xFE, 0x00, 0x01, 0xFF, 0xFF, 0xFF, 0xFC, 0x00, 0x00, 0xFF, 0xFF, 0xFF, 0xF8, 0x00, 0x00, 0x7F, 0xFF, 0xFF, 0xF0, 0x00, 0x00, 0x1F, 0xFF, 0xFF, 0xC0, 0x00, 0x00, 0x07, 0xFF, 0xFF, 0x00, 0x00, 0x00, 0x00, 0x7F, 0xF0, 0x00, 0x00, 

/* Symbol 0xEF, offset 49031 */
    41, 88, 40,
    0xFF, 0xFF, 0xFF, 0xFF, 0xFF, 0x80, 0xFF, 0xFF, 0xFF, 0xFF, 0xFF, 0x80, 0xFF, 0xFF, 0xFF, 0xFF, 0xFF, 0x80, 0xFF, 0xFF, 0xFF, 0xFF, 0xFF, 0x80, 0xFF, 0xFF, 0xFF, 0xFF, 0xFF, 0x80, 0xFF, 0xFF, 0xFF, 0xFF, 0xFF, 0x80, 0xFF, 0xFF, 0xFF, 0xFF, 0xFF, 0x80, 0xFF, 0xFF, 0xFF, 0xFF, 0xFF, 0x80, 0xFF, 0xFF, 0xFF, 0xFF, 0xFF, 0x80, 0xFF, 0xFF, 0xFF, 0xFF, 0xFF, 0x80, 0xFF, 0xE0, 0x00, 0x03, 0xFF, 0x80, 0xFF, 0xE0, 0x00, 0x03, 0xFF, 0x80, 0xFF, 0xE0, 0x00, 0x03, 0xFF, 0x80, 0xFF, 0xE0, 0x00, 0x03, 0xFF, 0x80, 0xFF, 0xE0, 0x00, 0x03, 0xFF, 0x80, 0xFF, 0xE0, 0x00, 0x03, 0xFF, 0x80, 0xFF, 0xE0, 0x00, 0x03, 0xFF, 0x80, 0xFF, 0xE0, 0x00, 0x03, 0xFF, 0x80, 0xFF, 0xE0, 0x00, 0x03, 0xFF, 0x80, 0xFF, 0xE0, 0x00, 0x03, 0xFF, 0x80, 0xFF, 0xE0, 0x00, 0x03, 0xFF, 0x80, 0xFF, 0xE0, 0x00, 0x03, 0xFF, 0x80, 0xFF, 0xE0, 0x00, 0x03, 0xFF, 0x80, 0xFF, 0xE0, 0x00, 0x03, 0xFF, 0x80, 0xFF, 0xE0, 0x00, 0x03, 0xFF, 0x80, 0xFF, 0xE0, 0x00, 0x03, 0xFF, 0x80, 0xFF, 0xE0, 0x00, 0x03, 0xFF, 0x80, 0xFF, 0xE0, 0x00, 0x03, 0xFF, 0x80, 0xFF, 0xE0, 0x00, 0x03, 0xFF, 0x80, 0xFF, 0xE0, 0x00, 0x03, 0xFF, 0x80, 0xFF, 0xE0, 0x00, 0x03, 0xFF, 0x80, 0xFF, 0xE0, 0x00, 0x03, 0xFF, 0x80, 0xFF, 0xE0, 0x00, 0x03, 0xFF, 0x80, 0xFF, 0xE0, 0x00, 0x03, 0xFF, 0x80, 0xFF, 0xE0, 0x00, 0x03, 0xFF, 0x80, 0xFF, 0xE0, 0x00, 0x03, 0xFF, 0x80, 0xFF, 0xE0, 0x00, 0x03, 0xFF, 0x80, 0xFF, 0xE0, 0x00, 0x03, 0xFF, 0x80, 0xFF, 0xE0, 0x00, 0x03, 0xFF, 0x80, 0xFF, 0xE0, 0x00, 0x03, 0xFF, 0x80, 0xFF, 0xE0, 0x00, 0x03, 0xFF, 0x80, 0xFF, 0xE0, 0x00, 0x03, 0xFF, 0x80, 0xFF, 0xE0, 0x00, 0x03, 0xFF, 0x80, 0xFF, 0xE0, 0x00, 0x03, 0xFF, 0x80, 0xFF, 0xE0, 0x00, 0x03, 0xFF, 0x80, 0xFF, 0xE0, 0x00, 0x03, 0xFF, 0x80, 0xFF, 0xE0, 0x00, 0x03, 0xFF, 0x80, 0xFF, 0xE0, 0x00, 0x03, 0xFF, 0x80, 

/* Symbol 0xF0, offset 49322 */
    43, 100, 39,
    0x00, 0x00, 0x07, 0xF8, 0x00, 0x00, 0xFF, 0x80, 0x3F, 0xFF, 0x00, 0x00, 0xFF, 0xC0, 0xFF, 0xFF, 0xC0, 0x00, 0xFF, 0xC3, 0xFF, 0xFF, 0xE0, 0x00, 0xFF, 0xC7, 0xFF, 0xFF, 0xF8, 0x00, 0xFF, 0xCF, 0xFF, 0xFF, 0xFC, 0x00, 0xFF, 0xDF, 0xFF, 0xFF, 0xFC, 0x00, 0xFF, 0xFF, 0xFF, 0xFF, 0xFE, 0x00, 0xFF, 0xFF, 0xFF, 0xFF, 0xFF, 0x00, 0xFF, 0xFF, 0xFF, 0xFF, 0xFF, 0x00, 0xFF, 0xFF, 0xF0, 0x7F, 0xFF, 0x80, 0xFF, 0xFF, 0xC0, 0x1F, 0xFF, 0x80, 0xFF, 0xFF, 0x80, 0x0F, 0xFF, 0x80, 0xFF, 0xFF, 0x00, 0x07, 0xFF, 0xC0, 0xFF, 0xFE, 0x00, 0x07, 0xFF, 0xC0, 0xFF, 0xFC, 0x00, 0x03, 0xFF, 0xC0, 0xFF, 0xF8, 0x00, 0x03, 0xFF, 0xC0, 0xFF, 0xF0, 0x00, 0x03, 0xFF, 0xE0, 0xFF, 0xE0, 0x00, 0x01, 0xFF, 0xE0, 0xFF, 0xE0, 0x00, 0x01, 0xFF, 0xE0, 0xFF, 0xE0, 0x00, 0x01, 0xFF, 0xE0, 0xFF, 0xE0, 0x00, 0x01, 0xFF, 0xE0, 0xFF, 0xE0, 0x00, 0x01, 0xFF, 0xE0, 0xFF, 0xE0, 0x00, 0x01, 0xFF, 0xE0, 0xFF, 0xE0, 0x00, 0x01, 0xFF, 0xE0, 0xFF, 0xE0, 0x00, 0x01, 0xFF, 0xE0, 0xFF, 0xE0, 0x00, 0x01, 0xFF, 0xE0, 0xFF, 0xE0, 0x00, 0x01, 0xFF, 0xE0, 0xFF, 0xE0, 0x00, 0x01, 0xFF, 0xE0, 0xFF, 0xE0, 0x00, 0x01, 0xFF, 0xE0, 0xFF, 0xE0, 0x00, 0x03, 0xFF, 0xE0, 0xFF, 0xE0, 0x00, 0x03, 0xFF, 0xC0, 0xFF, 0xE0, 0x00, 0x03, 0xFF, 0xC0, 0xFF, 0xE0, 0x00, 0x07, 0xFF, 0xC0, 0xFF, 0xE0, 0x00, 0x07, 0xFF, 0xC0, 0xFF, 0xE0, 0x00, 0x0F, 0xFF, 0x80, 0xFF, 0xE0, 0x00, 0x0F, 0xFF, 0x80, 0xFF, 0xE0, 0x00, 0x1F, 0xFF, 0x00, 0xFF, 0xE0, 0x00, 0x3F, 0xFF, 0x00, 0xFF, 0xE0, 0x00, 0xFF, 0xFE, 0x00, 0xFF, 0xF8, 0x03, 0xFF, 0xFE, 0x00, 0xFF, 0xFF, 0xFF, 0xFF, 0xFC, 0x00, 0xFF, 0xFF, 0xFF, 0xFF, 0xF8, 0x00, 0xFF, 0xFF, 0xFF, 0xFF, 0xF0, 0x00, 0xFF, 0xFF, 0xFF, 0xFF, 0xE0, 0x00, 0xFF, 0xFF, 0xFF, 0xFF, 0xC0, 0x00, 0xFF, 0xFF, 0xFF, 0xFF, 0x00, 0x00, 0xFF, 0xFF, 0xFF, 0xFC, 0x00, 0x00, 0xFF, 0xFF, 0xFF, 0xF0, 0x00, 0x00, 0xFF, 0xE7, 0xFF, 0x00, 0x00, 0x00, 0xFF, 0xE0, 0x00, 0x00, 0x00, 0x00, 0xFF, 0xE0, 0x00, 0x00, 0x00, 0x00, 0xFF, 0xE0, 0x00, 0x00, 0x00, 0x00, 0xFF, 0xE0, 0x00, 0x00, 0x00, 0x00, 0xFF, 0xE0, 0x00, 0x00, 0x00, 0x00, 0xFF, 0xE0, 0x00, 0x00, 0x00, 0x00, 0xFF, 0xE0, 0x00, 0x00, 0x00, 0x00, 0xFF, 0xE0, 0x00, 0x00, 0x00, 0x00, 0xFF, 0xE0, 0x00, 0x00, 0x00, 0x00, 0xFF, 0xE0, 0x00, 0x00, 0x00, 0x00, 0xFF, 0xE0, 0x00, 0x00, 0x00, 0x00, 

/* Symbol 0xF1, offset 49691 */
    39, 89, 39,
    0x00, 0x00, 0x0F, 0xFF, 0x80, 0x00, 0x00, 0xFF, 0xFF, 0xF8, 0x00, 0x07, 0xFF, 0xFF, 0xFE, 0x00, 0x1F, 0xFF, 0xFF, 0xFE, 0x00, 0x3F, 0xFF, 0xFF, 0xFE, 0x00, 0x7F, 0xFF, 0xFF, 0xFE, 0x01, 0xFF, 0xFF, 0xFF, 0xFE, 0x03, 0xFF, 0xFF, 0xFF, 0xFE, 0x03, 0xFF, 0xFF, 0xFF, 0xFE, 0x07, 0xFF, 0xFF, 0xFF, 0xFE, 0x0F, 0xFF, 0xFC, 0x01, 0xFE, 0x1F, 0xFF, 0xE0, 0x00, 0x1E, 0x1F, 0xFF, 0xC0, 0x00, 0x02, 0x3F, 0xFF, 0x00, 0x00, 0x00, 0x3F, 0xFE, 0x00, 0x00, 0x00, 0x3F, 0xFE, 0x00, 0x00, 0x00, 0x7F, 0xFC, 0x00, 0x00, 0x00, 0x7F, 0xF8, 0x00, 0x00, 0x00, 0x7F, 0xF8, 0x00, 0x00, 0x00, 0x7F, 0xF8, 0x00, 0x00, 0x00, 0xFF, 0xF0, 0x00, 0x00, 0x00, 0xFF, 0xF0, 0x00, 0x00, 0x00, 0xFF, 0xF0, 0x00, 0x00, 0x00, 0xFF, 0xF0, 0x00, 0x00, 0x00, 0xFF, 0xF0, 0x00, 0x00, 0x00, 0xFF, 0xF0, 0x00, 0x00, 0x00, 0xFF, 0xF0, 0x00, 0x00, 0x00, 0xFF, 0xF0, 0x00, 0x00, 0x00, 0xFF, 0xF0, 0x00, 0x00, 0x00, 0xFF, 0xF0, 0x00, 0x00, 0x00, 0xFF, 0xF8, 0x00, 0x00, 0x00, 0xFF, 0xF8, 0x00, 0x00, 0x00, 0x7F, 0xF8, 0x00, 0x00, 0x00, 0x7F, 0xFC, 0x00, 0x00, 0x00, 0x7F, 0xFE, 0x00, 0x00, 0x00, 0x7F, 0xFE, 0x00, 0x00, 0x00, 0x3F, 0xFF, 0x00, 0x00, 0x00, 0x3F, 0xFF, 0xC0, 0x00, 0x02, 0x1F, 0xFF, 0xE0, 0x00, 0x1E, 0x1F, 0xFF, 0xFC, 0x01, 0xFE, 0x0F, 0xFF, 0xFF, 0xFF, 0xFE, 0x07, 0xFF, 0xFF, 0xFF, 0xFE, 0x07, 0xFF, 0xFF, 0xFF, 0xFE, 0x03, 0xFF, 0xFF, 0xFF, 0xFE, 0x01, 0xFF, 0xFF, 0xFF, 0xFE, 0x00, 0x7F, 0xFF, 0xFF, 0xFE, 0x00, 0x3F, 0xFF, 0xFF, 0xFE, 0x00, 0x0F, 0xFF, 0xFF, 0xFC, 0x00, 0x03, 0xFF, 0xFF, 0xE0, 0x00, 0x00, 0x3F, 0xFE, 0x00, 

/* Symbol 0xF2, offset 49944 */
    46, 88, 40,
    0xFF, 0xFF, 0xFF, 0xFF, 0xFF, 0xFC, 0xFF, 0xFF, 0xFF, 0xFF, 0xFF, 0xFC, 0xFF, 0xFF, 0xFF, 0xFF, 0xFF, 0xFC, 0xFF, 0xFF, 0xFF, 0xFF, 0xFF, 0xFC, 0xFF, 0xFF, 0xFF, 0xFF, 0xFF, 0xFC, 0xFF, 0xFF, 0xFF, 0xFF, 0xFF, 0xFC, 0xFF, 0xFF, 0xFF, 0xFF, 0xFF, 0xFC, 0xFF, 0xFF, 0xFF, 0xFF, 0xFF, 0xFC, 0xFF, 0xFF, 0xFF, 0xFF, 0xFF, 0xFC, 0xFF, 0xFF, 0xFF, 0xFF, 0xFF, 0xFC, 0x00, 0x00, 0x7F, 0xF8, 0x00, 0x00, 0x00, 0x00, 0x7F, 0xF8, 0x00, 0x00, 0x00, 0x00, 0x7F, 0xF8, 0x00, 0x00, 0x00, 0x00, 0x7F, 0xF8, 0x00, 0x00, 0x00, 0x00, 0x7F, 0xF8, 0x00, 0x00, 0x00, 0x00, 0x7F, 0xF8, 0x00, 0x00, 0x00, 0x00, 0x7F, 0xF8, 0x00, 0x00, 0x00, 0x00, 0x7F, 0xF8, 0x00, 0x00, 0x00, 0x00, 0x7F, 0xF8, 0x00, 0x00, 0x00, 0x00, 0x7F, 0xF8, 0x00, 0x00, 0x00, 0x00, 0x7F, 0xF8, 0x00, 0x00, 0x00, 0x00, 0x7F, 0xF8, 0x00, 0x00, 0x00, 0x00, 0x7F, 0xF8, 0x00, 0x00, 0x00, 0x00, 0x7F, 0xF8, 0x00, 0x00, 0x00, 0x00, 0x7F, 0xF8, 0x00, 0x00, 0x00, 0x00, 0x7F, 0xF8, 0x00, 0x00, 0x00, 0x00, 0x7F, 0xF8, 0x00, 0x00, 0x00, 0x00, 0x7F, 0xF8, 0x00, 0x00, 0x00, 0x00, 0x7F, 0xF8, 0x00, 0x00, 0x00, 0x00, 0x7F, 0xF8, 0x00, 0x00, 0x00, 0x00, 0x7F, 0xF8, 0x00, 0x00, 0x00, 0x00, 0x7F, 0xF8, 0x00, 0x00, 0x00, 0x00, 0x7F, 0xF8, 0x00, 0x00, 0x00, 0x00, 0x7F, 0xF8, 0x00, 0x00, 0x00, 0x00, 0x7F, 0xF8, 0x00, 0x00, 0x00, 0x00, 0x7F, 0xF8, 0x00, 0x00, 0x00, 0x00, 0x7F, 0xF8, 0x00, 0x00, 0x00, 0x00, 0x7F, 0xF8, 0x00, 0x00, 0x00, 0x00, 0x7F, 0xF8, 0x00, 0x00, 0x00, 0x00, 0x7F, 0xF8, 0x00, 0x00, 0x00, 0x00, 0x7F, 0xF8, 0x00, 0x00, 0x00, 0x00, 0x7F, 0xF8, 0x00, 0x00, 0x00, 0x00, 0x7F, 0xF8, 0x00, 0x00, 0x00, 0x00, 0x7F, 0xF8, 0x00, 0x00, 0x00, 0x00, 0x7F, 0xF8, 0x00, 0x00, 0x00, 0x00, 0x7F, 0xF8, 0x00, 0x00, 0x00, 0x00, 0x7F, 0xF8, 0x00, 0x00, 0x00, 0x00, 0x7F, 0xF8, 0x00, 0x00, 

/* Symbol 0xF3, offset 50235 */
    50, 100, 40,
    0xFF, 0xF0, 0x00, 0x00, 0x03, 0xFF, 0xC0, 0xFF, 0xF8, 0x00, 0x00, 0x03, 0xFF, 0xC0, 0x7F, 0xF8, 0x00, 0x00, 0x07, 0xFF, 0xC0, 0x7F, 0xFC, 0x00, 0x00, 0x07, 0xFF, 0x80, 0x7F, 0xFC, 0x00, 0x00, 0x07, 0xFF, 0x80, 0x3F, 0xFC, 0x00, 0x00, 0x0F, 0xFF, 0x00, 0x3F, 0xFE, 0x00, 0x00, 0x0F, 0xFF, 0x00, 0x1F, 0xFE, 0x00, 0x00, 0x0F, 0xFF, 0x00, 0x1F, 0xFE, 0x00, 0x00, 0x1F, 0xFE, 0x00, 0x1F, 0xFF, 0x00, 0x00, 0x1F, 0xFE, 0x00, 0x0F, 0xFF, 0x00, 0x00, 0x3F, 0xFC, 0x00, 0x0F, 0xFF, 0x00, 0x00, 0x3F, 0xFC, 0x00, 0x07, 0xFF, 0x80, 0x00, 0x3F, 0xFC, 0x00, 0x07, 0xFF, 0x80, 0x00, 0x7F, 0xF8, 0x00, 0x07, 0xFF, 0xC0, 0x00, 0x7F, 0xF8, 0x00, 0x03, 0xFF, 0xC0, 0x00, 0x7F, 0xF0, 0x00, 0x03, 0xFF, 0xC0, 0x00, 0xFF, 0xF0, 0x00, 0x01, 0xFF, 0xE0, 0x00, 0xFF, 0xF0, 0x00, 0x01, 0xFF, 0xE0, 0x00, 0xFF, 0xE0, 0x00, 0x01, 0xFF, 0xE0, 0x01, 0xFF, 0xE0, 0x00, 0x00, 0xFF, 0xF0, 0x01, 0xFF, 0xC0, 0x00, 0x00, 0xFF, 0xF0, 0x01, 0xFF, 0xC0, 0x00, 0x00, 0x7F, 0xF8, 0x03, 0xFF, 0xC0, 0x00, 0x00, 0x7F, 0xF8, 0x03, 0xFF, 0x80, 0x00, 0x00, 0x7F, 0xF8, 0x07, 0xFF, 0x80, 0x00, 0x00, 0x3F, 0xFC, 0x07, 0xFF, 0x80, 0x00, 0x00, 0x3F, 0xFC, 0x07, 0xFF, 0x00, 0x00, 0x00, 0x1F, 0xFC, 0x0F, 0xFF, 0x00, 0x00, 0x00, 0x1F, 0xFE, 0x0F, 0xFE, 0x00, 0x00, 0x00, 0x1F, 0xFE, 0x0F, 0xFE, 0x00, 0x00, 0x00, 0x0F, 0xFE, 0x1F, 0xFE, 0x00, 0x00, 0x00, 0x0F, 0xFF, 0x1F, 0xFC, 0x00, 0x00, 0x00, 0x07, 0xFF, 0x1F, 0xFC, 0x00, 0x00, 0x00, 0x07, 0xFF, 0xBF, 0xF8, 0x00, 0x00, 0x00, 0x07, 0xFF, 0xBF, 0xF8, 0x00, 0x00, 0x00, 0x03, 0xFF, 0xBF, 0xF8, 0x00, 0x00, 0x00, 0x03, 0xFF, 0xFF, 0xF0, 0x00, 0x00, 0x00, 0x01, 0xFF, 0xFF, 0xF0, 0x00, 0x00, 0x00, 0x01, 0xFF, 0xFF, 0xE0, 0x00, 0x00, 0x00, 0x01, 0xFF, 0xFF, 0xE0, 0x00, 0x00, 0x00, 0x00, 0xFF, 0xFF, 0xE0, 0x00, 0x00, 0x00, 0x00, 0xFF, 0xFF, 0xC0, 0x00, 0x00, 0x00, 0x00, 0x7F, 0xFF, 0xC0, 0x00, 0x00, 0x00, 0x00, 0x7F, 0xFF, 0x80, 0x00, 0x00, 0x00, 0x00, 0x7F, 0xFF, 0x80, 0x00, 0x00, 0x00, 0x00, 0x3F, 0xFF, 0x80, 0x00, 0x00, 0x00, 0x00, 0x3F, 0xFF, 0x00, 0x00, 0x00, 0x00, 0x00, 0x1F, 0xFF, 0x00, 0x00, 0x00, 0x00, 0x00, 0x1F, 0xFE, 0x00, 0x00, 0x00, 0x00, 0x00, 0x3F, 0xFE, 0x00, 0x00, 0x00, 0x00, 0x00, 0x3F, 0xFC, 0x00, 0x00, 0x00, 0x00, 0x00, 0x7F, 0xFC, 0x00, 0x00, 0x00, 0x00, 0x00, 0xFF, 0xF8, 0x00, 0x00, 0x00, 0x00, 0x00, 0xFF, 0xF8, 0x00, 0x00, 0x00, 0x00, 0x01, 0xFF, 0xF0, 0x00, 0x00, 0x00, 0x00, 0x03, 0xFF, 0xF0, 0x00, 0x00, 0x00, 0x00, 0x0F, 0xFF, 0xE0, 0x00, 0x00, 0x00, 0x60, 0x3F, 0xFF, 0xC0, 0x00, 0x00, 0x00, 0x7F, 0xFF, 0xFF, 0xC0, 0x00, 0x00, 0x00, 0x7F, 0xFF, 0xFF, 0x80, 0x00, 0x00, 0x00, 

/* Symbol 0xF4, offset 50658 */
    51, 100, 22,
    0x00, 0x00, 0x0F, 0xFE, 0x00, 0x00, 0x00, 0x00, 0x00, 0x0F, 0xFE, 0x00, 0x00, 0x00, 0x00, 0x00, 0x0F, 0xFE, 0x00, 0x00, 0x00, 0x00, 0x00, 0x0F, 0xFE, 0x00, 0x00, 0x00, 0x00, 0x00, 0x0F, 0xFE, 0x00, 0x00, 0x00, 0x00, 0x00, 0x0F, 0xFE, 0x00, 0x00, 0x00, 0x00, 0x00, 0x0F, 0xFE, 0x00, 0x00, 0x00, 0x00, 0x00, 0x0F, 0xFE, 0x00, 0x00, 0x00, 0x00, 0x00, 0x0F, 0xFE, 0x00, 0x00, 0x00, 0x00, 0x00, 0x0F, 0xFE, 0x00, 0x00, 0x00, 0x00, 0x00, 0x0F, 0xFE, 0x00, 0x00, 0x00, 0x00, 0x00, 0x0F, 0xFE, 0x00, 0x00, 0x00, 0x00, 0x00, 0x0F, 0xFE, 0x00, 0x00, 0x00, 0x00, 0x00, 0x0F, 0xFE, 0x00, 0x00, 0x00, 0x00, 0x00, 0x0F, 0xFE, 0x00, 0x00, 0x00, 0x00, 0x00, 0x0F, 0xFE, 0x00, 0x00, 0x00, 0x00, 0x00, 0x0F, 0xFE, 0x00, 0x00, 0x00, 0x00, 0x00, 0x0F, 0xFE, 0x00, 0x00, 0x00, 0x00, 0x00, 0x7F, 0xFF, 0xE0, 0x00, 0x00, 0x00, 0x07, 0xFF, 0xFF, 0xFE, 0x00, 0x00, 0x00, 0x1F, 0xFF, 0xFF, 0xFF, 0x80, 0x00, 0x00, 0x3F, 0xFF, 0xFF, 0xFF, 0xE0, 0x00, 0x00, 0xFF, 0xFF, 0xFF, 0xFF, 0xF0, 0x00, 0x01, 0xFF, 0xFF, 0xFF, 0xFF, 0xF8, 0x00, 0x03, 0xFF, 0xFF, 0xFF, 0xFF, 0xFC, 0x00, 0x07, 0xFF, 0xFF, 0xFF, 0xFF, 0xFE, 0x00, 0x0F, 0xFF, 0xFF, 0xFF, 0xFF, 0xFF, 0x00, 0x0F, 0xFF, 0xFF, 0xFF, 0xFF, 0xFF, 0x00, 0x1F, 0xFF, 0xCF, 0xFE, 0x7F, 0xFF, 0x80, 0x1F, 0xFF, 0x0F, 0xFE, 0x1F, 0xFF, 0x80, 0x3F, 0xFE, 0x0F, 0xFE, 0x0F, 0xFF, 0x80, 0x3F, 0xFC, 0x0F, 0xFE, 0x07, 0xFF, 0xC0, 0x3F, 0xF8, 0x0F, 0xFE, 0x03, 0xFF, 0xC0, 0x7F, 0xF8, 0x0F, 0xFE, 0x03, 0xFF, 0xC0, 0x7F, 0xF0, 0x0F, 0xFE, 0x01, 0xFF, 0xC0, 0x7F, 0xF0, 0x0F, 0xFE, 0x01, 0xFF, 0xE0, 0x7F, 0xF0, 0x0F, 0xFE, 0x01, 0xFF, 0xE0, 0xFF, 0xE0, 0x0F, 0xFE, 0x00, 0xFF, 0xE0, 0xFF, 0xE0, 0x0F, 0xFE, 0x00, 0xFF, 0xE0, 0xFF, 0xE0, 0x0F, 0xFE, 0x00, 0xFF, 0xE0, 0xFF, 0xE0, 0x0F, 0xFE, 0x00, 0xFF, 0xE0, 0xFF, 0xE0, 0x0F, 0xFE, 0x00, 0xFF, 0xE0, 0xFF, 0xE0, 0x0F, 0xFE, 0x00, 0xFF, 0xE0, 0xFF, 0xE0, 0x0F, 0xFE, 0x00, 0xFF, 0xE0, 0xFF, 0xE0, 0x0F, 0xFE, 0x00, 0xFF, 0xE0, 0xFF, 0xE0, 0x0F, 0xFE, 0x00, 0xFF, 0xE0, 0xFF, 0xE0, 0x0F, 0xFE, 0x00, 0xFF, 0xE0, 0xFF, 0xE0, 0x0F, 0xFE, 0x00, 0xFF, 0xE0, 0xFF, 0xF0, 0x0F, 0xFE, 0x01, 0xFF, 0xC0, 0xFF, 0xF0, 0x0F, 0xFE, 0x01, 0xFF, 0xC0, 0x7F, 0xF0, 0x0F, 0xFE, 0x01, 0xFF, 0xC0, 0x7F, 0xF0, 0x0F, 0xFE, 0x03, 0xFF, 0xC0, 0x7F, 0xF8, 0x0F, 0xFE, 0x03, 0xFF, 0x80, 0x7F, 0xFC, 0x0F, 0xFE, 0x07, 0xFF, 0x80, 0x3F, 0xFC, 0x0F, 0xFE, 0x0F, 0xFF, 0x80, 0x3F, 0xFF, 0x0F, 0xFE, 0x1F, 0xFF, 0x00, 0x3F, 0xFF, 0xCF, 0xFE, 0x7F, 0xFF, 0x00, 0x1F, 0xFF, 0xFF, 0xFF, 0xFF, 0xFE, 0x00, 0x0F, 0xFF, 0xFF, 0xFF, 0xFF, 0xFE, 0x00, 0x0F, 0xFF, 0xFF, 0xFF, 0xFF, 0xFC, 0x00, 0x07, 0xFF, 0xFF, 0xFF, 0xFF, 0xF8, 0x00, 0x03, 0xFF, 0xFF, 0xFF, 0xFF, 0xF0, 0x00, 0x01, 0xFF, 0xFF, 0xFF, 0xFF, 0xE0, 0x00, 0x00, 0xFF, 0xFF, 0xFF, 0xFF, 0x80, 0x00, 0x00, 0x3F, 0xFF, 0xFF, 0xFF, 0x00, 0x00, 0x00, 0x07, 0xFF, 0xFF, 0xFC, 0x00, 0x00, 0x00, 0x00, 0xFF, 0xFF, 0xC0, 0x00, 0x00, 0x00, 0x00, 0x0F, 0xFE, 0x00, 0x00, 0x00, 0x00, 0x00, 0x0F, 0xFE, 0x00, 0x00, 0x00, 0x00, 0x00, 0x0F, 0xFE, 0x00, 0x00, 0x00, 0x00, 0x00, 0x0F, 0xFE, 0x00, 0x00, 0x00, 0x00, 0x00, 0x0F, 0xFE, 0x00, 0x00, 0x00, 0x00, 0x00, 0x0F, 0xFE, 0x00, 0x00, 0x00, 0x00, 0x00, 0x0F, 0xFE, 0x00, 0x00, 0x00, 0x00, 0x00, 0x0F, 0xFE, 0x00, 0x00, 0x00, 0x00, 0x00, 0x0F, 0xFE, 0x00, 0x00, 0x00, 0x00, 0x00, 0x0F, 0xFE, 0x00, 0x00, 0x00, 0x00, 0x00, 0x0F, 0xFE, 0x00, 0x00, 0x00, 

/* Symbol 0xF5, offset 51207 */
    49, 88, 40,
    0xFF, 0xFC, 0x00, 0x00, 0x1F, 0xFF, 0x00, 0x7F, 0xFE, 0x00, 0x00, 0x3F, 0xFE, 0x00, 0x3F, 0xFF, 0x00, 0x00, 0x3F, 0xFC, 0x00, 0x1F, 0xFF, 0x00, 0x00, 0x7F, 0xFC, 0x00, 0x1F, 0xFF, 0x80, 0x00, 0xFF, 0xF8, 0x00, 0x0F, 0xFF, 0xC0, 0x00, 0xFF, 0xF0, 0x00, 0x07, 0xFF, 0xC0, 0x01, 0xFF, 0xF0, 0x00, 0x07, 0xFF, 0xE0, 0x03, 0xFF, 0xE0, 0x00, 0x03, 0xFF, 0xF0, 0x03, 0xFF, 0xC0, 0x00, 0x01, 0xFF, 0xF0, 0x07, 0xFF, 0xC0, 0x00, 0x00, 0xFF, 0xF8, 0x07, 0xFF, 0x80, 0x00, 0x00, 0xFF, 0xFC, 0x0F, 0xFF, 0x00, 0x00, 0x00, 0x7F, 0xFE, 0x1F, 0xFE, 0x00, 0x00, 0x00, 0x3F, 0xFE, 0x1F, 0xFE, 0x00, 0x00, 0x00, 0x3F, 0xFF, 0x3F, 0xFC, 0x00, 0x00, 0x00, 0x1F, 0xFF, 0xFF, 0xF8, 0x00, 0x00, 0x00, 0x0F, 0xFF, 0xFF, 0xF8, 0x00, 0x00, 0x00, 0x07, 0xFF, 0xFF, 0xF0, 0x00, 0x00, 0x00, 0x07, 0xFF, 0xFF, 0xE0, 0x00, 0x00, 0x00, 0x03, 0xFF, 0xFF, 0xE0, 0x00, 0x00, 0x00, 0x01, 0xFF, 0xFF, 0xC0, 0x00, 0x00, 0x00, 0x01, 0xFF, 0xFF, 0x80, 0x00, 0x00, 0x00, 0x00, 0xFF, 0xFF, 0x80, 0x00, 0x00, 0x00, 0x00, 0x7F, 0xFF, 0x00, 0x00, 0x00, 0x00, 0x00, 0x7F, 0xFF, 0x00, 0x00, 0x00, 0x00, 0x00, 0xFF, 0xFF, 0x80, 0x00, 0x00, 0x00, 0x01, 0xFF, 0xFF, 0xC0, 0x00, 0x00, 0x00, 0x03, 0xFF, 0xFF, 0xC0, 0x00, 0x00, 0x00, 0x03, 0xFF, 0xFF, 0xE0, 0x00, 0x00, 0x00, 0x07, 0xFF, 0xFF, 0xF0, 0x00, 0x00, 0x00, 0x0F, 0xFF, 0xFF, 0xF8, 0x00, 0x00, 0x00, 0x0F, 0xFF, 0x7F, 0xF8, 0x00, 0x00, 0x00, 0x1F, 0xFF, 0x7F, 0xFC, 0x00, 0x00, 0x00, 0x3F, 0xFE, 0x3F, 0xFE, 0x00, 0x00, 0x00, 0x7F, 0xFC, 0x3F, 0xFE, 0x00, 0x00, 0x00, 0x7F, 0xFC, 0x1F, 0xFF, 0x00, 0x00, 0x00, 0xFF, 0xF8, 0x0F, 0xFF, 0x80, 0x00, 0x01, 0xFF, 0xF0, 0x0F, 0xFF, 0xC0, 0x00, 0x03, 0xFF, 0xF0, 0x07, 0xFF, 0xC0, 0x00, 0x03, 0xFF, 0xE0, 0x03, 0xFF, 0xE0, 0x00, 0x07, 0xFF, 0xC0, 0x03, 0xFF, 0xF0, 0x00, 0x0F, 0xFF, 0xC0, 0x01, 0xFF, 0xF0, 0x00, 0x0F, 0xFF, 0x80, 0x01, 0xFF, 0xF8, 0x00, 0x1F, 0xFF, 0x00, 0x00, 0xFF, 0xFC, 0x00, 0x3F, 0xFF, 0x00, 0x00, 0x7F, 0xFE, 0x00, 0x7F, 0xFE, 0x00, 0x00, 0x7F, 0xFE, 0x00, 0x7F, 0xFC, 0x00, 0x00, 0x3F, 0xFF, 0x00, 0xFF, 0xFC, 0x00, 0x00, 0x3F, 0xFF, 0x80, 

/* Symbol 0xF6, offset 51546 */
    46, 100, 40,
    0xFF, 0xE0, 0x00, 0x07, 0xFF, 0x00, 0xFF, 0xE0, 0x00, 0x07, 0xFF, 0x00, 0xFF, 0xE0, 0x00, 0x07, 0xFF, 0x00, 0xFF, 0xE0, 0x00, 0x07, 0xFF, 0x00, 0xFF, 0xE0, 0x00, 0x07, 0xFF, 0x00, 0xFF, 0xE0, 0x00, 0x07, 0xFF, 0x00, 0xFF, 0xE0, 0x00, 0x07, 0xFF, 0x00, 0xFF, 0xE0, 0x00, 0x07, 0xFF, 0x00, 0xFF, 0xE0, 0x00, 0x07, 0xFF, 0x00, 0xFF, 0xE0, 0x00, 0x07, 0xFF, 0x00, 0xFF, 0xE0, 0x00, 0x07, 0xFF, 0x00, 0xFF, 0xE0, 0x00, 0x07, 0xFF, 0x00, 0xFF, 0xE0, 0x00, 0x07, 0xFF, 0x00, 0xFF, 0xE0, 0x00, 0x07, 0xFF, 0x00, 0xFF, 0xE0, 0x00, 0x07, 0xFF, 0x00, 0xFF, 0xE0, 0x00, 0x07, 0xFF, 0x00, 0xFF, 0xE0, 0x00, 0x07, 0xFF, 0x00, 0xFF, 0xE0, 0x00, 0x07, 0xFF, 0x00, 0xFF, 0xE0, 0x00, 0x07, 0xFF, 0x00, 0xFF, 0xE0, 0x00, 0x07, 0xFF, 0x00, 0xFF, 0xE0, 0x00, 0x07, 0xFF, 0x00, 0xFF, 0xE0, 0x00, 0x07, 0xFF, 0x00, 0xFF, 0xE0, 0x00, 0x07, 0xFF, 0x00, 0xFF, 0xE0, 0x00, 0x07, 0xFF, 0x00, 0xFF, 0xE0, 0x00, 0x07, 0xFF, 0x00, 0xFF, 0xE0, 0x00, 0x07, 0xFF, 0x00, 0xFF, 0xE0, 0x00, 0x07, 0xFF, 0x00, 0xFF, 0xE0, 0x00, 0x07, 0xFF, 0x00, 0xFF, 0xE0, 0x00, 0x07, 0xFF, 0x00, 0xFF, 0xE0, 0x00, 0x07, 0xFF, 0x00, 0xFF, 0xE0, 0x00, 0x07, 0xFF, 0x00, 0xFF, 0xE0, 0x00, 0x07, 0xFF, 0x00, 0xFF, 0xE0, 0x00, 0x07, 0xFF, 0x00, 0xFF, 0xE0, 0x00, 0x07, 0xFF, 0x00, 0xFF, 0xE0, 0x00, 0x07, 0xFF, 0x00, 0xFF, 0xE0, 0x00, 0x07, 0xFF, 0x00, 0xFF, 0xE0, 0x00, 0x07, 0xFF, 0x00, 0xFF, 0xE0, 0x00, 0x07, 0xFF, 0x00, 0xFF, 0xFF, 0xFF, 0xFF, 0xFF, 0xFC, 0xFF, 0xFF, 0xFF, 0xFF, 0xFF, 0xFC, 0xFF, 0xFF, 0xFF, 0xFF, 0xFF, 0xFC, 0xFF, 0xFF, 0xFF, 0xFF, 0xFF, 0xFC, 0xFF, 0xFF, 0xFF, 0xFF, 0xFF, 0xFC, 0xFF, 0xFF, 0xFF, 0xFF, 0xFF, 0xFC, 0xFF, 0xFF, 0xFF, 0xFF, 0xFF, 0xFC, 0xFF, 0xFF, 0xFF, 0xFF, 0xFF, 0xFC, 0xFF, 0xFF, 0xFF, 0xFF, 0xFF, 0xFC, 0xFF, 0xFF, 0xFF, 0xFF, 0xFF, 0xFC, 0x00, 0x00, 0x00, 0x00, 0x1F, 0xFC, 0x00, 0x00, 0x00, 0x00, 0x1F, 0xFC, 0x00, 0x00, 0x00, 0x00, 0x1F, 0xFC, 0x00, 0x00, 0x00, 0x00, 0x1F, 0xFC, 0x00, 0x00, 0x00, 0x00, 0x1F, 0xFC, 0x00, 0x00, 0x00, 0x00, 0x1F, 0xFC, 0x00, 0x00, 0x00, 0x00, 0x1F, 0xFC, 0x00, 0x00, 0x00, 0x00, 0x1F, 0xFC, 0x00, 0x00, 0x00, 0x00, 0x1F, 0xFC, 0x00, 0x00, 0x00, 0x00, 0x1F, 0xF8, 0x00, 0x00, 0x00, 0x00, 0x1F, 0xF8, 0x00, 0x00, 0x00, 0x00, 0x1F, 0xF8, 

/* Symbol 0xF7, offset 51909 */
    43, 88, 40,
    0xFF, 0xE0, 0x00, 0x00, 0xFF, 0xE0, 0xFF, 0xE0, 0x00, 0x00, 0xFF, 0xE0, 0xFF, 0xE0, 0x00, 0x00, 0xFF, 0xE0, 0xFF, 0xE0, 0x00, 0x00, 0xFF, 0xE0, 0xFF, 0xE0, 0x00, 0x00, 0xFF, 0xE0, 0xFF, 0xE0, 0x00, 0x00, 0xFF, 0xE0, 0xFF, 0xE0, 0x00, 0x00, 0xFF, 0xE0, 0xFF, 0xE0, 0x00, 0x00, 0xFF, 0xE0, 0xFF, 0xE0, 0x00, 0x00, 0xFF, 0xE0, 0xFF, 0xE0, 0x00, 0x00, 0xFF, 0xE0, 0xFF, 0xE0, 0x00, 0x00, 0xFF, 0xE0, 0xFF, 0xE0, 0x00, 0x00, 0xFF, 0xE0, 0xFF, 0xE0, 0x00, 0x00, 0xFF, 0xE0, 0xFF, 0xE0, 0x00, 0x00, 0xFF, 0xE0, 0xFF, 0xE0, 0x00, 0x00, 0xFF, 0xE0, 0xFF, 0xE0, 0x00, 0x00, 0xFF, 0xE0, 0xFF, 0xF0, 0x00, 0x00, 0xFF, 0xE0, 0xFF, 0xF0, 0x00, 0x00, 0xFF, 0xE0, 0x7F, 0xF8, 0x00, 0x00, 0xFF, 0xE0, 0x7F, 0xF8, 0x00, 0x00, 0xFF, 0xE0, 0x7F, 0xFE, 0x00, 0x01, 0xFF, 0xE0, 0x3F, 0xFF, 0x80, 0x1F, 0xFF, 0xE0, 0x3F, 0xFF, 0xFF, 0xFF, 0xFF, 0xE0, 0x1F, 0xFF, 0xFF, 0xFF, 0xFF, 0xE0, 0x1F, 0xFF, 0xFF, 0xFF, 0xFF, 0xE0, 0x0F, 0xFF, 0xFF, 0xFF, 0xFF, 0xE0, 0x07, 0xFF, 0xFF, 0xFF, 0xFF, 0xE0, 0x03, 0xFF, 0xFF, 0xFF, 0xFF, 0xE0, 0x00, 0xFF, 0xFF, 0xFF, 0xFF, 0xE0, 0x00, 0x1F, 0xFF, 0xFE, 0xFF, 0xE0, 0x00, 0x01, 0xFF, 0xE0, 0xFF, 0xE0, 0x00, 0x00, 0x00, 0x00, 0xFF, 0xE0, 0x00, 0x00, 0x00, 0x00, 0xFF, 0xE0, 0x00, 0x00, 0x00, 0x00, 0xFF, 0xE0, 0x00, 0x00, 0x00, 0x00, 0xFF, 0xE0, 0x00, 0x00, 0x00, 0x00, 0xFF, 0xE0, 0x00, 0x00, 0x00, 0x00, 0xFF, 0xE0, 0x00, 0x00, 0x00, 0x00, 0xFF, 0xE0, 0x00, 0x00, 0x00, 0x00, 0xFF, 0xE0, 0x00, 0x00, 0x00, 0x00, 0xFF, 0xE0, 0x00, 0x00, 0x00, 0x00, 0xFF, 0xE0, 0x00, 0x00, 0x00, 0x00, 0xFF, 0xE0, 0x00, 0x00, 0x00, 0x00, 0xFF, 0xE0, 0x00, 0x00, 0x00, 0x00, 0xFF, 0xE0, 0x00, 0x00, 0x00, 0x00, 0xFF, 0xE0, 0x00, 0x00, 0x00, 0x00, 0xFF, 0xE0, 0x00, 0x00, 0x00, 0x00, 0xFF, 0xE0, 0x00, 0x00, 0x00, 0x00, 0xFF, 0xE0, 

/* Symbol 0xF8, offset 52200 */
    48, 88, 40,
    0xFF, 0xC0, 0x1F, 0xF8, 0x03, 0xFF, 0xFF, 0xC0, 0x1F, 0xF8, 0x03, 0xFF, 0xFF, 0xC0, 0x1F, 0xF8, 0x03, 0xFF, 0xFF, 0xC0, 0x1F, 0xF8, 0x03, 0xFF, 0xFF, 0xC0, 0x1F, 0xF8, 0x03, 0xFF, 0xFF, 0xC0, 0x1F, 0xF8, 0x03, 0xFF, 0xFF, 0xC0, 0x1F, 0xF8, 0x03, 0xFF, 0xFF, 0xC0, 0x1F, 0xF8, 0x03, 0xFF, 0xFF, 0xC0, 0x1F, 0xF8, 0x03, 0xFF, 0xFF, 0xC0, 0x1F, 0xF8, 0x03, 0xFF, 0xFF, 0xC0, 0x1F, 0xF8, 0x03, 0xFF, 0xFF, 0xC0, 0x1F, 0xF8, 0x03, 0xFF, 0xFF, 0xC0, 0x1F, 0xF8, 0x03, 0xFF, 0xFF, 0xC0, 0x1F, 0xF8, 0x03, 0xFF, 0xFF, 0xC0, 0x1F, 0xF8, 0x03, 0xFF, 0xFF, 0xC0, 0x1F, 0xF8, 0x03, 0xFF, 0xFF, 0xC0, 0x1F, 0xF8, 0x03, 0xFF, 0xFF, 0xC0, 0x1F, 0xF8, 0x03, 0xFF, 0xFF, 0xC0, 0x1F, 0xF8, 0x03, 0xFF, 0xFF, 0xC0, 0x1F, 0xF8, 0x03, 0xFF, 0xFF, 0xC0, 0x1F, 0xF8, 0x03, 0xFF, 0xFF, 0xC0, 0x1F, 0xF8, 0x03, 0xFF, 0xFF, 0xC0, 0x1F, 0xF8, 0x03, 0xFF, 0xFF, 0xC0, 0x1F, 0xF8, 0x03, 0xFF, 0xFF, 0xC0, 0x1F, 0xF8, 0x03, 0xFF, 0xFF, 0xC0, 0x1F, 0xF8, 0x03, 0xFF, 0xFF, 0xC0, 0x1F, 0xF8, 0x03, 0xFF, 0xFF, 0xC0, 0x1F, 0xF8, 0x03, 0xFF, 0xFF, 0xC0, 0x1F, 0xF8, 0x03, 0xFF, 0xFF, 0xC0, 0x1F, 0xF8, 0x03, 0xFF, 0xFF, 0xC0, 0x1F, 0xF8, 0x03, 0xFF, 0xFF, 0xC0, 0x1F, 0xF8, 0x03, 0xFF, 0xFF, 0xC0, 0x1F, 0xF8, 0x03, 0xFF, 0xFF, 0xC0, 0x1F, 0xF8, 0x03, 0xFF, 0xFF, 0xC0, 0x1F, 0xF8, 0x03, 0xFF, 0xFF, 0xC0, 0x1F, 0xF8, 0x03, 0xFF, 0xFF, 0xC0, 0x1F, 0xF8, 0x03, 0xFF, 0xFF, 0xC0, 0x1F, 0xF8, 0x03, 0xFF, 0xFF, 0xC0, 0x1F, 0xF8, 0x03, 0xFF, 0xFF, 0xFF, 0xFF, 0xFF, 0xFF, 0xFF, 0xFF, 0xFF, 0xFF, 0xFF, 0xFF, 0xFF, 0xFF, 0xFF, 0xFF, 0xFF, 0xFF, 0xFF, 0xFF, 0xFF, 0xFF, 0xFF, 0xFF, 0xFF, 0xFF, 0xFF, 0xFF, 0xFF, 0xFF, 0xFF, 0xFF, 0xFF, 0xFF, 0xFF, 0xFF, 0xFF, 0xFF, 0xFF, 0xFF, 0xFF, 0xFF, 0xFF, 0xFF, 0xFF, 0xFF, 0xFF, 0xFF, 0xFF, 0xFF, 0xFF, 0xFF, 0xFF, 0xFF, 0xFF, 

/* Symbol 0xF9, offset 52491 */
    49, 100, 40,
    0xFF, 0xC0, 0x3F, 0xF0, 0x0F, 0xFC, 0x00, 0xFF, 0xC0, 0x3F, 0xF0, 0x0F, 0xFC, 0x00, 0xFF, 0xC0, 0x3F, 0xF0, 0x0F, 0xFC, 0x00, 0xFF, 0xC0, 0x3F, 0xF0, 0x0F, 0xFC, 0x00, 0xFF, 0xC0, 0x3F, 0xF0, 0x0F, 0xFC, 0x00, 0xFF, 0xC0, 0x3F, 0xF0, 0x0F, 0xFC, 0x00, 0xFF, 0xC0, 0x3F, 0xF0, 0x0F, 0xFC, 0x00, 0xFF, 0xC0, 0x3F, 0xF0, 0x0F, 0xFC, 0x00, 0xFF, 0xC0, 0x3F, 0xF0, 0x0F, 0xFC, 0x00, 0xFF, 0xC0, 0x3F, 0xF0, 0x0F, 0xFC, 0x00, 0xFF, 0xC0, 0x3F, 0xF0, 0x0F, 0xFC, 0x00, 0xFF, 0xC0, 0x3F, 0xF0, 0x0F, 0xFC, 0x00, 0xFF, 0xC0, 0x3F, 0xF0, 0x0F, 0xFC, 0x00, 0xFF, 0xC0, 0x3F, 0xF0, 0x0F, 0xFC, 0x00, 0xFF, 0xC0, 0x3F, 0xF0, 0x0F, 0xFC, 0x00, 0xFF, 0xC0, 0x3F, 0xF0, 0x0F, 0xFC, 0x00, 0xFF, 0xC0, 0x3F, 0xF0, 0x0F, 0xFC, 0x00, 0xFF, 0xC0, 0x3F, 0xF0, 0x0F, 0xFC, 0x00, 0xFF, 0xC0, 0x3F, 0xF0, 0x0F, 0xFC, 0x00, 0xFF, 0xC0, 0x3F, 0xF0, 0x0F, 0xFC, 0x00, 0xFF, 0xC0, 0x3F, 0xF0, 0x0F, 0xFC, 0x00, 0xFF, 0xC0, 0x3F, 0xF0, 0x0F, 0xFC, 0x00, 0xFF, 0xC0, 0x3F, 0xF0, 0x0F, 0xFC, 0x00, 0xFF, 0xC0, 0x3F, 0xF0, 0x0F, 0xFC, 0x00, 0xFF, 0xC0, 0x3F, 0xF0, 0x0F, 0xFC, 0x00, 0xFF, 0xC0, 0x3F, 0xF0, 0x0F, 0xFC, 0x00, 0xFF, 0xC0, 0x3F, 0xF0, 0x0F, 0xFC, 0x00, 0xFF, 0xC0, 0x3F, 0xF0, 0x0F, 0xFC, 0x00, 0xFF, 0xC0, 0x3F, 0xF0, 0x0F, 0xFC, 0x00, 0xFF, 0xC0, 0x3F, 0xF0, 0x0F, 0xFC, 0x00, 0xFF, 0xC0, 0x3F, 0xF0, 0x0F, 0xFC, 0x00, 0xFF, 0xC0, 0x3F, 0xF0, 0x0F, 0xFC, 0x00, 0xFF, 0xC0, 0x3F, 0xF0, 0x0F, 0xFC, 0x00, 0xFF, 0xC0, 0x3F, 0xF0, 0x0F, 0xFC, 0x00, 0xFF, 0xC0, 0x3F, 0xF0, 0x0F, 0xFC, 0x00, 0xFF, 0xC0, 0x3F, 0xF0, 0x0F, 0xFC, 0x00, 0xFF, 0xC0, 0x3F, 0xF0, 0x0F, 0xFC, 0x00, 0xFF, 0xC0, 0x3F, 0xF0, 0x0F, 0xFC, 0x00, 0xFF, 0xC0, 0x3F, 0xF0, 0x0F, 0xFC, 0x00, 0xFF, 0xFF, 0xFF, 0xFF, 0xFF, 0xFF, 0x80, 0xFF, 0xFF, 0xFF, 0xFF, 0xFF, 0xFF, 0x80, 0xFF, 0xFF, 0xFF, 0xFF, 0xFF, 0xFF, 0x80, 0xFF, 0xFF, 0xFF, 0xFF, 0xFF, 0xFF, 0x80, 0xFF, 0xFF, 0xFF, 0xFF, 0xFF, 0xFF, 0x80, 0xFF, 0xFF, 0xFF, 0xFF, 0xFF, 0xFF, 0x80, 0xFF, 0xFF, 0xFF, 0xFF, 0xFF, 0xFF, 0x80, 0xFF, 0xFF, 0xFF, 0xFF, 0xFF, 0xFF, 0x80, 0xFF, 0xFF, 0xFF, 0xFF, 0xFF, 0xFF, 0x80, 0x00, 0x00, 0x00, 0x00, 0x03, 0xFF, 0x80, 0x00, 0x00, 0x00, 0x00, 0x03, 0xFF, 0x80, 0x00, 0x00, 0x00, 0x00, 0x03, 0xFF, 0x80, 0x00, 0x00, 0x00, 0x00, 0x03, 0xFF, 0x80, 0x00, 0x00, 0x00, 0x00, 0x03, 0xFF, 0x80, 0x00, 0x00, 0x00, 0x00, 0x03, 0xFF, 0x80, 0x00, 0x00, 0x00, 0x00, 0x03, 0xFF, 0x00, 0x00, 0x00, 0x00, 0x00, 0x03, 0xFF, 0x00, 0x00, 0x00, 0x00, 0x00, 0x03, 0xFF, 0x00, 0x00, 0x00, 0x00, 0x00, 0x03, 0xFF, 0x00, 0x00, 0x00, 0x00, 0x00, 0x03, 0xFF, 0x00, 0x00, 0x00, 0x00, 0x00, 0x03, 0xFF, 0x00, 

/* Symbol 0xFA, offset 52914 */
    51, 89, 40,
    0xFF, 0xFF, 0xFC, 0x00, 0x00, 0x00, 0x00, 0xFF, 0xFF, 0xFC, 0x00, 0x00, 0x00, 0x00, 0xFF, 0xFF, 0xFC, 0x00, 0x00, 0x00, 0x00, 0xFF, 0xFF, 0xFC, 0x00, 0x00, 0x00, 0x00, 0xFF, 0xFF, 0xFC, 0x00, 0x00, 0x00, 0x00, 0xFF, 0xFF, 0xFC, 0x00, 0x00, 0x00, 0x00, 0xFF, 0xFF, 0xFC, 0x00, 0x00, 0x00, 0x00, 0xFF, 0xFF, 0xFC, 0x00, 0x00, 0x00, 0x00, 0xFF, 0xFF, 0xFC, 0x00, 0x00, 0x00, 0x00, 0x00, 0x1F, 0xFC, 0x00, 0x00, 0x00, 0x00, 0x00, 0x1F, 0xFC, 0x00, 0x00, 0x00, 0x00, 0x00, 0x1F, 0xFC, 0x00, 0x00, 0x00, 0x00, 0x00, 0x1F, 0xFC, 0x00, 0x00, 0x00, 0x00, 0x00, 0x1F, 0xFC, 0x00, 0x00, 0x00, 0x00, 0x00, 0x1F, 0xFC, 0x00, 0x00, 0x00, 0x00, 0x00, 0x1F, 0xFC, 0x00, 0x00, 0x00, 0x00, 0x00, 0x1F, 0xFC, 0x00, 0x00, 0x00, 0x00, 0x00, 0x1F, 0xFF, 0xFF, 0xF8, 0x00, 0x00, 0x00, 0x1F, 0xFF, 0xFF, 0xFF, 0x80, 0x00, 0x00, 0x1F, 0xFF, 0xFF, 0xFF, 0xE0, 0x00, 0x00, 0x1F, 0xFF, 0xFF, 0xFF, 0xF8, 0x00, 0x00, 0x1F, 0xFF, 0xFF, 0xFF, 0xFC, 0x00, 0x00, 0x1F, 0xFF, 0xFF, 0xFF, 0xFF, 0x00, 0x00, 0x1F, 0xFF, 0xFF, 0xFF, 0xFF, 0x00, 0x00, 0x1F, 0xFF, 0xFF, 0xFF, 0xFF, 0x80, 0x00, 0x1F, 0xFF, 0xFF, 0xFF, 0xFF, 0xC0, 0x00, 0x1F, 0xFC, 0x00, 0x3F, 0xFF, 0xC0, 0x00, 0x1F, 0xFC, 0x00, 0x0F, 0xFF, 0xC0, 0x00, 0x1F, 0xFC, 0x00, 0x03, 0xFF, 0xE0, 0x00, 0x1F, 0xFC, 0x00, 0x03, 0xFF, 0xE0, 0x00, 0x1F, 0xFC, 0x00, 0x01, 0xFF, 0xE0, 0x00, 0x1F, 0xFC, 0x00, 0x01, 0xFF, 0xE0, 0x00, 0x1F, 0xFC, 0x00, 0x01, 0xFF, 0xE0, 0x00, 0x1F, 0xFC, 0x00, 0x01, 0xFF, 0xE0, 0x00, 0x1F, 0xFC, 0x00, 0x01, 0xFF, 0xE0, 0x00, 0x1F, 0xFC, 0x00, 0x01, 0xFF, 0xE0, 0x00, 0x1F, 0xFC, 0x00, 0x03, 0xFF, 0xE0, 0x00, 0x1F, 0xFC, 0x00, 0x07, 0xFF, 0xC0, 0x00, 0x1F, 0xFC, 0x00, 0x0F, 0xFF, 0xC0, 0x00, 0x1F, 0xFE, 0x00, 0x3F, 0xFF, 0xC0, 0x00, 0x1F, 0xFF, 0xFF, 0xFF, 0xFF, 0x80, 0x00, 0x1F, 0xFF, 0xFF, 0xFF, 0xFF, 0x00, 0x00, 0x1F, 0xFF, 0xFF, 0xFF, 0xFF, 0x00, 0x00, 0x1F, 0xFF, 0xFF, 0xFF, 0xFE, 0x00, 0x00, 0x1F, 0xFF, 0xFF, 0xFF, 0xFC, 0x00, 0x00, 0x1F, 0xFF, 0xFF, 0xFF, 0xF0, 0x00, 0x00, 0x1F, 0xFF, 0xFF, 0xFF, 0xC0, 0x00, 0x00, 0x1F, 0xFF, 0xFF, 0xFF, 0x00, 0x00, 0x00, 0x00, 0x7F, 0xFF, 0xF0, 0x00, 0x00, 

/* Symbol 0xFB, offset 53260 */
    47, 89, 40,
    0xFF, 0xE0, 0x00, 0x00, 0x0F, 0xFE, 0xFF, 0xE0, 0x00, 0x00, 0x0F, 0xFE, 0xFF, 0xE0, 0x00, 0x00, 0x0F, 0xFE, 0xFF, 0xE0, 0x00, 0x00, 0x0F, 0xFE, 0xFF, 0xE0, 0x00, 0x00, 0x0F, 0xFE, 0xFF, 0xE0, 0x00, 0x00, 0x0F, 0xFE, 0xFF, 0xE0, 0x00, 0x00, 0x0F, 0xFE, 0xFF, 0xE0, 0x00, 0x00, 0x0F, 0xFE, 0xFF, 0xE0, 0x00, 0x00, 0x0F, 0xFE, 0xFF, 0xE0, 0x00, 0x00, 0x0F, 0xFE, 0xFF, 0xE0, 0x00, 0x00, 0x0F, 0xFE, 0xFF, 0xE0, 0x00, 0x00, 0x0F, 0xFE, 0xFF, 0xE0, 0x00, 0x00, 0x0F, 0xFE, 0xFF, 0xE0, 0x00, 0x00, 0x0F, 0xFE, 0xFF, 0xE0, 0x00, 0x00, 0x0F, 0xFE, 0xFF, 0xE0, 0x00, 0x00, 0x0F, 0xFE, 0xFF, 0xE0, 0x00, 0x00, 0x0F, 0xFE, 0xFF, 0xE0, 0x00, 0x00, 0x0F, 0xFE, 0xFF, 0xFF, 0xF8, 0x00, 0x0F, 0xFE, 0xFF, 0xFF, 0xFF, 0x00, 0x0F, 0xFE, 0xFF, 0xFF, 0xFF, 0xE0, 0x0F, 0xFE, 0xFF, 0xFF, 0xFF, 0xF0, 0x0F, 0xFE, 0xFF, 0xFF, 0xFF, 0xF8, 0x0F, 0xFE, 0xFF, 0xFF, 0xFF, 0xFC, 0x0F, 0xFE, 0xFF, 0xFF, 0xFF, 0xFE, 0x0F, 0xFE, 0xFF, 0xFF, 0xFF, 0xFE, 0x0F, 0xFE, 0xFF, 0xE0, 0x7F, 0xFF, 0x0F, 0xFE, 0xFF, 0xE0, 0x1F, 0xFF, 0x0F, 0xFE, 0xFF, 0xE0, 0x0F, 0xFF, 0x8F, 0xFE, 0xFF, 0xE0, 0x0F, 0xFF, 0x8F, 0xFE, 0xFF, 0xE0, 0x07, 0xFF, 0x8F, 0xFE, 0xFF, 0xE0, 0x07, 0xFF, 0x8F, 0xFE, 0xFF, 0xE0, 0x07, 0xFF, 0x8F, 0xFE, 0xFF, 0xE0, 0x07, 0xFF, 0x8F, 0xFE, 0xFF, 0xE0, 0x07, 0xFF, 0x8F, 0xFE, 0xFF, 0xE0, 0x07, 0xFF, 0x8F, 0xFE, 0xFF, 0xE0, 0x07, 0xFF, 0x8F, 0xFE, 0xFF, 0xE0, 0x0F, 0xFF, 0x8F, 0xFE, 0xFF, 0xE0, 0x0F, 0xFF, 0x0F, 0xFE, 0xFF, 0xE0, 0x1F, 0xFF, 0x0F, 0xFE, 0xFF, 0xE0, 0x7F, 0xFE, 0x0F, 0xFE, 0xFF, 0xFF, 0xFF, 0xFE, 0x0F, 0xFE, 0xFF, 0xFF, 0xFF, 0xFC, 0x0F, 0xFE, 0xFF, 0xFF, 0xFF, 0xFC, 0x0F, 0xFE, 0xFF, 0xFF, 0xFF, 0xF8, 0x0F, 0xFE, 0xFF, 0xFF, 0xFF, 0xE0, 0x0F, 0xFE, 0xFF, 0xFF, 0xFF, 0xC0, 0x0F, 0xFE, 0xFF, 0xFF, 0xFE, 0x00, 0x0F, 0xFE, 0x07, 0xFF, 0xF0, 0x00, 0x00, 0x00, 

/* Symbol 0xFC, offset 53557 */
    44, 89, 40,
    0xFF, 0xE0, 0x00, 0x00, 0x00, 0x00, 0xFF, 0xE0, 0x00, 0x00, 0x00, 0x00, 0xFF, 0xE0, 0x00, 0x00, 0x00, 0x00, 0xFF, 0xE0, 0x00, 0x00, 0x00, 0x00, 0xFF, 0xE0, 0x00, 0x00, 0x00, 0x00, 0xFF, 0xE0, 0x00, 0x00, 0x00, 0x00, 0xFF, 0xE0, 0x00, 0x00, 0x00, 0x00, 0xFF, 0xE0, 0x00, 0x00, 0x00, 0x00, 0xFF, 0xE0, 0x00, 0x00, 0x00, 0x00, 0xFF, 0xE0, 0x00, 0x00, 0x00, 0x00, 0xFF, 0xE0, 0x00, 0x00, 0x00, 0x00, 0xFF, 0xE0, 0x00, 0x00, 0x00, 0x00, 0xFF, 0xE0, 0x00, 0x00, 0x00, 0x00, 0xFF, 0xE0, 0x00, 0x00, 0x00, 0x00, 0xFF, 0xE0, 0x00, 0x00, 0x00, 0x00, 0xFF, 0xE0, 0x00, 0x00, 0x00, 0x00, 0xFF, 0xE0, 0x00, 0x00, 0x00, 0x00, 0xFF, 0xFF, 0xFF, 0xF0, 0x00, 0x00, 0xFF, 0xFF, 0xFF, 0xFF, 0x80, 0x00, 0xFF, 0xFF, 0xFF, 0xFF, 0xE0, 0x00, 0xFF, 0xFF, 0xFF, 0xFF, 0xF8, 0x00, 0xFF, 0xFF, 0xFF, 0xFF, 0xFE, 0x00, 0xFF, 0xFF, 0xFF, 0xFF, 0xFF, 0x00, 0xFF, 0xFF, 0xFF, 0xFF, 0xFF, 0x80, 0xFF, 0xFF, 0xFF, 0xFF, 0xFF, 0xC0, 0xFF, 0xFF, 0xFF, 0xFF, 0xFF, 0xC0, 0xFF, 0xE0, 0x00, 0x3F, 0xFF, 0xE0, 0xFF, 0xE0, 0x00, 0x07, 0xFF, 0xE0, 0xFF, 0xE0, 0x00, 0x03, 0xFF, 0xE0, 0xFF, 0xE0, 0x00, 0x01, 0xFF, 0xF0, 0xFF, 0xE0, 0x00, 0x00, 0xFF, 0xF0, 0xFF, 0xE0, 0x00, 0x00, 0xFF, 0xF0, 0xFF, 0xE0, 0x00, 0x00, 0xFF, 0xF0, 0xFF, 0xE0, 0x00, 0x00, 0xFF, 0xF0, 0xFF, 0xE0, 0x00, 0x00, 0xFF, 0xF0, 0xFF, 0xE0, 0x00, 0x01, 0xFF, 0xF0, 0xFF, 0xE0, 0x00, 0x01, 0xFF, 0xE0, 0xFF, 0xE0, 0x00, 0x03, 0xFF, 0xE0, 0xFF, 0xE0, 0x00, 0x07, 0xFF, 0xE0, 0xFF, 0xF0, 0x00, 0x3F, 0xFF, 0xC0, 0xFF, 0xFF, 0xFF, 0xFF, 0xFF, 0xC0, 0xFF, 0xFF, 0xFF, 0xFF, 0xFF, 0x80, 0xFF, 0xFF, 0xFF, 0xFF, 0xFF, 0x00, 0xFF, 0xFF, 0xFF, 0xFF, 0xFE, 0x00, 0xFF, 0xFF, 0xFF, 0xFF, 0xFC, 0x00, 0xFF, 0xFF, 0xFF, 0xFF, 0xF0, 0x00, 0xFF, 0xFF, 0xFF, 0xFF, 0xC0, 0x00, 0xFF, 0xFF, 0xFF, 0xFF, 0x00, 0x00, 0x01, 0xFF, 0xFF, 0xE0, 0x00, 0x00, 

/* Symbol 0xFD, offset 53854 */
    41, 89, 39,
    0x00, 0x3F, 0xFE, 0x00, 0x00, 0x00, 0x07, 0xFF, 0xFF, 0xE0, 0x00, 0x00, 0x3F, 0xFF, 0xFF, 0xF8, 0x00, 0x00, 0x7F, 0xFF, 0xFF, 0xFE, 0x00, 0x00, 0x7F, 0xFF, 0xFF, 0xFF, 0x80, 0x00, 0x7F, 0xFF, 0xFF, 0xFF, 0xC0, 0x00, 0x7F, 0xFF, 0xFF, 0xFF, 0xE0, 0x00, 0x7F, 0xFF, 0xFF, 0xFF, 0xF0, 0x00, 0x7F, 0xFF, 0xFF, 0xFF, 0xF8, 0x00, 0x7F, 0xFF, 0xFF, 0xFF, 0xF8, 0x00, 0x7F, 0x80, 0x1F, 0xFF, 0xFC, 0x00, 0x78, 0x00, 0x03, 0xFF, 0xFC, 0x00, 0x40, 0x00, 0x00, 0xFF, 0xFE, 0x00, 0x00, 0x00, 0x00, 0x7F, 0xFE, 0x00, 0x00, 0x00, 0x00, 0x3F, 0xFF, 0x00, 0x00, 0x00, 0x00, 0x3F, 0xFF, 0x00, 0x00, 0x00, 0x00, 0x1F, 0xFF, 0x00, 0x00, 0x00, 0x00, 0x1F, 0xFF, 0x00, 0x00, 0x00, 0x00, 0x0F, 0xFF, 0x80, 0x00, 0x00, 0x00, 0x0F, 0xFF, 0x80, 0x00, 0x00, 0x00, 0x0F, 0xFF, 0x80, 0x1F, 0xFF, 0xFF, 0xFF, 0xFF, 0x80, 0x1F, 0xFF, 0xFF, 0xFF, 0xFF, 0x80, 0x1F, 0xFF, 0xFF, 0xFF, 0xFF, 0x80, 0x1F, 0xFF, 0xFF, 0xFF, 0xFF, 0x80, 0x1F, 0xFF, 0xFF, 0xFF, 0xFF, 0x80, 0x1F, 0xFF, 0xFF, 0xFF, 0xFF, 0x80, 0x1F, 0xFF, 0xFF, 0xFF, 0xFF, 0x80, 0x1F, 0xFF, 0xFF, 0xFF, 0xFF, 0x80, 0x00, 0x00, 0x00, 0x0F, 0xFF, 0x80, 0x00, 0x00, 0x00, 0x0F, 0xFF, 0x80, 0x00, 0x00, 0x00, 0x0F, 0xFF, 0x00, 0x00, 0x00, 0x00, 0x0F, 0xFF, 0x00, 0x00, 0x00, 0x00, 0x1F, 0xFF, 0x00, 0x00, 0x00, 0x00, 0x1F, 0xFF, 0x00, 0x00, 0x00, 0x00, 0x3F, 0xFE, 0x00, 0x00, 0x00, 0x00, 0x7F, 0xFE, 0x00, 0x80, 0x00, 0x00, 0xFF, 0xFE, 0x00, 0xF0, 0x00, 0x01, 0xFF, 0xFC, 0x00, 0xFF, 0x80, 0x0F, 0xFF, 0xFC, 0x00, 0xFF, 0xFF, 0xFF, 0xFF, 0xF8, 0x00, 0xFF, 0xFF, 0xFF, 0xFF, 0xF0, 0x00, 0xFF, 0xFF, 0xFF, 0xFF, 0xF0, 0x00, 0xFF, 0xFF, 0xFF, 0xFF, 0xE0, 0x00, 0xFF, 0xFF, 0xFF, 0xFF, 0xC0, 0x00, 0xFF, 0xFF, 0xFF, 0xFF, 0x00, 0x00, 0xFF, 0xFF, 0xFF, 0xFE, 0x00, 0x00, 0xFF, 0xFF, 0xFF, 0xF8, 0x00, 0x00, 0x3F, 0xFF, 0xFF, 0xC0, 0x00, 0x00, 0x01, 0xFF, 0xFC, 0x00, 0x00, 0x00, 

/* Symbol 0xFE, offset 54157 */
    49, 89, 39,
    0x00, 0x00, 0x00, 0x0F, 0xFC, 0x00, 0x00, 0xFF, 0xC0, 0x00, 0x3F, 0xFF, 0x80, 0x00, 0xFF, 0xC0, 0x00, 0xFF, 0xFF, 0xE0, 0x00, 0xFF, 0xC0, 0x01, 0xFF, 0xFF, 0xF0, 0x00, 0xFF, 0xC0, 0x03, 0xFF, 0xFF, 0xF8, 0x00, 0xFF, 0xC0, 0x07, 0xFF, 0xFF, 0xF8, 0x00, 0xFF, 0xC0, 0x0F, 0xFF, 0xFF, 0xFC, 0x00, 0xFF, 0xC0, 0x0F, 0xFF, 0xFF, 0xFE, 0x00, 0xFF, 0xC0, 0x1F, 0xFF, 0xFF, 0xFE, 0x00, 0xFF, 0xC0, 0x1F, 0xFE, 0x1F, 0xFE, 0x00, 0xFF, 0xC0, 0x1F, 0xFC, 0x0F, 0xFF, 0x00, 0xFF, 0xC0, 0x3F, 0xF8, 0x07, 0xFF, 0x00, 0xFF, 0xC0, 0x3F, 0xF0, 0x03, 0xFF, 0x00, 0xFF, 0xC0, 0x3F, 0xF0, 0x03, 0xFF, 0x00, 0xFF, 0xC0, 0x3F, 0xF0, 0x03, 0xFF, 0x00, 0xFF, 0xC0, 0x7F, 0xF0, 0x03, 0xFF, 0x80, 0xFF, 0xC0, 0x7F, 0xE0, 0x01, 0xFF, 0x80, 0xFF, 0xC0, 0x7F, 0xE0, 0x01, 0xFF, 0x80, 0xFF, 0xC0, 0x7F, 0xE0, 0x01, 0xFF, 0x80, 0xFF, 0xC0, 0x7F, 0xE0, 0x01, 0xFF, 0x80, 0xFF, 0xFF, 0xFF, 0xE0, 0x01, 0xFF, 0x80, 0xFF, 0xFF, 0xFF, 0xE0, 0x01, 0xFF, 0x80, 0xFF, 0xFF, 0xFF, 0xE0, 0x01, 0xFF, 0x80, 0xFF, 0xFF, 0xFF, 0xE0, 0x01, 0xFF, 0x80, 0xFF, 0xFF, 0xFF, 0xE0, 0x01, 0xFF, 0x80, 0xFF, 0xFF, 0xFF, 0xE0, 0x01, 0xFF, 0x80, 0xFF, 0xFF, 0xFF, 0xE0, 0x01, 0xFF, 0x80, 0xFF, 0xFF, 0xFF, 0xE0, 0x01, 0xFF, 0x80, 0xFF, 0xFF, 0xFF, 0xE0, 0x01, 0xFF, 0x80, 0xFF, 0xC0, 0x7F, 0xE0, 0x01, 0xFF, 0x80, 0xFF, 0xC0, 0x7F, 0xE0, 0x01, 0xFF, 0x80, 0xFF, 0xC0, 0x7F, 0xE0, 0x01, 0xFF, 0x80, 0xFF, 0xC0, 0x7F, 0xE0, 0x01, 0xFF, 0x80, 0xFF, 0xC0, 0x7F, 0xE0, 0x03, 0xFF, 0x00, 0xFF, 0xC0, 0x7F, 0xF0, 0x03, 0xFF, 0x00, 0xFF, 0xC0, 0x7F, 0xF0, 0x03, 0xFF, 0x00, 0xFF, 0xC0, 0x3F, 0xF0, 0x03, 0xFF, 0x00, 0xFF, 0xC0, 0x3F, 0xF0, 0x03, 0xFF, 0x00, 0xFF, 0xC0, 0x3F, 0xF8, 0x07, 0xFE, 0x00, 0xFF, 0xC0, 0x3F, 0xFC, 0x0F, 0xFE, 0x00, 0xFF, 0xC0, 0x3F, 0xFE, 0x1F, 0xFE, 0x00, 0xFF, 0xC0, 0x1F, 0xFF, 0xFF, 0xFC, 0x00, 0xFF, 0xC0, 0x1F, 0xFF, 0xFF, 0xFC, 0x00, 0xFF, 0xC0, 0x0F, 0xFF, 0xFF, 0xF8, 0x00, 0xFF, 0xC0, 0x0F, 0xFF, 0xFF, 0xF8, 0x00, 0xFF, 0xC0, 0x07, 0xFF, 0xFF, 0xF0, 0x00, 0xFF, 0xC0, 0x03, 0xFF, 0xFF, 0xE0, 0x00, 0xFF, 0xC0, 0x01, 0xFF, 0xFF, 0xC0, 0x00, 0xFF, 0xC0, 0x00, 0x7F, 0xFF, 0x00, 0x00, 0x00, 0x00, 0x00, 0x1F, 0xF8, 0x00, 0x00, 

/* Symbol 0xFF, offset 54510 */
    43, 88, 39,
    0x00, 0x00, 0x1F, 0xFF, 0xFF, 0x00, 0x00, 0x03, 0xFF, 0xFF, 0xFF, 0xE0, 0x00, 0x1F, 0xFF, 0xFF, 0xFF, 0xE0, 0x00, 0x7F, 0xFF, 0xFF, 0xFF, 0xE0, 0x00, 0xFF, 0xFF, 0xFF, 0xFF, 0xE0, 0x01, 0xFF, 0xFF, 0xFF, 0xFF, 0xE0, 0x03, 0xFF, 0xFF, 0xFF, 0xFF, 0xE0, 0x07, 0xFF, 0xFF, 0xFF, 0xFF, 0xE0, 0x07, 0xFF, 0xFF, 0xFF, 0xFF, 0xE0, 0x0F, 0xFF, 0xF0, 0x00, 0xFF, 0xE0, 0x0F, 0xFF, 0xC0, 0x00, 0xFF, 0xE0, 0x1F, 0xFF, 0x00, 0x00, 0xFF, 0xE0, 0x1F, 0xFF, 0x00, 0x00, 0xFF, 0xE0, 0x1F, 0xFE, 0x00, 0x00, 0xFF, 0xE0, 0x1F, 0xFE, 0x00, 0x00, 0xFF, 0xE0, 0x1F, 0xFE, 0x00, 0x00, 0xFF, 0xE0, 0x1F, 0xFE, 0x00, 0x00, 0xFF, 0xE0, 0x1F, 0xFE, 0x00, 0x00, 0xFF, 0xE0, 0x1F, 0xFE, 0x00, 0x00, 0xFF, 0xE0, 0x1F, 0xFF, 0x00, 0x00, 0xFF, 0xE0, 0x0F, 0xFF, 0x80, 0x00, 0xFF, 0xE0, 0x0F, 0xFF, 0xC0, 0x00, 0xFF, 0xE0, 0x07, 0xFF, 0xF8, 0x00, 0xFF, 0xE0, 0x07, 0xFF, 0xFF, 0xFF, 0xFF, 0xE0, 0x03, 0xFF, 0xFF, 0xFF, 0xFF, 0xE0, 0x01, 0xFF, 0xFF, 0xFF, 0xFF, 0xE0, 0x00, 0x7F, 0xFF, 0xFF, 0xFF, 0xE0, 0x00, 0x1F, 0xFF, 0xFF, 0xFF, 0xE0, 0x00, 0x07, 0xFF, 0xFF, 0xFF, 0xE0, 0x00, 0x1F, 0xFF, 0xFF, 0xFF, 0xE0, 0x00, 0x7F, 0xFF, 0xFF, 0xFF, 0xE0, 0x00, 0xFF, 0xFE, 0x00, 0xFF, 0xE0, 0x01, 0xFF, 0xF8, 0x00, 0xFF, 0xE0, 0x01, 0xFF, 0xE0, 0x00, 0xFF, 0xE0, 0x03, 0xFF, 0xE0, 0x00, 0xFF, 0xE0, 0x03, 0xFF, 0xC0, 0x00, 0xFF, 0xE0, 0x07, 0xFF, 0x80, 0x00, 0xFF, 0xE0, 0x07, 0xFF, 0x80, 0x00, 0xFF, 0xE0, 0x0F, 0xFF, 0x80, 0x00, 0xFF, 0xE0, 0x0F, 0xFF, 0x00, 0x00, 0xFF, 0xE0, 0x0F, 0xFF, 0x00, 0x00, 0xFF, 0xE0, 0x1F, 0xFF, 0x00, 0x00, 0xFF, 0xE0, 0x1F, 0xFE, 0x00, 0x00, 0xFF, 0xE0, 0x3F, 0xFE, 0x00, 0x00, 0xFF, 0xE0, 0x3F, 0xFC, 0x00, 0x00, 0xFF, 0xE0, 0x7F, 0xFC, 0x00, 0x00, 0xFF, 0xE0, 0x7F, 0xFC, 0x00, 0x00, 0xFF, 0xE0, 0x7F, 0xF8, 0x00, 0x00, 0xFF, 0xE0, 0xFF, 0xF8, 0x00, 0x00, 0xFF, 0xE0
};
