/*
    FaceName - GOST type B
    PointSize - 48
    FontWeight - normal
    Style - normal
    Family - swiss
    Cell width - 50
    Cell height - 75
    Offset x - 0
    Offset y - 0
*/
const unsigned char fontGostB48[22358] =
{
/* 0x00 */   0x00, 0x00,
/* 0x01 */   0x00, 0x00,
/* 0x02 */   0x00, 0x00,
/* 0x03 */   0x00, 0x00,
/* 0x04 */   0x00, 0x00,
/* 0x05 */   0x00, 0x00,
/* 0x06 */   0x00, 0x00,
/* 0x07 */   0x00, 0x00,
/* 0x08 */   0x00, 0x00,
/* 0x09 */   0x00, 0x00,
/* 0x0A */   0x00, 0x00,
/* 0x0B */   0x00, 0x00,
/* 0x0C */   0x00, 0x00,
/* 0x0D */   0x00, 0x00,
/* 0x0E */   0x00, 0x00,
/* 0x0F */   0x00, 0x00,
/* 0x10 */   0x00, 0x00,
/* 0x11 */   0x00, 0x00,
/* 0x12 */   0x00, 0x00,
/* 0x13 */   0x00, 0x00,
/* 0x14 */   0x00, 0x00,
/* 0x15 */   0x00, 0x00,
/* 0x16 */   0x00, 0x00,
/* 0x17 */   0x00, 0x00,
/* 0x18 */   0x00, 0x00,
/* 0x19 */   0x00, 0x00,
/* 0x1A */   0x00, 0x00,
/* 0x1B */   0x00, 0x00,
/* 0x1C */   0x00, 0x00,
/* 0x1D */   0x00, 0x00,
/* 0x1E */   0x00, 0x00,
/* 0x1F */   0x00, 0x00,
/* 0x20 */   0x00, 0x02,
/* 0x21 */   0x0A, 0x02,
/* 0x22 */   0x39, 0x02,
/* 0x23 */   0x56, 0x02,
/* 0x24 */   0x35, 0x03,
/* 0x25 */   0x2C, 0x04,
/* 0x26 */   0x37, 0x05,
/* 0x27 */   0xEA, 0x05,
/* 0x28 */   0xFA, 0x05,
/* 0x29 */   0x67, 0x06,
/* 0x2A */   0xD4, 0x06,
/* 0x2B */   0x0A, 0x07,
/* 0x2C */   0x52, 0x07,
/* 0x2D */   0x64, 0x07,
/* 0x2E */   0x73, 0x07,
/* 0x2F */   0x7A, 0x07,
/* 0x30 */   0x85, 0x08,
/* 0x31 */   0x0C, 0x09,
/* 0x32 */   0x67, 0x09,
/* 0x33 */   0xEE, 0x09,
/* 0x34 */   0x75, 0x0A,
/* 0x35 */   0x28, 0x0B,
/* 0x36 */   0xAF, 0x0B,
/* 0x37 */   0x36, 0x0C,
/* 0x38 */   0xBD, 0x0C,
/* 0x39 */   0x70, 0x0D,
/* 0x3A */   0xF7, 0x0D,
/* 0x3B */   0x10, 0x0E,
/* 0x3C */   0x33, 0x0E,
/* 0x3D */   0x7B, 0x0E,
/* 0x3E */   0xB1, 0x0E,
/* 0x3F */   0xF9, 0x0E,
/* 0x40 */   0x80, 0x0F,
/* 0x41 */   0x8B, 0x10,
/* 0x42 */   0x3E, 0x11,
/* 0x43 */   0xF1, 0x11,
/* 0x44 */   0x78, 0x12,
/* 0x45 */   0x2B, 0x13,
/* 0x46 */   0xB2, 0x13,
/* 0x47 */   0x39, 0x14,
/* 0x48 */   0xEC, 0x14,
/* 0x49 */   0x9F, 0x15,
/* 0x4A */   0xCE, 0x15,
/* 0x4B */   0x55, 0x16,
/* 0x4C */   0x08, 0x17,
/* 0x4D */   0x8F, 0x17,
/* 0x4E */   0x42, 0x18,
/* 0x4F */   0xF5, 0x18,
/* 0x50 */   0xA8, 0x19,
/* 0x51 */   0x5B, 0x1A,
/* 0x52 */   0x0E, 0x1B,
/* 0x53 */   0xC1, 0x1B,
/* 0x54 */   0x74, 0x1C,
/* 0x55 */   0x27, 0x1D,
/* 0x56 */   0xDA, 0x1D,
/* 0x57 */   0x8D, 0x1E,
/* 0x58 */   0x6C, 0x1F,
/* 0x59 */   0x1F, 0x20,
/* 0x5A */   0xD2, 0x20,
/* 0x5B */   0x85, 0x21,
/* 0x5C */   0xF0, 0x21,
/* 0x5D */   0xFB, 0x22,
/* 0x5E */   0x66, 0x23,
/* 0x5F */   0x84, 0x23,
/* 0x60 */   0x97, 0x23,
/* 0x61 */   0x76, 0x24,
/* 0x62 */   0xF5, 0x24,
/* 0x63 */   0x7C, 0x25,
/* 0x64 */   0xDC, 0x25,
/* 0x65 */   0x63, 0x26,
/* 0x66 */   0xC3, 0x26,
/* 0x67 */   0x4A, 0x27,
/* 0x68 */   0xD1, 0x27,
/* 0x69 */   0x58, 0x28,
/* 0x6A */   0x87, 0x28,
/* 0x6B */   0xFC, 0x28,
/* 0x6C */   0x83, 0x29,
/* 0x6D */   0xDE, 0x29,
/* 0x6E */   0x5D, 0x2A,
/* 0x6F */   0xBD, 0x2A,
/* 0x70 */   0x1D, 0x2B,
/* 0x71 */   0xA4, 0x2B,
/* 0x72 */   0x2B, 0x2C,
/* 0x73 */   0x8B, 0x2C,
/* 0x74 */   0xEB, 0x2C,
/* 0x75 */   0x72, 0x2D,
/* 0x76 */   0xD2, 0x2D,
/* 0x77 */   0x32, 0x2E,
/* 0x78 */   0xB1, 0x2E,
/* 0x79 */   0x11, 0x2F,
/* 0x7A */   0x98, 0x2F,
/* 0x7B */   0xF8, 0x2F,
/* 0x7C */   0x63, 0x30,
/* 0x7D */   0x92, 0x30,
/* 0x7E */   0xFD, 0x30,
/* 0x7F */   0x24, 0x31,
/* 0x80 */   0x00, 0x00,
/* 0x81 */   0x00, 0x00,
/* 0x82 */   0x00, 0x00,
/* 0x83 */   0x00, 0x00,
/* 0x84 */   0x00, 0x00,
/* 0x85 */   0x00, 0x00,
/* 0x86 */   0x00, 0x00,
/* 0x87 */   0x00, 0x00,
/* 0x88 */   0x00, 0x00,
/* 0x89 */   0x00, 0x00,
/* 0x8A */   0x00, 0x00,
/* 0x8B */   0x00, 0x00,
/* 0x8C */   0x00, 0x00,
/* 0x8D */   0x00, 0x00,
/* 0x8E */   0x00, 0x00,
/* 0x8F */   0x00, 0x00,
/* 0x90 */   0x00, 0x00,
/* 0x91 */   0x00, 0x00,
/* 0x92 */   0x00, 0x00,
/* 0x93 */   0x00, 0x00,
/* 0x94 */   0x00, 0x00,
/* 0x95 */   0x00, 0x00,
/* 0x96 */   0x00, 0x00,
/* 0x97 */   0x00, 0x00,
/* 0x98 */   0x00, 0x00,
/* 0x99 */   0x00, 0x00,
/* 0x9A */   0x00, 0x00,
/* 0x9B */   0x00, 0x00,
/* 0x9C */   0x00, 0x00,
/* 0x9D */   0x00, 0x00,
/* 0x9E */   0x00, 0x00,
/* 0x9F */   0x00, 0x00,
/* 0xA0 */   0x00, 0x00,
/* 0xA1 */   0x00, 0x00,
/* 0xA2 */   0x00, 0x00,
/* 0xA3 */   0x00, 0x00,
/* 0xA4 */   0x00, 0x00,
/* 0xA5 */   0x00, 0x00,
/* 0xA6 */   0x00, 0x00,
/* 0xA7 */   0x00, 0x00,
/* 0xA8 */   0x00, 0x00,
/* 0xA9 */   0x00, 0x00,
/* 0xAA */   0x00, 0x00,
/* 0xAB */   0x00, 0x00,
/* 0xAC */   0x00, 0x00,
/* 0xAD */   0x00, 0x00,
/* 0xAE */   0x00, 0x00,
/* 0xAF */   0x00, 0x00,
/* 0xB0 */   0x00, 0x00,
/* 0xB1 */   0x00, 0x00,
/* 0xB2 */   0x00, 0x00,
/* 0xB3 */   0x00, 0x00,
/* 0xB4 */   0x00, 0x00,
/* 0xB5 */   0x00, 0x00,
/* 0xB6 */   0x00, 0x00,
/* 0xB7 */   0x00, 0x00,
/* 0xB8 */   0x00, 0x00,
/* 0xB9 */   0x00, 0x00,
/* 0xBA */   0x00, 0x00,
/* 0xBB */   0x00, 0x00,
/* 0xBC */   0x00, 0x00,
/* 0xBD */   0x00, 0x00,
/* 0xBE */   0x00, 0x00,
/* 0xBF */   0x00, 0x00,
/* 0xC0 */   0x81, 0x31,
/* 0xC1 */   0x34, 0x32,
/* 0xC2 */   0xE7, 0x32,
/* 0xC3 */   0x9A, 0x33,
/* 0xC4 */   0x21, 0x34,
/* 0xC5 */   0xE4, 0x34,
/* 0xC6 */   0x6B, 0x35,
/* 0xC7 */   0x4A, 0x36,
/* 0xC8 */   0xD1, 0x36,
/* 0xC9 */   0x84, 0x37,
/* 0xCA */   0x57, 0x38,
/* 0xCB */   0x0A, 0x39,
/* 0xCC */   0xBD, 0x39,
/* 0xCD */   0x70, 0x3A,
/* 0xCE */   0x23, 0x3B,
/* 0xCF */   0xD6, 0x3B,
/* 0xD0 */   0x89, 0x3C,
/* 0xD1 */   0x3C, 0x3D,
/* 0xD2 */   0xC3, 0x3D,
/* 0xD3 */   0x76, 0x3E,
/* 0xD4 */   0x29, 0x3F,
/* 0xD5 */   0x08, 0x40,
/* 0xD6 */   0xBB, 0x40,
/* 0xD7 */   0x8A, 0x41,
/* 0xD8 */   0x3D, 0x42,
/* 0xD9 */   0x1C, 0x43,
/* 0xDA */   0x1E, 0x44,
/* 0xDB */   0xFD, 0x44,
/* 0xDC */   0xB0, 0x45,
/* 0xDD */   0x63, 0x46,
/* 0xDE */   0x16, 0x47,
/* 0xDF */   0xC9, 0x47,
/* 0xE0 */   0x7C, 0x48,
/* 0xE1 */   0xFB, 0x48,
/* 0xE2 */   0x82, 0x49,
/* 0xE3 */   0x09, 0x4A,
/* 0xE4 */   0x69, 0x4A,
/* 0xE5 */   0xF0, 0x4A,
/* 0xE6 */   0x50, 0x4B,
/* 0xE7 */   0xCF, 0x4B,
/* 0xE8 */   0x2F, 0x4C,
/* 0xE9 */   0x8F, 0x4C,
/* 0xEA */   0x16, 0x4D,
/* 0xEB */   0x76, 0x4D,
/* 0xEC */   0xD6, 0x4D,
/* 0xED */   0x55, 0x4E,
/* 0xEE */   0xB5, 0x4E,
/* 0xEF */   0x15, 0x4F,
/* 0xF0 */   0x75, 0x4F,
/* 0xF1 */   0xFC, 0x4F,
/* 0xF2 */   0x5C, 0x50,
/* 0xF3 */   0xDB, 0x50,
/* 0xF4 */   0x62, 0x51,
/* 0xF5 */   0x39, 0x52,
/* 0xF6 */   0x99, 0x52,
/* 0xF7 */   0x28, 0x53,
/* 0xF8 */   0x88, 0x53,
/* 0xF9 */   0x07, 0x54,
/* 0xFA */   0xB9, 0x54,
/* 0xFB */   0x38, 0x55,
/* 0xFC */   0xB7, 0x55,
/* 0xFD */   0x17, 0x56,
/* 0xFE */   0x77, 0x56,
/* 0xFF */   0xF6, 0x56,

/* Symbol 0x20, offset 512 */
    50, 1, 0,
    0x00, 0x00, 0x00, 0x00, 0x00, 0x00, 0x00, 

/* Symbol 0x21, offset 522 */
    4, 57, 13,
    0x60, 0xF0, 0xF0, 0xF0, 0xF0, 0xF0, 0xF0, 0xF0, 0xF0, 0xF0, 0xF0, 0xF0, 0xF0, 0xF0, 0xF0, 0xF0, 0xF0, 0xF0, 0xF0, 0xF0, 0xF0, 0xF0, 0xF0, 0xF0, 0xF0, 0xF0, 0xF0, 0xF0, 0xF0, 0xF0, 0xF0, 0xF0, 0xF0, 0xF0, 0xF0, 0x60, 0x00, 0x00, 0x00, 0x00, 0x60, 0xF0, 0xF0, 0x60, 

/* Symbol 0x22, offset 569 */
    15, 26, 13,
    0x1C, 0x0E, 0x3E, 0x1E, 0x3E, 0x1E, 0x3C, 0x1E, 0x3C, 0x3E, 0x7C, 0x3E, 0x7C, 0x3C, 0x78, 0x3C, 0x78, 0x7C, 0xF8, 0x7C, 0xF8, 0x78, 0xF0, 0x78, 0x70, 0x38, 

/* Symbol 0x23, offset 598 */
    34, 57, 13,
    0x00, 0x07, 0x00, 0x38, 0x00, 0x00, 0x0F, 0x00, 0x3C, 0x00, 0x00, 0x0F, 0x00, 0x7C, 0x00, 0x00, 0x0F, 0x00, 0x7C, 0x00, 0x00, 0x0F, 0x00, 0x7C, 0x00, 0x00, 0x1F, 0x00, 0x78, 0x00, 0x00, 0x1F, 0x00, 0x78, 0x00, 0x00, 0x1E, 0x00, 0x78, 0x00, 0x00, 0x1E, 0x00, 0xF8, 0x00, 0x00, 0x1E, 0x00, 0xF8, 0x00, 0x00, 0x3E, 0x00, 0xF0, 0x00, 0x00, 0x3E, 0x00, 0xF0, 0x00, 0x0F, 0xFF, 0xFF, 0xFF, 0x80, 0x1F, 0xFF, 0xFF, 0xFF, 0xC0, 0x1F, 0xFF, 0xFF, 0xFF, 0xC0, 0x0F, 0xFF, 0xFF, 0xFF, 0x80, 0x00, 0x78, 0x01, 0xE0, 0x00, 0x00, 0x78, 0x03, 0xE0, 0x00, 0x00, 0x78, 0x03, 0xE0, 0x00, 0x00, 0xF8, 0x03, 0xC0, 0x00, 0x00, 0xF8, 0x03, 0xC0, 0x00, 0x00, 0xF0, 0x07, 0xC0, 0x00, 0x00, 0xF0, 0x07, 0xC0, 0x00, 0x00, 0xF0, 0x07, 0xC0, 0x00, 0x01, 0xF0, 0x07, 0x80, 0x00, 0x01, 0xF0, 0x07, 0x80, 0x00, 0x01, 0xE0, 0x0F, 0x80, 0x00, 0x01, 0xE0, 0x0F, 0x80, 0x00, 0x03, 0xE0, 0x0F, 0x00, 0x00, 0xFF, 0xFF, 0xFF, 0xF8, 0x00, 0xFF, 0xFF, 0xFF, 0xFC, 0x00, 0xFF, 0xFF, 0xFF, 0xFC, 0x00, 0xFF, 0xFF, 0xFF, 0xF8, 0x00, 0x07, 0xC0, 0x1E, 0x00, 0x00, 0x07, 0xC0, 0x1E, 0x00, 0x00, 0x07, 0x80, 0x3E, 0x00, 0x00, 0x07, 0x80, 0x3E, 0x00, 0x00, 0x0F, 0x80, 0x3C, 0x00, 0x00, 0x0F, 0x80, 0x3C, 0x00, 0x00, 0x0F, 0x80, 0x7C, 0x00, 0x00, 0x0F, 0x00, 0x7C, 0x00, 0x00, 0x0F, 0x00, 0x7C, 0x00, 0x00, 0x0F, 0x00, 0x78, 0x00, 0x00, 0x0E, 0x00, 0x38, 0x00, 0x00, 

/* Symbol 0x24, offset 821 */
    26, 66, 5,
    0x00, 0x1E, 0x00, 0x00, 0x00, 0x1E, 0x00, 0x00, 0x00, 0x1E, 0x00, 0x00, 0x00, 0x1E, 0x00, 0x00, 0x00, 0x1E, 0x00, 0x00, 0x00, 0x1E, 0x00, 0x00, 0x00, 0x1E, 0x00, 0x00, 0x00, 0x1E, 0x00, 0x00, 0x00, 0x1F, 0x00, 0x00, 0x01, 0xFF, 0xF0, 0x00, 0x0F, 0xFF, 0xFC, 0x00, 0x1F, 0xFF, 0xFE, 0x00, 0x3F, 0x9F, 0xFF, 0x80, 0x7C, 0x1E, 0x3F, 0x80, 0x78, 0x1E, 0x0F, 0x80, 0xF8, 0x1E, 0x03, 0x00, 0xF0, 0x1E, 0x00, 0x00, 0xF0, 0x1E, 0x00, 0x00, 0xF0, 0x1E, 0x00, 0x00, 0xF8, 0x1E, 0x00, 0x00, 0xFC, 0x1E, 0x00, 0x00, 0x7F, 0x1E, 0x00, 0x00, 0x7F, 0x9E, 0x00, 0x00, 0x3F, 0xDE, 0x00, 0x00, 0x1F, 0xFE, 0x00, 0x00, 0x07, 0xFE, 0x00, 0x00, 0x03, 0xFE, 0x00, 0x00, 0x00, 0xFE, 0x00, 0x00, 0x00, 0x7F, 0x00, 0x00, 0x00, 0x3F, 0xC0, 0x00, 0x00, 0x1F, 0xE0, 0x00, 0x00, 0x1F, 0xF0, 0x00, 0x00, 0x1F, 0xFC, 0x00, 0x00, 0x1E, 0xFE, 0x00, 0x00, 0x1E, 0x7F, 0x00, 0x00, 0x1E, 0x1F, 0x00, 0x00, 0x1E, 0x0F, 0x80, 0x00, 0x1E, 0x07, 0x80, 0x00, 0x1E, 0x07, 0xC0, 0x00, 0x1E, 0x03, 0xC0, 0x00, 0x1E, 0x03, 0xC0, 0x00, 0x1E, 0x03, 0xC0, 0x00, 0x1E, 0x03, 0xC0, 0x00, 0x1E, 0x03, 0xC0, 0x60, 0x1E, 0x07, 0xC0, 0xF8, 0x1E, 0x0F, 0x80, 0xFE, 0x1E, 0x3F, 0x80, 0xFF, 0x9F, 0xFF, 0x00, 0x3F, 0xFF, 0xFE, 0x00, 0x1F, 0xFF, 0xFC, 0x00, 0x07, 0xFF, 0xF0, 0x00, 0x00, 0xFF, 0x80, 0x00, 0x00, 0x1E, 0x00, 0x00, 0x00, 0x1E, 0x00, 0x00, 0x00, 0x1E, 0x00, 0x00, 0x00, 0x1E, 0x00, 0x00, 0x00, 0x1E, 0x00, 0x00, 0x00, 0x1E, 0x00, 0x00, 0x00, 0x1E, 0x00, 0x00, 0x00, 0x1E, 0x00, 0x00, 0x00, 0x0C, 0x00, 0x00, 

/* Symbol 0x25, offset 1068 */
    46, 57, 13,
    0x01, 0xF8, 0x00, 0x00, 0x00, 0xE0, 0x07, 0xFF, 0x00, 0x00, 0x01, 0xF0, 0x1F, 0xFF, 0x80, 0x00, 0x01, 0xF0, 0x3F, 0xFF, 0xC0, 0x00, 0x03, 0xE0, 0x7E, 0x07, 0xE0, 0x00, 0x07, 0xE0, 0x7C, 0x03, 0xE0, 0x00, 0x07, 0xC0, 0x78, 0x01, 0xF0, 0x00, 0x0F, 0x80, 0xF0, 0x00, 0xF0, 0x00, 0x1F, 0x80, 0xF0, 0x00, 0xF0, 0x00, 0x1F, 0x00, 0xF0, 0x00, 0xF0, 0x00, 0x3E, 0x00, 0xF0, 0x00, 0xF0, 0x00, 0x7E, 0x00, 0xF0, 0x00, 0xF0, 0x00, 0x7C, 0x00, 0xF0, 0x00, 0xF0, 0x00, 0xF8, 0x00, 0xF8, 0x01, 0xE0, 0x01, 0xF8, 0x00, 0x7C, 0x03, 0xE0, 0x01, 0xF0, 0x00, 0x7E, 0x07, 0xE0, 0x03, 0xE0, 0x00, 0x3F, 0xFF, 0xC0, 0x07, 0xE0, 0x00, 0x1F, 0xFF, 0x80, 0x07, 0xC0, 0x00, 0x0F, 0xFF, 0x00, 0x0F, 0x80, 0x00, 0x01, 0xF8, 0x00, 0x1F, 0x80, 0x00, 0x00, 0x00, 0x00, 0x1F, 0x00, 0x00, 0x00, 0x00, 0x00, 0x3E, 0x00, 0x00, 0x00, 0x00, 0x00, 0x7E, 0x00, 0x00, 0x00, 0x00, 0x00, 0x7C, 0x00, 0x00, 0x00, 0x00, 0x00, 0xF8, 0x00, 0x00, 0x00, 0x00, 0x01, 0xF8, 0x00, 0x0C, 0x00, 0x00, 0x01, 0xF0, 0x00, 0x7C, 0x00, 0x00, 0x03, 0xE0, 0x00, 0xFC, 0x00, 0x00, 0x07, 0xE0, 0x01, 0xFC, 0x00, 0x00, 0x07, 0xC0, 0x03, 0xF0, 0x00, 0x00, 0x0F, 0x80, 0x03, 0xE0, 0x00, 0x00, 0x1F, 0x80, 0x07, 0xC0, 0x00, 0x00, 0x1F, 0x00, 0x07, 0x80, 0x00, 0x00, 0x3E, 0x00, 0x07, 0x80, 0x00, 0x00, 0x7E, 0x00, 0x07, 0x80, 0x00, 0x00, 0x7C, 0x00, 0x07, 0x80, 0x00, 0x00, 0xF8, 0x00, 0x07, 0x80, 0x00, 0x01, 0xF8, 0x00, 0x07, 0xC0, 0x00, 0x01, 0xF0, 0x00, 0x03, 0xE0, 0x00, 0x03, 0xE0, 0x00, 0x03, 0xF0, 0x00, 0x07, 0xE0, 0x00, 0x01, 0xFC, 0x00, 0x07, 0xC0, 0x00, 0x00, 0xFC, 0x00, 0x07, 0x80, 0x00, 0x00, 0x7C, 0x00, 0x03, 0x80, 0x00, 0x00, 0x0C, 

/* Symbol 0x26, offset 1335 */
    31, 57, 13,
    0x00, 0x1F, 0x00, 0x00, 0x00, 0x7F, 0xC0, 0x00, 0x00, 0xFF, 0xE0, 0x00, 0x01, 0xFF, 0xF0, 0x00, 0x03, 0xE1, 0xF8, 0x00, 0x03, 0xC0, 0x78, 0x00, 0x07, 0x80, 0x7C, 0x00, 0x07, 0x80, 0x3C, 0x00, 0x07, 0x80, 0x3C, 0x00, 0x07, 0x80, 0x3C, 0x00, 0x07, 0xC0, 0x7C, 0x00, 0x03, 0xE1, 0xFC, 0x00, 0x03, 0xE3, 0xF8, 0x00, 0x01, 0xF7, 0xF0, 0x00, 0x01, 0xFF, 0xE0, 0x00, 0x00, 0xFF, 0xC0, 0x00, 0x00, 0x7F, 0x00, 0x00, 0x00, 0xFE, 0x00, 0x00, 0x01, 0xFF, 0x00, 0x00, 0x03, 0xFF, 0x00, 0x00, 0x07, 0xFF, 0x80, 0x00, 0x0F, 0xEF, 0xC0, 0x00, 0x1F, 0x87, 0xC0, 0x00, 0x3F, 0x07, 0xE0, 0x00, 0x3E, 0x03, 0xF0, 0x00, 0x7C, 0x01, 0xF0, 0x00, 0x78, 0x00, 0xF8, 0x00, 0xF8, 0x00, 0xFC, 0x00, 0xF0, 0x00, 0x7E, 0x00, 0xF0, 0x00, 0x3E, 0x0C, 0xF0, 0x00, 0x3F, 0x1E, 0xF0, 0x00, 0x1F, 0xBE, 0xF0, 0x00, 0x0F, 0xFE, 0xF0, 0x00, 0x0F, 0xFC, 0x78, 0x00, 0x07, 0xF8, 0x78, 0x00, 0x03, 0xF0, 0x3C, 0x00, 0x07, 0xF0, 0x3E, 0x00, 0x1F, 0xF8, 0x1F, 0x00, 0x3F, 0xF8, 0x0F, 0xC0, 0xFF, 0xFC, 0x07, 0xFF, 0xFF, 0x7E, 0x03, 0xFF, 0xFC, 0x3E, 0x00, 0xFF, 0xF0, 0x3E, 0x00, 0x3F, 0xC0, 0x1C, 

/* Symbol 0x27, offset 1514 */
    6, 26, 13,
    0x1C, 0x3C, 0x3C, 0x3C, 0x7C, 0x7C, 0x78, 0x78, 0xF8, 0xF8, 0xF0, 0xF0, 0x60, 

/* Symbol 0x28, offset 1530 */
    10, 64, 11,
    0x01, 0xC0, 0x03, 0xC0, 0x03, 0xC0, 0x07, 0xC0, 0x07, 0x80, 0x0F, 0x80, 0x0F, 0x00, 0x1F, 0x00, 0x1F, 0x00, 0x1E, 0x00, 0x3E, 0x00, 0x3C, 0x00, 0x3C, 0x00, 0x3C, 0x00, 0x7C, 0x00, 0x78, 0x00, 0x78, 0x00, 0x78, 0x00, 0x78, 0x00, 0xF8, 0x00, 0xF0, 0x00, 0xF0, 0x00, 0xF0, 0x00, 0xF0, 0x00, 0xF0, 0x00, 0xF0, 0x00, 0xF0, 0x00, 0xF0, 0x00, 0xF0, 0x00, 0xF0, 0x00, 0xF0, 0x00, 0xF0, 0x00, 0xF0, 0x00, 0x78, 0x00, 0x78, 0x00, 0x78, 0x00, 0x78, 0x00, 0x78, 0x00, 0x7C, 0x00, 0x3C, 0x00, 0x3C, 0x00, 0x3C, 0x00, 0x1E, 0x00, 0x1E, 0x00, 0x1F, 0x00, 0x0F, 0x00, 0x0F, 0x00, 0x0F, 0x80, 0x07, 0x80, 0x07, 0xC0, 0x03, 0xC0, 0x03, 0xC0, 0x01, 0xC0, 

/* Symbol 0x29, offset 1639 */
    11, 64, 11,
    0x70, 0x00, 0xF0, 0x00, 0xF8, 0x00, 0x7C, 0x00, 0x7C, 0x00, 0x3C, 0x00, 0x3E, 0x00, 0x1E, 0x00, 0x1F, 0x00, 0x0F, 0x00, 0x0F, 0x00, 0x0F, 0x80, 0x07, 0x80, 0x07, 0x80, 0x07, 0x80, 0x03, 0xC0, 0x03, 0xC0, 0x03, 0xC0, 0x03, 0xC0, 0x01, 0xC0, 0x01, 0xE0, 0x01, 0xE0, 0x01, 0xE0, 0x01, 0xE0, 0x01, 0xE0, 0x01, 0xE0, 0x01, 0xE0, 0x01, 0xE0, 0x01, 0xE0, 0x01, 0xE0, 0x01, 0xE0, 0x01, 0xE0, 0x01, 0xE0, 0x03, 0xE0, 0x03, 0xC0, 0x03, 0xC0, 0x03, 0xC0, 0x03, 0xC0, 0x07, 0xC0, 0x07, 0x80, 0x07, 0x80, 0x0F, 0x80, 0x0F, 0x80, 0x1F, 0x00, 0x1F, 0x00, 0x1E, 0x00, 0x3E, 0x00, 0x3E, 0x00, 0x7C, 0x00, 0x7C, 0x00, 0xF8, 0x00, 0xF8, 0x00, 0x70, 0x00, 

/* Symbol 0x2A, offset 1748 */
    20, 30, 13,
    0x06, 0x06, 0x00, 0x0F, 0x0F, 0x00, 0x0F, 0x9F, 0x00, 0x0F, 0xFE, 0x00, 0x07, 0xFE, 0x00, 0x03, 0xFC, 0x00, 0x7F, 0xFF, 0xE0, 0xFF, 0xFF, 0xF0, 0xFF, 0xFF, 0xF0, 0x7F, 0xFF, 0xE0, 0x03, 0xFC, 0x00, 0x07, 0xFE, 0x00, 0x07, 0xFE, 0x00, 0x0F, 0x9F, 0x00, 0x0F, 0x9F, 0x00, 0x0F, 0x0F, 0x00, 0x06, 0x06, 0x00, 

/* Symbol 0x2B, offset 1802 */
    22, 53, 30,
    0x00, 0x30, 0x00, 0x00, 0x78, 0x00, 0x00, 0x78, 0x00, 0x00, 0x78, 0x00, 0x00, 0x78, 0x00, 0x00, 0x78, 0x00, 0x00, 0x78, 0x00, 0x00, 0x78, 0x00, 0x00, 0x78, 0x00, 0x7F, 0xFF, 0xF8, 0xFF, 0xFF, 0xFC, 0xFF, 0xFF, 0xFC, 0x7F, 0xFF, 0xF8, 0x00, 0x78, 0x00, 0x00, 0x78, 0x00, 0x00, 0x78, 0x00, 0x00, 0x78, 0x00, 0x00, 0x78, 0x00, 0x00, 0x78, 0x00, 0x00, 0x78, 0x00, 0x00, 0x78, 0x00, 0x00, 0x78, 0x00, 0x00, 0x30, 0x00, 

/* Symbol 0x2C, offset 1874 */
    7, 66, 51,
    0x0C, 0x1E, 0x1E, 0x1E, 0x1E, 0x1E, 0x3E, 0x3C, 0x3C, 0x7C, 0x7C, 0x78, 0xF8, 0xF8, 0x70, 

/* Symbol 0x2D, offset 1892 */
    22, 43, 39,
    0x7F, 0xFF, 0xF8, 0xFF, 0xFF, 0xFC, 0xFF, 0xFF, 0xFC, 0x7F, 0xFF, 0xFC, 

/* Symbol 0x2E, offset 1907 */
    4, 57, 53,
    0x60, 0xF0, 0xF0, 0x60, 

/* Symbol 0x2F, offset 1914 */
    29, 66, 0,
    0x00, 0x00, 0x00, 0x70, 0x00, 0x00, 0x00, 0xF8, 0x00, 0x00, 0x00, 0xF8, 0x00, 0x00, 0x00, 0xF0, 0x00, 0x00, 0x01, 0xF0, 0x00, 0x00, 0x01, 0xF0, 0x00, 0x00, 0x03, 0xE0, 0x00, 0x00, 0x03, 0xE0, 0x00, 0x00, 0x03, 0xC0, 0x00, 0x00, 0x07, 0xC0, 0x00, 0x00, 0x07, 0xC0, 0x00, 0x00, 0x07, 0x80, 0x00, 0x00, 0x0F, 0x80, 0x00, 0x00, 0x0F, 0x80, 0x00, 0x00, 0x1F, 0x00, 0x00, 0x00, 0x1F, 0x00, 0x00, 0x00, 0x1E, 0x00, 0x00, 0x00, 0x3E, 0x00, 0x00, 0x00, 0x3E, 0x00, 0x00, 0x00, 0x7C, 0x00, 0x00, 0x00, 0x7C, 0x00, 0x00, 0x00, 0x78, 0x00, 0x00, 0x00, 0xF8, 0x00, 0x00, 0x00, 0xF8, 0x00, 0x00, 0x01, 0xF0, 0x00, 0x00, 0x01, 0xF0, 0x00, 0x00, 0x01, 0xE0, 0x00, 0x00, 0x03, 0xE0, 0x00, 0x00, 0x03, 0xE0, 0x00, 0x00, 0x03, 0xC0, 0x00, 0x00, 0x07, 0xC0, 0x00, 0x00, 0x07, 0x80, 0x00, 0x00, 0x0F, 0x80, 0x00, 0x00, 0x0F, 0x80, 0x00, 0x00, 0x0F, 0x00, 0x00, 0x00, 0x1F, 0x00, 0x00, 0x00, 0x1F, 0x00, 0x00, 0x00, 0x3E, 0x00, 0x00, 0x00, 0x3E, 0x00, 0x00, 0x00, 0x3C, 0x00, 0x00, 0x00, 0x7C, 0x00, 0x00, 0x00, 0x7C, 0x00, 0x00, 0x00, 0xF8, 0x00, 0x00, 0x00, 0xF8, 0x00, 0x00, 0x00, 0xF0, 0x00, 0x00, 0x01, 0xF0, 0x00, 0x00, 0x01, 0xF0, 0x00, 0x00, 0x01, 0xE0, 0x00, 0x00, 0x03, 0xE0, 0x00, 0x00, 0x03, 0xC0, 0x00, 0x00, 0x07, 0xC0, 0x00, 0x00, 0x07, 0xC0, 0x00, 0x00, 0x07, 0x80, 0x00, 0x00, 0x0F, 0x80, 0x00, 0x00, 0x0F, 0x80, 0x00, 0x00, 0x1F, 0x00, 0x00, 0x00, 0x1F, 0x00, 0x00, 0x00, 0x1E, 0x00, 0x00, 0x00, 0x3E, 0x00, 0x00, 0x00, 0x3E, 0x00, 0x00, 0x00, 0x7C, 0x00, 0x00, 0x00, 0x7C, 0x00, 0x00, 0x00, 0x78, 0x00, 0x00, 0x00, 0xF8, 0x00, 0x00, 0x00, 0xF8, 0x00, 0x00, 0x00, 0x70, 0x00, 0x00, 0x00, 

/* Symbol 0x30, offset 2181 */
    22, 57, 13,
    0x01, 0xFE, 0x00, 0x07, 0xFF, 0x80, 0x1F, 0xFF, 0xE0, 0x3F, 0xFF, 0xF0, 0x3E, 0x01, 0xF8, 0x7C, 0x00, 0xF8, 0x78, 0x00, 0x78, 0xF0, 0x00, 0x3C, 0xF0, 0x00, 0x3C, 0xF0, 0x00, 0x3C, 0xF0, 0x00, 0x3C, 0xF0, 0x00, 0x3C, 0xF0, 0x00, 0x3C, 0xF0, 0x00, 0x3C, 0xF0, 0x00, 0x3C, 0xF0, 0x00, 0x3C, 0xF0, 0x00, 0x3C, 0xF0, 0x00, 0x3C, 0xF0, 0x00, 0x3C, 0xF0, 0x00, 0x3C, 0xF0, 0x00, 0x3C, 0xF0, 0x00, 0x3C, 0xF0, 0x00, 0x3C, 0xF0, 0x00, 0x3C, 0xF0, 0x00, 0x3C, 0xF0, 0x00, 0x3C, 0xF0, 0x00, 0x3C, 0xF0, 0x00, 0x3C, 0xF0, 0x00, 0x3C, 0xF0, 0x00, 0x3C, 0xF0, 0x00, 0x3C, 0xF0, 0x00, 0x3C, 0xF0, 0x00, 0x3C, 0xF0, 0x00, 0x3C, 0xF0, 0x00, 0x3C, 0xF0, 0x00, 0x3C, 0xF0, 0x00, 0x3C, 0xF8, 0x00, 0x78, 0x7C, 0x00, 0xF8, 0x7E, 0x01, 0xF0, 0x3F, 0xFF, 0xF0, 0x1F, 0xFF, 0xE0, 0x0F, 0xFF, 0xC0, 0x01, 0xFE, 0x00, 

/* Symbol 0x31, offset 2316 */
    14, 57, 13,
    0x00, 0x3C, 0x00, 0x7C, 0x00, 0xFC, 0x01, 0xFC, 0x03, 0xFC, 0x07, 0xFC, 0x0F, 0xFC, 0x1F, 0xFC, 0x3F, 0xBC, 0x7F, 0x3C, 0xFE, 0x3C, 0xFC, 0x3C, 0x78, 0x3C, 0x00, 0x3C, 0x00, 0x3C, 0x00, 0x3C, 0x00, 0x3C, 0x00, 0x3C, 0x00, 0x3C, 0x00, 0x3C, 0x00, 0x3C, 0x00, 0x3C, 0x00, 0x3C, 0x00, 0x3C, 0x00, 0x3C, 0x00, 0x3C, 0x00, 0x3C, 0x00, 0x3C, 0x00, 0x3C, 0x00, 0x3C, 0x00, 0x3C, 0x00, 0x3C, 0x00, 0x3C, 0x00, 0x3C, 0x00, 0x3C, 0x00, 0x3C, 0x00, 0x3C, 0x00, 0x3C, 0x00, 0x3C, 0x00, 0x3C, 0x00, 0x3C, 0x00, 0x3C, 0x00, 0x3C, 0x00, 0x18, 

/* Symbol 0x32, offset 2407 */
    22, 57, 13,
    0x01, 0xF8, 0x00, 0x07, 0xFF, 0x00, 0x1F, 0xFF, 0x80, 0x3F, 0xFF, 0xE0, 0x7F, 0x07, 0xE0, 0x7C, 0x01, 0xF0, 0xF8, 0x00, 0xF8, 0x70, 0x00, 0x78, 0x00, 0x00, 0x7C, 0x00, 0x00, 0x3C, 0x00, 0x00, 0x3C, 0x00, 0x00, 0x3C, 0x00, 0x00, 0x3C, 0x00, 0x00, 0x3C, 0x00, 0x00, 0x7C, 0x00, 0x00, 0xF8, 0x00, 0x00, 0xF8, 0x00, 0x01, 0xF0, 0x00, 0x01, 0xF0, 0x00, 0x03, 0xE0, 0x00, 0x07, 0xE0, 0x00, 0x07, 0xC0, 0x00, 0x0F, 0x80, 0x00, 0x1F, 0x80, 0x00, 0x1F, 0x00, 0x00, 0x3E, 0x00, 0x00, 0x3E, 0x00, 0x00, 0x7C, 0x00, 0x00, 0xFC, 0x00, 0x00, 0xF8, 0x00, 0x01, 0xF0, 0x00, 0x03, 0xF0, 0x00, 0x03, 0xE0, 0x00, 0x07, 0xE0, 0x00, 0x07, 0xC0, 0x00, 0x0F, 0x80, 0x00, 0x1F, 0x80, 0x00, 0x1F, 0x00, 0x00, 0x3E, 0x00, 0x00, 0x7E, 0x00, 0x00, 0x7F, 0xFF, 0xF8, 0xFF, 0xFF, 0xFC, 0xFF, 0xFF, 0xFC, 0x7F, 0xFF, 0xFC, 

/* Symbol 0x33, offset 2542 */
    22, 57, 13,
    0x7F, 0xFE, 0x00, 0xFF, 0xFF, 0x80, 0xFF, 0xFF, 0xC0, 0x7F, 0xFF, 0xE0, 0x00, 0x03, 0xF0, 0x00, 0x00, 0xF8, 0x00, 0x00, 0x78, 0x00, 0x00, 0x7C, 0x00, 0x00, 0x3C, 0x00, 0x00, 0x3C, 0x00, 0x00, 0x3C, 0x00, 0x00, 0x3C, 0x00, 0x00, 0x3C, 0x00, 0x00, 0x78, 0x00, 0x00, 0x78, 0x00, 0x00, 0xF8, 0x00, 0x03, 0xF0, 0x07, 0xFF, 0xE0, 0x0F, 0xFF, 0xC0, 0x0F, 0xFF, 0xC0, 0x07, 0xFF, 0xE0, 0x00, 0x03, 0xF0, 0x00, 0x01, 0xF0, 0x00, 0x00, 0xF8, 0x00, 0x00, 0x78, 0x00, 0x00, 0x3C, 0x00, 0x00, 0x3C, 0x00, 0x00, 0x3C, 0x00, 0x00, 0x3C, 0x00, 0x00, 0x3C, 0x00, 0x00, 0x3C, 0x00, 0x00, 0x3C, 0x00, 0x00, 0x3C, 0x00, 0x00, 0x3C, 0x00, 0x00, 0x3C, 0x00, 0x00, 0x3C, 0x00, 0x00, 0x78, 0x00, 0x00, 0xF8, 0x00, 0x01, 0xF0, 0x00, 0x03, 0xF0, 0x7F, 0xFF, 0xE0, 0xFF, 0xFF, 0xC0, 0xFF, 0xFF, 0x00, 0x7F, 0xFC, 0x00, 

/* Symbol 0x34, offset 2677 */
    27, 57, 13,
    0x00, 0x38, 0x00, 0x00, 0x00, 0x78, 0x00, 0x00, 0x00, 0x78, 0x00, 0x00, 0x00, 0x78, 0x00, 0x00, 0x00, 0xF8, 0x00, 0x00, 0x00, 0xF8, 0x00, 0x00, 0x00, 0xF0, 0x00, 0x00, 0x00, 0xF0, 0x00, 0x00, 0x01, 0xF0, 0x00, 0x00, 0x01, 0xF0, 0x00, 0x00, 0x01, 0xE0, 0x00, 0x00, 0x03, 0xE0, 0x00, 0x00, 0x03, 0xE0, 0x00, 0x00, 0x03, 0xE0, 0x00, 0x00, 0x03, 0xC0, 0x00, 0x00, 0x07, 0xC0, 0x00, 0x00, 0x07, 0xC0, 0x00, 0x00, 0x07, 0x80, 0x00, 0x00, 0x07, 0x80, 0x00, 0x00, 0x0F, 0x80, 0x00, 0x00, 0x0F, 0x80, 0x00, 0x00, 0x0F, 0x00, 0x00, 0x00, 0x1F, 0x00, 0x00, 0x00, 0x1F, 0x00, 0x60, 0x00, 0x1E, 0x00, 0xF0, 0x00, 0x1E, 0x00, 0xF0, 0x00, 0x3E, 0x00, 0xF0, 0x00, 0x3E, 0x00, 0xF0, 0x00, 0x3C, 0x00, 0xF0, 0x00, 0x3C, 0x00, 0xF0, 0x00, 0x7C, 0x00, 0xF0, 0x00, 0x7C, 0x00, 0xF0, 0x00, 0x7F, 0xFF, 0xFF, 0xC0, 0xFF, 0xFF, 0xFF, 0xE0, 0xFF, 0xFF, 0xFF, 0xE0, 0x7F, 0xFF, 0xFF, 0xC0, 0x00, 0x00, 0xF0, 0x00, 0x00, 0x00, 0xF0, 0x00, 0x00, 0x00, 0xF0, 0x00, 0x00, 0x00, 0xF0, 0x00, 0x00, 0x00, 0xF0, 0x00, 0x00, 0x00, 0xF0, 0x00, 0x00, 0x00, 0xF0, 0x00, 0x00, 0x00, 0x60, 0x00, 

/* Symbol 0x35, offset 2856 */
    22, 57, 13,
    0x7F, 0xFF, 0xF8, 0xFF, 0xFF, 0xFC, 0xFF, 0xFF, 0xFC, 0xFF, 0xFF, 0xF8, 0xF0, 0x00, 0x00, 0xF0, 0x00, 0x00, 0xF0, 0x00, 0x00, 0xF0, 0x00, 0x00, 0xF0, 0x00, 0x00, 0xF0, 0x00, 0x00, 0xF0, 0x00, 0x00, 0xF0, 0x00, 0x00, 0xF0, 0x00, 0x00, 0xF0, 0x00, 0x00, 0xF0, 0x00, 0x00, 0xF0, 0x00, 0x00, 0xF0, 0x00, 0x00, 0xFF, 0xFC, 0x00, 0xFF, 0xFF, 0x00, 0xFF, 0xFF, 0xC0, 0x7F, 0xFF, 0xE0, 0x00, 0x03, 0xF0, 0x00, 0x01, 0xF0, 0x00, 0x00, 0xF8, 0x00, 0x00, 0x78, 0x00, 0x00, 0x3C, 0x00, 0x00, 0x3C, 0x00, 0x00, 0x3C, 0x00, 0x00, 0x3C, 0x00, 0x00, 0x3C, 0x00, 0x00, 0x3C, 0x00, 0x00, 0x3C, 0x00, 0x00, 0x3C, 0x00, 0x00, 0x3C, 0x00, 0x00, 0x3C, 0x00, 0x00, 0x3C, 0x00, 0x00, 0x78, 0x00, 0x00, 0xF8, 0x00, 0x01, 0xF0, 0x00, 0x03, 0xF0, 0x7F, 0xFF, 0xE0, 0xFF, 0xFF, 0xC0, 0xFF, 0xFF, 0x00, 0x7F, 0xFC, 0x00, 

/* Symbol 0x36, offset 2991 */
    22, 57, 13,
    0x00, 0x03, 0x80, 0x00, 0x0F, 0x80, 0x00, 0x3F, 0x80, 0x00, 0x7F, 0x80, 0x00, 0xFE, 0x00, 0x01, 0xF8, 0x00, 0x03, 0xF0, 0x00, 0x07, 0xE0, 0x00, 0x0F, 0xC0, 0x00, 0x0F, 0x80, 0x00, 0x1F, 0x00, 0x00, 0x1E, 0x00, 0x00, 0x3E, 0x00, 0x00, 0x3C, 0x00, 0x00, 0x3C, 0x00, 0x00, 0x7C, 0x00, 0x00, 0x78, 0x00, 0x00, 0x7F, 0xFF, 0x00, 0x7F, 0xFF, 0xC0, 0xFF, 0xFF, 0xE0, 0xFF, 0xFF, 0xF0, 0xF0, 0x00, 0xF8, 0xF0, 0x00, 0x78, 0xF0, 0x00, 0x7C, 0xF0, 0x00, 0x3C, 0xF0, 0x00, 0x3C, 0xF0, 0x00, 0x3C, 0xF0, 0x00, 0x3C, 0xF0, 0x00, 0x3C, 0xF0, 0x00, 0x3C, 0xF0, 0x00, 0x3C, 0xF0, 0x00, 0x3C, 0xF0, 0x00, 0x3C, 0xF0, 0x00, 0x3C, 0xF0, 0x00, 0x3C, 0xF0, 0x00, 0x3C, 0xF0, 0x00, 0x3C, 0xF8, 0x00, 0x3C, 0x78, 0x00, 0x78, 0x7E, 0x01, 0xF8, 0x3F, 0xFF, 0xF0, 0x1F, 0xFF, 0xE0, 0x0F, 0xFF, 0xC0, 0x03, 0xFF, 0x00, 

/* Symbol 0x37, offset 3126 */
    22, 57, 13,
    0x7F, 0xFF, 0xFC, 0xFF, 0xFF, 0xFC, 0xFF, 0xFF, 0xFC, 0xFF, 0xFF, 0xFC, 0xF0, 0x00, 0x7C, 0xF0, 0x00, 0x78, 0xF0, 0x00, 0x78, 0xF0, 0x00, 0xF8, 0x60, 0x00, 0xF8, 0x00, 0x00, 0xF0, 0x00, 0x01, 0xF0, 0x00, 0x01, 0xF0, 0x00, 0x01, 0xE0, 0x00, 0x01, 0xE0, 0x00, 0x03, 0xE0, 0x00, 0x03, 0xE0, 0x00, 0x03, 0xC0, 0x00, 0x03, 0xC0, 0x00, 0x07, 0xC0, 0x00, 0x07, 0xC0, 0x00, 0x07, 0x80, 0x00, 0x0F, 0x80, 0x00, 0x0F, 0x80, 0x00, 0x0F, 0x00, 0x00, 0x0F, 0x00, 0x00, 0x1F, 0x00, 0x00, 0x1F, 0x00, 0x00, 0x1E, 0x00, 0x00, 0x3E, 0x00, 0x00, 0x3E, 0x00, 0x00, 0x3C, 0x00, 0x00, 0x3C, 0x00, 0x00, 0x7C, 0x00, 0x00, 0x7C, 0x00, 0x00, 0x78, 0x00, 0x00, 0x78, 0x00, 0x00, 0xF8, 0x00, 0x00, 0xF8, 0x00, 0x00, 0xF0, 0x00, 0x01, 0xF0, 0x00, 0x01, 0xF0, 0x00, 0x01, 0xE0, 0x00, 0x01, 0xE0, 0x00, 0x00, 0xE0, 0x00, 

/* Symbol 0x38, offset 3261 */
    26, 57, 13,
    0x00, 0x7F, 0x80, 0x00, 0x01, 0xFF, 0xE0, 0x00, 0x03, 0xFF, 0xF0, 0x00, 0x07, 0xFF, 0xF8, 0x00, 0x0F, 0xC0, 0xFC, 0x00, 0x1F, 0x00, 0x3E, 0x00, 0x1E, 0x00, 0x1E, 0x00, 0x3E, 0x00, 0x1F, 0x00, 0x3C, 0x00, 0x0F, 0x00, 0x3C, 0x00, 0x0F, 0x00, 0x3C, 0x00, 0x0F, 0x00, 0x3C, 0x00, 0x0F, 0x00, 0x3C, 0x00, 0x0F, 0x00, 0x3E, 0x00, 0x1F, 0x00, 0x1E, 0x00, 0x1E, 0x00, 0x1F, 0x00, 0x3E, 0x00, 0x0F, 0xC0, 0xFC, 0x00, 0x0F, 0xFF, 0xFC, 0x00, 0x07, 0xFF, 0xF8, 0x00, 0x07, 0xFF, 0xF8, 0x00, 0x1F, 0xFF, 0xFE, 0x00, 0x1F, 0xC0, 0xFE, 0x00, 0x3F, 0x00, 0x3F, 0x00, 0x7E, 0x00, 0x1F, 0x80, 0x7C, 0x00, 0x0F, 0x80, 0x78, 0x00, 0x07, 0x80, 0xF8, 0x00, 0x07, 0xC0, 0xF0, 0x00, 0x03, 0xC0, 0xF0, 0x00, 0x03, 0xC0, 0xF0, 0x00, 0x03, 0xC0, 0xF0, 0x00, 0x03, 0xC0, 0xF0, 0x00, 0x03, 0xC0, 0xF0, 0x00, 0x03, 0xC0, 0xF0, 0x00, 0x03, 0xC0, 0xF8, 0x00, 0x07, 0x80, 0x78, 0x00, 0x07, 0x80, 0x7C, 0x00, 0x0F, 0x80, 0x3E, 0x00, 0x1F, 0x00, 0x3F, 0x00, 0x3F, 0x00, 0x1F, 0xC0, 0xFE, 0x00, 0x0F, 0xFF, 0xFC, 0x00, 0x07, 0xFF, 0xF8, 0x00, 0x01, 0xFF, 0xE0, 0x00, 0x00, 0x7F, 0x80, 0x00, 

/* Symbol 0x39, offset 3440 */
    22, 57, 13,
    0x03, 0xFF, 0x00, 0x0F, 0xFF, 0xC0, 0x1F, 0xFF, 0xE0, 0x3F, 0xFF, 0xF0, 0x7C, 0x00, 0xF8, 0x78, 0x00, 0x78, 0xF0, 0x00, 0x3C, 0xF0, 0x00, 0x3C, 0xF0, 0x00, 0x3C, 0xF0, 0x00, 0x3C, 0xF0, 0x00, 0x3C, 0xF0, 0x00, 0x3C, 0xF0, 0x00, 0x3C, 0xF0, 0x00, 0x3C, 0xF0, 0x00, 0x3C, 0xF0, 0x00, 0x3C, 0xF0, 0x00, 0x3C, 0xF0, 0x00, 0x3C, 0xF0, 0x00, 0x3C, 0xF0, 0x00, 0x3C, 0x78, 0x00, 0x3C, 0x7C, 0x00, 0x3C, 0x3F, 0xFF, 0xFC, 0x1F, 0xFF, 0xFC, 0x0F, 0xFF, 0xFC, 0x03, 0xFF, 0xF8, 0x00, 0x00, 0x78, 0x00, 0x00, 0xF8, 0x00, 0x00, 0xF8, 0x00, 0x00, 0xF0, 0x00, 0x01, 0xF0, 0x00, 0x01, 0xF0, 0x00, 0x03, 0xE0, 0x00, 0x07, 0xE0, 0x00, 0x07, 0xC0, 0x00, 0x0F, 0xC0, 0x00, 0x1F, 0x80, 0x00, 0x3F, 0x00, 0x00, 0xFE, 0x00, 0x03, 0xFC, 0x00, 0x07, 0xF8, 0x00, 0x0F, 0xF0, 0x00, 0x07, 0xC0, 0x00, 0x07, 0x00, 0x00, 

/* Symbol 0x3A, offset 3575 */
    4, 47, 25,
    0x60, 0xF0, 0xF0, 0x60, 0x00, 0x00, 0x00, 0x00, 0x00, 0x00, 0x00, 0x00, 0x00, 0x00, 0x00, 0x00, 0x00, 0x00, 0x60, 0xF0, 0xF0, 0x60, 

/* Symbol 0x3B, offset 3600 */
    7, 66, 34,
    0x0C, 0x1E, 0x1E, 0x0C, 0x00, 0x00, 0x00, 0x00, 0x00, 0x00, 0x00, 0x00, 0x00, 0x00, 0x00, 0x00, 0x00, 0x00, 0x00, 0x0C, 0x1E, 0x1E, 0x3E, 0x3E, 0x3C, 0x7C, 0x7C, 0x78, 0xF8, 0xF8, 0xF8, 0x70, 

/* Symbol 0x3C, offset 3635 */
    22, 53, 30,
    0x00, 0x00, 0x18, 0x00, 0x00, 0x7C, 0x00, 0x01, 0xFC, 0x00, 0x07, 0xFC, 0x00, 0x1F, 0xF8, 0x00, 0x7F, 0xE0, 0x01, 0xFF, 0x80, 0x07, 0xFE, 0x00, 0x1F, 0xF8, 0x00, 0x7F, 0xE0, 0x00, 0xFF, 0x80, 0x00, 0xFE, 0x00, 0x00, 0xFF, 0x80, 0x00, 0x7F, 0xE0, 0x00, 0x1F, 0xF8, 0x00, 0x07, 0xFE, 0x00, 0x01, 0xFF, 0x80, 0x00, 0x7F, 0xE0, 0x00, 0x1F, 0xF8, 0x00, 0x07, 0xFC, 0x00, 0x01, 0xFC, 0x00, 0x00, 0x7C, 0x00, 0x00, 0x18, 

/* Symbol 0x3D, offset 3707 */
    22, 49, 32,
    0x7F, 0xFF, 0xF8, 0xFF, 0xFF, 0xFC, 0xFF, 0xFF, 0xFC, 0x7F, 0xFF, 0xFC, 0x00, 0x00, 0x00, 0x00, 0x00, 0x00, 0x00, 0x00, 0x00, 0x00, 0x00, 0x00, 0x00, 0x00, 0x00, 0x00, 0x00, 0x00, 0x00, 0x00, 0x00, 0x00, 0x00, 0x00, 0x00, 0x00, 0x00, 0x7F, 0xFF, 0xF8, 0xFF, 0xFF, 0xFC, 0xFF, 0xFF, 0xFC, 0x7F, 0xFF, 0xFC, 

/* Symbol 0x3E, offset 3761 */
    23, 53, 30,
    0x70, 0x00, 0x00, 0x7C, 0x00, 0x00, 0xFF, 0x00, 0x00, 0x7F, 0xC0, 0x00, 0x3F, 0xF0, 0x00, 0x0F, 0xFC, 0x00, 0x03, 0xFF, 0x00, 0x00, 0xFF, 0xC0, 0x00, 0x3F, 0xF0, 0x00, 0x0F, 0xFC, 0x00, 0x03, 0xFE, 0x00, 0x00, 0xFE, 0x00, 0x03, 0xFE, 0x00, 0x0F, 0xF8, 0x00, 0x3F, 0xF0, 0x00, 0xFF, 0xC0, 0x03, 0xFF, 0x00, 0x0F, 0xFC, 0x00, 0x3F, 0xF0, 0x00, 0x7F, 0xC0, 0x00, 0xFF, 0x00, 0x00, 0x7C, 0x00, 0x00, 0x70, 0x00, 0x00, 

/* Symbol 0x3F, offset 3833 */
    21, 57, 13,
    0x01, 0xFC, 0x00, 0x07, 0xFF, 0x00, 0x1F, 0xFF, 0x80, 0x3F, 0xFF, 0xC0, 0x7F, 0x07, 0xE0, 0xFC, 0x01, 0xF0, 0xF8, 0x00, 0xF0, 0x70, 0x00, 0xF8, 0x00, 0x00, 0x78, 0x00, 0x00, 0x78, 0x00, 0x00, 0x78, 0x00, 0x00, 0x78, 0x00, 0x00, 0x78, 0x00, 0x00, 0xF8, 0x00, 0x00, 0xF0, 0x00, 0x01, 0xF0, 0x00, 0x03, 0xE0, 0x00, 0x07, 0xE0, 0x00, 0x0F, 0xC0, 0x00, 0x1F, 0x80, 0x00, 0x3F, 0x00, 0x00, 0x3E, 0x00, 0x00, 0x7C, 0x00, 0x00, 0x78, 0x00, 0x00, 0x78, 0x00, 0x00, 0x78, 0x00, 0x00, 0x78, 0x00, 0x00, 0x78, 0x00, 0x00, 0x78, 0x00, 0x00, 0x78, 0x00, 0x00, 0x78, 0x00, 0x00, 0x78, 0x00, 0x00, 0x78, 0x00, 0x00, 0x78, 0x00, 0x00, 0x78, 0x00, 0x00, 0x30, 0x00, 0x00, 0x00, 0x00, 0x00, 0x00, 0x00, 0x00, 0x00, 0x00, 0x00, 0x00, 0x00, 0x00, 0x30, 0x00, 0x00, 0x78, 0x00, 0x00, 0x78, 0x00, 0x00, 0x30, 0x00, 

/* Symbol 0x40, offset 3968 */
    44, 57, 13,
    0x00, 0x00, 0x7F, 0xE0, 0x00, 0x00, 0x00, 0x03, 0xFF, 0xFC, 0x00, 0x00, 0x00, 0x0F, 0xFF, 0xFF, 0x00, 0x00, 0x00, 0x3F, 0xFF, 0xFF, 0xC0, 0x00, 0x00, 0x7F, 0xC0, 0x3F, 0xE0, 0x00, 0x01, 0xFE, 0x00, 0x07, 0xF0, 0x00, 0x03, 0xF8, 0x00, 0x01, 0xFC, 0x00, 0x07, 0xE0, 0x00, 0x00, 0x7C, 0x00, 0x07, 0xC0, 0x00, 0x00, 0x3E, 0x00, 0x0F, 0x80, 0x00, 0x00, 0x1F, 0x00, 0x1F, 0x00, 0x00, 0x00, 0x0F, 0x80, 0x1E, 0x00, 0x7F, 0xFC, 0x07, 0x80, 0x3E, 0x01, 0xFF, 0xFE, 0x07, 0xC0, 0x3C, 0x03, 0xFF, 0xFE, 0x03, 0xC0, 0x7C, 0x03, 0xFF, 0xFE, 0x03, 0xE0, 0x78, 0x07, 0xC0, 0x1E, 0x01, 0xE0, 0x78, 0x07, 0x80, 0x1E, 0x01, 0xE0, 0xF8, 0x07, 0x80, 0x1E, 0x01, 0xF0, 0xF0, 0x07, 0x80, 0x1E, 0x00, 0xF0, 0xF0, 0x07, 0x80, 0x1E, 0x00, 0xF0, 0xF0, 0x07, 0x80, 0x1E, 0x00, 0xF0, 0xF0, 0x07, 0x80, 0x1E, 0x00, 0xF0, 0xF0, 0x07, 0x80, 0x1E, 0x00, 0xF0, 0xF0, 0x07, 0x80, 0x1E, 0x00, 0xF0, 0xF0, 0x07, 0x80, 0x1E, 0x00, 0xF0, 0xF0, 0x07, 0x80, 0x1E, 0x00, 0xF0, 0xF8, 0x07, 0x80, 0x1E, 0x01, 0xF0, 0x78, 0x07, 0x80, 0x1E, 0x01, 0xE0, 0x78, 0x07, 0xC0, 0x3F, 0x07, 0xE0, 0x7C, 0x03, 0xFF, 0xFF, 0xFF, 0xC0, 0x3C, 0x01, 0xFF, 0xFF, 0xFF, 0x80, 0x3E, 0x00, 0xFF, 0xF3, 0xFF, 0x00, 0x1E, 0x00, 0x7F, 0xE1, 0xFC, 0x00, 0x1F, 0x00, 0x00, 0x00, 0x00, 0x00, 0x0F, 0x80, 0x00, 0x00, 0x00, 0x00, 0x07, 0xC0, 0x00, 0x00, 0xE0, 0x00, 0x07, 0xE0, 0x00, 0x01, 0xF0, 0x00, 0x03, 0xF8, 0x00, 0x03, 0xF0, 0x00, 0x01, 0xFE, 0x00, 0x0F, 0xF0, 0x00, 0x00, 0x7F, 0x80, 0x3F, 0xE0, 0x00, 0x00, 0x3F, 0xFF, 0xFF, 0x80, 0x00, 0x00, 0x0F, 0xFF, 0xFE, 0x00, 0x00, 0x00, 0x03, 0xFF, 0xF8, 0x00, 0x00, 0x00, 0x00, 0x7F, 0xC0, 0x00, 0x00, 

/* Symbol 0x41, offset 4235 */
    30, 57, 13,
    0x00, 0x03, 0x00, 0x00, 0x00, 0x07, 0x80, 0x00, 0x00, 0x07, 0x80, 0x00, 0x00, 0x0F, 0xC0, 0x00, 0x00, 0x0F, 0xC0, 0x00, 0x00, 0x0F, 0xC0, 0x00, 0x00, 0x1F, 0xE0, 0x00, 0x00, 0x1F, 0xE0, 0x00, 0x00, 0x1F, 0xE0, 0x00, 0x00, 0x3F, 0xF0, 0x00, 0x00, 0x3F, 0xF0, 0x00, 0x00, 0x3C, 0xF0, 0x00, 0x00, 0x7C, 0xF8, 0x00, 0x00, 0x7C, 0xF8, 0x00, 0x00, 0x78, 0x78, 0x00, 0x00, 0xF8, 0x7C, 0x00, 0x00, 0xF8, 0x7C, 0x00, 0x00, 0xF0, 0x3C, 0x00, 0x01, 0xF0, 0x3E, 0x00, 0x01, 0xF0, 0x3E, 0x00, 0x01, 0xE0, 0x1E, 0x00, 0x03, 0xE0, 0x1F, 0x00, 0x03, 0xE0, 0x1F, 0x00, 0x03, 0xC0, 0x0F, 0x00, 0x07, 0xC0, 0x0F, 0x80, 0x07, 0xC0, 0x0F, 0x80, 0x07, 0x80, 0x07, 0x80, 0x0F, 0x80, 0x07, 0xC0, 0x0F, 0x80, 0x07, 0xC0, 0x0F, 0xFF, 0xFF, 0xC0, 0x1F, 0xFF, 0xFF, 0xE0, 0x1F, 0xFF, 0xFF, 0xE0, 0x1F, 0xFF, 0xFF, 0xE0, 0x3E, 0x00, 0x01, 0xF0, 0x3E, 0x00, 0x01, 0xF0, 0x3C, 0x00, 0x00, 0xF0, 0x7C, 0x00, 0x00, 0xF8, 0x7C, 0x00, 0x00, 0xF8, 0x78, 0x00, 0x00, 0x78, 0xF8, 0x00, 0x00, 0x7C, 0xF8, 0x00, 0x00, 0x7C, 0xF0, 0x00, 0x00, 0x3C, 0xF0, 0x00, 0x00, 0x3C, 0xE0, 0x00, 0x00, 0x18, 

/* Symbol 0x42, offset 4414 */
    26, 57, 13,
    0x7F, 0xFF, 0xC0, 0x00, 0xFF, 0xFF, 0xF0, 0x00, 0xFF, 0xFF, 0xFC, 0x00, 0xFF, 0xFF, 0xFC, 0x00, 0xF0, 0x00, 0x3E, 0x00, 0xF0, 0x00, 0x1E, 0x00, 0xF0, 0x00, 0x0F, 0x00, 0xF0, 0x00, 0x0F, 0x00, 0xF0, 0x00, 0x0F, 0x00, 0xF0, 0x00, 0x0F, 0x00, 0xF0, 0x00, 0x0F, 0x00, 0xF0, 0x00, 0x0F, 0x00, 0xF0, 0x00, 0x0F, 0x00, 0xF0, 0x00, 0x0F, 0x00, 0xF0, 0x00, 0x0F, 0x00, 0xF0, 0x00, 0x1F, 0x00, 0xF0, 0x00, 0x1E, 0x00, 0xFF, 0xF0, 0x7C, 0x00, 0xFF, 0xFF, 0xFE, 0x00, 0xFF, 0xFF, 0xFF, 0x00, 0xFF, 0xFF, 0xFF, 0x00, 0xF0, 0x00, 0x0F, 0x80, 0xF0, 0x00, 0x07, 0x80, 0xF0, 0x00, 0x03, 0xC0, 0xF0, 0x00, 0x03, 0xC0, 0xF0, 0x00, 0x03, 0xC0, 0xF0, 0x00, 0x03, 0xC0, 0xF0, 0x00, 0x03, 0xC0, 0xF0, 0x00, 0x03, 0xC0, 0xF0, 0x00, 0x03, 0xC0, 0xF0, 0x00, 0x03, 0xC0, 0xF0, 0x00, 0x03, 0xC0, 0xF0, 0x00, 0x03, 0xC0, 0xF0, 0x00, 0x03, 0xC0, 0xF0, 0x00, 0x03, 0xC0, 0xF0, 0x00, 0x03, 0xC0, 0xF0, 0x00, 0x03, 0xC0, 0xF0, 0x00, 0x03, 0xC0, 0xF0, 0x00, 0x07, 0x80, 0xF0, 0x00, 0x0F, 0x80, 0xFF, 0xFF, 0xFF, 0x00, 0xFF, 0xFF, 0xFE, 0x00, 0xFF, 0xFF, 0xFC, 0x00, 0x7F, 0xFF, 0xF0, 0x00, 

/* Symbol 0x43, offset 4593 */
    22, 57, 13,
    0x03, 0xFF, 0xF8, 0x0F, 0xFF, 0xFC, 0x1F, 0xFF, 0xFC, 0x3F, 0xFF, 0xFC, 0x7C, 0x00, 0x00, 0x78, 0x00, 0x00, 0xF0, 0x00, 0x00, 0xF0, 0x00, 0x00, 0xF0, 0x00, 0x00, 0xF0, 0x00, 0x00, 0xF0, 0x00, 0x00, 0xF0, 0x00, 0x00, 0xF0, 0x00, 0x00, 0xF0, 0x00, 0x00, 0xF0, 0x00, 0x00, 0xF0, 0x00, 0x00, 0xF0, 0x00, 0x00, 0xF0, 0x00, 0x00, 0xF0, 0x00, 0x00, 0xF0, 0x00, 0x00, 0xF0, 0x00, 0x00, 0xF0, 0x00, 0x00, 0xF0, 0x00, 0x00, 0xF0, 0x00, 0x00, 0xF0, 0x00, 0x00, 0xF0, 0x00, 0x00, 0xF0, 0x00, 0x00, 0xF0, 0x00, 0x00, 0xF0, 0x00, 0x00, 0xF0, 0x00, 0x00, 0xF0, 0x00, 0x00, 0xF0, 0x00, 0x00, 0xF0, 0x00, 0x00, 0xF0, 0x00, 0x00, 0xF0, 0x00, 0x00, 0xF0, 0x00, 0x00, 0xF0, 0x00, 0x00, 0xF0, 0x00, 0x00, 0x78, 0x00, 0x00, 0x7C, 0x00, 0x00, 0x3F, 0xFF, 0xF8, 0x1F, 0xFF, 0xFC, 0x0F, 0xFF, 0xFC, 0x03, 0xFF, 0xFC, 

/* Symbol 0x44, offset 4728 */
    26, 57, 13,
    0x7F, 0xFF, 0xF0, 0x00, 0xFF, 0xFF, 0xFC, 0x00, 0xFF, 0xFF, 0xFE, 0x00, 0xFF, 0xFF, 0xFF, 0x00, 0xF0, 0x00, 0x0F, 0x80, 0xF0, 0x00, 0x07, 0x80, 0xF0, 0x00, 0x03, 0xC0, 0xF0, 0x00, 0x03, 0xC0, 0xF0, 0x00, 0x03, 0xC0, 0xF0, 0x00, 0x03, 0xC0, 0xF0, 0x00, 0x03, 0xC0, 0xF0, 0x00, 0x03, 0xC0, 0xF0, 0x00, 0x03, 0xC0, 0xF0, 0x00, 0x03, 0xC0, 0xF0, 0x00, 0x03, 0xC0, 0xF0, 0x00, 0x03, 0xC0, 0xF0, 0x00, 0x03, 0xC0, 0xF0, 0x00, 0x03, 0xC0, 0xF0, 0x00, 0x03, 0xC0, 0xF0, 0x00, 0x03, 0xC0, 0xF0, 0x00, 0x03, 0xC0, 0xF0, 0x00, 0x03, 0xC0, 0xF0, 0x00, 0x03, 0xC0, 0xF0, 0x00, 0x03, 0xC0, 0xF0, 0x00, 0x03, 0xC0, 0xF0, 0x00, 0x03, 0xC0, 0xF0, 0x00, 0x03, 0xC0, 0xF0, 0x00, 0x03, 0xC0, 0xF0, 0x00, 0x03, 0xC0, 0xF0, 0x00, 0x03, 0xC0, 0xF0, 0x00, 0x03, 0xC0, 0xF0, 0x00, 0x03, 0xC0, 0xF0, 0x00, 0x03, 0xC0, 0xF0, 0x00, 0x03, 0xC0, 0xF0, 0x00, 0x03, 0xC0, 0xF0, 0x00, 0x03, 0xC0, 0xF0, 0x00, 0x03, 0xC0, 0xF0, 0x00, 0x03, 0xC0, 0xF0, 0x00, 0x07, 0x80, 0xF0, 0x00, 0x0F, 0x80, 0xFF, 0xFF, 0xFF, 0x00, 0xFF, 0xFF, 0xFE, 0x00, 0xFF, 0xFF, 0xFC, 0x00, 0x7F, 0xFF, 0xF0, 0x00, 

/* Symbol 0x45, offset 4907 */
    22, 57, 13,
    0x7F, 0xFF, 0xFC, 0xFF, 0xFF, 0xFC, 0xFF, 0xFF, 0xFC, 0xFF, 0xFF, 0xFC, 0xF0, 0x00, 0x00, 0xF0, 0x00, 0x00, 0xF0, 0x00, 0x00, 0xF0, 0x00, 0x00, 0xF0, 0x00, 0x00, 0xF0, 0x00, 0x00, 0xF0, 0x00, 0x00, 0xF0, 0x00, 0x00, 0xF0, 0x00, 0x00, 0xF0, 0x00, 0x00, 0xF0, 0x00, 0x00, 0xF0, 0x00, 0x00, 0xF0, 0x00, 0x00, 0xFF, 0xFF, 0x80, 0xFF, 0xFF, 0xC0, 0xFF, 0xFF, 0xC0, 0xFF, 0xFF, 0x80, 0xF0, 0x00, 0x00, 0xF0, 0x00, 0x00, 0xF0, 0x00, 0x00, 0xF0, 0x00, 0x00, 0xF0, 0x00, 0x00, 0xF0, 0x00, 0x00, 0xF0, 0x00, 0x00, 0xF0, 0x00, 0x00, 0xF0, 0x00, 0x00, 0xF0, 0x00, 0x00, 0xF0, 0x00, 0x00, 0xF0, 0x00, 0x00, 0xF0, 0x00, 0x00, 0xF0, 0x00, 0x00, 0xF0, 0x00, 0x00, 0xF0, 0x00, 0x00, 0xF0, 0x00, 0x00, 0xF0, 0x00, 0x00, 0xF0, 0x00, 0x00, 0xFF, 0xFF, 0xF8, 0xFF, 0xFF, 0xFC, 0xFF, 0xFF, 0xFC, 0x7F, 0xFF, 0xFC, 

/* Symbol 0x46, offset 5042 */
    22, 57, 13,
    0x7F, 0xFF, 0xF8, 0xFF, 0xFF, 0xFC, 0xFF, 0xFF, 0xFC, 0xFF, 0xFF, 0xFC, 0xF0, 0x00, 0x00, 0xF0, 0x00, 0x00, 0xF0, 0x00, 0x00, 0xF0, 0x00, 0x00, 0xF0, 0x00, 0x00, 0xF0, 0x00, 0x00, 0xF0, 0x00, 0x00, 0xF0, 0x00, 0x00, 0xF0, 0x00, 0x00, 0xF0, 0x00, 0x00, 0xF0, 0x00, 0x00, 0xF0, 0x00, 0x00, 0xF0, 0x00, 0x00, 0xFF, 0xFF, 0xFC, 0xFF, 0xFF, 0xFC, 0xFF, 0xFF, 0xFC, 0xFF, 0xFF, 0xFC, 0xF0, 0x00, 0x00, 0xF0, 0x00, 0x00, 0xF0, 0x00, 0x00, 0xF0, 0x00, 0x00, 0xF0, 0x00, 0x00, 0xF0, 0x00, 0x00, 0xF0, 0x00, 0x00, 0xF0, 0x00, 0x00, 0xF0, 0x00, 0x00, 0xF0, 0x00, 0x00, 0xF0, 0x00, 0x00, 0xF0, 0x00, 0x00, 0xF0, 0x00, 0x00, 0xF0, 0x00, 0x00, 0xF0, 0x00, 0x00, 0xF0, 0x00, 0x00, 0xF0, 0x00, 0x00, 0xF0, 0x00, 0x00, 0xF0, 0x00, 0x00, 0xF0, 0x00, 0x00, 0xF0, 0x00, 0x00, 0xF0, 0x00, 0x00, 0x60, 0x00, 0x00, 

/* Symbol 0x47, offset 5177 */
    26, 57, 13,
    0x03, 0xFF, 0xFF, 0x80, 0x0F, 0xFF, 0xFF, 0xC0, 0x1F, 0xFF, 0xFF, 0xC0, 0x3F, 0xFF, 0xFF, 0x80, 0x7C, 0x00, 0x00, 0x00, 0x78, 0x00, 0x00, 0x00, 0xF0, 0x00, 0x00, 0x00, 0xF0, 0x00, 0x00, 0x00, 0xF0, 0x00, 0x00, 0x00, 0xF0, 0x00, 0x00, 0x00, 0xF0, 0x00, 0x00, 0x00, 0xF0, 0x00, 0x00, 0x00, 0xF0, 0x00, 0x00, 0x00, 0xF0, 0x00, 0x00, 0x00, 0xF0, 0x00, 0x00, 0x00, 0xF0, 0x00, 0x00, 0x00, 0xF0, 0x00, 0x00, 0x00, 0xF0, 0x00, 0x3F, 0x80, 0xF0, 0x00, 0x7F, 0xC0, 0xF0, 0x00, 0x7F, 0xC0, 0xF0, 0x00, 0x3F, 0xC0, 0xF0, 0x00, 0x03, 0xC0, 0xF0, 0x00, 0x03, 0xC0, 0xF0, 0x00, 0x03, 0xC0, 0xF0, 0x00, 0x03, 0xC0, 0xF0, 0x00, 0x03, 0xC0, 0xF0, 0x00, 0x03, 0xC0, 0xF0, 0x00, 0x03, 0xC0, 0xF0, 0x00, 0x03, 0xC0, 0xF0, 0x00, 0x03, 0xC0, 0xF0, 0x00, 0x03, 0xC0, 0xF0, 0x00, 0x03, 0xC0, 0xF0, 0x00, 0x03, 0xC0, 0xF0, 0x00, 0x03, 0xC0, 0xF0, 0x00, 0x03, 0xC0, 0xF0, 0x00, 0x03, 0xC0, 0xF0, 0x00, 0x03, 0xC0, 0xF0, 0x00, 0x03, 0xC0, 0x78, 0x00, 0x03, 0xC0, 0x7C, 0x00, 0x03, 0xC0, 0x3F, 0xFF, 0xFF, 0xC0, 0x1F, 0xFF, 0xFF, 0xC0, 0x0F, 0xFF, 0xFF, 0xC0, 0x03, 0xFF, 0xFF, 0x80, 

/* Symbol 0x48, offset 5356 */
    26, 57, 13,
    0x60, 0x00, 0x01, 0x80, 0xF0, 0x00, 0x03, 0xC0, 0xF0, 0x00, 0x03, 0xC0, 0xF0, 0x00, 0x03, 0xC0, 0xF0, 0x00, 0x03, 0xC0, 0xF0, 0x00, 0x03, 0xC0, 0xF0, 0x00, 0x03, 0xC0, 0xF0, 0x00, 0x03, 0xC0, 0xF0, 0x00, 0x03, 0xC0, 0xF0, 0x00, 0x03, 0xC0, 0xF0, 0x00, 0x03, 0xC0, 0xF0, 0x00, 0x03, 0xC0, 0xF0, 0x00, 0x03, 0xC0, 0xF0, 0x00, 0x03, 0xC0, 0xF0, 0x00, 0x03, 0xC0, 0xF0, 0x00, 0x03, 0xC0, 0xF0, 0x00, 0x03, 0xC0, 0xFF, 0xFF, 0xFF, 0xC0, 0xFF, 0xFF, 0xFF, 0xC0, 0xFF, 0xFF, 0xFF, 0xC0, 0xFF, 0xFF, 0xFF, 0xC0, 0xF0, 0x00, 0x03, 0xC0, 0xF0, 0x00, 0x03, 0xC0, 0xF0, 0x00, 0x03, 0xC0, 0xF0, 0x00, 0x03, 0xC0, 0xF0, 0x00, 0x03, 0xC0, 0xF0, 0x00, 0x03, 0xC0, 0xF0, 0x00, 0x03, 0xC0, 0xF0, 0x00, 0x03, 0xC0, 0xF0, 0x00, 0x03, 0xC0, 0xF0, 0x00, 0x03, 0xC0, 0xF0, 0x00, 0x03, 0xC0, 0xF0, 0x00, 0x03, 0xC0, 0xF0, 0x00, 0x03, 0xC0, 0xF0, 0x00, 0x03, 0xC0, 0xF0, 0x00, 0x03, 0xC0, 0xF0, 0x00, 0x03, 0xC0, 0xF0, 0x00, 0x03, 0xC0, 0xF0, 0x00, 0x03, 0xC0, 0xF0, 0x00, 0x03, 0xC0, 0xF0, 0x00, 0x03, 0xC0, 0xF0, 0x00, 0x03, 0xC0, 0xF0, 0x00, 0x03, 0xC0, 0x60, 0x00, 0x01, 0x80, 

/* Symbol 0x49, offset 5535 */
    4, 57, 13,
    0x60, 0xF0, 0xF0, 0xF0, 0xF0, 0xF0, 0xF0, 0xF0, 0xF0, 0xF0, 0xF0, 0xF0, 0xF0, 0xF0, 0xF0, 0xF0, 0xF0, 0xF0, 0xF0, 0xF0, 0xF0, 0xF0, 0xF0, 0xF0, 0xF0, 0xF0, 0xF0, 0xF0, 0xF0, 0xF0, 0xF0, 0xF0, 0xF0, 0xF0, 0xF0, 0xF0, 0xF0, 0xF0, 0xF0, 0xF0, 0xF0, 0xF0, 0xF0, 0x60, 

/* Symbol 0x4A, offset 5582 */
    18, 57, 13,
    0x00, 0x01, 0x80, 0x00, 0x03, 0xC0, 0x00, 0x03, 0xC0, 0x00, 0x03, 0xC0, 0x00, 0x03, 0xC0, 0x00, 0x03, 0xC0, 0x00, 0x03, 0xC0, 0x00, 0x03, 0xC0, 0x00, 0x03, 0xC0, 0x00, 0x03, 0xC0, 0x00, 0x03, 0xC0, 0x00, 0x03, 0xC0, 0x00, 0x03, 0xC0, 0x00, 0x03, 0xC0, 0x00, 0x03, 0xC0, 0x00, 0x03, 0xC0, 0x00, 0x03, 0xC0, 0x00, 0x03, 0xC0, 0x00, 0x03, 0xC0, 0x00, 0x03, 0xC0, 0x00, 0x03, 0xC0, 0x00, 0x03, 0xC0, 0x00, 0x03, 0xC0, 0x00, 0x03, 0xC0, 0x00, 0x03, 0xC0, 0x00, 0x03, 0xC0, 0x00, 0x03, 0xC0, 0x00, 0x03, 0xC0, 0x00, 0x03, 0xC0, 0x00, 0x03, 0xC0, 0x00, 0x03, 0xC0, 0x00, 0x03, 0xC0, 0x00, 0x03, 0xC0, 0x00, 0x03, 0xC0, 0x00, 0x03, 0xC0, 0x00, 0x03, 0xC0, 0x00, 0x03, 0xC0, 0x00, 0x03, 0xC0, 0x00, 0x07, 0x80, 0x00, 0x0F, 0x80, 0x7F, 0xFF, 0x00, 0xFF, 0xFE, 0x00, 0xFF, 0xFC, 0x00, 0x7F, 0xF0, 0x00, 

/* Symbol 0x4B, offset 5717 */
    27, 57, 13,
    0x60, 0x00, 0x01, 0xC0, 0xF0, 0x00, 0x03, 0xE0, 0xF0, 0x00, 0x07, 0xE0, 0xF0, 0x00, 0x0F, 0xC0, 0xF0, 0x00, 0x1F, 0x80, 0xF0, 0x00, 0x3F, 0x00, 0xF0, 0x00, 0x7E, 0x00, 0xF0, 0x00, 0xFC, 0x00, 0xF0, 0x01, 0xF8, 0x00, 0xF0, 0x03, 0xF0, 0x00, 0xF0, 0x07, 0xE0, 0x00, 0xF0, 0x0F, 0xC0, 0x00, 0xF0, 0x1F, 0x80, 0x00, 0xF0, 0x3F, 0x00, 0x00, 0xF0, 0x7E, 0x00, 0x00, 0xF0, 0xFC, 0x00, 0x00, 0xF3, 0xF8, 0x00, 0x00, 0xF7, 0xFC, 0x00, 0x00, 0xFF, 0xFC, 0x00, 0x00, 0xFF, 0xFE, 0x00, 0x00, 0xFF, 0xBE, 0x00, 0x00, 0xFF, 0x3F, 0x00, 0x00, 0xFE, 0x1F, 0x00, 0x00, 0xFC, 0x1F, 0x80, 0x00, 0xF8, 0x0F, 0xC0, 0x00, 0xF0, 0x07, 0xC0, 0x00, 0xF0, 0x07, 0xE0, 0x00, 0xF0, 0x03, 0xE0, 0x00, 0xF0, 0x03, 0xF0, 0x00, 0xF0, 0x01, 0xF0, 0x00, 0xF0, 0x01, 0xF8, 0x00, 0xF0, 0x00, 0xF8, 0x00, 0xF0, 0x00, 0x7C, 0x00, 0xF0, 0x00, 0x7E, 0x00, 0xF0, 0x00, 0x3E, 0x00, 0xF0, 0x00, 0x3F, 0x00, 0xF0, 0x00, 0x1F, 0x00, 0xF0, 0x00, 0x0F, 0x80, 0xF0, 0x00, 0x0F, 0x80, 0xF0, 0x00, 0x07, 0xC0, 0xF0, 0x00, 0x07, 0xE0, 0xF0, 0x00, 0x03, 0xE0, 0xF0, 0x00, 0x03, 0xE0, 0x60, 0x00, 0x01, 0xC0, 

/* Symbol 0x4C, offset 5896 */
    22, 57, 13,
    0x60, 0x00, 0x00, 0xF0, 0x00, 0x00, 0xF0, 0x00, 0x00, 0xF0, 0x00, 0x00, 0xF0, 0x00, 0x00, 0xF0, 0x00, 0x00, 0xF0, 0x00, 0x00, 0xF0, 0x00, 0x00, 0xF0, 0x00, 0x00, 0xF0, 0x00, 0x00, 0xF0, 0x00, 0x00, 0xF0, 0x00, 0x00, 0xF0, 0x00, 0x00, 0xF0, 0x00, 0x00, 0xF0, 0x00, 0x00, 0xF0, 0x00, 0x00, 0xF0, 0x00, 0x00, 0xF0, 0x00, 0x00, 0xF0, 0x00, 0x00, 0xF0, 0x00, 0x00, 0xF0, 0x00, 0x00, 0xF0, 0x00, 0x00, 0xF0, 0x00, 0x00, 0xF0, 0x00, 0x00, 0xF0, 0x00, 0x00, 0xF0, 0x00, 0x00, 0xF0, 0x00, 0x00, 0xF0, 0x00, 0x00, 0xF0, 0x00, 0x00, 0xF0, 0x00, 0x00, 0xF0, 0x00, 0x00, 0xF0, 0x00, 0x00, 0xF0, 0x00, 0x00, 0xF0, 0x00, 0x00, 0xF0, 0x00, 0x00, 0xF0, 0x00, 0x00, 0xF0, 0x00, 0x00, 0xF0, 0x00, 0x00, 0xF0, 0x00, 0x00, 0xF0, 0x00, 0x00, 0xFF, 0xFF, 0xF8, 0xFF, 0xFF, 0xFC, 0xFF, 0xFF, 0xFC, 0x7F, 0xFF, 0xFC, 

/* Symbol 0x4D, offset 6031 */
    31, 57, 13,
    0x60, 0x00, 0x00, 0x0C, 0xF0, 0x00, 0x00, 0x1E, 0xF8, 0x00, 0x00, 0x3E, 0xF8, 0x00, 0x00, 0x3E, 0xFC, 0x00, 0x00, 0x7E, 0xFE, 0x00, 0x00, 0xFE, 0xFE, 0x00, 0x00, 0xFE, 0xFF, 0x00, 0x01, 0xFE, 0xFF, 0x00, 0x01, 0xFE, 0xFF, 0x80, 0x03, 0xFE, 0xFF, 0xC0, 0x07, 0xFE, 0xF7, 0xC0, 0x07, 0xDE, 0xF7, 0xE0, 0x0F, 0xDE, 0xF3, 0xF0, 0x1F, 0x9E, 0xF1, 0xF0, 0x1F, 0x1E, 0xF1, 0xF8, 0x3F, 0x1E, 0xF0, 0xF8, 0x3E, 0x1E, 0xF0, 0xFC, 0x7E, 0x1E, 0xF0, 0x7E, 0xFC, 0x1E, 0xF0, 0x3E, 0xF8, 0x1E, 0xF0, 0x3F, 0xF8, 0x1E, 0xF0, 0x1F, 0xF0, 0x1E, 0xF0, 0x0F, 0xE0, 0x1E, 0xF0, 0x0F, 0xE0, 0x1E, 0xF0, 0x07, 0xC0, 0x1E, 0xF0, 0x07, 0xC0, 0x1E, 0xF0, 0x03, 0x80, 0x1E, 0xF0, 0x00, 0x00, 0x1E, 0xF0, 0x00, 0x00, 0x1E, 0xF0, 0x00, 0x00, 0x1E, 0xF0, 0x00, 0x00, 0x1E, 0xF0, 0x00, 0x00, 0x1E, 0xF0, 0x00, 0x00, 0x1E, 0xF0, 0x00, 0x00, 0x1E, 0xF0, 0x00, 0x00, 0x1E, 0xF0, 0x00, 0x00, 0x1E, 0xF0, 0x00, 0x00, 0x1E, 0xF0, 0x00, 0x00, 0x1E, 0xF0, 0x00, 0x00, 0x1E, 0xF0, 0x00, 0x00, 0x1E, 0xF0, 0x00, 0x00, 0x1E, 0xF0, 0x00, 0x00, 0x1E, 0xF0, 0x00, 0x00, 0x1E, 0x60, 0x00, 0x00, 0x0C, 

/* Symbol 0x4E, offset 6210 */
    26, 57, 13,
    0x60, 0x00, 0x01, 0x80, 0xF0, 0x00, 0x03, 0xC0, 0xF8, 0x00, 0x03, 0xC0, 0xF8, 0x00, 0x03, 0xC0, 0xFC, 0x00, 0x03, 0xC0, 0xFC, 0x00, 0x03, 0xC0, 0xFE, 0x00, 0x03, 0xC0, 0xFF, 0x00, 0x03, 0xC0, 0xFF, 0x00, 0x03, 0xC0, 0xFF, 0x80, 0x03, 0xC0, 0xFF, 0x80, 0x03, 0xC0, 0xFF, 0xC0, 0x03, 0xC0, 0xF7, 0xC0, 0x03, 0xC0, 0xF7, 0xE0, 0x03, 0xC0, 0xF3, 0xF0, 0x03, 0xC0, 0xF3, 0xF0, 0x03, 0xC0, 0xF1, 0xF8, 0x03, 0xC0, 0xF0, 0xF8, 0x03, 0xC0, 0xF0, 0xFC, 0x03, 0xC0, 0xF0, 0x7C, 0x03, 0xC0, 0xF0, 0x7E, 0x03, 0xC0, 0xF0, 0x3F, 0x03, 0xC0, 0xF0, 0x3F, 0x03, 0xC0, 0xF0, 0x1F, 0x83, 0xC0, 0xF0, 0x0F, 0x83, 0xC0, 0xF0, 0x0F, 0xC3, 0xC0, 0xF0, 0x07, 0xC3, 0xC0, 0xF0, 0x07, 0xE3, 0xC0, 0xF0, 0x03, 0xE3, 0xC0, 0xF0, 0x03, 0xF3, 0xC0, 0xF0, 0x01, 0xFB, 0xC0, 0xF0, 0x00, 0xFB, 0xC0, 0xF0, 0x00, 0xFF, 0xC0, 0xF0, 0x00, 0x7F, 0xC0, 0xF0, 0x00, 0x7F, 0xC0, 0xF0, 0x00, 0x3F, 0xC0, 0xF0, 0x00, 0x3F, 0xC0, 0xF0, 0x00, 0x1F, 0xC0, 0xF0, 0x00, 0x1F, 0xC0, 0xF0, 0x00, 0x0F, 0xC0, 0xF0, 0x00, 0x07, 0xC0, 0xF0, 0x00, 0x07, 0xC0, 0xF0, 0x00, 0x03, 0xC0, 0x60, 0x00, 0x01, 0x80, 

/* Symbol 0x4F, offset 6389 */
    26, 57, 13,
    0x03, 0xFF, 0xF0, 0x00, 0x0F, 0xFF, 0xFC, 0x00, 0x1F, 0xFF, 0xFE, 0x00, 0x3F, 0xFF, 0xFF, 0x00, 0x7C, 0x00, 0x0F, 0x80, 0x78, 0x00, 0x07, 0x80, 0xF0, 0x00, 0x03, 0xC0, 0xF0, 0x00, 0x03, 0xC0, 0xF0, 0x00, 0x03, 0xC0, 0xF0, 0x00, 0x03, 0xC0, 0xF0, 0x00, 0x03, 0xC0, 0xF0, 0x00, 0x03, 0xC0, 0xF0, 0x00, 0x03, 0xC0, 0xF0, 0x00, 0x03, 0xC0, 0xF0, 0x00, 0x03, 0xC0, 0xF0, 0x00, 0x03, 0xC0, 0xF0, 0x00, 0x03, 0xC0, 0xF0, 0x00, 0x03, 0xC0, 0xF0, 0x00, 0x03, 0xC0, 0xF0, 0x00, 0x03, 0xC0, 0xF0, 0x00, 0x03, 0xC0, 0xF0, 0x00, 0x03, 0xC0, 0xF0, 0x00, 0x03, 0xC0, 0xF0, 0x00, 0x03, 0xC0, 0xF0, 0x00, 0x03, 0xC0, 0xF0, 0x00, 0x03, 0xC0, 0xF0, 0x00, 0x03, 0xC0, 0xF0, 0x00, 0x03, 0xC0, 0xF0, 0x00, 0x03, 0xC0, 0xF0, 0x00, 0x03, 0xC0, 0xF0, 0x00, 0x03, 0xC0, 0xF0, 0x00, 0x03, 0xC0, 0xF0, 0x00, 0x03, 0xC0, 0xF0, 0x00, 0x03, 0xC0, 0xF0, 0x00, 0x03, 0xC0, 0xF0, 0x00, 0x03, 0xC0, 0xF0, 0x00, 0x03, 0xC0, 0xF0, 0x00, 0x03, 0xC0, 0x78, 0x00, 0x07, 0x80, 0x7C, 0x00, 0x0F, 0x80, 0x3F, 0xFF, 0xFF, 0x00, 0x1F, 0xFF, 0xFE, 0x00, 0x0F, 0xFF, 0xFC, 0x00, 0x03, 0xFF, 0xF0, 0x00, 

/* Symbol 0x50, offset 6568 */
    26, 57, 13,
    0x7F, 0xFF, 0xF0, 0x00, 0xFF, 0xFF, 0xFC, 0x00, 0xFF, 0xFF, 0xFE, 0x00, 0xFF, 0xFF, 0xFF, 0x00, 0xF0, 0x00, 0x0F, 0x80, 0xF0, 0x00, 0x07, 0x80, 0xF0, 0x00, 0x03, 0xC0, 0xF0, 0x00, 0x03, 0xC0, 0xF0, 0x00, 0x03, 0xC0, 0xF0, 0x00, 0x03, 0xC0, 0xF0, 0x00, 0x03, 0xC0, 0xF0, 0x00, 0x03, 0xC0, 0xF0, 0x00, 0x03, 0xC0, 0xF0, 0x00, 0x03, 0xC0, 0xF0, 0x00, 0x03, 0xC0, 0xF0, 0x00, 0x03, 0xC0, 0xF0, 0x00, 0x03, 0xC0, 0xF0, 0x00, 0x03, 0xC0, 0xF0, 0x00, 0x03, 0xC0, 0xF0, 0x00, 0x03, 0xC0, 0xF0, 0x00, 0x07, 0x80, 0xF0, 0x00, 0x0F, 0x80, 0xFF, 0xFF, 0xFF, 0x00, 0xFF, 0xFF, 0xFE, 0x00, 0xFF, 0xFF, 0xFC, 0x00, 0xFF, 0xFF, 0xF0, 0x00, 0xF0, 0x00, 0x00, 0x00, 0xF0, 0x00, 0x00, 0x00, 0xF0, 0x00, 0x00, 0x00, 0xF0, 0x00, 0x00, 0x00, 0xF0, 0x00, 0x00, 0x00, 0xF0, 0x00, 0x00, 0x00, 0xF0, 0x00, 0x00, 0x00, 0xF0, 0x00, 0x00, 0x00, 0xF0, 0x00, 0x00, 0x00, 0xF0, 0x00, 0x00, 0x00, 0xF0, 0x00, 0x00, 0x00, 0xF0, 0x00, 0x00, 0x00, 0xF0, 0x00, 0x00, 0x00, 0xF0, 0x00, 0x00, 0x00, 0xF0, 0x00, 0x00, 0x00, 0xF0, 0x00, 0x00, 0x00, 0xF0, 0x00, 0x00, 0x00, 0x60, 0x00, 0x00, 0x00, 

/* Symbol 0x51, offset 6747 */
    31, 57, 13,
    0x03, 0xFF, 0xF0, 0x00, 0x0F, 0xFF, 0xFC, 0x00, 0x1F, 0xFF, 0xFE, 0x00, 0x3F, 0xFF, 0xFF, 0x00, 0x7C, 0x00, 0x0F, 0x80, 0x78, 0x00, 0x07, 0x80, 0xF0, 0x00, 0x03, 0xC0, 0xF0, 0x00, 0x03, 0xC0, 0xF0, 0x00, 0x03, 0xC0, 0xF0, 0x00, 0x03, 0xC0, 0xF0, 0x00, 0x03, 0xC0, 0xF0, 0x00, 0x03, 0xC0, 0xF0, 0x00, 0x03, 0xC0, 0xF0, 0x00, 0x03, 0xC0, 0xF0, 0x00, 0x03, 0xC0, 0xF0, 0x00, 0x03, 0xC0, 0xF0, 0x00, 0x03, 0xC0, 0xF0, 0x00, 0x03, 0xC0, 0xF0, 0x00, 0x03, 0xC0, 0xF0, 0x00, 0x03, 0xC0, 0xF0, 0x00, 0x03, 0xC0, 0xF0, 0x00, 0x03, 0xC0, 0xF0, 0x00, 0x03, 0xC0, 0xF0, 0x00, 0x03, 0xC0, 0xF0, 0x00, 0x03, 0xC0, 0xF0, 0x00, 0x03, 0xC0, 0xF0, 0x00, 0x03, 0xC0, 0xF0, 0x00, 0x03, 0xC0, 0xF0, 0x00, 0x03, 0xC0, 0xF0, 0x00, 0x03, 0xC0, 0xF0, 0x00, 0x03, 0xC0, 0xF0, 0x03, 0x83, 0xC0, 0xF0, 0x07, 0xC3, 0xC0, 0xF0, 0x07, 0xF3, 0xC0, 0xF0, 0x07, 0xFB, 0xC0, 0xF0, 0x01, 0xFF, 0xC0, 0xF0, 0x00, 0xFF, 0xC0, 0xF0, 0x00, 0x3F, 0xC0, 0x78, 0x00, 0x1F, 0xE0, 0x7C, 0x00, 0x0F, 0xF8, 0x3F, 0xFF, 0xFF, 0xFC, 0x1F, 0xFF, 0xFE, 0xFE, 0x0F, 0xFF, 0xFC, 0x3E, 0x03, 0xFF, 0xF0, 0x1C, 

/* Symbol 0x52, offset 6926 */
    26, 57, 13,
    0x7F, 0xFF, 0xF0, 0x00, 0xFF, 0xFF, 0xFC, 0x00, 0xFF, 0xFF, 0xFE, 0x00, 0xFF, 0xFF, 0xFF, 0x00, 0xF0, 0x00, 0x0F, 0x80, 0xF0, 0x00, 0x07, 0x80, 0xF0, 0x00, 0x03, 0xC0, 0xF0, 0x00, 0x03, 0xC0, 0xF0, 0x00, 0x03, 0xC0, 0xF0, 0x00, 0x03, 0xC0, 0xF0, 0x00, 0x03, 0xC0, 0xF0, 0x00, 0x03, 0xC0, 0xF0, 0x00, 0x03, 0xC0, 0xF0, 0x00, 0x03, 0xC0, 0xF0, 0x00, 0x03, 0xC0, 0xF0, 0x00, 0x03, 0xC0, 0xF0, 0x00, 0x03, 0xC0, 0xF0, 0x00, 0x03, 0xC0, 0xF0, 0x00, 0x03, 0xC0, 0xF0, 0x00, 0x03, 0xC0, 0xF0, 0x00, 0x07, 0x80, 0xF0, 0x00, 0x0F, 0x80, 0xFF, 0xFF, 0xFF, 0x00, 0xFF, 0xFF, 0xFE, 0x00, 0xFF, 0xFF, 0xFC, 0x00, 0xFF, 0xFF, 0xF0, 0x00, 0xF0, 0x0F, 0x80, 0x00, 0xF0, 0x0F, 0xC0, 0x00, 0xF0, 0x07, 0xE0, 0x00, 0xF0, 0x03, 0xE0, 0x00, 0xF0, 0x03, 0xF0, 0x00, 0xF0, 0x01, 0xF0, 0x00, 0xF0, 0x00, 0xF8, 0x00, 0xF0, 0x00, 0xFC, 0x00, 0xF0, 0x00, 0x7C, 0x00, 0xF0, 0x00, 0x7E, 0x00, 0xF0, 0x00, 0x3E, 0x00, 0xF0, 0x00, 0x1F, 0x00, 0xF0, 0x00, 0x1F, 0x00, 0xF0, 0x00, 0x0F, 0x80, 0xF0, 0x00, 0x0F, 0xC0, 0xF0, 0x00, 0x07, 0xC0, 0xF0, 0x00, 0x03, 0xC0, 0x60, 0x00, 0x03, 0x80, 

/* Symbol 0x53, offset 7105 */
    26, 57, 13,
    0x00, 0x7F, 0xC0, 0x00, 0x03, 0xFF, 0xF8, 0x00, 0x0F, 0xFF, 0xFE, 0x00, 0x1F, 0xFF, 0xFF, 0x80, 0x3F, 0x80, 0x7F, 0xC0, 0x7E, 0x00, 0x0F, 0xC0, 0x78, 0x00, 0x07, 0x80, 0xF8, 0x00, 0x00, 0x00, 0xF0, 0x00, 0x00, 0x00, 0xF0, 0x00, 0x00, 0x00, 0xF0, 0x00, 0x00, 0x00, 0xF8, 0x00, 0x00, 0x00, 0x7C, 0x00, 0x00, 0x00, 0x7E, 0x00, 0x00, 0x00, 0x3F, 0x80, 0x00, 0x00, 0x3F, 0xC0, 0x00, 0x00, 0x0F, 0xE0, 0x00, 0x00, 0x07, 0xF8, 0x00, 0x00, 0x03, 0xFC, 0x00, 0x00, 0x00, 0xFE, 0x00, 0x00, 0x00, 0x7F, 0x80, 0x00, 0x00, 0x1F, 0xC0, 0x00, 0x00, 0x0F, 0xE0, 0x00, 0x00, 0x07, 0xF8, 0x00, 0x00, 0x01, 0xFC, 0x00, 0x00, 0x00, 0xFE, 0x00, 0x00, 0x00, 0x7F, 0x00, 0x00, 0x00, 0x1F, 0x80, 0x00, 0x00, 0x0F, 0x80, 0x00, 0x00, 0x07, 0x80, 0x00, 0x00, 0x07, 0xC0, 0x00, 0x00, 0x03, 0xC0, 0x00, 0x00, 0x03, 0xC0, 0x00, 0x00, 0x03, 0xC0, 0x00, 0x00, 0x03, 0xC0, 0x00, 0x00, 0x03, 0xC0, 0x60, 0x00, 0x07, 0x80, 0xF8, 0x00, 0x0F, 0x80, 0xFE, 0x00, 0x1F, 0x80, 0xFF, 0x80, 0xFF, 0x00, 0x3F, 0xFF, 0xFE, 0x00, 0x1F, 0xFF, 0xFC, 0x00, 0x07, 0xFF, 0xE0, 0x00, 0x00, 0xFF, 0x80, 0x00, 

/* Symbol 0x54, offset 7284 */
    26, 57, 13,
    0x7F, 0xFF, 0xFF, 0x80, 0xFF, 0xFF, 0xFF, 0xC0, 0xFF, 0xFF, 0xFF, 0xC0, 0x7F, 0xFF, 0xFF, 0x80, 0x00, 0x1E, 0x00, 0x00, 0x00, 0x1E, 0x00, 0x00, 0x00, 0x1E, 0x00, 0x00, 0x00, 0x1E, 0x00, 0x00, 0x00, 0x1E, 0x00, 0x00, 0x00, 0x1E, 0x00, 0x00, 0x00, 0x1E, 0x00, 0x00, 0x00, 0x1E, 0x00, 0x00, 0x00, 0x1E, 0x00, 0x00, 0x00, 0x1E, 0x00, 0x00, 0x00, 0x1E, 0x00, 0x00, 0x00, 0x1E, 0x00, 0x00, 0x00, 0x1E, 0x00, 0x00, 0x00, 0x1E, 0x00, 0x00, 0x00, 0x1E, 0x00, 0x00, 0x00, 0x1E, 0x00, 0x00, 0x00, 0x1E, 0x00, 0x00, 0x00, 0x1E, 0x00, 0x00, 0x00, 0x1E, 0x00, 0x00, 0x00, 0x1E, 0x00, 0x00, 0x00, 0x1E, 0x00, 0x00, 0x00, 0x1E, 0x00, 0x00, 0x00, 0x1E, 0x00, 0x00, 0x00, 0x1E, 0x00, 0x00, 0x00, 0x1E, 0x00, 0x00, 0x00, 0x1E, 0x00, 0x00, 0x00, 0x1E, 0x00, 0x00, 0x00, 0x1E, 0x00, 0x00, 0x00, 0x1E, 0x00, 0x00, 0x00, 0x1E, 0x00, 0x00, 0x00, 0x1E, 0x00, 0x00, 0x00, 0x1E, 0x00, 0x00, 0x00, 0x1E, 0x00, 0x00, 0x00, 0x1E, 0x00, 0x00, 0x00, 0x1E, 0x00, 0x00, 0x00, 0x1E, 0x00, 0x00, 0x00, 0x1E, 0x00, 0x00, 0x00, 0x1E, 0x00, 0x00, 0x00, 0x1E, 0x00, 0x00, 0x00, 0x0C, 0x00, 0x00, 

/* Symbol 0x55, offset 7463 */
    26, 57, 13,
    0x60, 0x00, 0x01, 0x80, 0xF0, 0x00, 0x03, 0xC0, 0xF0, 0x00, 0x03, 0xC0, 0xF0, 0x00, 0x03, 0xC0, 0xF0, 0x00, 0x03, 0xC0, 0xF0, 0x00, 0x03, 0xC0, 0xF0, 0x00, 0x03, 0xC0, 0xF0, 0x00, 0x03, 0xC0, 0xF0, 0x00, 0x03, 0xC0, 0xF0, 0x00, 0x03, 0xC0, 0xF0, 0x00, 0x03, 0xC0, 0xF0, 0x00, 0x03, 0xC0, 0xF0, 0x00, 0x03, 0xC0, 0xF0, 0x00, 0x03, 0xC0, 0xF0, 0x00, 0x03, 0xC0, 0xF0, 0x00, 0x03, 0xC0, 0xF0, 0x00, 0x03, 0xC0, 0xF0, 0x00, 0x03, 0xC0, 0xF0, 0x00, 0x03, 0xC0, 0xF0, 0x00, 0x03, 0xC0, 0xF0, 0x00, 0x03, 0xC0, 0xF0, 0x00, 0x03, 0xC0, 0xF0, 0x00, 0x03, 0xC0, 0xF0, 0x00, 0x03, 0xC0, 0xF0, 0x00, 0x03, 0xC0, 0xF0, 0x00, 0x03, 0xC0, 0xF0, 0x00, 0x03, 0xC0, 0xF0, 0x00, 0x03, 0xC0, 0xF0, 0x00, 0x03, 0xC0, 0xF0, 0x00, 0x03, 0xC0, 0xF0, 0x00, 0x03, 0xC0, 0xF0, 0x00, 0x03, 0xC0, 0xF0, 0x00, 0x03, 0xC0, 0xF0, 0x00, 0x03, 0xC0, 0xF0, 0x00, 0x03, 0xC0, 0xF0, 0x00, 0x03, 0xC0, 0xF0, 0x00, 0x03, 0xC0, 0xF0, 0x00, 0x03, 0xC0, 0x78, 0x00, 0x07, 0x80, 0x7C, 0x00, 0x0F, 0x80, 0x3F, 0xFF, 0xFF, 0x00, 0x1F, 0xFF, 0xFE, 0x00, 0x0F, 0xFF, 0xFC, 0x00, 0x03, 0xFF, 0xF0, 0x00, 

/* Symbol 0x56, offset 7642 */
    31, 57, 13,
    0x70, 0x00, 0x00, 0x1C, 0xF8, 0x00, 0x00, 0x1E, 0xF8, 0x00, 0x00, 0x3E, 0x78, 0x00, 0x00, 0x3E, 0x7C, 0x00, 0x00, 0x3C, 0x7C, 0x00, 0x00, 0x7C, 0x3C, 0x00, 0x00, 0x7C, 0x3E, 0x00, 0x00, 0x78, 0x3E, 0x00, 0x00, 0xF8, 0x1E, 0x00, 0x00, 0xF8, 0x1F, 0x00, 0x00, 0xF0, 0x1F, 0x00, 0x01, 0xF0, 0x0F, 0x00, 0x01, 0xF0, 0x0F, 0x80, 0x01, 0xE0, 0x0F, 0x80, 0x03, 0xE0, 0x07, 0x80, 0x03, 0xE0, 0x07, 0xC0, 0x03, 0xC0, 0x07, 0xC0, 0x07, 0xC0, 0x03, 0xC0, 0x07, 0xC0, 0x03, 0xE0, 0x07, 0x80, 0x03, 0xE0, 0x0F, 0x80, 0x01, 0xE0, 0x0F, 0x80, 0x01, 0xF0, 0x0F, 0x00, 0x01, 0xF0, 0x1F, 0x00, 0x00, 0xF0, 0x1F, 0x00, 0x00, 0xF8, 0x1E, 0x00, 0x00, 0xF8, 0x3E, 0x00, 0x00, 0x78, 0x3E, 0x00, 0x00, 0x7C, 0x3C, 0x00, 0x00, 0x7C, 0x3C, 0x00, 0x00, 0x3C, 0x7C, 0x00, 0x00, 0x3E, 0x78, 0x00, 0x00, 0x3E, 0x78, 0x00, 0x00, 0x1E, 0xF8, 0x00, 0x00, 0x1F, 0xF0, 0x00, 0x00, 0x1F, 0xF0, 0x00, 0x00, 0x0F, 0xF0, 0x00, 0x00, 0x0F, 0xE0, 0x00, 0x00, 0x0F, 0xE0, 0x00, 0x00, 0x07, 0xE0, 0x00, 0x00, 0x07, 0xC0, 0x00, 0x00, 0x07, 0xC0, 0x00, 0x00, 0x03, 0xC0, 0x00, 0x00, 0x03, 0x80, 0x00, 

/* Symbol 0x57, offset 7821 */
    40, 57, 13,
    0x70, 0x00, 0x00, 0x00, 0x0E, 0xF8, 0x00, 0x00, 0x00, 0x1F, 0xF8, 0x00, 0x00, 0x00, 0x1F, 0x78, 0x00, 0x00, 0x00, 0x1F, 0x78, 0x00, 0x00, 0x00, 0x1E, 0x7C, 0x00, 0x00, 0x00, 0x1E, 0x7C, 0x00, 0x00, 0x00, 0x3E, 0x7C, 0x00, 0x00, 0x00, 0x3E, 0x3C, 0x00, 0x00, 0x00, 0x3C, 0x3C, 0x00, 0x00, 0x00, 0x3C, 0x3E, 0x00, 0x00, 0x00, 0x7C, 0x3E, 0x00, 0x00, 0x00, 0x7C, 0x1E, 0x00, 0x00, 0x00, 0x7C, 0x1E, 0x00, 0x00, 0x00, 0x78, 0x1F, 0x00, 0x00, 0x00, 0x78, 0x1F, 0x00, 0x18, 0x00, 0xF8, 0x1F, 0x00, 0x3C, 0x00, 0xF8, 0x0F, 0x00, 0x3C, 0x00, 0xF0, 0x0F, 0x00, 0x7E, 0x00, 0xF0, 0x0F, 0x80, 0x7E, 0x01, 0xF0, 0x0F, 0x80, 0x7E, 0x01, 0xF0, 0x07, 0x80, 0xFF, 0x01, 0xF0, 0x07, 0x80, 0xFF, 0x01, 0xE0, 0x07, 0xC0, 0xFF, 0x81, 0xE0, 0x07, 0xC1, 0xFF, 0x83, 0xE0, 0x07, 0xC1, 0xF7, 0x83, 0xE0, 0x03, 0xC1, 0xE7, 0xC3, 0xC0, 0x03, 0xC3, 0xE7, 0xC3, 0xC0, 0x03, 0xE3, 0xC3, 0xC7, 0xC0, 0x03, 0xE7, 0xC3, 0xE7, 0xC0, 0x01, 0xE7, 0xC3, 0xE7, 0xC0, 0x01, 0xE7, 0x81, 0xE7, 0x80, 0x01, 0xFF, 0x81, 0xF7, 0x80, 0x01, 0xFF, 0x81, 0xFF, 0x80, 0x01, 0xFF, 0x00, 0xFF, 0x80, 0x00, 0xFF, 0x00, 0xFF, 0x00, 0x00, 0xFF, 0x00, 0x7F, 0x00, 0x00, 0xFE, 0x00, 0x7F, 0x00, 0x00, 0xFE, 0x00, 0x7F, 0x00, 0x00, 0x7C, 0x00, 0x3F, 0x00, 0x00, 0x7C, 0x00, 0x3E, 0x00, 0x00, 0x7C, 0x00, 0x3E, 0x00, 0x00, 0x78, 0x00, 0x1E, 0x00, 0x00, 0x38, 0x00, 0x1C, 0x00, 

/* Symbol 0x58, offset 8044 */
    31, 57, 13,
    0x70, 0x00, 0x00, 0x1C, 0xF0, 0x00, 0x00, 0x1E, 0xF8, 0x00, 0x00, 0x3E, 0xFC, 0x00, 0x00, 0x7E, 0x7C, 0x00, 0x00, 0x7C, 0x3E, 0x00, 0x00, 0xF8, 0x3F, 0x00, 0x01, 0xF8, 0x1F, 0x00, 0x01, 0xF0, 0x0F, 0x80, 0x03, 0xE0, 0x0F, 0xC0, 0x07, 0xC0, 0x07, 0xC0, 0x07, 0xC0, 0x03, 0xE0, 0x0F, 0x80, 0x01, 0xF0, 0x1F, 0x00, 0x01, 0xF0, 0x1F, 0x00, 0x00, 0xF8, 0x3E, 0x00, 0x00, 0x7C, 0x7C, 0x00, 0x00, 0x7C, 0x7C, 0x00, 0x00, 0x3E, 0xF8, 0x00, 0x00, 0x1F, 0xF0, 0x00, 0x00, 0x1F, 0xF0, 0x00, 0x00, 0x0F, 0xE0, 0x00, 0x00, 0x07, 0xC0, 0x00, 0x00, 0x07, 0xC0, 0x00, 0x00, 0x0F, 0xE0, 0x00, 0x00, 0x1F, 0xF0, 0x00, 0x00, 0x1F, 0xF0, 0x00, 0x00, 0x3E, 0xF8, 0x00, 0x00, 0x7C, 0x7C, 0x00, 0x00, 0x7C, 0x7C, 0x00, 0x00, 0xF8, 0x3E, 0x00, 0x01, 0xF0, 0x1F, 0x00, 0x01, 0xF0, 0x1F, 0x00, 0x03, 0xE0, 0x0F, 0x80, 0x07, 0xC0, 0x07, 0xC0, 0x07, 0xC0, 0x07, 0xC0, 0x0F, 0x80, 0x03, 0xE0, 0x1F, 0x00, 0x01, 0xF0, 0x3F, 0x00, 0x01, 0xF8, 0x3E, 0x00, 0x00, 0xF8, 0x7C, 0x00, 0x00, 0x7C, 0xFC, 0x00, 0x00, 0x7E, 0xF8, 0x00, 0x00, 0x3E, 0xF0, 0x00, 0x00, 0x1E, 0x70, 0x00, 0x00, 0x1C, 

/* Symbol 0x59, offset 8223 */
    30, 57, 13,
    0x60, 0x00, 0x00, 0x18, 0xF0, 0x00, 0x00, 0x3C, 0xF8, 0x00, 0x00, 0x7C, 0xFC, 0x00, 0x00, 0xFC, 0x7C, 0x00, 0x00, 0xF8, 0x3E, 0x00, 0x01, 0xF0, 0x3F, 0x00, 0x03, 0xF0, 0x1F, 0x00, 0x03, 0xE0, 0x0F, 0x80, 0x07, 0xC0, 0x07, 0x80, 0x07, 0x80, 0x07, 0xC0, 0x0F, 0x80, 0x03, 0xE0, 0x1F, 0x00, 0x01, 0xE0, 0x1E, 0x00, 0x01, 0xF0, 0x3E, 0x00, 0x00, 0xF8, 0x7C, 0x00, 0x00, 0x78, 0x78, 0x00, 0x00, 0x7C, 0xF8, 0x00, 0x00, 0x3F, 0xF0, 0x00, 0x00, 0x1F, 0xE0, 0x00, 0x00, 0x1F, 0xE0, 0x00, 0x00, 0x0F, 0xC0, 0x00, 0x00, 0x07, 0x80, 0x00, 0x00, 0x07, 0x80, 0x00, 0x00, 0x07, 0x80, 0x00, 0x00, 0x07, 0x80, 0x00, 0x00, 0x07, 0x80, 0x00, 0x00, 0x07, 0x80, 0x00, 0x00, 0x07, 0x80, 0x00, 0x00, 0x07, 0x80, 0x00, 0x00, 0x07, 0x80, 0x00, 0x00, 0x07, 0x80, 0x00, 0x00, 0x07, 0x80, 0x00, 0x00, 0x07, 0x80, 0x00, 0x00, 0x07, 0x80, 0x00, 0x00, 0x07, 0x80, 0x00, 0x00, 0x07, 0x80, 0x00, 0x00, 0x07, 0x80, 0x00, 0x00, 0x07, 0x80, 0x00, 0x00, 0x07, 0x80, 0x00, 0x00, 0x07, 0x80, 0x00, 0x00, 0x07, 0x80, 0x00, 0x00, 0x07, 0x80, 0x00, 0x00, 0x07, 0x80, 0x00, 0x00, 0x03, 0x00, 0x00, 

/* Symbol 0x5A, offset 8402 */
    31, 57, 13,
    0x7F, 0xFF, 0xFF, 0xFE, 0x7F, 0xFF, 0xFF, 0xFE, 0x7F, 0xFF, 0xFF, 0xFE, 0x7F, 0xFF, 0xFF, 0xFE, 0x00, 0x00, 0x00, 0x7C, 0x00, 0x00, 0x00, 0xFC, 0x00, 0x00, 0x01, 0xF8, 0x00, 0x00, 0x01, 0xF0, 0x00, 0x00, 0x03, 0xF0, 0x00, 0x00, 0x07, 0xE0, 0x00, 0x00, 0x07, 0xC0, 0x00, 0x00, 0x0F, 0xC0, 0x00, 0x00, 0x1F, 0x80, 0x00, 0x00, 0x1F, 0x00, 0x00, 0x00, 0x3F, 0x00, 0x00, 0x00, 0x7E, 0x00, 0x00, 0x00, 0x7C, 0x00, 0x00, 0x00, 0xFC, 0x00, 0x00, 0x01, 0xF8, 0x00, 0x00, 0x01, 0xF0, 0x00, 0x00, 0x03, 0xF0, 0x00, 0x00, 0x07, 0xE0, 0x00, 0x00, 0x07, 0xC0, 0x00, 0x00, 0x0F, 0xC0, 0x00, 0x00, 0x1F, 0x80, 0x00, 0x00, 0x1F, 0x00, 0x00, 0x00, 0x3F, 0x00, 0x00, 0x00, 0x7E, 0x00, 0x00, 0x00, 0x7C, 0x00, 0x00, 0x00, 0xFC, 0x00, 0x00, 0x00, 0xF8, 0x00, 0x00, 0x01, 0xF0, 0x00, 0x00, 0x03, 0xF0, 0x00, 0x00, 0x03, 0xE0, 0x00, 0x00, 0x07, 0xE0, 0x00, 0x00, 0x0F, 0xC0, 0x00, 0x00, 0x0F, 0x80, 0x00, 0x00, 0x1F, 0x80, 0x00, 0x00, 0x3F, 0x00, 0x00, 0x00, 0x3E, 0x00, 0x00, 0x00, 0x7F, 0xFF, 0xFF, 0xFE, 0xFF, 0xFF, 0xFF, 0xFE, 0xFF, 0xFF, 0xFF, 0xFE, 0x7F, 0xFF, 0xFF, 0xFE, 

/* Symbol 0x5B, offset 8581 */
    9, 61, 9,
    0x7F, 0x00, 0xFF, 0x80, 0xFF, 0x80, 0xFF, 0x00, 0xF0, 0x00, 0xF0, 0x00, 0xF0, 0x00, 0xF0, 0x00, 0xF0, 0x00, 0xF0, 0x00, 0xF0, 0x00, 0xF0, 0x00, 0xF0, 0x00, 0xF0, 0x00, 0xF0, 0x00, 0xF0, 0x00, 0xF0, 0x00, 0xF0, 0x00, 0xF0, 0x00, 0xF0, 0x00, 0xF0, 0x00, 0xF0, 0x00, 0xF0, 0x00, 0xF0, 0x00, 0xF0, 0x00, 0xF0, 0x00, 0xF0, 0x00, 0xF0, 0x00, 0xF0, 0x00, 0xF0, 0x00, 0xF0, 0x00, 0xF0, 0x00, 0xF0, 0x00, 0xF0, 0x00, 0xF0, 0x00, 0xF0, 0x00, 0xF0, 0x00, 0xF0, 0x00, 0xF0, 0x00, 0xF0, 0x00, 0xF0, 0x00, 0xF0, 0x00, 0xF0, 0x00, 0xF0, 0x00, 0xF0, 0x00, 0xF0, 0x00, 0xF0, 0x00, 0xF0, 0x00, 0xFF, 0x00, 0xFF, 0x80, 0xFF, 0x80, 0x7F, 0x00, 

/* Symbol 0x5C, offset 8688 */
    29, 66, 0,
    0x70, 0x00, 0x00, 0x00, 0xF8, 0x00, 0x00, 0x00, 0xF8, 0x00, 0x00, 0x00, 0x78, 0x00, 0x00, 0x00, 0x7C, 0x00, 0x00, 0x00, 0x7C, 0x00, 0x00, 0x00, 0x3E, 0x00, 0x00, 0x00, 0x3E, 0x00, 0x00, 0x00, 0x1E, 0x00, 0x00, 0x00, 0x1F, 0x00, 0x00, 0x00, 0x1F, 0x00, 0x00, 0x00, 0x0F, 0x80, 0x00, 0x00, 0x0F, 0x80, 0x00, 0x00, 0x07, 0x80, 0x00, 0x00, 0x07, 0xC0, 0x00, 0x00, 0x07, 0xC0, 0x00, 0x00, 0x03, 0xE0, 0x00, 0x00, 0x03, 0xE0, 0x00, 0x00, 0x01, 0xE0, 0x00, 0x00, 0x01, 0xF0, 0x00, 0x00, 0x01, 0xF0, 0x00, 0x00, 0x00, 0xF0, 0x00, 0x00, 0x00, 0xF8, 0x00, 0x00, 0x00, 0x78, 0x00, 0x00, 0x00, 0x7C, 0x00, 0x00, 0x00, 0x7C, 0x00, 0x00, 0x00, 0x3C, 0x00, 0x00, 0x00, 0x3E, 0x00, 0x00, 0x00, 0x3E, 0x00, 0x00, 0x00, 0x1F, 0x00, 0x00, 0x00, 0x1F, 0x00, 0x00, 0x00, 0x0F, 0x00, 0x00, 0x00, 0x0F, 0x80, 0x00, 0x00, 0x0F, 0x80, 0x00, 0x00, 0x07, 0xC0, 0x00, 0x00, 0x07, 0xC0, 0x00, 0x00, 0x03, 0xC0, 0x00, 0x00, 0x03, 0xE0, 0x00, 0x00, 0x03, 0xE0, 0x00, 0x00, 0x01, 0xF0, 0x00, 0x00, 0x01, 0xF0, 0x00, 0x00, 0x00, 0xF0, 0x00, 0x00, 0x00, 0xF8, 0x00, 0x00, 0x00, 0xF8, 0x00, 0x00, 0x00, 0x78, 0x00, 0x00, 0x00, 0x7C, 0x00, 0x00, 0x00, 0x3C, 0x00, 0x00, 0x00, 0x3E, 0x00, 0x00, 0x00, 0x3E, 0x00, 0x00, 0x00, 0x1E, 0x00, 0x00, 0x00, 0x1F, 0x00, 0x00, 0x00, 0x1F, 0x00, 0x00, 0x00, 0x0F, 0x80, 0x00, 0x00, 0x0F, 0x80, 0x00, 0x00, 0x07, 0x80, 0x00, 0x00, 0x07, 0xC0, 0x00, 0x00, 0x07, 0xC0, 0x00, 0x00, 0x03, 0xE0, 0x00, 0x00, 0x03, 0xE0, 0x00, 0x00, 0x01, 0xE0, 0x00, 0x00, 0x01, 0xF0, 0x00, 0x00, 0x01, 0xF0, 0x00, 0x00, 0x00, 0xF0, 0x00, 0x00, 0x00, 0xF8, 0x00, 0x00, 0x00, 0x78, 0x00, 0x00, 0x00, 0x70, 

/* Symbol 0x5D, offset 8955 */
    9, 61, 9,
    0x7F, 0x00, 0xFF, 0x80, 0xFF, 0x80, 0x7F, 0x80, 0x07, 0x80, 0x07, 0x80, 0x07, 0x80, 0x07, 0x80, 0x07, 0x80, 0x07, 0x80, 0x07, 0x80, 0x07, 0x80, 0x07, 0x80, 0x07, 0x80, 0x07, 0x80, 0x07, 0x80, 0x07, 0x80, 0x07, 0x80, 0x07, 0x80, 0x07, 0x80, 0x07, 0x80, 0x07, 0x80, 0x07, 0x80, 0x07, 0x80, 0x07, 0x80, 0x07, 0x80, 0x07, 0x80, 0x07, 0x80, 0x07, 0x80, 0x07, 0x80, 0x07, 0x80, 0x07, 0x80, 0x07, 0x80, 0x07, 0x80, 0x07, 0x80, 0x07, 0x80, 0x07, 0x80, 0x07, 0x80, 0x07, 0x80, 0x07, 0x80, 0x07, 0x80, 0x07, 0x80, 0x07, 0x80, 0x07, 0x80, 0x07, 0x80, 0x07, 0x80, 0x07, 0x80, 0x07, 0x80, 0x7F, 0x80, 0xFF, 0x80, 0xFF, 0x80, 0x7F, 0x00, 

/* Symbol 0x5E, offset 9062 */
    22, 9, 0,
    0x00, 0xFE, 0x00, 0x07, 0xFF, 0x80, 0x0F, 0xFF, 0xE0, 0x1F, 0xFF, 0xF0, 0x3F, 0x83, 0xF8, 0x7E, 0x00, 0xFC, 0xF8, 0x00, 0x7C, 0x78, 0x00, 0x3C, 0x70, 0x00, 0x18, 

/* Symbol 0x5F, offset 9092 */
    26, 63, 59,
    0xFF, 0xFF, 0xFF, 0xC0, 0xFF, 0xFF, 0xFF, 0xC0, 0xFF, 0xFF, 0xFF, 0xC0, 0xFF, 0xFF, 0xFF, 0xC0, 

/* Symbol 0x60, offset 9111 */
    39, 57, 13,
    0xFF, 0xFF, 0xFF, 0xFF, 0xFE, 0xFF, 0xFF, 0xFF, 0xFF, 0xFE, 0xFF, 0xFF, 0xFF, 0xFF, 0xFE, 0xE0, 0x00, 0x00, 0x00, 0x0E, 0xE0, 0x00, 0x00, 0x00, 0x0E, 0xE0, 0x00, 0x00, 0x00, 0x0E, 0xE0, 0x00, 0x00, 0x00, 0x0E, 0xE0, 0x00, 0x00, 0x00, 0x0E, 0xE0, 0x00, 0x00, 0x00, 0x0E, 0xE0, 0x00, 0x00, 0x00, 0x0E, 0xE0, 0x00, 0x00, 0x00, 0x0E, 0xE0, 0x00, 0x00, 0x00, 0x0E, 0xE0, 0x00, 0x00, 0x00, 0x0E, 0xE0, 0x00, 0x00, 0x00, 0x0E, 0xE0, 0x00, 0x00, 0x00, 0x0E, 0xE0, 0x00, 0x00, 0x00, 0x0E, 0xE0, 0x00, 0x00, 0x00, 0x0E, 0xE0, 0x00, 0x00, 0x00, 0x0E, 0xE0, 0x00, 0x00, 0x00, 0x0E, 0xE0, 0x00, 0x00, 0x00, 0x0E, 0xE0, 0x00, 0x00, 0x00, 0x0E, 0xE0, 0x00, 0x00, 0x00, 0x0E, 0xE0, 0x00, 0x00, 0x00, 0x0E, 0xE0, 0x00, 0x00, 0x00, 0x0E, 0xE0, 0x00, 0x00, 0x00, 0x0E, 0xE0, 0x00, 0x00, 0x00, 0x0E, 0xE0, 0x00, 0x00, 0x00, 0x0E, 0xE0, 0x00, 0x00, 0x00, 0x0E, 0xE0, 0x00, 0x00, 0x00, 0x0E, 0xE0, 0x00, 0x00, 0x00, 0x0E, 0xE0, 0x00, 0x00, 0x00, 0x0E, 0xE0, 0x00, 0x00, 0x00, 0x0E, 0xE0, 0x00, 0x00, 0x00, 0x0E, 0xE0, 0x00, 0x00, 0x00, 0x0E, 0xE0, 0x00, 0x00, 0x00, 0x0E, 0xE0, 0x00, 0x00, 0x00, 0x0E, 0xE0, 0x00, 0x00, 0x00, 0x0E, 0xE0, 0x00, 0x00, 0x00, 0x0E, 0xE0, 0x00, 0x00, 0x00, 0x0E, 0xE0, 0x00, 0x00, 0x00, 0x0E, 0xE0, 0x00, 0x00, 0x00, 0x0E, 0xFF, 0xFF, 0xFF, 0xFF, 0xFE, 0xFF, 0xFF, 0xFF, 0xFF, 0xFE, 0xFF, 0xFF, 0xFF, 0xFF, 0xFE, 

/* Symbol 0x61, offset 9334 */
    26, 57, 26,
    0x03, 0xFF, 0xF8, 0x00, 0x0F, 0xFF, 0xFC, 0x00, 0x1F, 0xFF, 0xFC, 0x00, 0x3F, 0xFF, 0xFC, 0x00, 0x7C, 0x00, 0x3C, 0x00, 0x78, 0x00, 0x3C, 0x00, 0xF0, 0x00, 0x3C, 0x00, 0xF0, 0x00, 0x3C, 0x00, 0xF0, 0x00, 0x3C, 0x00, 0xF0, 0x00, 0x3C, 0x00, 0xF0, 0x00, 0x3C, 0x00, 0xF0, 0x00, 0x3C, 0x00, 0xF0, 0x00, 0x3C, 0x00, 0xF0, 0x00, 0x3C, 0x00, 0xF0, 0x00, 0x3C, 0x00, 0xF0, 0x00, 0x3C, 0x00, 0xF0, 0x00, 0x3C, 0x00, 0xF0, 0x00, 0x3C, 0x00, 0xF0, 0x00, 0x3C, 0x00, 0xF0, 0x00, 0x3C, 0x00, 0xF0, 0x00, 0x3C, 0x00, 0xF0, 0x00, 0x3C, 0x00, 0xF0, 0x00, 0x3C, 0x00, 0xF0, 0x00, 0x3C, 0x00, 0xF0, 0x00, 0x3E, 0x00, 0x78, 0x00, 0x7E, 0x00, 0x7C, 0x00, 0xFF, 0x80, 0x3F, 0xFF, 0xFF, 0xC0, 0x1F, 0xFF, 0xEF, 0xC0, 0x0F, 0xFF, 0xC7, 0xC0, 0x03, 0xFF, 0x01, 0xC0, 

/* Symbol 0x62, offset 9461 */
    22, 57, 13,
    0x60, 0x00, 0x00, 0xF0, 0x00, 0x00, 0xF0, 0x00, 0x00, 0xF0, 0x00, 0x00, 0xF0, 0x00, 0x00, 0xF0, 0x00, 0x00, 0xF0, 0x00, 0x00, 0xF0, 0x00, 0x00, 0xF0, 0x00, 0x00, 0xF0, 0x00, 0x00, 0xF0, 0x00, 0x00, 0xF0, 0x00, 0x00, 0xF0, 0x00, 0x00, 0xFF, 0xFF, 0x00, 0xFF, 0xFF, 0xC0, 0xFF, 0xFF, 0xE0, 0xFF, 0xFF, 0xF0, 0xF0, 0x00, 0xF8, 0xF0, 0x00, 0x78, 0xF0, 0x00, 0x3C, 0xF0, 0x00, 0x3C, 0xF0, 0x00, 0x3C, 0xF0, 0x00, 0x3C, 0xF0, 0x00, 0x3C, 0xF0, 0x00, 0x3C, 0xF0, 0x00, 0x3C, 0xF0, 0x00, 0x3C, 0xF0, 0x00, 0x3C, 0xF0, 0x00, 0x3C, 0xF0, 0x00, 0x3C, 0xF0, 0x00, 0x3C, 0xF0, 0x00, 0x3C, 0xF0, 0x00, 0x3C, 0xF0, 0x00, 0x3C, 0xF0, 0x00, 0x3C, 0xF0, 0x00, 0x3C, 0xF0, 0x00, 0x3C, 0xF0, 0x00, 0x3C, 0xF0, 0x00, 0x78, 0xF0, 0x00, 0xF8, 0xFF, 0xFF, 0xF0, 0xFF, 0xFF, 0xE0, 0xFF, 0xFF, 0xC0, 0x7F, 0xFF, 0x00, 

/* Symbol 0x63, offset 9596 */
    18, 57, 26,
    0x03, 0xFF, 0x80, 0x0F, 0xFF, 0xC0, 0x1F, 0xFF, 0xC0, 0x3F, 0xFF, 0x80, 0x7C, 0x00, 0x00, 0x78, 0x00, 0x00, 0xF0, 0x00, 0x00, 0xF0, 0x00, 0x00, 0xF0, 0x00, 0x00, 0xF0, 0x00, 0x00, 0xF0, 0x00, 0x00, 0xF0, 0x00, 0x00, 0xF0, 0x00, 0x00, 0xF0, 0x00, 0x00, 0xF0, 0x00, 0x00, 0xF0, 0x00, 0x00, 0xF0, 0x00, 0x00, 0xF0, 0x00, 0x00, 0xF0, 0x00, 0x00, 0xF0, 0x00, 0x00, 0xF0, 0x00, 0x00, 0xF0, 0x00, 0x00, 0xF0, 0x00, 0x00, 0xF0, 0x00, 0x00, 0xF0, 0x00, 0x00, 0x78, 0x00, 0x00, 0x7C, 0x00, 0x00, 0x3F, 0xFF, 0x80, 0x1F, 0xFF, 0xC0, 0x0F, 0xFF, 0xC0, 0x03, 0xFF, 0x80, 

/* Symbol 0x64, offset 9692 */
    22, 57, 13,
    0x00, 0x00, 0x18, 0x00, 0x00, 0x3C, 0x00, 0x00, 0x3C, 0x00, 0x00, 0x3C, 0x00, 0x00, 0x3C, 0x00, 0x00, 0x3C, 0x00, 0x00, 0x3C, 0x00, 0x00, 0x3C, 0x00, 0x00, 0x3C, 0x00, 0x00, 0x3C, 0x00, 0x00, 0x3C, 0x00, 0x00, 0x3C, 0x00, 0x00, 0x3C, 0x03, 0xFF, 0xFC, 0x0F, 0xFF, 0xFC, 0x1F, 0xFF, 0xFC, 0x3F, 0xFF, 0xFC, 0x7C, 0x00, 0x3C, 0x78, 0x00, 0x3C, 0xF0, 0x00, 0x3C, 0xF0, 0x00, 0x3C, 0xF0, 0x00, 0x3C, 0xF0, 0x00, 0x3C, 0xF0, 0x00, 0x3C, 0xF0, 0x00, 0x3C, 0xF0, 0x00, 0x3C, 0xF0, 0x00, 0x3C, 0xF0, 0x00, 0x3C, 0xF0, 0x00, 0x3C, 0xF0, 0x00, 0x3C, 0xF0, 0x00, 0x3C, 0xF0, 0x00, 0x3C, 0xF0, 0x00, 0x3C, 0xF0, 0x00, 0x3C, 0xF0, 0x00, 0x3C, 0xF0, 0x00, 0x3C, 0xF0, 0x00, 0x3C, 0xF0, 0x00, 0x3C, 0x78, 0x00, 0x3C, 0x7C, 0x00, 0x3C, 0x3F, 0xFF, 0xFC, 0x1F, 0xFF, 0xFC, 0x0F, 0xFF, 0xFC, 0x03, 0xFF, 0xF8, 

/* Symbol 0x65, offset 9827 */
    22, 57, 26,
    0x03, 0xFF, 0x00, 0x0F, 0xFF, 0xC0, 0x1F, 0xFF, 0xE0, 0x3F, 0xFF, 0xF0, 0x7E, 0x01, 0xF8, 0x78, 0x00, 0x78, 0xF8, 0x00, 0x7C, 0xF0, 0x00, 0x3C, 0xF0, 0x00, 0x3C, 0xF0, 0x00, 0x3C, 0xF0, 0x00, 0x3C, 0xF0, 0x00, 0x3C, 0xF0, 0x00, 0x3C, 0xF0, 0x00, 0x3C, 0xFF, 0xFF, 0xFC, 0xFF, 0xFF, 0xFC, 0xFF, 0xFF, 0xFC, 0xFF, 0xFF, 0xF8, 0xF0, 0x00, 0x00, 0xF0, 0x00, 0x00, 0xF0, 0x00, 0x00, 0xF0, 0x00, 0x00, 0xF0, 0x00, 0x00, 0xF0, 0x00, 0x00, 0xF0, 0x00, 0x00, 0x78, 0x00, 0x00, 0x7C, 0x00, 0x00, 0x3F, 0xFF, 0xF8, 0x1F, 0xFF, 0xFC, 0x0F, 0xFF, 0xFC, 0x03, 0xFF, 0xF8, 

/* Symbol 0x66, offset 9923 */
    18, 57, 13,
    0x00, 0x1F, 0x80, 0x00, 0x7F, 0xC0, 0x00, 0xFF, 0xC0, 0x01, 0xFF, 0x80, 0x03, 0xE0, 0x00, 0x03, 0xC0, 0x00, 0x07, 0x80, 0x00, 0x07, 0x80, 0x00, 0x07, 0x80, 0x00, 0x07, 0x80, 0x00, 0x07, 0x80, 0x00, 0x07, 0x80, 0x00, 0x07, 0x80, 0x00, 0x7F, 0xFF, 0x80, 0xFF, 0xFF, 0xC0, 0xFF, 0xFF, 0xC0, 0x7F, 0xFF, 0x80, 0x07, 0x80, 0x00, 0x07, 0x80, 0x00, 0x07, 0x80, 0x00, 0x07, 0x80, 0x00, 0x07, 0x80, 0x00, 0x07, 0x80, 0x00, 0x07, 0x80, 0x00, 0x07, 0x80, 0x00, 0x07, 0x80, 0x00, 0x07, 0x80, 0x00, 0x07, 0x80, 0x00, 0x07, 0x80, 0x00, 0x07, 0x80, 0x00, 0x07, 0x80, 0x00, 0x07, 0x80, 0x00, 0x07, 0x80, 0x00, 0x07, 0x80, 0x00, 0x07, 0x80, 0x00, 0x07, 0x80, 0x00, 0x07, 0x80, 0x00, 0x07, 0x80, 0x00, 0x07, 0x80, 0x00, 0x07, 0x80, 0x00, 0x07, 0x80, 0x00, 0x07, 0x80, 0x00, 0x07, 0x80, 0x00, 0x03, 0x00, 0x00, 

/* Symbol 0x67, offset 10058 */
    22, 70, 26,
    0x03, 0xFF, 0xF8, 0x0F, 0xFF, 0xFC, 0x1F, 0xFF, 0xFC, 0x3F, 0xFF, 0xFC, 0x7C, 0x00, 0x3C, 0x78, 0x00, 0x3C, 0xF0, 0x00, 0x3C, 0xF0, 0x00, 0x3C, 0xF0, 0x00, 0x3C, 0xF0, 0x00, 0x3C, 0xF0, 0x00, 0x3C, 0xF0, 0x00, 0x3C, 0xF0, 0x00, 0x3C, 0xF0, 0x00, 0x3C, 0xF0, 0x00, 0x3C, 0xF0, 0x00, 0x3C, 0xF0, 0x00, 0x3C, 0xF0, 0x00, 0x3C, 0xF0, 0x00, 0x3C, 0xF0, 0x00, 0x3C, 0xF0, 0x00, 0x3C, 0xF0, 0x00, 0x3C, 0xF0, 0x00, 0x3C, 0xF0, 0x00, 0x3C, 0xF0, 0x00, 0x3C, 0x78, 0x00, 0x3C, 0x7C, 0x00, 0x3C, 0x3F, 0xFF, 0xFC, 0x1F, 0xFF, 0xFC, 0x0F, 0xFF, 0xFC, 0x03, 0xFF, 0xFC, 0x00, 0x00, 0x3C, 0x00, 0x00, 0x3C, 0x00, 0x00, 0x3C, 0x00, 0x00, 0x3C, 0x00, 0x00, 0x3C, 0x00, 0x00, 0x3C, 0x00, 0x00, 0x3C, 0x00, 0x00, 0x78, 0x00, 0x00, 0xF8, 0x1F, 0xFF, 0xF0, 0x3F, 0xFF, 0xE0, 0x3F, 0xFF, 0xC0, 0x1F, 0xFF, 0x00, 

/* Symbol 0x68, offset 10193 */
    22, 57, 13,
    0x60, 0x00, 0x00, 0xF0, 0x00, 0x00, 0xF0, 0x00, 0x00, 0xF0, 0x00, 0x00, 0xF0, 0x00, 0x00, 0xF0, 0x00, 0x00, 0xF0, 0x00, 0x00, 0xF0, 0x00, 0x00, 0xF0, 0x00, 0x00, 0xF0, 0x00, 0x00, 0xF0, 0x00, 0x00, 0xF0, 0x00, 0x00, 0xF0, 0x00, 0x00, 0xFF, 0xFF, 0x00, 0xFF, 0xFF, 0xC0, 0xFF, 0xFF, 0xE0, 0xFF, 0xFF, 0xF0, 0xF0, 0x00, 0xF8, 0xF0, 0x00, 0x78, 0xF0, 0x00, 0x3C, 0xF0, 0x00, 0x3C, 0xF0, 0x00, 0x3C, 0xF0, 0x00, 0x3C, 0xF0, 0x00, 0x3C, 0xF0, 0x00, 0x3C, 0xF0, 0x00, 0x3C, 0xF0, 0x00, 0x3C, 0xF0, 0x00, 0x3C, 0xF0, 0x00, 0x3C, 0xF0, 0x00, 0x3C, 0xF0, 0x00, 0x3C, 0xF0, 0x00, 0x3C, 0xF0, 0x00, 0x3C, 0xF0, 0x00, 0x3C, 0xF0, 0x00, 0x3C, 0xF0, 0x00, 0x3C, 0xF0, 0x00, 0x3C, 0xF0, 0x00, 0x3C, 0xF0, 0x00, 0x3C, 0xF0, 0x00, 0x3C, 0xF0, 0x00, 0x3C, 0xF0, 0x00, 0x3C, 0xF0, 0x00, 0x3C, 0x60, 0x00, 0x18, 

/* Symbol 0x69, offset 10328 */
    4, 57, 13,
    0x60, 0xF0, 0xF0, 0x60, 0x00, 0x00, 0x00, 0x00, 0x00, 0x00, 0x00, 0x00, 0x00, 0x60, 0xF0, 0xF0, 0xF0, 0xF0, 0xF0, 0xF0, 0xF0, 0xF0, 0xF0, 0xF0, 0xF0, 0xF0, 0xF0, 0xF0, 0xF0, 0xF0, 0xF0, 0xF0, 0xF0, 0xF0, 0xF0, 0xF0, 0xF0, 0xF0, 0xF0, 0xF0, 0xF0, 0xF0, 0xF0, 0x60, 

/* Symbol 0x6A, offset 10375 */
    9, 70, 13,
    0x07, 0x80, 0x07, 0x80, 0x07, 0x80, 0x03, 0x00, 0x00, 0x00, 0x00, 0x00, 0x00, 0x00, 0x00, 0x00, 0x00, 0x00, 0x00, 0x00, 0x00, 0x00, 0x00, 0x00, 0x00, 0x00, 0x07, 0x80, 0x07, 0x80, 0x07, 0x80, 0x07, 0x80, 0x07, 0x80, 0x07, 0x80, 0x07, 0x80, 0x07, 0x80, 0x07, 0x80, 0x07, 0x80, 0x07, 0x80, 0x07, 0x80, 0x07, 0x80, 0x07, 0x80, 0x07, 0x80, 0x07, 0x80, 0x07, 0x80, 0x07, 0x80, 0x07, 0x80, 0x07, 0x80, 0x07, 0x80, 0x07, 0x80, 0x07, 0x80, 0x07, 0x80, 0x07, 0x80, 0x07, 0x80, 0x07, 0x80, 0x07, 0x80, 0x07, 0x80, 0x07, 0x80, 0x07, 0x80, 0x07, 0x80, 0x07, 0x80, 0x07, 0x80, 0x07, 0x80, 0x07, 0x80, 0x07, 0x80, 0x07, 0x80, 0x0F, 0x00, 0x1F, 0x00, 0xFE, 0x00, 0xFC, 0x00, 0xF8, 0x00, 0xE0, 0x00, 

/* Symbol 0x6B, offset 10492 */
    22, 57, 13,
    0x60, 0x00, 0x00, 0xF0, 0x00, 0x00, 0xF0, 0x00, 0x00, 0xF0, 0x00, 0x00, 0xF0, 0x00, 0x00, 0xF0, 0x00, 0x00, 0xF0, 0x00, 0x00, 0xF0, 0x00, 0x00, 0xF0, 0x00, 0x00, 0xF0, 0x00, 0x00, 0xF0, 0x00, 0x00, 0xF0, 0x00, 0x00, 0xF0, 0x00, 0x00, 0xF0, 0x00, 0x10, 0xF0, 0x00, 0x7C, 0xF0, 0x00, 0xFC, 0xF0, 0x01, 0xFC, 0xF0, 0x07, 0xF8, 0xF0, 0x0F, 0xE0, 0xF0, 0x1F, 0xC0, 0xF0, 0x7F, 0x80, 0xF0, 0xFE, 0x00, 0xF3, 0xFC, 0x00, 0xF7, 0xF8, 0x00, 0xFF, 0xE0, 0x00, 0xFF, 0xC0, 0x00, 0xFF, 0xE0, 0x00, 0xFF, 0xF0, 0x00, 0xFD, 0xF0, 0x00, 0xF0, 0xF8, 0x00, 0xF0, 0xFC, 0x00, 0xF0, 0x7E, 0x00, 0xF0, 0x3E, 0x00, 0xF0, 0x1F, 0x00, 0xF0, 0x1F, 0x80, 0xF0, 0x0F, 0xC0, 0xF0, 0x07, 0xC0, 0xF0, 0x03, 0xE0, 0xF0, 0x03, 0xF0, 0xF0, 0x01, 0xF8, 0xF0, 0x00, 0xF8, 0xF0, 0x00, 0x7C, 0xF0, 0x00, 0x7C, 0x60, 0x00, 0x38, 

/* Symbol 0x6C, offset 10627 */
    9, 57, 13,
    0x60, 0x00, 0xF0, 0x00, 0xF0, 0x00, 0xF0, 0x00, 0xF0, 0x00, 0xF0, 0x00, 0xF0, 0x00, 0xF0, 0x00, 0xF0, 0x00, 0xF0, 0x00, 0xF0, 0x00, 0xF0, 0x00, 0xF0, 0x00, 0xF0, 0x00, 0xF0, 0x00, 0xF0, 0x00, 0xF0, 0x00, 0xF0, 0x00, 0xF0, 0x00, 0xF0, 0x00, 0xF0, 0x00, 0xF0, 0x00, 0xF0, 0x00, 0xF0, 0x00, 0xF0, 0x00, 0xF0, 0x00, 0xF0, 0x00, 0xF0, 0x00, 0xF0, 0x00, 0xF0, 0x00, 0xF0, 0x00, 0xF0, 0x00, 0xF0, 0x00, 0xF0, 0x00, 0xF0, 0x00, 0xF0, 0x00, 0xF0, 0x00, 0xF0, 0x00, 0xF0, 0x00, 0xF8, 0x00, 0x7F, 0x00, 0x3F, 0x80, 0x1F, 0x80, 0x0F, 0x00, 

/* Symbol 0x6D, offset 10718 */
    30, 57, 26,
    0x7F, 0xFF, 0xFF, 0x00, 0xFF, 0xFF, 0xFF, 0xC0, 0xFF, 0xFF, 0xFF, 0xE0, 0xFF, 0xFF, 0xFF, 0xF0, 0xF0, 0x07, 0x80, 0xF8, 0xF0, 0x07, 0x80, 0x78, 0xF0, 0x07, 0x80, 0x3C, 0xF0, 0x07, 0x80, 0x3C, 0xF0, 0x07, 0x80, 0x3C, 0xF0, 0x07, 0x80, 0x3C, 0xF0, 0x07, 0x80, 0x3C, 0xF0, 0x07, 0x80, 0x3C, 0xF0, 0x07, 0x80, 0x3C, 0xF0, 0x07, 0x80, 0x3C, 0xF0, 0x07, 0x80, 0x3C, 0xF0, 0x07, 0x80, 0x3C, 0xF0, 0x07, 0x80, 0x3C, 0xF0, 0x07, 0x80, 0x3C, 0xF0, 0x07, 0x80, 0x3C, 0xF0, 0x07, 0x80, 0x3C, 0xF0, 0x07, 0x80, 0x3C, 0xF0, 0x07, 0x80, 0x3C, 0xF0, 0x07, 0x80, 0x3C, 0xF0, 0x07, 0x80, 0x3C, 0xF0, 0x07, 0x80, 0x3C, 0xF0, 0x07, 0x80, 0x3C, 0xF0, 0x07, 0x80, 0x3C, 0xF0, 0x07, 0x80, 0x3C, 0xF0, 0x07, 0x80, 0x3C, 0xF0, 0x07, 0x80, 0x3C, 0x60, 0x03, 0x00, 0x18, 

/* Symbol 0x6E, offset 10845 */
    22, 57, 26,
    0x7F, 0xFF, 0x00, 0xFF, 0xFF, 0xC0, 0xFF, 0xFF, 0xE0, 0xFF, 0xFF, 0xF0, 0xF0, 0x00, 0xF8, 0xF0, 0x00, 0x78, 0xF0, 0x00, 0x3C, 0xF0, 0x00, 0x3C, 0xF0, 0x00, 0x3C, 0xF0, 0x00, 0x3C, 0xF0, 0x00, 0x3C, 0xF0, 0x00, 0x3C, 0xF0, 0x00, 0x3C, 0xF0, 0x00, 0x3C, 0xF0, 0x00, 0x3C, 0xF0, 0x00, 0x3C, 0xF0, 0x00, 0x3C, 0xF0, 0x00, 0x3C, 0xF0, 0x00, 0x3C, 0xF0, 0x00, 0x3C, 0xF0, 0x00, 0x3C, 0xF0, 0x00, 0x3C, 0xF0, 0x00, 0x3C, 0xF0, 0x00, 0x3C, 0xF0, 0x00, 0x3C, 0xF0, 0x00, 0x3C, 0xF0, 0x00, 0x3C, 0xF0, 0x00, 0x3C, 0xF0, 0x00, 0x3C, 0xF0, 0x00, 0x3C, 0x60, 0x00, 0x18, 

/* Symbol 0x6F, offset 10941 */
    22, 57, 26,
    0x01, 0xFE, 0x00, 0x07, 0xFF, 0x80, 0x1F, 0xFF, 0xE0, 0x3F, 0xFF, 0xF0, 0x3E, 0x01, 0xF8, 0x7C, 0x00, 0xF8, 0x78, 0x00, 0x78, 0xF0, 0x00, 0x3C, 0xF0, 0x00, 0x3C, 0xF0, 0x00, 0x3C, 0xF0, 0x00, 0x3C, 0xF0, 0x00, 0x3C, 0xF0, 0x00, 0x3C, 0xF0, 0x00, 0x3C, 0xF0, 0x00, 0x3C, 0xF0, 0x00, 0x3C, 0xF0, 0x00, 0x3C, 0xF0, 0x00, 0x3C, 0xF0, 0x00, 0x3C, 0xF0, 0x00, 0x3C, 0xF0, 0x00, 0x3C, 0xF0, 0x00, 0x3C, 0xF0, 0x00, 0x3C, 0xF0, 0x00, 0x3C, 0x78, 0x00, 0x78, 0x7C, 0x00, 0xF8, 0x7E, 0x01, 0xF0, 0x3F, 0xFF, 0xF0, 0x1F, 0xFF, 0xE0, 0x07, 0xFF, 0xC0, 0x01, 0xFE, 0x00, 

/* Symbol 0x70, offset 11037 */
    22, 70, 26,
    0x7F, 0xFF, 0x00, 0xFF, 0xFF, 0xC0, 0xFF, 0xFF, 0xE0, 0xFF, 0xFF, 0xF0, 0xF0, 0x00, 0xF8, 0xF0, 0x00, 0x78, 0xF0, 0x00, 0x3C, 0xF0, 0x00, 0x3C, 0xF0, 0x00, 0x3C, 0xF0, 0x00, 0x3C, 0xF0, 0x00, 0x3C, 0xF0, 0x00, 0x3C, 0xF0, 0x00, 0x3C, 0xF0, 0x00, 0x3C, 0xF0, 0x00, 0x3C, 0xF0, 0x00, 0x3C, 0xF0, 0x00, 0x3C, 0xF0, 0x00, 0x3C, 0xF0, 0x00, 0x3C, 0xF0, 0x00, 0x3C, 0xF0, 0x00, 0x3C, 0xF0, 0x00, 0x3C, 0xF0, 0x00, 0x3C, 0xF0, 0x00, 0x3C, 0xF0, 0x00, 0x3C, 0xF0, 0x00, 0x78, 0xF0, 0x00, 0xF8, 0xFF, 0xFF, 0xF0, 0xFF, 0xFF, 0xE0, 0xFF, 0xFF, 0xC0, 0xFF, 0xFF, 0x00, 0xF0, 0x00, 0x00, 0xF0, 0x00, 0x00, 0xF0, 0x00, 0x00, 0xF0, 0x00, 0x00, 0xF0, 0x00, 0x00, 0xF0, 0x00, 0x00, 0xF0, 0x00, 0x00, 0xF0, 0x00, 0x00, 0xF0, 0x00, 0x00, 0xF0, 0x00, 0x00, 0xF0, 0x00, 0x00, 0xF0, 0x00, 0x00, 0x60, 0x00, 0x00, 

/* Symbol 0x71, offset 11172 */
    22, 70, 26,
    0x03, 0xFF, 0xF8, 0x0F, 0xFF, 0xFC, 0x1F, 0xFF, 0xFC, 0x3F, 0xFF, 0xFC, 0x7C, 0x00, 0x3C, 0x78, 0x00, 0x3C, 0xF0, 0x00, 0x3C, 0xF0, 0x00, 0x3C, 0xF0, 0x00, 0x3C, 0xF0, 0x00, 0x3C, 0xF0, 0x00, 0x3C, 0xF0, 0x00, 0x3C, 0xF0, 0x00, 0x3C, 0xF0, 0x00, 0x3C, 0xF0, 0x00, 0x3C, 0xF0, 0x00, 0x3C, 0xF0, 0x00, 0x3C, 0xF0, 0x00, 0x3C, 0xF0, 0x00, 0x3C, 0xF0, 0x00, 0x3C, 0xF0, 0x00, 0x3C, 0xF0, 0x00, 0x3C, 0xF0, 0x00, 0x3C, 0xF0, 0x00, 0x3C, 0xF0, 0x00, 0x3C, 0x78, 0x00, 0x3C, 0x7C, 0x00, 0x3C, 0x3F, 0xFF, 0xFC, 0x1F, 0xFF, 0xFC, 0x0F, 0xFF, 0xFC, 0x03, 0xFF, 0xFC, 0x00, 0x00, 0x3C, 0x00, 0x00, 0x3C, 0x00, 0x00, 0x3C, 0x00, 0x00, 0x3C, 0x00, 0x00, 0x3C, 0x00, 0x00, 0x3C, 0x00, 0x00, 0x3C, 0x00, 0x00, 0x3C, 0x00, 0x00, 0x3C, 0x00, 0x00, 0x3C, 0x00, 0x00, 0x3C, 0x00, 0x00, 0x3C, 0x00, 0x00, 0x18, 

/* Symbol 0x72, offset 11307 */
    18, 57, 26,
    0x7F, 0xFC, 0x00, 0xFF, 0xFF, 0x00, 0xFF, 0xFF, 0x80, 0xFF, 0xFF, 0x80, 0xF0, 0x07, 0xC0, 0xF0, 0x03, 0xC0, 0xF0, 0x03, 0xC0, 0xF0, 0x03, 0xC0, 0xF0, 0x01, 0x80, 0xF0, 0x00, 0x00, 0xF0, 0x00, 0x00, 0xF0, 0x00, 0x00, 0xF0, 0x00, 0x00, 0xF0, 0x00, 0x00, 0xF0, 0x00, 0x00, 0xF0, 0x00, 0x00, 0xF0, 0x00, 0x00, 0xF0, 0x00, 0x00, 0xF0, 0x00, 0x00, 0xF0, 0x00, 0x00, 0xF0, 0x00, 0x00, 0xF0, 0x00, 0x00, 0xF0, 0x00, 0x00, 0xF0, 0x00, 0x00, 0xF0, 0x00, 0x00, 0xF0, 0x00, 0x00, 0xF0, 0x00, 0x00, 0xF0, 0x00, 0x00, 0xF0, 0x00, 0x00, 0xF0, 0x00, 0x00, 0x60, 0x00, 0x00, 

/* Symbol 0x73, offset 11403 */
    22, 57, 26,
    0x01, 0xFE, 0x00, 0x0F, 0xFF, 0xC0, 0x3F, 0xFF, 0xF0, 0x7F, 0xFF, 0xF8, 0x7E, 0x03, 0xFC, 0xF8, 0x00, 0xF8, 0xF0, 0x00, 0x38, 0xF0, 0x00, 0x00, 0xF8, 0x00, 0x00, 0xFC, 0x00, 0x00, 0x7F, 0x00, 0x00, 0x7F, 0x80, 0x00, 0x3F, 0xE0, 0x00, 0x0F, 0xF0, 0x00, 0x07, 0xFC, 0x00, 0x01, 0xFE, 0x00, 0x00, 0xFF, 0x00, 0x00, 0x3F, 0xC0, 0x00, 0x1F, 0xE0, 0x00, 0x0F, 0xF0, 0x00, 0x03, 0xF0, 0x00, 0x01, 0xF8, 0x00, 0x00, 0x78, 0x00, 0x00, 0x78, 0x60, 0x00, 0x78, 0xF8, 0x00, 0xF8, 0xFE, 0x07, 0xF0, 0xFF, 0xFF, 0xE0, 0x7F, 0xFF, 0xC0, 0x1F, 0xFF, 0x80, 0x03, 0xFC, 0x00, 

/* Symbol 0x74, offset 11499 */
    18, 57, 13,
    0x03, 0x00, 0x00, 0x07, 0x80, 0x00, 0x07, 0x80, 0x00, 0x07, 0x80, 0x00, 0x07, 0x80, 0x00, 0x07, 0x80, 0x00, 0x07, 0x80, 0x00, 0x07, 0x80, 0x00, 0x07, 0x80, 0x00, 0x07, 0x80, 0x00, 0x07, 0x80, 0x00, 0x07, 0x80, 0x00, 0x07, 0x80, 0x00, 0x7F, 0xFF, 0x80, 0xFF, 0xFF, 0xC0, 0xFF, 0xFF, 0xC0, 0x7F, 0xFF, 0x80, 0x07, 0x80, 0x00, 0x07, 0x80, 0x00, 0x07, 0x80, 0x00, 0x07, 0x80, 0x00, 0x07, 0x80, 0x00, 0x07, 0x80, 0x00, 0x07, 0x80, 0x00, 0x07, 0x80, 0x00, 0x07, 0x80, 0x00, 0x07, 0x80, 0x00, 0x07, 0x80, 0x00, 0x07, 0x80, 0x00, 0x07, 0x80, 0x00, 0x07, 0x80, 0x00, 0x07, 0x80, 0x00, 0x07, 0x80, 0x00, 0x07, 0x80, 0x00, 0x07, 0x80, 0x00, 0x07, 0x80, 0x00, 0x07, 0x80, 0x00, 0x07, 0x80, 0x00, 0x07, 0x80, 0x00, 0x07, 0x80, 0x00, 0x07, 0x80, 0x00, 0x07, 0x80, 0x00, 0x07, 0x80, 0x00, 0x03, 0x00, 0x00, 

/* Symbol 0x75, offset 11634 */
    22, 57, 26,
    0x60, 0x00, 0x18, 0xF0, 0x00, 0x3C, 0xF0, 0x00, 0x3C, 0xF0, 0x00, 0x3C, 0xF0, 0x00, 0x3C, 0xF0, 0x00, 0x3C, 0xF0, 0x00, 0x3C, 0xF0, 0x00, 0x3C, 0xF0, 0x00, 0x3C, 0xF0, 0x00, 0x3C, 0xF0, 0x00, 0x3C, 0xF0, 0x00, 0x3C, 0xF0, 0x00, 0x3C, 0xF0, 0x00, 0x3C, 0xF0, 0x00, 0x3C, 0xF0, 0x00, 0x3C, 0xF0, 0x00, 0x3C, 0xF0, 0x00, 0x3C, 0xF0, 0x00, 0x3C, 0xF0, 0x00, 0x3C, 0xF0, 0x00, 0x3C, 0xF0, 0x00, 0x3C, 0xF0, 0x00, 0x3C, 0xF0, 0x00, 0x3C, 0xF0, 0x00, 0x3C, 0x78, 0x00, 0x3C, 0x7C, 0x00, 0x3C, 0x3F, 0xFF, 0xFC, 0x1F, 0xFF, 0xFC, 0x0F, 0xFF, 0xFC, 0x03, 0xFF, 0xF8, 

/* Symbol 0x76, offset 11730 */
    22, 57, 26,
    0x70, 0x00, 0x18, 0xF8, 0x00, 0x3C, 0xF8, 0x00, 0x3C, 0x78, 0x00, 0x7C, 0x7C, 0x00, 0x7C, 0x7C, 0x00, 0x78, 0x3C, 0x00, 0xF8, 0x3E, 0x00, 0xF8, 0x3E, 0x00, 0xF0, 0x1E, 0x01, 0xF0, 0x1F, 0x01, 0xF0, 0x1F, 0x01, 0xE0, 0x0F, 0x03, 0xE0, 0x0F, 0x83, 0xE0, 0x0F, 0x83, 0xC0, 0x07, 0x87, 0xC0, 0x07, 0xC7, 0xC0, 0x07, 0xC7, 0x80, 0x03, 0xCF, 0x80, 0x03, 0xCF, 0x80, 0x03, 0xEF, 0x00, 0x01, 0xFF, 0x00, 0x01, 0xFF, 0x00, 0x01, 0xFE, 0x00, 0x00, 0xFE, 0x00, 0x00, 0xFE, 0x00, 0x00, 0xFC, 0x00, 0x00, 0x7C, 0x00, 0x00, 0x7C, 0x00, 0x00, 0x78, 0x00, 0x00, 0x38, 0x00, 

/* Symbol 0x77, offset 11826 */
    31, 57, 26,
    0x70, 0x00, 0x00, 0x1C, 0xF8, 0x00, 0x00, 0x1E, 0xF8, 0x00, 0x00, 0x3E, 0x78, 0x00, 0x00, 0x3E, 0x78, 0x00, 0x00, 0x3C, 0x7C, 0x00, 0x00, 0x3C, 0x7C, 0x00, 0x00, 0x7C, 0x3C, 0x00, 0x00, 0x7C, 0x3C, 0x03, 0x80, 0x78, 0x3E, 0x03, 0xC0, 0x78, 0x3E, 0x07, 0xC0, 0xF8, 0x1E, 0x07, 0xC0, 0xF8, 0x1E, 0x07, 0xE0, 0xF8, 0x1F, 0x0F, 0xE0, 0xF0, 0x1F, 0x0F, 0xE1, 0xF0, 0x0F, 0x0F, 0xF1, 0xF0, 0x0F, 0x1F, 0xF1, 0xF0, 0x0F, 0x9F, 0xF9, 0xE0, 0x0F, 0xBE, 0xFB, 0xE0, 0x07, 0xBE, 0x7B, 0xE0, 0x07, 0xBC, 0x7F, 0xE0, 0x07, 0xFC, 0x7F, 0xC0, 0x07, 0xFC, 0x3F, 0xC0, 0x03, 0xF8, 0x3F, 0xC0, 0x03, 0xF8, 0x3F, 0xC0, 0x03, 0xF8, 0x1F, 0x80, 0x03, 0xF0, 0x1F, 0x80, 0x01, 0xF0, 0x0F, 0x80, 0x01, 0xE0, 0x0F, 0x80, 0x01, 0xE0, 0x0F, 0x00, 0x00, 0xC0, 0x06, 0x00, 

/* Symbol 0x78, offset 11953 */
    21, 57, 26,
    0x60, 0x00, 0x70, 0xF0, 0x00, 0x78, 0xF8, 0x00, 0xF8, 0xFC, 0x01, 0xF8, 0x7C, 0x01, 0xF0, 0x3E, 0x03, 0xE0, 0x3F, 0x07, 0xE0, 0x1F, 0x07, 0xC0, 0x0F, 0x8F, 0x80, 0x0F, 0xDF, 0x80, 0x07, 0xDF, 0x00, 0x07, 0xFE, 0x00, 0x03, 0xFE, 0x00, 0x01, 0xFC, 0x00, 0x01, 0xF8, 0x00, 0x00, 0xF8, 0x00, 0x01, 0xFC, 0x00, 0x01, 0xFE, 0x00, 0x03, 0xFE, 0x00, 0x07, 0xDF, 0x00, 0x07, 0xDF, 0x00, 0x0F, 0x8F, 0x80, 0x0F, 0x07, 0xC0, 0x1F, 0x07, 0xC0, 0x3E, 0x03, 0xE0, 0x3E, 0x03, 0xF0, 0x7C, 0x01, 0xF0, 0xF8, 0x00, 0xF8, 0xF8, 0x00, 0xF8, 0xF0, 0x00, 0x78, 0x60, 0x00, 0x30, 

/* Symbol 0x79, offset 12049 */
    22, 70, 26,
    0x70, 0x00, 0x38, 0xF0, 0x00, 0x3C, 0xF8, 0x00, 0x7C, 0xF8, 0x00, 0x7C, 0x78, 0x00, 0x78, 0x78, 0x00, 0xF8, 0x7C, 0x00, 0xF8, 0x7C, 0x00, 0xF0, 0x3C, 0x01, 0xF0, 0x3E, 0x01, 0xF0, 0x3E, 0x01, 0xE0, 0x1E, 0x03, 0xE0, 0x1F, 0x03, 0xE0, 0x1F, 0x03, 0xC0, 0x0F, 0x07, 0xC0, 0x0F, 0x07, 0xC0, 0x0F, 0x87, 0x80, 0x0F, 0x87, 0x80, 0x07, 0x8F, 0x80, 0x07, 0xCF, 0x80, 0x07, 0xCF, 0x00, 0x03, 0xDF, 0x00, 0x03, 0xFF, 0x00, 0x03, 0xFE, 0x00, 0x01, 0xFE, 0x00, 0x01, 0xFE, 0x00, 0x01, 0xFC, 0x00, 0x01, 0xFC, 0x00, 0x00, 0xFC, 0x00, 0x00, 0xF8, 0x00, 0x00, 0xF8, 0x00, 0x00, 0xF8, 0x00, 0x00, 0xF0, 0x00, 0x00, 0xF0, 0x00, 0x01, 0xF0, 0x00, 0x01, 0xF0, 0x00, 0x01, 0xE0, 0x00, 0x03, 0xE0, 0x00, 0x03, 0xE0, 0x00, 0x07, 0xC0, 0x00, 0x7F, 0xC0, 0x00, 0xFF, 0x80, 0x00, 0xFF, 0x00, 0x00, 0x7E, 0x00, 0x00, 

/* Symbol 0x7A, offset 12184 */
    22, 57, 26,
    0x7F, 0xFF, 0xFC, 0xFF, 0xFF, 0xFC, 0xFF, 0xFF, 0xFC, 0x7F, 0xFF, 0xFC, 0x00, 0x00, 0xF8, 0x00, 0x01, 0xF8, 0x00, 0x03, 0xF0, 0x00, 0x03, 0xE0, 0x00, 0x07, 0xE0, 0x00, 0x0F, 0xC0, 0x00, 0x0F, 0x80, 0x00, 0x1F, 0x80, 0x00, 0x3F, 0x00, 0x00, 0x3E, 0x00, 0x00, 0x7E, 0x00, 0x00, 0xFC, 0x00, 0x00, 0xF8, 0x00, 0x01, 0xF8, 0x00, 0x01, 0xF0, 0x00, 0x03, 0xF0, 0x00, 0x07, 0xE0, 0x00, 0x07, 0xC0, 0x00, 0x0F, 0xC0, 0x00, 0x1F, 0x80, 0x00, 0x1F, 0x00, 0x00, 0x3F, 0x00, 0x00, 0x7E, 0x00, 0x00, 0x7F, 0xFF, 0xF8, 0xFF, 0xFF, 0xFC, 0xFF, 0xFF, 0xFC, 0x7F, 0xFF, 0xFC, 

/* Symbol 0x7B, offset 12280 */
    12, 61, 9,
    0x00, 0xE0, 0x01, 0xF0, 0x03, 0xF0, 0x07, 0xE0, 0x0F, 0x80, 0x0F, 0x00, 0x0F, 0x00, 0x0F, 0x00, 0x0F, 0x00, 0x0F, 0x00, 0x0F, 0x00, 0x0F, 0x00, 0x0F, 0x00, 0x0F, 0x00, 0x0F, 0x00, 0x0F, 0x00, 0x0F, 0x00, 0x0F, 0x00, 0x0F, 0x00, 0x0F, 0x00, 0x0F, 0x00, 0x0F, 0x00, 0x1F, 0x00, 0x7F, 0x00, 0xFF, 0x00, 0xFE, 0x00, 0x7E, 0x00, 0x1F, 0x00, 0x0F, 0x00, 0x0F, 0x00, 0x0F, 0x00, 0x0F, 0x00, 0x0F, 0x00, 0x0F, 0x00, 0x0F, 0x00, 0x0F, 0x00, 0x0F, 0x00, 0x0F, 0x00, 0x0F, 0x00, 0x0F, 0x00, 0x0F, 0x00, 0x0F, 0x00, 0x0F, 0x00, 0x0F, 0x00, 0x0F, 0x00, 0x0F, 0x00, 0x0F, 0x00, 0x0F, 0x80, 0x07, 0xE0, 0x07, 0xF0, 0x03, 0xF0, 0x00, 0xE0, 

/* Symbol 0x7C, offset 12387 */
    4, 57, 13,
    0x60, 0xF0, 0xF0, 0xF0, 0xF0, 0xF0, 0xF0, 0xF0, 0xF0, 0xF0, 0xF0, 0xF0, 0xF0, 0xF0, 0xF0, 0xF0, 0xF0, 0xF0, 0xF0, 0xF0, 0xF0, 0xF0, 0xF0, 0xF0, 0xF0, 0xF0, 0xF0, 0xF0, 0xF0, 0xF0, 0xF0, 0xF0, 0xF0, 0xF0, 0xF0, 0xF0, 0xF0, 0xF0, 0xF0, 0xF0, 0xF0, 0xF0, 0xF0, 0x60, 

/* Symbol 0x7D, offset 12434 */
    12, 61, 9,
    0x70, 0x00, 0xF8, 0x00, 0xFC, 0x00, 0x7E, 0x00, 0x1F, 0x00, 0x0F, 0x00, 0x0F, 0x00, 0x0F, 0x00, 0x0F, 0x00, 0x0F, 0x00, 0x0F, 0x00, 0x0F, 0x00, 0x0F, 0x00, 0x0F, 0x00, 0x0F, 0x00, 0x0F, 0x00, 0x0F, 0x00, 0x0F, 0x00, 0x0F, 0x00, 0x0F, 0x00, 0x0F, 0x00, 0x0F, 0x00, 0x0F, 0x80, 0x0F, 0xE0, 0x07, 0xF0, 0x07, 0xF0, 0x0F, 0xE0, 0x0F, 0x80, 0x0F, 0x00, 0x0F, 0x00, 0x0F, 0x00, 0x0F, 0x00, 0x0F, 0x00, 0x0F, 0x00, 0x0F, 0x00, 0x0F, 0x00, 0x0F, 0x00, 0x0F, 0x00, 0x0F, 0x00, 0x0F, 0x00, 0x0F, 0x00, 0x0F, 0x00, 0x0F, 0x00, 0x0F, 0x00, 0x0F, 0x00, 0x0F, 0x00, 0x0F, 0x00, 0x1F, 0x00, 0x7E, 0x00, 0xFE, 0x00, 0xFC, 0x00, 0x70, 0x00, 

/* Symbol 0x7E, offset 12541 */
    27, 46, 37,
    0x07, 0xE0, 0x00, 0x00, 0x1F, 0xF8, 0x00, 0x00, 0x3F, 0xFC, 0x00, 0x80, 0x7F, 0xFF, 0x01, 0xC0, 0xFC, 0x3F, 0x87, 0xE0, 0x78, 0x0F, 0xFF, 0xC0, 0x70, 0x07, 0xFF, 0xC0, 0x00, 0x03, 0xFF, 0x00, 0x00, 0x00, 0xFC, 0x00, 

/* Symbol 0x7F, offset 12580 */
    15, 56, 11,
    0xFF, 0xFE, 0xFF, 0xFE, 0xFF, 0xFE, 0xF0, 0x0E, 0xF0, 0x0E, 0xF0, 0x0E, 0xF0, 0x0E, 0xF0, 0x0E, 0xF0, 0x0E, 0xF0, 0x0E, 0xF0, 0x0E, 0xF0, 0x0E, 0xF0, 0x0E, 0xF0, 0x0E, 0xF0, 0x0E, 0xF0, 0x0E, 0xF0, 0x0E, 0xF0, 0x0E, 0xF0, 0x0E, 0xF0, 0x0E, 0xF0, 0x0E, 0xF0, 0x0E, 0xF0, 0x0E, 0xF0, 0x0E, 0xF0, 0x0E, 0xF0, 0x0E, 0xF0, 0x0E, 0xF0, 0x0E, 0xF0, 0x0E, 0xF0, 0x0E, 0xF0, 0x0E, 0xF0, 0x0E, 0xF0, 0x0E, 0xF0, 0x0E, 0xF0, 0x0E, 0xF0, 0x0E, 0xF0, 0x0E, 0xF0, 0x0E, 0xF0, 0x0E, 0xF0, 0x0E, 0xF0, 0x0E, 0xF0, 0x0E, 0xFF, 0xFE, 0xFF, 0xFE, 0xFF, 0xFE, 

/* Symbol 0xC0, offset 12673 */
    30, 57, 13,
    0x00, 0x03, 0x00, 0x00, 0x00, 0x07, 0x80, 0x00, 0x00, 0x07, 0x80, 0x00, 0x00, 0x0F, 0xC0, 0x00, 0x00, 0x0F, 0xC0, 0x00, 0x00, 0x0F, 0xC0, 0x00, 0x00, 0x1F, 0xE0, 0x00, 0x00, 0x1F, 0xE0, 0x00, 0x00, 0x1F, 0xE0, 0x00, 0x00, 0x3F, 0xF0, 0x00, 0x00, 0x3F, 0xF0, 0x00, 0x00, 0x3C, 0xF0, 0x00, 0x00, 0x7C, 0xF8, 0x00, 0x00, 0x7C, 0xF8, 0x00, 0x00, 0x78, 0x78, 0x00, 0x00, 0xF8, 0x7C, 0x00, 0x00, 0xF8, 0x7C, 0x00, 0x00, 0xF0, 0x3C, 0x00, 0x01, 0xF0, 0x3E, 0x00, 0x01, 0xF0, 0x3E, 0x00, 0x01, 0xE0, 0x1E, 0x00, 0x03, 0xE0, 0x1F, 0x00, 0x03, 0xE0, 0x1F, 0x00, 0x03, 0xC0, 0x0F, 0x00, 0x07, 0xC0, 0x0F, 0x80, 0x07, 0xC0, 0x0F, 0x80, 0x07, 0x80, 0x07, 0x80, 0x0F, 0x80, 0x07, 0xC0, 0x0F, 0x80, 0x07, 0xC0, 0x0F, 0xFF, 0xFF, 0xC0, 0x1F, 0xFF, 0xFF, 0xE0, 0x1F, 0xFF, 0xFF, 0xE0, 0x1F, 0xFF, 0xFF, 0xE0, 0x3E, 0x00, 0x01, 0xF0, 0x3E, 0x00, 0x01, 0xF0, 0x3C, 0x00, 0x00, 0xF0, 0x7C, 0x00, 0x00, 0xF8, 0x7C, 0x00, 0x00, 0xF8, 0x78, 0x00, 0x00, 0x78, 0xF8, 0x00, 0x00, 0x7C, 0xF8, 0x00, 0x00, 0x7C, 0xF0, 0x00, 0x00, 0x3C, 0xF0, 0x00, 0x00, 0x3C, 0xE0, 0x00, 0x00, 0x18, 

/* Symbol 0xC1, offset 12852 */
    26, 57, 13,
    0x7F, 0xFF, 0xF8, 0x00, 0xFF, 0xFF, 0xFC, 0x00, 0xFF, 0xFF, 0xFC, 0x00, 0xFF, 0xFF, 0xF8, 0x00, 0xF0, 0x00, 0x00, 0x00, 0xF0, 0x00, 0x00, 0x00, 0xF0, 0x00, 0x00, 0x00, 0xF0, 0x00, 0x00, 0x00, 0xF0, 0x00, 0x00, 0x00, 0xF0, 0x00, 0x00, 0x00, 0xF0, 0x00, 0x00, 0x00, 0xF0, 0x00, 0x00, 0x00, 0xF0, 0x00, 0x00, 0x00, 0xF0, 0x00, 0x00, 0x00, 0xF0, 0x00, 0x00, 0x00, 0xF0, 0x00, 0x00, 0x00, 0xF0, 0x00, 0x00, 0x00, 0xFF, 0xFF, 0xF0, 0x00, 0xFF, 0xFF, 0xFC, 0x00, 0xFF, 0xFF, 0xFE, 0x00, 0xFF, 0xFF, 0xFF, 0x00, 0xF0, 0x00, 0x0F, 0x80, 0xF0, 0x00, 0x07, 0x80, 0xF0, 0x00, 0x03, 0xC0, 0xF0, 0x00, 0x03, 0xC0, 0xF0, 0x00, 0x03, 0xC0, 0xF0, 0x00, 0x03, 0xC0, 0xF0, 0x00, 0x03, 0xC0, 0xF0, 0x00, 0x03, 0xC0, 0xF0, 0x00, 0x03, 0xC0, 0xF0, 0x00, 0x03, 0xC0, 0xF0, 0x00, 0x03, 0xC0, 0xF0, 0x00, 0x03, 0xC0, 0xF0, 0x00, 0x03, 0xC0, 0xF0, 0x00, 0x03, 0xC0, 0xF0, 0x00, 0x03, 0xC0, 0xF0, 0x00, 0x03, 0xC0, 0xF0, 0x00, 0x03, 0xC0, 0xF0, 0x00, 0x07, 0x80, 0xF0, 0x00, 0x0F, 0x80, 0xFF, 0xFF, 0xFF, 0x00, 0xFF, 0xFF, 0xFE, 0x00, 0xFF, 0xFF, 0xFC, 0x00, 0x7F, 0xFF, 0xF0, 0x00, 

/* Symbol 0xC2, offset 13031 */
    26, 57, 13,
    0x7F, 0xFF, 0xC0, 0x00, 0xFF, 0xFF, 0xF0, 0x00, 0xFF, 0xFF, 0xFC, 0x00, 0xFF, 0xFF, 0xFC, 0x00, 0xF0, 0x00, 0x3E, 0x00, 0xF0, 0x00, 0x1E, 0x00, 0xF0, 0x00, 0x0F, 0x00, 0xF0, 0x00, 0x0F, 0x00, 0xF0, 0x00, 0x0F, 0x00, 0xF0, 0x00, 0x0F, 0x00, 0xF0, 0x00, 0x0F, 0x00, 0xF0, 0x00, 0x0F, 0x00, 0xF0, 0x00, 0x0F, 0x00, 0xF0, 0x00, 0x0F, 0x00, 0xF0, 0x00, 0x0F, 0x00, 0xF0, 0x00, 0x1F, 0x00, 0xF0, 0x00, 0x1E, 0x00, 0xFF, 0xF0, 0x7C, 0x00, 0xFF, 0xFF, 0xFE, 0x00, 0xFF, 0xFF, 0xFF, 0x00, 0xFF, 0xFF, 0xFF, 0x00, 0xF0, 0x00, 0x0F, 0x80, 0xF0, 0x00, 0x07, 0x80, 0xF0, 0x00, 0x03, 0xC0, 0xF0, 0x00, 0x03, 0xC0, 0xF0, 0x00, 0x03, 0xC0, 0xF0, 0x00, 0x03, 0xC0, 0xF0, 0x00, 0x03, 0xC0, 0xF0, 0x00, 0x03, 0xC0, 0xF0, 0x00, 0x03, 0xC0, 0xF0, 0x00, 0x03, 0xC0, 0xF0, 0x00, 0x03, 0xC0, 0xF0, 0x00, 0x03, 0xC0, 0xF0, 0x00, 0x03, 0xC0, 0xF0, 0x00, 0x03, 0xC0, 0xF0, 0x00, 0x03, 0xC0, 0xF0, 0x00, 0x03, 0xC0, 0xF0, 0x00, 0x03, 0xC0, 0xF0, 0x00, 0x07, 0x80, 0xF0, 0x00, 0x0F, 0x80, 0xFF, 0xFF, 0xFF, 0x00, 0xFF, 0xFF, 0xFE, 0x00, 0xFF, 0xFF, 0xFC, 0x00, 0x7F, 0xFF, 0xF0, 0x00, 

/* Symbol 0xC3, offset 13210 */
    22, 57, 13,
    0x7F, 0xFF, 0xF8, 0xFF, 0xFF, 0xFC, 0xFF, 0xFF, 0xFC, 0xFF, 0xFF, 0xFC, 0xF0, 0x00, 0x00, 0xF0, 0x00, 0x00, 0xF0, 0x00, 0x00, 0xF0, 0x00, 0x00, 0xF0, 0x00, 0x00, 0xF0, 0x00, 0x00, 0xF0, 0x00, 0x00, 0xF0, 0x00, 0x00, 0xF0, 0x00, 0x00, 0xF0, 0x00, 0x00, 0xF0, 0x00, 0x00, 0xF0, 0x00, 0x00, 0xF0, 0x00, 0x00, 0xF0, 0x00, 0x00, 0xF0, 0x00, 0x00, 0xF0, 0x00, 0x00, 0xF0, 0x00, 0x00, 0xF0, 0x00, 0x00, 0xF0, 0x00, 0x00, 0xF0, 0x00, 0x00, 0xF0, 0x00, 0x00, 0xF0, 0x00, 0x00, 0xF0, 0x00, 0x00, 0xF0, 0x00, 0x00, 0xF0, 0x00, 0x00, 0xF0, 0x00, 0x00, 0xF0, 0x00, 0x00, 0xF0, 0x00, 0x00, 0xF0, 0x00, 0x00, 0xF0, 0x00, 0x00, 0xF0, 0x00, 0x00, 0xF0, 0x00, 0x00, 0xF0, 0x00, 0x00, 0xF0, 0x00, 0x00, 0xF0, 0x00, 0x00, 0xF0, 0x00, 0x00, 0xF0, 0x00, 0x00, 0xF0, 0x00, 0x00, 0xF0, 0x00, 0x00, 0x60, 0x00, 0x00, 

/* Symbol 0xC4, offset 13345 */
    31, 61, 13,
    0x00, 0x7F, 0xFF, 0x80, 0x00, 0x7F, 0xFF, 0xC0, 0x00, 0x7F, 0xFF, 0xC0, 0x00, 0xFF, 0xFF, 0xC0, 0x00, 0xF8, 0x03, 0xC0, 0x00, 0xF8, 0x03, 0xC0, 0x00, 0xF8, 0x03, 0xC0, 0x00, 0xF8, 0x03, 0xC0, 0x00, 0xF0, 0x03, 0xC0, 0x00, 0xF0, 0x03, 0xC0, 0x00, 0xF0, 0x03, 0xC0, 0x00, 0xF0, 0x03, 0xC0, 0x00, 0xF0, 0x03, 0xC0, 0x01, 0xF0, 0x03, 0xC0, 0x01, 0xF0, 0x03, 0xC0, 0x01, 0xF0, 0x03, 0xC0, 0x01, 0xF0, 0x03, 0xC0, 0x01, 0xE0, 0x03, 0xC0, 0x01, 0xE0, 0x03, 0xC0, 0x01, 0xE0, 0x03, 0xC0, 0x01, 0xE0, 0x03, 0xC0, 0x01, 0xE0, 0x03, 0xC0, 0x03, 0xE0, 0x03, 0xC0, 0x03, 0xE0, 0x03, 0xC0, 0x03, 0xE0, 0x03, 0xC0, 0x03, 0xE0, 0x03, 0xC0, 0x03, 0xC0, 0x03, 0xC0, 0x03, 0xC0, 0x03, 0xC0, 0x03, 0xC0, 0x03, 0xC0, 0x03, 0xC0, 0x03, 0xC0, 0x03, 0xC0, 0x03, 0xC0, 0x07, 0xC0, 0x03, 0xC0, 0x07, 0xC0, 0x03, 0xC0, 0x07, 0xC0, 0x03, 0xC0, 0x07, 0xC0, 0x03, 0xC0, 0x07, 0x80, 0x03, 0xC0, 0x07, 0x80, 0x03, 0xC0, 0x07, 0x80, 0x03, 0xC0, 0x07, 0x80, 0x03, 0xC0, 0x07, 0x80, 0x03, 0xC0, 0x7F, 0xFF, 0xFF, 0xFC, 0xFF, 0xFF, 0xFF, 0xFE, 0xFF, 0xFF, 0xFF, 0xFE, 0xFF, 0xFF, 0xFF, 0xFE, 0xF0, 0x00, 0x00, 0x1E, 0xF0, 0x00, 0x00, 0x1E, 0xF0, 0x00, 0x00, 0x1E, 0x60, 0x00, 0x00, 0x0C, 

/* Symbol 0xC5, offset 13540 */
    22, 57, 13,
    0x7F, 0xFF, 0xFC, 0xFF, 0xFF, 0xFC, 0xFF, 0xFF, 0xFC, 0xFF, 0xFF, 0xFC, 0xF0, 0x00, 0x00, 0xF0, 0x00, 0x00, 0xF0, 0x00, 0x00, 0xF0, 0x00, 0x00, 0xF0, 0x00, 0x00, 0xF0, 0x00, 0x00, 0xF0, 0x00, 0x00, 0xF0, 0x00, 0x00, 0xF0, 0x00, 0x00, 0xF0, 0x00, 0x00, 0xF0, 0x00, 0x00, 0xF0, 0x00, 0x00, 0xF0, 0x00, 0x00, 0xFF, 0xFF, 0x80, 0xFF, 0xFF, 0xC0, 0xFF, 0xFF, 0xC0, 0xFF, 0xFF, 0x80, 0xF0, 0x00, 0x00, 0xF0, 0x00, 0x00, 0xF0, 0x00, 0x00, 0xF0, 0x00, 0x00, 0xF0, 0x00, 0x00, 0xF0, 0x00, 0x00, 0xF0, 0x00, 0x00, 0xF0, 0x00, 0x00, 0xF0, 0x00, 0x00, 0xF0, 0x00, 0x00, 0xF0, 0x00, 0x00, 0xF0, 0x00, 0x00, 0xF0, 0x00, 0x00, 0xF0, 0x00, 0x00, 0xF0, 0x00, 0x00, 0xF0, 0x00, 0x00, 0xF0, 0x00, 0x00, 0xF0, 0x00, 0x00, 0xF0, 0x00, 0x00, 0xFF, 0xFF, 0xF8, 0xFF, 0xFF, 0xFC, 0xFF, 0xFF, 0xFC, 0x7F, 0xFF, 0xFC, 

/* Symbol 0xC6, offset 13675 */
    34, 57, 13,
    0x60, 0x00, 0xC0, 0x03, 0x80, 0xF0, 0x01, 0xE0, 0x03, 0xC0, 0xF8, 0x01, 0xE0, 0x07, 0xC0, 0xFC, 0x01, 0xE0, 0x0F, 0xC0, 0x7C, 0x01, 0xE0, 0x0F, 0x80, 0x3E, 0x01, 0xE0, 0x1F, 0x00, 0x1F, 0x01, 0xE0, 0x3E, 0x00, 0x1F, 0x01, 0xE0, 0x3E, 0x00, 0x0F, 0x81, 0xE0, 0x7C, 0x00, 0x07, 0xC1, 0xE0, 0xF8, 0x00, 0x07, 0xC1, 0xE1, 0xF8, 0x00, 0x03, 0xE1, 0xE1, 0xF0, 0x00, 0x01, 0xF1, 0xE3, 0xE0, 0x00, 0x01, 0xF1, 0xE7, 0xE0, 0x00, 0x00, 0xF9, 0xE7, 0xC0, 0x00, 0x00, 0x7D, 0xEF, 0x80, 0x00, 0x00, 0x3D, 0xFF, 0x00, 0x00, 0x00, 0x3F, 0xFF, 0x00, 0x00, 0x00, 0x1F, 0xFE, 0x00, 0x00, 0x00, 0x0F, 0xFC, 0x00, 0x00, 0x00, 0x0F, 0xFC, 0x00, 0x00, 0x00, 0x1F, 0xFE, 0x00, 0x00, 0x00, 0x1F, 0xFE, 0x00, 0x00, 0x00, 0x3F, 0xFF, 0x00, 0x00, 0x00, 0x7D, 0xEF, 0x80, 0x00, 0x00, 0x7D, 0xEF, 0x80, 0x00, 0x00, 0xF9, 0xE7, 0xC0, 0x00, 0x00, 0xF1, 0xE7, 0xC0, 0x00, 0x01, 0xF1, 0xE3, 0xE0, 0x00, 0x01, 0xE1, 0xE1, 0xE0, 0x00, 0x03, 0xE1, 0xE1, 0xF0, 0x00, 0x07, 0xC1, 0xE0, 0xF0, 0x00, 0x07, 0xC1, 0xE0, 0xF8, 0x00, 0x0F, 0x81, 0xE0, 0x7C, 0x00, 0x0F, 0x81, 0xE0, 0x7C, 0x00, 0x1F, 0x01, 0xE0, 0x3E, 0x00, 0x1F, 0x01, 0xE0, 0x3E, 0x00, 0x3E, 0x01, 0xE0, 0x1F, 0x00, 0x3C, 0x01, 0xE0, 0x0F, 0x00, 0x7C, 0x01, 0xE0, 0x0F, 0x80, 0xF8, 0x01, 0xE0, 0x07, 0xC0, 0xF8, 0x01, 0xE0, 0x07, 0xC0, 0xF0, 0x01, 0xE0, 0x03, 0xC0, 0x60, 0x00, 0xC0, 0x01, 0x80, 

/* Symbol 0xC7, offset 13898 */
    21, 57, 13,
    0x07, 0xFE, 0x00, 0x1F, 0xFF, 0x80, 0x3F, 0xFF, 0xC0, 0x7F, 0xFF, 0xE0, 0xFC, 0x01, 0xF0, 0xF8, 0x00, 0xF0, 0xF0, 0x00, 0x78, 0xF0, 0x00, 0x78, 0x40, 0x00, 0x78, 0x00, 0x00, 0x78, 0x00, 0x00, 0x78, 0x00, 0x00, 0x78, 0x00, 0x00, 0x78, 0x00, 0x00, 0x78, 0x00, 0x00, 0x78, 0x00, 0x00, 0xF8, 0x00, 0x01, 0xF0, 0x07, 0xFF, 0xF0, 0x0F, 0xFF, 0xE0, 0x0F, 0xFF, 0xE0, 0x07, 0xFF, 0xE0, 0x00, 0x01, 0xF0, 0x00, 0x00, 0xF0, 0x00, 0x00, 0x78, 0x00, 0x00, 0x78, 0x00, 0x00, 0x78, 0x00, 0x00, 0x78, 0x00, 0x00, 0x78, 0x00, 0x00, 0x78, 0x00, 0x00, 0x78, 0x00, 0x00, 0x78, 0x00, 0x00, 0x78, 0x00, 0x00, 0x78, 0x00, 0x00, 0x78, 0x00, 0x00, 0x78, 0x60, 0x00, 0x78, 0xF0, 0x00, 0x78, 0xF0, 0x00, 0x78, 0xF8, 0x00, 0xF0, 0xFC, 0x01, 0xF0, 0x7F, 0xFF, 0xE0, 0x3F, 0xFF, 0xC0, 0x1F, 0xFF, 0x80, 0x07, 0xFE, 0x00, 

/* Symbol 0xC8, offset 14033 */
    26, 57, 13,
    0x60, 0x00, 0x03, 0x80, 0xF0, 0x00, 0x03, 0xC0, 0xF0, 0x00, 0x07, 0xC0, 0xF0, 0x00, 0x07, 0xC0, 0xF0, 0x00, 0x0F, 0xC0, 0xF0, 0x00, 0x1F, 0xC0, 0xF0, 0x00, 0x1F, 0xC0, 0xF0, 0x00, 0x3F, 0xC0, 0xF0, 0x00, 0x3F, 0xC0, 0xF0, 0x00, 0x7F, 0xC0, 0xF0, 0x00, 0x7F, 0xC0, 0xF0, 0x00, 0xFF, 0xC0, 0xF0, 0x00, 0xFB, 0xC0, 0xF0, 0x01, 0xFB, 0xC0, 0xF0, 0x03, 0xF3, 0xC0, 0xF0, 0x03, 0xE3, 0xC0, 0xF0, 0x07, 0xE3, 0xC0, 0xF0, 0x07, 0xC3, 0xC0, 0xF0, 0x0F, 0xC3, 0xC0, 0xF0, 0x0F, 0x83, 0xC0, 0xF0, 0x1F, 0x83, 0xC0, 0xF0, 0x3F, 0x03, 0xC0, 0xF0, 0x3F, 0x03, 0xC0, 0xF0, 0x7E, 0x03, 0xC0, 0xF0, 0x7C, 0x03, 0xC0, 0xF0, 0xFC, 0x03, 0xC0, 0xF0, 0xF8, 0x03, 0xC0, 0xF1, 0xF8, 0x03, 0xC0, 0xF1, 0xF0, 0x03, 0xC0, 0xF3, 0xF0, 0x03, 0xC0, 0xF7, 0xE0, 0x03, 0xC0, 0xF7, 0xC0, 0x03, 0xC0, 0xFF, 0xC0, 0x03, 0xC0, 0xFF, 0x80, 0x03, 0xC0, 0xFF, 0x80, 0x03, 0xC0, 0xFF, 0x00, 0x03, 0xC0, 0xFF, 0x00, 0x03, 0xC0, 0xFE, 0x00, 0x03, 0xC0, 0xFE, 0x00, 0x03, 0xC0, 0xFC, 0x00, 0x03, 0xC0, 0xF8, 0x00, 0x03, 0xC0, 0xF8, 0x00, 0x03, 0xC0, 0xF0, 0x00, 0x03, 0xC0, 0xF0, 0x00, 0x01, 0x80, 

/* Symbol 0xC9, offset 14212 */
    26, 57, 5,
    0x01, 0xFF, 0xE0, 0x00, 0x01, 0xFF, 0xF0, 0x00, 0x01, 0xFF, 0xF0, 0x00, 0x01, 0xFF, 0xE0, 0x00, 0x00, 0x00, 0x00, 0x00, 0x00, 0x00, 0x00, 0x00, 0x00, 0x00, 0x00, 0x00, 0x00, 0x00, 0x00, 0x00, 0x60, 0x00, 0x01, 0x80, 0xF0, 0x00, 0x03, 0xC0, 0xF0, 0x00, 0x07, 0xC0, 0xF0, 0x00, 0x07, 0xC0, 0xF0, 0x00, 0x0F, 0xC0, 0xF0, 0x00, 0x0F, 0xC0, 0xF0, 0x00, 0x1F, 0xC0, 0xF0, 0x00, 0x3F, 0xC0, 0xF0, 0x00, 0x3F, 0xC0, 0xF0, 0x00, 0x7F, 0xC0, 0xF0, 0x00, 0x7F, 0xC0, 0xF0, 0x00, 0xFF, 0xC0, 0xF0, 0x00, 0xFB, 0xC0, 0xF0, 0x01, 0xFB, 0xC0, 0xF0, 0x03, 0xF3, 0xC0, 0xF0, 0x03, 0xE3, 0xC0, 0xF0, 0x07, 0xE3, 0xC0, 0xF0, 0x07, 0xC3, 0xC0, 0xF0, 0x0F, 0xC3, 0xC0, 0xF0, 0x0F, 0x83, 0xC0, 0xF0, 0x1F, 0x83, 0xC0, 0xF0, 0x3F, 0x03, 0xC0, 0xF0, 0x3F, 0x03, 0xC0, 0xF0, 0x7E, 0x03, 0xC0, 0xF0, 0x7C, 0x03, 0xC0, 0xF0, 0xFC, 0x03, 0xC0, 0xF0, 0xF8, 0x03, 0xC0, 0xF1, 0xF8, 0x03, 0xC0, 0xF1, 0xF0, 0x03, 0xC0, 0xF3, 0xF0, 0x03, 0xC0, 0xF7, 0xE0, 0x03, 0xC0, 0xF7, 0xC0, 0x03, 0xC0, 0xFF, 0xC0, 0x03, 0xC0, 0xFF, 0x80, 0x03, 0xC0, 0xFF, 0x80, 0x03, 0xC0, 0xFF, 0x00, 0x03, 0xC0, 0xFF, 0x00, 0x03, 0xC0, 0xFE, 0x00, 0x03, 0xC0, 0xFE, 0x00, 0x03, 0xC0, 0xFC, 0x00, 0x03, 0xC0, 0xF8, 0x00, 0x03, 0xC0, 0xF8, 0x00, 0x03, 0xC0, 0xF0, 0x00, 0x03, 0xC0, 0xF0, 0x00, 0x01, 0x80, 

/* Symbol 0xCA, offset 14423 */
    27, 57, 13,
    0x60, 0x00, 0x01, 0xC0, 0xF0, 0x00, 0x03, 0xE0, 0xF0, 0x00, 0x07, 0xE0, 0xF0, 0x00, 0x0F, 0xC0, 0xF0, 0x00, 0x1F, 0x80, 0xF0, 0x00, 0x3F, 0x00, 0xF0, 0x00, 0x7E, 0x00, 0xF0, 0x00, 0xFC, 0x00, 0xF0, 0x01, 0xF8, 0x00, 0xF0, 0x03, 0xF0, 0x00, 0xF0, 0x07, 0xE0, 0x00, 0xF0, 0x0F, 0xC0, 0x00, 0xF0, 0x1F, 0x80, 0x00, 0xF0, 0x3F, 0x00, 0x00, 0xF0, 0x7E, 0x00, 0x00, 0xF0, 0xFC, 0x00, 0x00, 0xF3, 0xF8, 0x00, 0x00, 0xF7, 0xFC, 0x00, 0x00, 0xFF, 0xFC, 0x00, 0x00, 0xFF, 0xFE, 0x00, 0x00, 0xFF, 0xBE, 0x00, 0x00, 0xFF, 0x3F, 0x00, 0x00, 0xFE, 0x1F, 0x00, 0x00, 0xFC, 0x1F, 0x80, 0x00, 0xF8, 0x0F, 0xC0, 0x00, 0xF0, 0x07, 0xC0, 0x00, 0xF0, 0x07, 0xE0, 0x00, 0xF0, 0x03, 0xE0, 0x00, 0xF0, 0x03, 0xF0, 0x00, 0xF0, 0x01, 0xF0, 0x00, 0xF0, 0x01, 0xF8, 0x00, 0xF0, 0x00, 0xF8, 0x00, 0xF0, 0x00, 0x7C, 0x00, 0xF0, 0x00, 0x7E, 0x00, 0xF0, 0x00, 0x3E, 0x00, 0xF0, 0x00, 0x3F, 0x00, 0xF0, 0x00, 0x1F, 0x00, 0xF0, 0x00, 0x0F, 0x80, 0xF0, 0x00, 0x0F, 0x80, 0xF0, 0x00, 0x07, 0xC0, 0xF0, 0x00, 0x07, 0xE0, 0xF0, 0x00, 0x03, 0xE0, 0xF0, 0x00, 0x03, 0xE0, 0x60, 0x00, 0x01, 0xC0, 

/* Symbol 0xCB, offset 14602 */
    27, 57, 13,
    0x00, 0x0F, 0xFF, 0xC0, 0x00, 0x0F, 0xFF, 0xE0, 0x00, 0x1F, 0xFF, 0xE0, 0x00, 0x1F, 0xFF, 0xE0, 0x00, 0x1F, 0x01, 0xE0, 0x00, 0x3E, 0x01, 0xE0, 0x00, 0x3E, 0x01, 0xE0, 0x00, 0x3E, 0x01, 0xE0, 0x00, 0x3C, 0x01, 0xE0, 0x00, 0x7C, 0x01, 0xE0, 0x00, 0x7C, 0x01, 0xE0, 0x00, 0x7C, 0x01, 0xE0, 0x00, 0x78, 0x01, 0xE0, 0x00, 0xF8, 0x01, 0xE0, 0x00, 0xF8, 0x01, 0xE0, 0x00, 0xF0, 0x01, 0xE0, 0x01, 0xF0, 0x01, 0xE0, 0x01, 0xF0, 0x01, 0xE0, 0x01, 0xF0, 0x01, 0xE0, 0x01, 0xE0, 0x01, 0xE0, 0x03, 0xE0, 0x01, 0xE0, 0x03, 0xE0, 0x01, 0xE0, 0x03, 0xC0, 0x01, 0xE0, 0x07, 0xC0, 0x01, 0xE0, 0x07, 0xC0, 0x01, 0xE0, 0x07, 0xC0, 0x01, 0xE0, 0x07, 0x80, 0x01, 0xE0, 0x0F, 0x80, 0x01, 0xE0, 0x0F, 0x80, 0x01, 0xE0, 0x0F, 0x00, 0x01, 0xE0, 0x1F, 0x00, 0x01, 0xE0, 0x1F, 0x00, 0x01, 0xE0, 0x1F, 0x00, 0x01, 0xE0, 0x1E, 0x00, 0x01, 0xE0, 0x3E, 0x00, 0x01, 0xE0, 0x3E, 0x00, 0x01, 0xE0, 0x3C, 0x00, 0x01, 0xE0, 0x3C, 0x00, 0x01, 0xE0, 0x7C, 0x00, 0x01, 0xE0, 0x7C, 0x00, 0x01, 0xE0, 0x78, 0x00, 0x01, 0xE0, 0xF8, 0x00, 0x01, 0xE0, 0xF8, 0x00, 0x01, 0xE0, 0x70, 0x00, 0x00, 0xC0, 

/* Symbol 0xCC, offset 14781 */
    31, 57, 13,
    0x60, 0x00, 0x00, 0x0C, 0xF0, 0x00, 0x00, 0x1E, 0xF8, 0x00, 0x00, 0x3E, 0xF8, 0x00, 0x00, 0x3E, 0xFC, 0x00, 0x00, 0x7E, 0xFE, 0x00, 0x00, 0xFE, 0xFE, 0x00, 0x00, 0xFE, 0xFF, 0x00, 0x01, 0xFE, 0xFF, 0x00, 0x01, 0xFE, 0xFF, 0x80, 0x03, 0xFE, 0xFF, 0xC0, 0x07, 0xFE, 0xF7, 0xC0, 0x07, 0xDE, 0xF7, 0xE0, 0x0F, 0xDE, 0xF3, 0xF0, 0x1F, 0x9E, 0xF1, 0xF0, 0x1F, 0x1E, 0xF1, 0xF8, 0x3F, 0x1E, 0xF0, 0xF8, 0x3E, 0x1E, 0xF0, 0xFC, 0x7E, 0x1E, 0xF0, 0x7E, 0xFC, 0x1E, 0xF0, 0x3E, 0xF8, 0x1E, 0xF0, 0x3F, 0xF8, 0x1E, 0xF0, 0x1F, 0xF0, 0x1E, 0xF0, 0x0F, 0xE0, 0x1E, 0xF0, 0x0F, 0xE0, 0x1E, 0xF0, 0x07, 0xC0, 0x1E, 0xF0, 0x07, 0xC0, 0x1E, 0xF0, 0x03, 0x80, 0x1E, 0xF0, 0x00, 0x00, 0x1E, 0xF0, 0x00, 0x00, 0x1E, 0xF0, 0x00, 0x00, 0x1E, 0xF0, 0x00, 0x00, 0x1E, 0xF0, 0x00, 0x00, 0x1E, 0xF0, 0x00, 0x00, 0x1E, 0xF0, 0x00, 0x00, 0x1E, 0xF0, 0x00, 0x00, 0x1E, 0xF0, 0x00, 0x00, 0x1E, 0xF0, 0x00, 0x00, 0x1E, 0xF0, 0x00, 0x00, 0x1E, 0xF0, 0x00, 0x00, 0x1E, 0xF0, 0x00, 0x00, 0x1E, 0xF0, 0x00, 0x00, 0x1E, 0xF0, 0x00, 0x00, 0x1E, 0xF0, 0x00, 0x00, 0x1E, 0x60, 0x00, 0x00, 0x0C, 

/* Symbol 0xCD, offset 14960 */
    26, 57, 13,
    0x60, 0x00, 0x01, 0x80, 0xF0, 0x00, 0x03, 0xC0, 0xF0, 0x00, 0x03, 0xC0, 0xF0, 0x00, 0x03, 0xC0, 0xF0, 0x00, 0x03, 0xC0, 0xF0, 0x00, 0x03, 0xC0, 0xF0, 0x00, 0x03, 0xC0, 0xF0, 0x00, 0x03, 0xC0, 0xF0, 0x00, 0x03, 0xC0, 0xF0, 0x00, 0x03, 0xC0, 0xF0, 0x00, 0x03, 0xC0, 0xF0, 0x00, 0x03, 0xC0, 0xF0, 0x00, 0x03, 0xC0, 0xF0, 0x00, 0x03, 0xC0, 0xF0, 0x00, 0x03, 0xC0, 0xF0, 0x00, 0x03, 0xC0, 0xF0, 0x00, 0x03, 0xC0, 0xFF, 0xFF, 0xFF, 0xC0, 0xFF, 0xFF, 0xFF, 0xC0, 0xFF, 0xFF, 0xFF, 0xC0, 0xFF, 0xFF, 0xFF, 0xC0, 0xF0, 0x00, 0x03, 0xC0, 0xF0, 0x00, 0x03, 0xC0, 0xF0, 0x00, 0x03, 0xC0, 0xF0, 0x00, 0x03, 0xC0, 0xF0, 0x00, 0x03, 0xC0, 0xF0, 0x00, 0x03, 0xC0, 0xF0, 0x00, 0x03, 0xC0, 0xF0, 0x00, 0x03, 0xC0, 0xF0, 0x00, 0x03, 0xC0, 0xF0, 0x00, 0x03, 0xC0, 0xF0, 0x00, 0x03, 0xC0, 0xF0, 0x00, 0x03, 0xC0, 0xF0, 0x00, 0x03, 0xC0, 0xF0, 0x00, 0x03, 0xC0, 0xF0, 0x00, 0x03, 0xC0, 0xF0, 0x00, 0x03, 0xC0, 0xF0, 0x00, 0x03, 0xC0, 0xF0, 0x00, 0x03, 0xC0, 0xF0, 0x00, 0x03, 0xC0, 0xF0, 0x00, 0x03, 0xC0, 0xF0, 0x00, 0x03, 0xC0, 0xF0, 0x00, 0x03, 0xC0, 0x60, 0x00, 0x01, 0x80, 

/* Symbol 0xCE, offset 15139 */
    26, 57, 13,
    0x03, 0xFF, 0xF0, 0x00, 0x0F, 0xFF, 0xFC, 0x00, 0x1F, 0xFF, 0xFE, 0x00, 0x3F, 0xFF, 0xFF, 0x00, 0x7C, 0x00, 0x0F, 0x80, 0x78, 0x00, 0x07, 0x80, 0xF0, 0x00, 0x03, 0xC0, 0xF0, 0x00, 0x03, 0xC0, 0xF0, 0x00, 0x03, 0xC0, 0xF0, 0x00, 0x03, 0xC0, 0xF0, 0x00, 0x03, 0xC0, 0xF0, 0x00, 0x03, 0xC0, 0xF0, 0x00, 0x03, 0xC0, 0xF0, 0x00, 0x03, 0xC0, 0xF0, 0x00, 0x03, 0xC0, 0xF0, 0x00, 0x03, 0xC0, 0xF0, 0x00, 0x03, 0xC0, 0xF0, 0x00, 0x03, 0xC0, 0xF0, 0x00, 0x03, 0xC0, 0xF0, 0x00, 0x03, 0xC0, 0xF0, 0x00, 0x03, 0xC0, 0xF0, 0x00, 0x03, 0xC0, 0xF0, 0x00, 0x03, 0xC0, 0xF0, 0x00, 0x03, 0xC0, 0xF0, 0x00, 0x03, 0xC0, 0xF0, 0x00, 0x03, 0xC0, 0xF0, 0x00, 0x03, 0xC0, 0xF0, 0x00, 0x03, 0xC0, 0xF0, 0x00, 0x03, 0xC0, 0xF0, 0x00, 0x03, 0xC0, 0xF0, 0x00, 0x03, 0xC0, 0xF0, 0x00, 0x03, 0xC0, 0xF0, 0x00, 0x03, 0xC0, 0xF0, 0x00, 0x03, 0xC0, 0xF0, 0x00, 0x03, 0xC0, 0xF0, 0x00, 0x03, 0xC0, 0xF0, 0x00, 0x03, 0xC0, 0xF0, 0x00, 0x03, 0xC0, 0x78, 0x00, 0x07, 0x80, 0x7C, 0x00, 0x0F, 0x80, 0x3F, 0xFF, 0xFF, 0x00, 0x1F, 0xFF, 0xFE, 0x00, 0x0F, 0xFF, 0xFC, 0x00, 0x03, 0xFF, 0xF0, 0x00, 

/* Symbol 0xCF, offset 15318 */
    26, 57, 13,
    0x7F, 0xFF, 0xFF, 0x80, 0xFF, 0xFF, 0xFF, 0xC0, 0xFF, 0xFF, 0xFF, 0xC0, 0xFF, 0xFF, 0xFF, 0xC0, 0xF0, 0x00, 0x03, 0xC0, 0xF0, 0x00, 0x03, 0xC0, 0xF0, 0x00, 0x03, 0xC0, 0xF0, 0x00, 0x03, 0xC0, 0xF0, 0x00, 0x03, 0xC0, 0xF0, 0x00, 0x03, 0xC0, 0xF0, 0x00, 0x03, 0xC0, 0xF0, 0x00, 0x03, 0xC0, 0xF0, 0x00, 0x03, 0xC0, 0xF0, 0x00, 0x03, 0xC0, 0xF0, 0x00, 0x03, 0xC0, 0xF0, 0x00, 0x03, 0xC0, 0xF0, 0x00, 0x03, 0xC0, 0xF0, 0x00, 0x03, 0xC0, 0xF0, 0x00, 0x03, 0xC0, 0xF0, 0x00, 0x03, 0xC0, 0xF0, 0x00, 0x03, 0xC0, 0xF0, 0x00, 0x03, 0xC0, 0xF0, 0x00, 0x03, 0xC0, 0xF0, 0x00, 0x03, 0xC0, 0xF0, 0x00, 0x03, 0xC0, 0xF0, 0x00, 0x03, 0xC0, 0xF0, 0x00, 0x03, 0xC0, 0xF0, 0x00, 0x03, 0xC0, 0xF0, 0x00, 0x03, 0xC0, 0xF0, 0x00, 0x03, 0xC0, 0xF0, 0x00, 0x03, 0xC0, 0xF0, 0x00, 0x03, 0xC0, 0xF0, 0x00, 0x03, 0xC0, 0xF0, 0x00, 0x03, 0xC0, 0xF0, 0x00, 0x03, 0xC0, 0xF0, 0x00, 0x03, 0xC0, 0xF0, 0x00, 0x03, 0xC0, 0xF0, 0x00, 0x03, 0xC0, 0xF0, 0x00, 0x03, 0xC0, 0xF0, 0x00, 0x03, 0xC0, 0xF0, 0x00, 0x03, 0xC0, 0xF0, 0x00, 0x03, 0xC0, 0xF0, 0x00, 0x03, 0xC0, 0x60, 0x00, 0x01, 0x80, 

/* Symbol 0xD0, offset 15497 */
    26, 57, 13,
    0x7F, 0xFF, 0xF0, 0x00, 0xFF, 0xFF, 0xFC, 0x00, 0xFF, 0xFF, 0xFE, 0x00, 0xFF, 0xFF, 0xFF, 0x00, 0xF0, 0x00, 0x0F, 0x80, 0xF0, 0x00, 0x07, 0x80, 0xF0, 0x00, 0x03, 0xC0, 0xF0, 0x00, 0x03, 0xC0, 0xF0, 0x00, 0x03, 0xC0, 0xF0, 0x00, 0x03, 0xC0, 0xF0, 0x00, 0x03, 0xC0, 0xF0, 0x00, 0x03, 0xC0, 0xF0, 0x00, 0x03, 0xC0, 0xF0, 0x00, 0x03, 0xC0, 0xF0, 0x00, 0x03, 0xC0, 0xF0, 0x00, 0x03, 0xC0, 0xF0, 0x00, 0x03, 0xC0, 0xF0, 0x00, 0x03, 0xC0, 0xF0, 0x00, 0x03, 0xC0, 0xF0, 0x00, 0x03, 0xC0, 0xF0, 0x00, 0x07, 0x80, 0xF0, 0x00, 0x0F, 0x80, 0xFF, 0xFF, 0xFF, 0x00, 0xFF, 0xFF, 0xFE, 0x00, 0xFF, 0xFF, 0xFC, 0x00, 0xFF, 0xFF, 0xF0, 0x00, 0xF0, 0x00, 0x00, 0x00, 0xF0, 0x00, 0x00, 0x00, 0xF0, 0x00, 0x00, 0x00, 0xF0, 0x00, 0x00, 0x00, 0xF0, 0x00, 0x00, 0x00, 0xF0, 0x00, 0x00, 0x00, 0xF0, 0x00, 0x00, 0x00, 0xF0, 0x00, 0x00, 0x00, 0xF0, 0x00, 0x00, 0x00, 0xF0, 0x00, 0x00, 0x00, 0xF0, 0x00, 0x00, 0x00, 0xF0, 0x00, 0x00, 0x00, 0xF0, 0x00, 0x00, 0x00, 0xF0, 0x00, 0x00, 0x00, 0xF0, 0x00, 0x00, 0x00, 0xF0, 0x00, 0x00, 0x00, 0xF0, 0x00, 0x00, 0x00, 0x60, 0x00, 0x00, 0x00, 

/* Symbol 0xD1, offset 15676 */
    22, 57, 13,
    0x03, 0xFF, 0xF8, 0x0F, 0xFF, 0xFC, 0x1F, 0xFF, 0xFC, 0x3F, 0xFF, 0xFC, 0x7C, 0x00, 0x00, 0x78, 0x00, 0x00, 0xF0, 0x00, 0x00, 0xF0, 0x00, 0x00, 0xF0, 0x00, 0x00, 0xF0, 0x00, 0x00, 0xF0, 0x00, 0x00, 0xF0, 0x00, 0x00, 0xF0, 0x00, 0x00, 0xF0, 0x00, 0x00, 0xF0, 0x00, 0x00, 0xF0, 0x00, 0x00, 0xF0, 0x00, 0x00, 0xF0, 0x00, 0x00, 0xF0, 0x00, 0x00, 0xF0, 0x00, 0x00, 0xF0, 0x00, 0x00, 0xF0, 0x00, 0x00, 0xF0, 0x00, 0x00, 0xF0, 0x00, 0x00, 0xF0, 0x00, 0x00, 0xF0, 0x00, 0x00, 0xF0, 0x00, 0x00, 0xF0, 0x00, 0x00, 0xF0, 0x00, 0x00, 0xF0, 0x00, 0x00, 0xF0, 0x00, 0x00, 0xF0, 0x00, 0x00, 0xF0, 0x00, 0x00, 0xF0, 0x00, 0x00, 0xF0, 0x00, 0x00, 0xF0, 0x00, 0x00, 0xF0, 0x00, 0x00, 0xF0, 0x00, 0x00, 0x78, 0x00, 0x00, 0x7C, 0x00, 0x00, 0x3F, 0xFF, 0xF8, 0x1F, 0xFF, 0xFC, 0x0F, 0xFF, 0xFC, 0x03, 0xFF, 0xFC, 

/* Symbol 0xD2, offset 15811 */
    26, 57, 13,
    0x7F, 0xFF, 0xFF, 0x80, 0xFF, 0xFF, 0xFF, 0xC0, 0xFF, 0xFF, 0xFF, 0xC0, 0x7F, 0xFF, 0xFF, 0x80, 0x00, 0x1E, 0x00, 0x00, 0x00, 0x1E, 0x00, 0x00, 0x00, 0x1E, 0x00, 0x00, 0x00, 0x1E, 0x00, 0x00, 0x00, 0x1E, 0x00, 0x00, 0x00, 0x1E, 0x00, 0x00, 0x00, 0x1E, 0x00, 0x00, 0x00, 0x1E, 0x00, 0x00, 0x00, 0x1E, 0x00, 0x00, 0x00, 0x1E, 0x00, 0x00, 0x00, 0x1E, 0x00, 0x00, 0x00, 0x1E, 0x00, 0x00, 0x00, 0x1E, 0x00, 0x00, 0x00, 0x1E, 0x00, 0x00, 0x00, 0x1E, 0x00, 0x00, 0x00, 0x1E, 0x00, 0x00, 0x00, 0x1E, 0x00, 0x00, 0x00, 0x1E, 0x00, 0x00, 0x00, 0x1E, 0x00, 0x00, 0x00, 0x1E, 0x00, 0x00, 0x00, 0x1E, 0x00, 0x00, 0x00, 0x1E, 0x00, 0x00, 0x00, 0x1E, 0x00, 0x00, 0x00, 0x1E, 0x00, 0x00, 0x00, 0x1E, 0x00, 0x00, 0x00, 0x1E, 0x00, 0x00, 0x00, 0x1E, 0x00, 0x00, 0x00, 0x1E, 0x00, 0x00, 0x00, 0x1E, 0x00, 0x00, 0x00, 0x1E, 0x00, 0x00, 0x00, 0x1E, 0x00, 0x00, 0x00, 0x1E, 0x00, 0x00, 0x00, 0x1E, 0x00, 0x00, 0x00, 0x1E, 0x00, 0x00, 0x00, 0x1E, 0x00, 0x00, 0x00, 0x1E, 0x00, 0x00, 0x00, 0x1E, 0x00, 0x00, 0x00, 0x1E, 0x00, 0x00, 0x00, 0x1E, 0x00, 0x00, 0x00, 0x0C, 0x00, 0x00, 

/* Symbol 0xD3, offset 15990 */
    26, 57, 13,
    0x60, 0x00, 0x01, 0x80, 0xF0, 0x00, 0x03, 0xC0, 0xF0, 0x00, 0x03, 0xC0, 0xF0, 0x00, 0x03, 0xC0, 0xF0, 0x00, 0x03, 0xC0, 0xF0, 0x00, 0x03, 0xC0, 0xF0, 0x00, 0x03, 0xC0, 0xF0, 0x00, 0x03, 0xC0, 0xF0, 0x00, 0x03, 0xC0, 0xF0, 0x00, 0x03, 0xC0, 0xF0, 0x00, 0x03, 0xC0, 0xF0, 0x00, 0x03, 0xC0, 0xF0, 0x00, 0x03, 0xC0, 0xF0, 0x00, 0x03, 0xC0, 0xF0, 0x00, 0x03, 0xC0, 0xF0, 0x00, 0x03, 0xC0, 0xF0, 0x00, 0x03, 0xC0, 0xF0, 0x00, 0x03, 0xC0, 0xF0, 0x00, 0x03, 0xC0, 0xF0, 0x00, 0x03, 0xC0, 0x78, 0x00, 0x03, 0xC0, 0x7C, 0x00, 0x03, 0xC0, 0x3F, 0xFF, 0xFF, 0xC0, 0x1F, 0xFF, 0xFF, 0xC0, 0x0F, 0xFF, 0xFF, 0xC0, 0x03, 0xFF, 0xFF, 0xC0, 0x00, 0x00, 0x03, 0xC0, 0x00, 0x00, 0x03, 0xC0, 0x00, 0x00, 0x03, 0xC0, 0x00, 0x00, 0x03, 0xC0, 0x00, 0x00, 0x03, 0xC0, 0x00, 0x00, 0x03, 0xC0, 0x00, 0x00, 0x03, 0xC0, 0x00, 0x00, 0x03, 0xC0, 0x00, 0x00, 0x03, 0xC0, 0x00, 0x00, 0x03, 0xC0, 0x00, 0x00, 0x03, 0xC0, 0x00, 0x00, 0x03, 0xC0, 0x00, 0x00, 0x07, 0x80, 0x00, 0x00, 0x0F, 0x80, 0x07, 0xFF, 0xFF, 0x00, 0x0F, 0xFF, 0xFE, 0x00, 0x0F, 0xFF, 0xFC, 0x00, 0x07, 0xFF, 0xF0, 0x00, 

/* Symbol 0xD4, offset 16169 */
    34, 57, 13,
    0x00, 0x00, 0xC0, 0x00, 0x00, 0x00, 0x01, 0xE0, 0x00, 0x00, 0x00, 0x01, 0xE0, 0x00, 0x00, 0x00, 0x01, 0xE0, 0x00, 0x00, 0x00, 0x01, 0xE0, 0x00, 0x00, 0x00, 0x01, 0xE0, 0x00, 0x00, 0x00, 0x7F, 0xFF, 0x80, 0x00, 0x01, 0xFF, 0xFF, 0xE0, 0x00, 0x07, 0xFF, 0xFF, 0xF8, 0x00, 0x0F, 0xFF, 0xFF, 0xFC, 0x00, 0x1F, 0xC1, 0xE0, 0xFE, 0x00, 0x1F, 0x01, 0xE0, 0x3E, 0x00, 0x3E, 0x01, 0xE0, 0x1F, 0x00, 0x7C, 0x01, 0xE0, 0x0F, 0x80, 0x78, 0x01, 0xE0, 0x07, 0x80, 0x78, 0x01, 0xE0, 0x07, 0x80, 0xF0, 0x01, 0xE0, 0x03, 0xC0, 0xF0, 0x01, 0xE0, 0x03, 0xC0, 0xF0, 0x01, 0xE0, 0x03, 0xC0, 0xF0, 0x01, 0xE0, 0x03, 0xC0, 0xF0, 0x01, 0xE0, 0x03, 0xC0, 0xF0, 0x01, 0xE0, 0x03, 0xC0, 0xF0, 0x01, 0xE0, 0x03, 0xC0, 0xF0, 0x01, 0xE0, 0x03, 0xC0, 0xF0, 0x01, 0xE0, 0x03, 0xC0, 0xF0, 0x01, 0xE0, 0x03, 0xC0, 0x78, 0x01, 0xE0, 0x07, 0x80, 0x78, 0x01, 0xE0, 0x07, 0x80, 0x7C, 0x01, 0xE0, 0x0F, 0x80, 0x3E, 0x01, 0xE0, 0x1F, 0x00, 0x1F, 0x01, 0xE0, 0x3E, 0x00, 0x1F, 0xC1, 0xE0, 0xFE, 0x00, 0x0F, 0xFF, 0xFF, 0xFC, 0x00, 0x07, 0xFF, 0xFF, 0xF8, 0x00, 0x01, 0xFF, 0xFF, 0xE0, 0x00, 0x00, 0x7F, 0xFF, 0x80, 0x00, 0x00, 0x01, 0xE0, 0x00, 0x00, 0x00, 0x01, 0xE0, 0x00, 0x00, 0x00, 0x01, 0xE0, 0x00, 0x00, 0x00, 0x01, 0xE0, 0x00, 0x00, 0x00, 0x01, 0xE0, 0x00, 0x00, 0x00, 0x01, 0xE0, 0x00, 0x00, 0x00, 0x01, 0xE0, 0x00, 0x00, 0x00, 0x00, 0xC0, 0x00, 0x00, 

/* Symbol 0xD5, offset 16392 */
    31, 57, 13,
    0x70, 0x00, 0x00, 0x1C, 0xF0, 0x00, 0x00, 0x1E, 0xF8, 0x00, 0x00, 0x3E, 0xFC, 0x00, 0x00, 0x7E, 0x7C, 0x00, 0x00, 0x7C, 0x3E, 0x00, 0x00, 0xF8, 0x3F, 0x00, 0x01, 0xF8, 0x1F, 0x00, 0x01, 0xF0, 0x0F, 0x80, 0x03, 0xE0, 0x0F, 0xC0, 0x07, 0xC0, 0x07, 0xC0, 0x07, 0xC0, 0x03, 0xE0, 0x0F, 0x80, 0x01, 0xF0, 0x1F, 0x00, 0x01, 0xF0, 0x1F, 0x00, 0x00, 0xF8, 0x3E, 0x00, 0x00, 0x7C, 0x7C, 0x00, 0x00, 0x7C, 0x7C, 0x00, 0x00, 0x3E, 0xF8, 0x00, 0x00, 0x1F, 0xF0, 0x00, 0x00, 0x1F, 0xF0, 0x00, 0x00, 0x0F, 0xE0, 0x00, 0x00, 0x07, 0xC0, 0x00, 0x00, 0x07, 0xC0, 0x00, 0x00, 0x0F, 0xE0, 0x00, 0x00, 0x1F, 0xF0, 0x00, 0x00, 0x1F, 0xF0, 0x00, 0x00, 0x3E, 0xF8, 0x00, 0x00, 0x7C, 0x7C, 0x00, 0x00, 0x7C, 0x7C, 0x00, 0x00, 0xF8, 0x3E, 0x00, 0x01, 0xF0, 0x1F, 0x00, 0x01, 0xF0, 0x1F, 0x00, 0x03, 0xE0, 0x0F, 0x80, 0x07, 0xC0, 0x07, 0xC0, 0x07, 0xC0, 0x07, 0xC0, 0x0F, 0x80, 0x03, 0xE0, 0x1F, 0x00, 0x01, 0xF0, 0x3F, 0x00, 0x01, 0xF8, 0x3E, 0x00, 0x00, 0xF8, 0x7C, 0x00, 0x00, 0x7C, 0xFC, 0x00, 0x00, 0x7E, 0xF8, 0x00, 0x00, 0x3E, 0xF0, 0x00, 0x00, 0x1E, 0x70, 0x00, 0x00, 0x1C, 

/* Symbol 0xD6, offset 16571 */
    31, 64, 13,
    0x60, 0x00, 0x01, 0x80, 0xF0, 0x00, 0x03, 0xC0, 0xF0, 0x00, 0x03, 0xC0, 0xF0, 0x00, 0x03, 0xC0, 0xF0, 0x00, 0x03, 0xC0, 0xF0, 0x00, 0x03, 0xC0, 0xF0, 0x00, 0x03, 0xC0, 0xF0, 0x00, 0x03, 0xC0, 0xF0, 0x00, 0x03, 0xC0, 0xF0, 0x00, 0x03, 0xC0, 0xF0, 0x00, 0x03, 0xC0, 0xF0, 0x00, 0x03, 0xC0, 0xF0, 0x00, 0x03, 0xC0, 0xF0, 0x00, 0x03, 0xC0, 0xF0, 0x00, 0x03, 0xC0, 0xF0, 0x00, 0x03, 0xC0, 0xF0, 0x00, 0x03, 0xC0, 0xF0, 0x00, 0x03, 0xC0, 0xF0, 0x00, 0x03, 0xC0, 0xF0, 0x00, 0x03, 0xC0, 0xF0, 0x00, 0x03, 0xC0, 0xF0, 0x00, 0x03, 0xC0, 0xF0, 0x00, 0x03, 0xC0, 0xF0, 0x00, 0x03, 0xC0, 0xF0, 0x00, 0x03, 0xC0, 0xF0, 0x00, 0x03, 0xC0, 0xF0, 0x00, 0x03, 0xC0, 0xF0, 0x00, 0x03, 0xC0, 0xF0, 0x00, 0x03, 0xC0, 0xF0, 0x00, 0x03, 0xC0, 0xF0, 0x00, 0x03, 0xC0, 0xF0, 0x00, 0x03, 0xC0, 0xF0, 0x00, 0x03, 0xC0, 0xF0, 0x00, 0x03, 0xC0, 0xF0, 0x00, 0x03, 0xC0, 0xF0, 0x00, 0x03, 0xC0, 0xF0, 0x00, 0x03, 0xC0, 0xF0, 0x00, 0x03, 0xC0, 0xF0, 0x00, 0x03, 0xC0, 0xF0, 0x00, 0x03, 0xC0, 0xFF, 0xFF, 0xFF, 0xFC, 0xFF, 0xFF, 0xFF, 0xFE, 0xFF, 0xFF, 0xFF, 0xFE, 0x7F, 0xFF, 0xFF, 0xFE, 0x00, 0x00, 0x00, 0x1E, 0x00, 0x00, 0x00, 0x1E, 0x00, 0x00, 0x00, 0x1E, 0x00, 0x00, 0x00, 0x1E, 0x00, 0x00, 0x00, 0x1E, 0x00, 0x00, 0x00, 0x1E, 0x00, 0x00, 0x00, 0x0C, 

/* Symbol 0xD7, offset 16778 */
    26, 57, 13,
    0x60, 0x00, 0x01, 0x80, 0xF0, 0x00, 0x03, 0xC0, 0xF0, 0x00, 0x03, 0xC0, 0xF0, 0x00, 0x03, 0xC0, 0xF0, 0x00, 0x03, 0xC0, 0xF0, 0x00, 0x03, 0xC0, 0xF0, 0x00, 0x03, 0xC0, 0xF0, 0x00, 0x03, 0xC0, 0xF0, 0x00, 0x03, 0xC0, 0xF0, 0x00, 0x03, 0xC0, 0xF0, 0x00, 0x03, 0xC0, 0xF0, 0x00, 0x03, 0xC0, 0xF0, 0x00, 0x03, 0xC0, 0xF0, 0x00, 0x03, 0xC0, 0xF0, 0x00, 0x03, 0xC0, 0xF0, 0x00, 0x03, 0xC0, 0xF0, 0x00, 0x03, 0xC0, 0xF0, 0x00, 0x03, 0xC0, 0xF0, 0x00, 0x03, 0xC0, 0xF0, 0x00, 0x03, 0xC0, 0x78, 0x00, 0x03, 0xC0, 0x7C, 0x00, 0x03, 0xC0, 0x3F, 0xFF, 0xFF, 0xC0, 0x1F, 0xFF, 0xFF, 0xC0, 0x0F, 0xFF, 0xFF, 0xC0, 0x03, 0xFF, 0xFF, 0xC0, 0x00, 0x00, 0x03, 0xC0, 0x00, 0x00, 0x03, 0xC0, 0x00, 0x00, 0x03, 0xC0, 0x00, 0x00, 0x03, 0xC0, 0x00, 0x00, 0x03, 0xC0, 0x00, 0x00, 0x03, 0xC0, 0x00, 0x00, 0x03, 0xC0, 0x00, 0x00, 0x03, 0xC0, 0x00, 0x00, 0x03, 0xC0, 0x00, 0x00, 0x03, 0xC0, 0x00, 0x00, 0x03, 0xC0, 0x00, 0x00, 0x03, 0xC0, 0x00, 0x00, 0x03, 0xC0, 0x00, 0x00, 0x03, 0xC0, 0x00, 0x00, 0x03, 0xC0, 0x00, 0x00, 0x03, 0xC0, 0x00, 0x00, 0x03, 0xC0, 0x00, 0x00, 0x01, 0x80, 

/* Symbol 0xD8, offset 16957 */
    34, 57, 13,
    0x60, 0x00, 0xC0, 0x01, 0x80, 0xF0, 0x01, 0xE0, 0x03, 0xC0, 0xF0, 0x01, 0xE0, 0x03, 0xC0, 0xF0, 0x01, 0xE0, 0x03, 0xC0, 0xF0, 0x01, 0xE0, 0x03, 0xC0, 0xF0, 0x01, 0xE0, 0x03, 0xC0, 0xF0, 0x01, 0xE0, 0x03, 0xC0, 0xF0, 0x01, 0xE0, 0x03, 0xC0, 0xF0, 0x01, 0xE0, 0x03, 0xC0, 0xF0, 0x01, 0xE0, 0x03, 0xC0, 0xF0, 0x01, 0xE0, 0x03, 0xC0, 0xF0, 0x01, 0xE0, 0x03, 0xC0, 0xF0, 0x01, 0xE0, 0x03, 0xC0, 0xF0, 0x01, 0xE0, 0x03, 0xC0, 0xF0, 0x01, 0xE0, 0x03, 0xC0, 0xF0, 0x01, 0xE0, 0x03, 0xC0, 0xF0, 0x01, 0xE0, 0x03, 0xC0, 0xF0, 0x01, 0xE0, 0x03, 0xC0, 0xF0, 0x01, 0xE0, 0x03, 0xC0, 0xF0, 0x01, 0xE0, 0x03, 0xC0, 0xF0, 0x01, 0xE0, 0x03, 0xC0, 0xF0, 0x01, 0xE0, 0x03, 0xC0, 0xF0, 0x01, 0xE0, 0x03, 0xC0, 0xF0, 0x01, 0xE0, 0x03, 0xC0, 0xF0, 0x01, 0xE0, 0x03, 0xC0, 0xF0, 0x01, 0xE0, 0x03, 0xC0, 0xF0, 0x01, 0xE0, 0x03, 0xC0, 0xF0, 0x01, 0xE0, 0x03, 0xC0, 0xF0, 0x01, 0xE0, 0x03, 0xC0, 0xF0, 0x01, 0xE0, 0x03, 0xC0, 0xF0, 0x01, 0xE0, 0x03, 0xC0, 0xF0, 0x01, 0xE0, 0x03, 0xC0, 0xF0, 0x01, 0xE0, 0x03, 0xC0, 0xF0, 0x01, 0xE0, 0x03, 0xC0, 0xF0, 0x01, 0xE0, 0x03, 0xC0, 0xF0, 0x01, 0xE0, 0x03, 0xC0, 0xF0, 0x01, 0xE0, 0x03, 0xC0, 0xF0, 0x01, 0xE0, 0x03, 0xC0, 0xF0, 0x01, 0xE0, 0x03, 0xC0, 0xF0, 0x01, 0xE0, 0x03, 0xC0, 0xFF, 0xFF, 0xFF, 0xFF, 0xC0, 0xFF, 0xFF, 0xFF, 0xFF, 0xC0, 0xFF, 0xFF, 0xFF, 0xFF, 0xC0, 0x7F, 0xFF, 0xFF, 0xFF, 0x80, 

/* Symbol 0xD9, offset 17180 */
    39, 64, 13,
    0x60, 0x00, 0xC0, 0x00, 0xC0, 0xF0, 0x01, 0xE0, 0x01, 0xE0, 0xF0, 0x01, 0xE0, 0x01, 0xE0, 0xF0, 0x01, 0xE0, 0x01, 0xE0, 0xF0, 0x01, 0xE0, 0x01, 0xE0, 0xF0, 0x01, 0xE0, 0x01, 0xE0, 0xF0, 0x01, 0xE0, 0x01, 0xE0, 0xF0, 0x01, 0xE0, 0x01, 0xE0, 0xF0, 0x01, 0xE0, 0x01, 0xE0, 0xF0, 0x01, 0xE0, 0x01, 0xE0, 0xF0, 0x01, 0xE0, 0x01, 0xE0, 0xF0, 0x01, 0xE0, 0x01, 0xE0, 0xF0, 0x01, 0xE0, 0x01, 0xE0, 0xF0, 0x01, 0xE0, 0x01, 0xE0, 0xF0, 0x01, 0xE0, 0x01, 0xE0, 0xF0, 0x01, 0xE0, 0x01, 0xE0, 0xF0, 0x01, 0xE0, 0x01, 0xE0, 0xF0, 0x01, 0xE0, 0x01, 0xE0, 0xF0, 0x01, 0xE0, 0x01, 0xE0, 0xF0, 0x01, 0xE0, 0x01, 0xE0, 0xF0, 0x01, 0xE0, 0x01, 0xE0, 0xF0, 0x01, 0xE0, 0x01, 0xE0, 0xF0, 0x01, 0xE0, 0x01, 0xE0, 0xF0, 0x01, 0xE0, 0x01, 0xE0, 0xF0, 0x01, 0xE0, 0x01, 0xE0, 0xF0, 0x01, 0xE0, 0x01, 0xE0, 0xF0, 0x01, 0xE0, 0x01, 0xE0, 0xF0, 0x01, 0xE0, 0x01, 0xE0, 0xF0, 0x01, 0xE0, 0x01, 0xE0, 0xF0, 0x01, 0xE0, 0x01, 0xE0, 0xF0, 0x01, 0xE0, 0x01, 0xE0, 0xF0, 0x01, 0xE0, 0x01, 0xE0, 0xF0, 0x01, 0xE0, 0x01, 0xE0, 0xF0, 0x01, 0xE0, 0x01, 0xE0, 0xF0, 0x01, 0xE0, 0x01, 0xE0, 0xF0, 0x01, 0xE0, 0x01, 0xE0, 0xF0, 0x01, 0xE0, 0x01, 0xE0, 0xF0, 0x01, 0xE0, 0x01, 0xE0, 0xF0, 0x01, 0xE0, 0x01, 0xE0, 0xF0, 0x01, 0xE0, 0x01, 0xE0, 0xFF, 0xFF, 0xFF, 0xFF, 0xFC, 0xFF, 0xFF, 0xFF, 0xFF, 0xFE, 0xFF, 0xFF, 0xFF, 0xFF, 0xFE, 0x7F, 0xFF, 0xFF, 0xFF, 0xFE, 0x00, 0x00, 0x00, 0x00, 0x1E, 0x00, 0x00, 0x00, 0x00, 0x1E, 0x00, 0x00, 0x00, 0x00, 0x1E, 0x00, 0x00, 0x00, 0x00, 0x1E, 0x00, 0x00, 0x00, 0x00, 0x1E, 0x00, 0x00, 0x00, 0x00, 0x1E, 0x00, 0x00, 0x00, 0x00, 0x0C, 

/* Symbol 0xDA, offset 17438 */
    35, 57, 13,
    0x7F, 0xF0, 0x00, 0x00, 0x00, 0xFF, 0xF8, 0x00, 0x00, 0x00, 0xFF, 0xF8, 0x00, 0x00, 0x00, 0x7F, 0xF8, 0x00, 0x00, 0x00, 0x00, 0x78, 0x00, 0x00, 0x00, 0x00, 0x78, 0x00, 0x00, 0x00, 0x00, 0x78, 0x00, 0x00, 0x00, 0x00, 0x78, 0x00, 0x00, 0x00, 0x00, 0x78, 0x00, 0x00, 0x00, 0x00, 0x78, 0x00, 0x00, 0x00, 0x00, 0x78, 0x00, 0x00, 0x00, 0x00, 0x78, 0x00, 0x00, 0x00, 0x00, 0x78, 0x00, 0x00, 0x00, 0x00, 0x78, 0x00, 0x00, 0x00, 0x00, 0x78, 0x00, 0x00, 0x00, 0x00, 0x78, 0x00, 0x00, 0x00, 0x00, 0x78, 0x00, 0x00, 0x00, 0x00, 0x7F, 0xFF, 0xF8, 0x00, 0x00, 0x7F, 0xFF, 0xFE, 0x00, 0x00, 0x7F, 0xFF, 0xFF, 0x00, 0x00, 0x7F, 0xFF, 0xFF, 0x80, 0x00, 0x78, 0x00, 0x07, 0xC0, 0x00, 0x78, 0x00, 0x03, 0xC0, 0x00, 0x78, 0x00, 0x01, 0xE0, 0x00, 0x78, 0x00, 0x01, 0xE0, 0x00, 0x78, 0x00, 0x01, 0xE0, 0x00, 0x78, 0x00, 0x01, 0xE0, 0x00, 0x78, 0x00, 0x01, 0xE0, 0x00, 0x78, 0x00, 0x01, 0xE0, 0x00, 0x78, 0x00, 0x01, 0xE0, 0x00, 0x78, 0x00, 0x01, 0xE0, 0x00, 0x78, 0x00, 0x01, 0xE0, 0x00, 0x78, 0x00, 0x01, 0xE0, 0x00, 0x78, 0x00, 0x01, 0xE0, 0x00, 0x78, 0x00, 0x01, 0xE0, 0x00, 0x78, 0x00, 0x01, 0xE0, 0x00, 0x78, 0x00, 0x01, 0xE0, 0x00, 0x78, 0x00, 0x01, 0xE0, 0x00, 0x78, 0x00, 0x03, 0xC0, 0x00, 0x78, 0x00, 0x07, 0xC0, 0x00, 0x7F, 0xFF, 0xFF, 0x80, 0x00, 0x7F, 0xFF, 0xFF, 0x00, 0x00, 0x7F, 0xFF, 0xFE, 0x00, 0x00, 0x3F, 0xFF, 0xF8, 0x00, 

/* Symbol 0xDB, offset 17661 */
    31, 57, 13,
    0x60, 0x00, 0x00, 0x0C, 0xF0, 0x00, 0x00, 0x1E, 0xF0, 0x00, 0x00, 0x1E, 0xF0, 0x00, 0x00, 0x1E, 0xF0, 0x00, 0x00, 0x1E, 0xF0, 0x00, 0x00, 0x1E, 0xF0, 0x00, 0x00, 0x1E, 0xF0, 0x00, 0x00, 0x1E, 0xF0, 0x00, 0x00, 0x1E, 0xF0, 0x00, 0x00, 0x1E, 0xF0, 0x00, 0x00, 0x1E, 0xF0, 0x00, 0x00, 0x1E, 0xF0, 0x00, 0x00, 0x1E, 0xF0, 0x00, 0x00, 0x1E, 0xF0, 0x00, 0x00, 0x1E, 0xF0, 0x00, 0x00, 0x1E, 0xF0, 0x00, 0x00, 0x1E, 0xFF, 0xFF, 0x00, 0x1E, 0xFF, 0xFF, 0xC0, 0x1E, 0xFF, 0xFF, 0xE0, 0x1E, 0xFF, 0xFF, 0xF0, 0x1E, 0xF0, 0x00, 0xF8, 0x1E, 0xF0, 0x00, 0x78, 0x1E, 0xF0, 0x00, 0x7C, 0x1E, 0xF0, 0x00, 0x3C, 0x1E, 0xF0, 0x00, 0x3C, 0x1E, 0xF0, 0x00, 0x3C, 0x1E, 0xF0, 0x00, 0x3C, 0x1E, 0xF0, 0x00, 0x3C, 0x1E, 0xF0, 0x00, 0x3C, 0x1E, 0xF0, 0x00, 0x3C, 0x1E, 0xF0, 0x00, 0x3C, 0x1E, 0xF0, 0x00, 0x3C, 0x1E, 0xF0, 0x00, 0x3C, 0x1E, 0xF0, 0x00, 0x3C, 0x1E, 0xF0, 0x00, 0x3C, 0x1E, 0xF0, 0x00, 0x3C, 0x1E, 0xF0, 0x00, 0x3C, 0x1E, 0xF0, 0x00, 0x78, 0x1E, 0xF0, 0x01, 0xF8, 0x1E, 0xFF, 0xFF, 0xF0, 0x1E, 0xFF, 0xFF, 0xE0, 0x1E, 0xFF, 0xFF, 0xC0, 0x1E, 0x7F, 0xFF, 0x00, 0x0C, 

/* Symbol 0xDC, offset 17840 */
    26, 57, 13,
    0x60, 0x00, 0x00, 0x00, 0xF0, 0x00, 0x00, 0x00, 0xF0, 0x00, 0x00, 0x00, 0xF0, 0x00, 0x00, 0x00, 0xF0, 0x00, 0x00, 0x00, 0xF0, 0x00, 0x00, 0x00, 0xF0, 0x00, 0x00, 0x00, 0xF0, 0x00, 0x00, 0x00, 0xF0, 0x00, 0x00, 0x00, 0xF0, 0x00, 0x00, 0x00, 0xF0, 0x00, 0x00, 0x00, 0xF0, 0x00, 0x00, 0x00, 0xF0, 0x00, 0x00, 0x00, 0xF0, 0x00, 0x00, 0x00, 0xF0, 0x00, 0x00, 0x00, 0xF0, 0x00, 0x00, 0x00, 0xF0, 0x00, 0x00, 0x00, 0xF0, 0x00, 0x00, 0x00, 0xFF, 0xFF, 0xF8, 0x00, 0xFF, 0xFF, 0xFC, 0x00, 0xFF, 0xFF, 0xFF, 0x00, 0xFF, 0xFF, 0xFF, 0x00, 0xF0, 0x00, 0x1F, 0x80, 0xF0, 0x00, 0x07, 0x80, 0xF0, 0x00, 0x03, 0xC0, 0xF0, 0x00, 0x03, 0xC0, 0xF0, 0x00, 0x03, 0xC0, 0xF0, 0x00, 0x03, 0xC0, 0xF0, 0x00, 0x03, 0xC0, 0xF0, 0x00, 0x03, 0xC0, 0xF0, 0x00, 0x03, 0xC0, 0xF0, 0x00, 0x03, 0xC0, 0xF0, 0x00, 0x03, 0xC0, 0xF0, 0x00, 0x03, 0xC0, 0xF0, 0x00, 0x03, 0xC0, 0xF0, 0x00, 0x03, 0xC0, 0xF0, 0x00, 0x03, 0xC0, 0xF0, 0x00, 0x03, 0xC0, 0xF0, 0x00, 0x07, 0x80, 0xF0, 0x00, 0x0F, 0x80, 0xFF, 0xFF, 0xFF, 0x00, 0xFF, 0xFF, 0xFE, 0x00, 0xFF, 0xFF, 0xFC, 0x00, 0x7F, 0xFF, 0xF0, 0x00, 

/* Symbol 0xDD, offset 18019 */
    27, 57, 13,
    0x7F, 0xFF, 0xF8, 0x00, 0xFF, 0xFF, 0xFE, 0x00, 0xFF, 0xFF, 0xFF, 0x00, 0x7F, 0xFF, 0xFF, 0x80, 0x00, 0x00, 0x07, 0xC0, 0x00, 0x00, 0x03, 0xC0, 0x00, 0x00, 0x01, 0xE0, 0x00, 0x00, 0x01, 0xE0, 0x00, 0x00, 0x01, 0xE0, 0x00, 0x00, 0x01, 0xE0, 0x00, 0x00, 0x01, 0xE0, 0x00, 0x00, 0x01, 0xE0, 0x00, 0x00, 0x01, 0xE0, 0x00, 0x00, 0x01, 0xE0, 0x00, 0x00, 0x01, 0xE0, 0x00, 0x00, 0x01, 0xE0, 0x00, 0x00, 0x01, 0xE0, 0x00, 0x3F, 0xFF, 0xE0, 0x00, 0x7F, 0xFF, 0xE0, 0x00, 0x7F, 0xFF, 0xE0, 0x00, 0x3F, 0xFF, 0xE0, 0x00, 0x00, 0x01, 0xE0, 0x00, 0x00, 0x01, 0xE0, 0x00, 0x00, 0x01, 0xE0, 0x00, 0x00, 0x01, 0xE0, 0x00, 0x00, 0x01, 0xE0, 0x00, 0x00, 0x01, 0xE0, 0x00, 0x00, 0x01, 0xE0, 0x00, 0x00, 0x01, 0xE0, 0x00, 0x00, 0x01, 0xE0, 0x00, 0x00, 0x01, 0xE0, 0x00, 0x00, 0x01, 0xE0, 0x00, 0x00, 0x01, 0xE0, 0x00, 0x00, 0x01, 0xE0, 0x00, 0x00, 0x01, 0xE0, 0x00, 0x00, 0x01, 0xE0, 0x00, 0x00, 0x01, 0xE0, 0x00, 0x00, 0x01, 0xE0, 0x00, 0x00, 0x03, 0xC0, 0x00, 0x00, 0x07, 0xC0, 0x7F, 0xFF, 0xFF, 0x80, 0xFF, 0xFF, 0xFF, 0x00, 0xFF, 0xFF, 0xFE, 0x00, 0x7F, 0xFF, 0xF8, 0x00, 

/* Symbol 0xDE, offset 18198 */
    31, 57, 13,
    0x60, 0x01, 0xFF, 0x80, 0xF0, 0x07, 0xFF, 0xE0, 0xF0, 0x0F, 0xFF, 0xF0, 0xF0, 0x1F, 0xFF, 0xF8, 0xF0, 0x3E, 0x00, 0x7C, 0xF0, 0x3C, 0x00, 0x3C, 0xF0, 0x78, 0x00, 0x1E, 0xF0, 0x78, 0x00, 0x1E, 0xF0, 0x78, 0x00, 0x1E, 0xF0, 0x78, 0x00, 0x1E, 0xF0, 0x78, 0x00, 0x1E, 0xF0, 0x78, 0x00, 0x1E, 0xF0, 0x78, 0x00, 0x1E, 0xF0, 0x78, 0x00, 0x1E, 0xF0, 0x78, 0x00, 0x1E, 0xF0, 0x78, 0x00, 0x1E, 0xF0, 0x78, 0x00, 0x1E, 0xFF, 0xF8, 0x00, 0x1E, 0xFF, 0xF8, 0x00, 0x1E, 0xFF, 0xF8, 0x00, 0x1E, 0xFF, 0xF8, 0x00, 0x1E, 0xF0, 0x78, 0x00, 0x1E, 0xF0, 0x78, 0x00, 0x1E, 0xF0, 0x78, 0x00, 0x1E, 0xF0, 0x78, 0x00, 0x1E, 0xF0, 0x78, 0x00, 0x1E, 0xF0, 0x78, 0x00, 0x1E, 0xF0, 0x78, 0x00, 0x1E, 0xF0, 0x78, 0x00, 0x1E, 0xF0, 0x78, 0x00, 0x1E, 0xF0, 0x78, 0x00, 0x1E, 0xF0, 0x78, 0x00, 0x1E, 0xF0, 0x78, 0x00, 0x1E, 0xF0, 0x78, 0x00, 0x1E, 0xF0, 0x78, 0x00, 0x1E, 0xF0, 0x78, 0x00, 0x1E, 0xF0, 0x78, 0x00, 0x1E, 0xF0, 0x78, 0x00, 0x1E, 0xF0, 0x3C, 0x00, 0x3C, 0xF0, 0x3E, 0x00, 0x7C, 0xF0, 0x1F, 0xFF, 0xF8, 0xF0, 0x0F, 0xFF, 0xF0, 0xF0, 0x07, 0xFF, 0xE0, 0x60, 0x01, 0xFF, 0x80, 

/* Symbol 0xDF, offset 18377 */
    26, 57, 13,
    0x03, 0xFF, 0xFF, 0x80, 0x0F, 0xFF, 0xFF, 0xC0, 0x1F, 0xFF, 0xFF, 0xC0, 0x3F, 0xFF, 0xFF, 0xC0, 0x7C, 0x00, 0x03, 0xC0, 0x78, 0x00, 0x03, 0xC0, 0xF0, 0x00, 0x03, 0xC0, 0xF0, 0x00, 0x03, 0xC0, 0xF0, 0x00, 0x03, 0xC0, 0xF0, 0x00, 0x03, 0xC0, 0xF0, 0x00, 0x03, 0xC0, 0xF0, 0x00, 0x03, 0xC0, 0xF0, 0x00, 0x03, 0xC0, 0xF0, 0x00, 0x03, 0xC0, 0xF0, 0x00, 0x03, 0xC0, 0xF0, 0x00, 0x03, 0xC0, 0xF0, 0x00, 0x03, 0xC0, 0xF0, 0x00, 0x03, 0xC0, 0xF0, 0x00, 0x03, 0xC0, 0xF0, 0x00, 0x03, 0xC0, 0x78, 0x00, 0x03, 0xC0, 0x7C, 0x00, 0x03, 0xC0, 0x3F, 0xFF, 0xFF, 0xC0, 0x1F, 0xFF, 0xFF, 0xC0, 0x0F, 0xFF, 0xFF, 0xC0, 0x03, 0xFF, 0xFF, 0xC0, 0x00, 0x7C, 0x03, 0xC0, 0x00, 0xFC, 0x03, 0xC0, 0x00, 0xF8, 0x03, 0xC0, 0x01, 0xF0, 0x03, 0xC0, 0x03, 0xF0, 0x03, 0xC0, 0x03, 0xE0, 0x03, 0xC0, 0x07, 0xC0, 0x03, 0xC0, 0x07, 0xC0, 0x03, 0xC0, 0x0F, 0x80, 0x03, 0xC0, 0x1F, 0x80, 0x03, 0xC0, 0x1F, 0x00, 0x03, 0xC0, 0x3E, 0x00, 0x03, 0xC0, 0x3E, 0x00, 0x03, 0xC0, 0x7C, 0x00, 0x03, 0xC0, 0xFC, 0x00, 0x03, 0xC0, 0xF8, 0x00, 0x03, 0xC0, 0xF0, 0x00, 0x03, 0xC0, 0x70, 0x00, 0x01, 0x80, 

/* Symbol 0xE0, offset 18556 */
    26, 57, 26,
    0x03, 0xFF, 0xF8, 0x00, 0x0F, 0xFF, 0xFC, 0x00, 0x1F, 0xFF, 0xFC, 0x00, 0x3F, 0xFF, 0xFC, 0x00, 0x7C, 0x00, 0x3C, 0x00, 0x78, 0x00, 0x3C, 0x00, 0xF0, 0x00, 0x3C, 0x00, 0xF0, 0x00, 0x3C, 0x00, 0xF0, 0x00, 0x3C, 0x00, 0xF0, 0x00, 0x3C, 0x00, 0xF0, 0x00, 0x3C, 0x00, 0xF0, 0x00, 0x3C, 0x00, 0xF0, 0x00, 0x3C, 0x00, 0xF0, 0x00, 0x3C, 0x00, 0xF0, 0x00, 0x3C, 0x00, 0xF0, 0x00, 0x3C, 0x00, 0xF0, 0x00, 0x3C, 0x00, 0xF0, 0x00, 0x3C, 0x00, 0xF0, 0x00, 0x3C, 0x00, 0xF0, 0x00, 0x3C, 0x00, 0xF0, 0x00, 0x3C, 0x00, 0xF0, 0x00, 0x3C, 0x00, 0xF0, 0x00, 0x3C, 0x00, 0xF0, 0x00, 0x3C, 0x00, 0xF0, 0x00, 0x3E, 0x00, 0x78, 0x00, 0x7E, 0x00, 0x7C, 0x00, 0xFF, 0x80, 0x3F, 0xFF, 0xFF, 0xC0, 0x1F, 0xFF, 0xEF, 0xC0, 0x0F, 0xFF, 0xC7, 0xC0, 0x03, 0xFF, 0x01, 0xC0, 

/* Symbol 0xE1, offset 18683 */
    22, 57, 13,
    0x7F, 0xFF, 0xF8, 0xFF, 0xFF, 0xFC, 0xFF, 0xFF, 0xFC, 0x7F, 0xFF, 0xF8, 0x3F, 0x00, 0x00, 0x1F, 0x80, 0x00, 0x0F, 0xC0, 0x00, 0x07, 0xE0, 0x00, 0x03, 0xF0, 0x00, 0x01, 0xF8, 0x00, 0x00, 0xFC, 0x00, 0x00, 0x7F, 0x00, 0x00, 0x3F, 0x80, 0x03, 0xFF, 0xC0, 0x0F, 0xFF, 0xE0, 0x1F, 0xFF, 0xF0, 0x3F, 0xFF, 0xF0, 0x7C, 0x00, 0xF8, 0x78, 0x00, 0x78, 0xF0, 0x00, 0x3C, 0xF0, 0x00, 0x3C, 0xF0, 0x00, 0x3C, 0xF0, 0x00, 0x3C, 0xF0, 0x00, 0x3C, 0xF0, 0x00, 0x3C, 0xF0, 0x00, 0x3C, 0xF0, 0x00, 0x3C, 0xF0, 0x00, 0x3C, 0xF0, 0x00, 0x3C, 0xF0, 0x00, 0x3C, 0xF0, 0x00, 0x3C, 0xF0, 0x00, 0x3C, 0xF0, 0x00, 0x3C, 0xF0, 0x00, 0x3C, 0xF0, 0x00, 0x3C, 0xF0, 0x00, 0x3C, 0xF0, 0x00, 0x3C, 0xF0, 0x00, 0x3C, 0x78, 0x00, 0x78, 0x7C, 0x00, 0xF8, 0x3F, 0xFF, 0xF0, 0x1F, 0xFF, 0xE0, 0x0F, 0xFF, 0xC0, 0x03, 0xFF, 0x00, 

/* Symbol 0xE2, offset 18818 */
    22, 57, 13,
    0x07, 0xE0, 0x00, 0x1F, 0xF8, 0x00, 0x3F, 0xFC, 0x00, 0x7F, 0xFE, 0x00, 0x7C, 0x3E, 0x00, 0xF8, 0x1F, 0x00, 0xF0, 0x0F, 0x00, 0xF0, 0x0F, 0x00, 0xF0, 0x0F, 0x00, 0xF0, 0x1F, 0x00, 0xF0, 0x3F, 0x00, 0xF0, 0x7E, 0x00, 0xF1, 0xFE, 0x00, 0xF7, 0xFC, 0x00, 0xFF, 0xFF, 0xC0, 0xFF, 0xFF, 0xE0, 0xFF, 0xFF, 0xF0, 0xFF, 0xFF, 0xF8, 0xFC, 0x00, 0xF8, 0xF8, 0x00, 0x7C, 0xF0, 0x00, 0x3C, 0xF0, 0x00, 0x3C, 0xF0, 0x00, 0x3C, 0xF0, 0x00, 0x3C, 0xF0, 0x00, 0x3C, 0xF0, 0x00, 0x3C, 0xF0, 0x00, 0x3C, 0xF0, 0x00, 0x3C, 0xF0, 0x00, 0x3C, 0xF0, 0x00, 0x3C, 0xF0, 0x00, 0x3C, 0xF0, 0x00, 0x3C, 0xF0, 0x00, 0x3C, 0xF0, 0x00, 0x3C, 0xF0, 0x00, 0x3C, 0xF0, 0x00, 0x3C, 0xF0, 0x00, 0x3C, 0xF0, 0x00, 0x3C, 0x78, 0x00, 0x78, 0x7C, 0x00, 0xF8, 0x3F, 0xFF, 0xF0, 0x1F, 0xFF, 0xE0, 0x0F, 0xFF, 0xC0, 0x03, 0xFF, 0x00, 

/* Symbol 0xE3, offset 18953 */
    22, 57, 26,
    0x03, 0xFF, 0x00, 0x1F, 0xFF, 0xC0, 0x7F, 0xFF, 0xF0, 0xFF, 0xFF, 0xF8, 0xFC, 0x01, 0xF8, 0xF0, 0x00, 0x7C, 0x60, 0x00, 0x3C, 0x00, 0x00, 0x3C, 0x00, 0x00, 0x7C, 0x00, 0x00, 0xFC, 0x00, 0x03, 0xF8, 0x00, 0x07, 0xF0, 0x00, 0x1F, 0xE0, 0x00, 0x3F, 0xC0, 0x00, 0xFF, 0x00, 0x01, 0xFE, 0x00, 0x07, 0xFC, 0x00, 0x0F, 0xF0, 0x00, 0x3F, 0xE0, 0x00, 0x7F, 0x80, 0x00, 0x7F, 0x00, 0x00, 0xFC, 0x00, 0x00, 0xF8, 0x00, 0x00, 0xF0, 0x00, 0x00, 0xF0, 0x00, 0x00, 0xF0, 0x00, 0x38, 0x78, 0x00, 0xFC, 0x7F, 0xFF, 0xFC, 0x3F, 0xFF, 0xF8, 0x1F, 0xFF, 0xF0, 0x07, 0xFF, 0x80, 

/* Symbol 0xE4, offset 19049 */
    22, 57, 13,
    0x1F, 0xFF, 0x00, 0x3F, 0xFF, 0xC0, 0x3F, 0xFF, 0xE0, 0x1F, 0xFF, 0xF0, 0x00, 0x00, 0xF8, 0x00, 0x00, 0x78, 0x00, 0x00, 0x3C, 0x00, 0x00, 0x3C, 0x00, 0x00, 0x3C, 0x00, 0x00, 0x3C, 0x00, 0x00, 0x3C, 0x00, 0x00, 0x3C, 0x00, 0x00, 0x3C, 0x03, 0xFF, 0xFC, 0x0F, 0xFF, 0xFC, 0x1F, 0xFF, 0xFC, 0x3F, 0xFF, 0xFC, 0x7C, 0x00, 0x3C, 0x78, 0x00, 0x3C, 0xF0, 0x00, 0x3C, 0xF0, 0x00, 0x3C, 0xF0, 0x00, 0x3C, 0xF0, 0x00, 0x3C, 0xF0, 0x00, 0x3C, 0xF0, 0x00, 0x3C, 0xF0, 0x00, 0x3C, 0xF0, 0x00, 0x3C, 0xF0, 0x00, 0x3C, 0xF0, 0x00, 0x3C, 0xF0, 0x00, 0x3C, 0xF0, 0x00, 0x3C, 0xF0, 0x00, 0x3C, 0xF0, 0x00, 0x3C, 0xF0, 0x00, 0x3C, 0xF0, 0x00, 0x3C, 0xF0, 0x00, 0x3C, 0xF0, 0x00, 0x3C, 0xF0, 0x00, 0x3C, 0x78, 0x00, 0x78, 0x7C, 0x00, 0xF8, 0x3F, 0xFF, 0xF0, 0x1F, 0xFF, 0xE0, 0x0F, 0xFF, 0xC0, 0x03, 0xFF, 0x00, 

/* Symbol 0xE5, offset 19184 */
    22, 57, 26,
    0x03, 0xFF, 0x00, 0x0F, 0xFF, 0xC0, 0x1F, 0xFF, 0xE0, 0x3F, 0xFF, 0xF0, 0x7E, 0x01, 0xF8, 0x78, 0x00, 0x78, 0xF8, 0x00, 0x7C, 0xF0, 0x00, 0x3C, 0xF0, 0x00, 0x3C, 0xF0, 0x00, 0x3C, 0xF0, 0x00, 0x3C, 0xF0, 0x00, 0x3C, 0xF0, 0x00, 0x3C, 0xF0, 0x00, 0x3C, 0xFF, 0xFF, 0xFC, 0xFF, 0xFF, 0xFC, 0xFF, 0xFF, 0xFC, 0xFF, 0xFF, 0xF8, 0xF0, 0x00, 0x00, 0xF0, 0x00, 0x00, 0xF0, 0x00, 0x00, 0xF0, 0x00, 0x00, 0xF0, 0x00, 0x00, 0xF0, 0x00, 0x00, 0xF0, 0x00, 0x00, 0x78, 0x00, 0x00, 0x7C, 0x00, 0x00, 0x3F, 0xFF, 0xF8, 0x1F, 0xFF, 0xFC, 0x0F, 0xFF, 0xFC, 0x03, 0xFF, 0xF8, 

/* Symbol 0xE6, offset 19280 */
    30, 57, 26,
    0x70, 0x03, 0x00, 0x38, 0xF0, 0x07, 0x80, 0x3C, 0xF8, 0x07, 0x80, 0x7C, 0xFC, 0x07, 0x80, 0xFC, 0x7C, 0x07, 0x80, 0xF8, 0x3E, 0x07, 0x81, 0xF0, 0x3F, 0x07, 0x83, 0xF0, 0x1F, 0x07, 0x83, 0xE0, 0x0F, 0x87, 0x87, 0xC0, 0x0F, 0xC7, 0x8F, 0xC0, 0x07, 0xC7, 0x8F, 0x80, 0x07, 0xE7, 0x9F, 0x00, 0x03, 0xF7, 0xBF, 0x00, 0x01, 0xFF, 0xFE, 0x00, 0x01, 0xFF, 0xFC, 0x00, 0x00, 0xFF, 0xFC, 0x00, 0x01, 0xFF, 0xFE, 0x00, 0x01, 0xF7, 0xBF, 0x00, 0x03, 0xE7, 0x9F, 0x00, 0x07, 0xC7, 0x8F, 0x80, 0x07, 0xC7, 0x8F, 0x80, 0x0F, 0x87, 0x87, 0xC0, 0x0F, 0x87, 0x87, 0xE0, 0x1F, 0x07, 0x83, 0xE0, 0x3E, 0x07, 0x81, 0xF0, 0x3E, 0x07, 0x81, 0xF0, 0x7C, 0x07, 0x80, 0xF8, 0xFC, 0x07, 0x80, 0xFC, 0xF8, 0x07, 0x80, 0x7C, 0xF0, 0x07, 0x80, 0x3C, 0x70, 0x03, 0x00, 0x38, 

/* Symbol 0xE7, offset 19407 */
    20, 57, 26,
    0x07, 0xFC, 0x00, 0x1F, 0xFF, 0x00, 0x7F, 0xFF, 0xC0, 0xFF, 0xFF, 0xC0, 0xFC, 0x03, 0xE0, 0xF8, 0x01, 0xE0, 0x60, 0x00, 0xF0, 0x00, 0x00, 0xF0, 0x00, 0x00, 0xF0, 0x00, 0x00, 0xF0, 0x00, 0x00, 0xF0, 0x00, 0x01, 0xF0, 0x00, 0x03, 0xE0, 0x00, 0xFF, 0xE0, 0x01, 0xFF, 0xC0, 0x01, 0xFF, 0x80, 0x00, 0xFF, 0xC0, 0x00, 0x03, 0xE0, 0x00, 0x01, 0xE0, 0x00, 0x00, 0xF0, 0x00, 0x00, 0xF0, 0x00, 0x00, 0xF0, 0x00, 0x00, 0xF0, 0x00, 0x00, 0xF0, 0x60, 0x01, 0xF0, 0xF8, 0x01, 0xE0, 0xFC, 0x03, 0xE0, 0xFF, 0xFF, 0xC0, 0x7F, 0xFF, 0xC0, 0x1F, 0xFF, 0x00, 0x07, 0xFC, 0x00, 

/* Symbol 0xE8, offset 19503 */
    22, 57, 26,
    0x60, 0x00, 0x18, 0xF0, 0x00, 0x3C, 0xF0, 0x00, 0x3C, 0xF0, 0x00, 0x3C, 0xF0, 0x00, 0x3C, 0xF0, 0x00, 0x3C, 0xF0, 0x00, 0x3C, 0xF0, 0x00, 0x3C, 0xF0, 0x00, 0x3C, 0xF0, 0x00, 0x3C, 0xF0, 0x00, 0x3C, 0xF0, 0x00, 0x3C, 0xF0, 0x00, 0x3C, 0xF0, 0x00, 0x3C, 0xF0, 0x00, 0x3C, 0xF0, 0x00, 0x3C, 0xF0, 0x00, 0x3C, 0xF0, 0x00, 0x3C, 0xF0, 0x00, 0x3C, 0xF0, 0x00, 0x3C, 0xF0, 0x00, 0x3C, 0xF0, 0x00, 0x3C, 0xF0, 0x00, 0x3C, 0xF0, 0x00, 0x3C, 0xF0, 0x00, 0x3C, 0x78, 0x00, 0x3C, 0x7C, 0x00, 0x3C, 0x3F, 0xFF, 0xFC, 0x1F, 0xFF, 0xFC, 0x0F, 0xFF, 0xFC, 0x03, 0xFF, 0xF8, 

/* Symbol 0xE9, offset 19599 */
    22, 57, 13,
    0x07, 0xFF, 0x80, 0x0F, 0xFF, 0x80, 0x0F, 0xFF, 0x80, 0x07, 0xFF, 0x80, 0x00, 0x00, 0x00, 0x00, 0x00, 0x00, 0x00, 0x00, 0x00, 0x00, 0x00, 0x00, 0x00, 0x00, 0x00, 0x00, 0x00, 0x00, 0x00, 0x00, 0x00, 0x00, 0x00, 0x00, 0x00, 0x00, 0x00, 0x60, 0x00, 0x18, 0xF0, 0x00, 0x3C, 0xF0, 0x00, 0x3C, 0xF0, 0x00, 0x3C, 0xF0, 0x00, 0x3C, 0xF0, 0x00, 0x3C, 0xF0, 0x00, 0x3C, 0xF0, 0x00, 0x3C, 0xF0, 0x00, 0x3C, 0xF0, 0x00, 0x3C, 0xF0, 0x00, 0x3C, 0xF0, 0x00, 0x3C, 0xF0, 0x00, 0x3C, 0xF0, 0x00, 0x3C, 0xF0, 0x00, 0x3C, 0xF0, 0x00, 0x3C, 0xF0, 0x00, 0x3C, 0xF0, 0x00, 0x3C, 0xF0, 0x00, 0x3C, 0xF0, 0x00, 0x3C, 0xF0, 0x00, 0x3C, 0xF0, 0x00, 0x3C, 0xF0, 0x00, 0x3C, 0xF0, 0x00, 0x3C, 0xF0, 0x00, 0x3C, 0x78, 0x00, 0x3C, 0x7C, 0x00, 0x3C, 0x3F, 0xFF, 0xFC, 0x1F, 0xFF, 0xFC, 0x0F, 0xFF, 0xFC, 0x03, 0xFF, 0xF8, 

/* Symbol 0xEA, offset 19734 */
    22, 57, 26,
    0x60, 0x00, 0x38, 0xF0, 0x00, 0x7C, 0xF0, 0x00, 0xFC, 0xF0, 0x01, 0xF8, 0xF0, 0x01, 0xF8, 0xF0, 0x03, 0xF0, 0xF0, 0x07, 0xE0, 0xF0, 0x0F, 0xC0, 0xF0, 0x1F, 0x80, 0xF0, 0x3F, 0x00, 0xF0, 0x7E, 0x00, 0xF0, 0xFC, 0x00, 0xF1, 0xF8, 0x00, 0xF3, 0xF0, 0x00, 0xF7, 0xF8, 0x00, 0xFF, 0xF8, 0x00, 0xFF, 0xFC, 0x00, 0xFF, 0x3E, 0x00, 0xFE, 0x3E, 0x00, 0xFC, 0x1F, 0x00, 0xF8, 0x0F, 0x80, 0xF0, 0x0F, 0x80, 0xF0, 0x07, 0xC0, 0xF0, 0x03, 0xE0, 0xF0, 0x03, 0xE0, 0xF0, 0x01, 0xF0, 0xF0, 0x01, 0xF8, 0xF0, 0x00, 0xF8, 0xF0, 0x00, 0x7C, 0xF0, 0x00, 0x7C, 0x60, 0x00, 0x38, 

/* Symbol 0xEB, offset 19830 */
    22, 57, 26,
    0x00, 0x3F, 0xF8, 0x00, 0x7F, 0xFC, 0x00, 0x7F, 0xFC, 0x00, 0xFF, 0xFC, 0x00, 0xF8, 0x3C, 0x00, 0xF0, 0x3C, 0x00, 0xF0, 0x3C, 0x01, 0xF0, 0x3C, 0x01, 0xE0, 0x3C, 0x01, 0xE0, 0x3C, 0x03, 0xE0, 0x3C, 0x03, 0xE0, 0x3C, 0x03, 0xC0, 0x3C, 0x07, 0xC0, 0x3C, 0x07, 0xC0, 0x3C, 0x07, 0x80, 0x3C, 0x0F, 0x80, 0x3C, 0x0F, 0x80, 0x3C, 0x0F, 0x00, 0x3C, 0x1F, 0x00, 0x3C, 0x1F, 0x00, 0x3C, 0x1E, 0x00, 0x3C, 0x3E, 0x00, 0x3C, 0x3E, 0x00, 0x3C, 0x3C, 0x00, 0x3C, 0x7C, 0x00, 0x3C, 0x7C, 0x00, 0x3C, 0x78, 0x00, 0x3C, 0xF8, 0x00, 0x3C, 0x78, 0x00, 0x3C, 0x70, 0x00, 0x18, 

/* Symbol 0xEC, offset 19926 */
    26, 57, 26,
    0x60, 0x00, 0x01, 0x80, 0xF0, 0x00, 0x03, 0xC0, 0xF8, 0x00, 0x07, 0xC0, 0xFC, 0x00, 0x0F, 0xC0, 0xFC, 0x00, 0x0F, 0xC0, 0xFE, 0x00, 0x1F, 0xC0, 0xFF, 0x00, 0x3F, 0xC0, 0xFF, 0x00, 0x3F, 0xC0, 0xFF, 0x80, 0x7F, 0xC0, 0xFF, 0xC0, 0xFF, 0xC0, 0xF7, 0xE1, 0xFB, 0xC0, 0xF3, 0xE1, 0xF3, 0xC0, 0xF3, 0xF3, 0xF3, 0xC0, 0xF1, 0xFF, 0xE3, 0xC0, 0xF0, 0xFF, 0xC3, 0xC0, 0xF0, 0x7F, 0x83, 0xC0, 0xF0, 0x7F, 0x83, 0xC0, 0xF0, 0x3F, 0x03, 0xC0, 0xF0, 0x1E, 0x03, 0xC0, 0xF0, 0x0C, 0x03, 0xC0, 0xF0, 0x00, 0x03, 0xC0, 0xF0, 0x00, 0x03, 0xC0, 0xF0, 0x00, 0x03, 0xC0, 0xF0, 0x00, 0x03, 0xC0, 0xF0, 0x00, 0x03, 0xC0, 0xF0, 0x00, 0x03, 0xC0, 0xF0, 0x00, 0x03, 0xC0, 0xF0, 0x00, 0x03, 0xC0, 0xF0, 0x00, 0x03, 0xC0, 0xF0, 0x00, 0x03, 0xC0, 0x60, 0x00, 0x01, 0x80, 

/* Symbol 0xED, offset 20053 */
    22, 57, 26,
    0x60, 0x00, 0x18, 0xF0, 0x00, 0x3C, 0xF0, 0x00, 0x3C, 0xF0, 0x00, 0x3C, 0xF0, 0x00, 0x3C, 0xF0, 0x00, 0x3C, 0xF0, 0x00, 0x3C, 0xF0, 0x00, 0x3C, 0xF0, 0x00, 0x3C, 0xF0, 0x00, 0x3C, 0xF0, 0x00, 0x3C, 0xF0, 0x00, 0x3C, 0xF0, 0x00, 0x3C, 0xFF, 0xFF, 0xFC, 0xFF, 0xFF, 0xFC, 0xFF, 0xFF, 0xFC, 0xFF, 0xFF, 0xFC, 0xF0, 0x00, 0x3C, 0xF0, 0x00, 0x3C, 0xF0, 0x00, 0x3C, 0xF0, 0x00, 0x3C, 0xF0, 0x00, 0x3C, 0xF0, 0x00, 0x3C, 0xF0, 0x00, 0x3C, 0xF0, 0x00, 0x3C, 0xF0, 0x00, 0x3C, 0xF0, 0x00, 0x3C, 0xF0, 0x00, 0x3C, 0xF0, 0x00, 0x3C, 0xF0, 0x00, 0x3C, 0x60, 0x00, 0x18, 

/* Symbol 0xEE, offset 20149 */
    22, 57, 26,
    0x01, 0xFE, 0x00, 0x07, 0xFF, 0x80, 0x1F, 0xFF, 0xE0, 0x3F, 0xFF, 0xF0, 0x3E, 0x01, 0xF8, 0x7C, 0x00, 0xF8, 0x78, 0x00, 0x78, 0xF0, 0x00, 0x3C, 0xF0, 0x00, 0x3C, 0xF0, 0x00, 0x3C, 0xF0, 0x00, 0x3C, 0xF0, 0x00, 0x3C, 0xF0, 0x00, 0x3C, 0xF0, 0x00, 0x3C, 0xF0, 0x00, 0x3C, 0xF0, 0x00, 0x3C, 0xF0, 0x00, 0x3C, 0xF0, 0x00, 0x3C, 0xF0, 0x00, 0x3C, 0xF0, 0x00, 0x3C, 0xF0, 0x00, 0x3C, 0xF0, 0x00, 0x3C, 0xF0, 0x00, 0x3C, 0xF0, 0x00, 0x3C, 0x78, 0x00, 0x78, 0x7C, 0x00, 0xF8, 0x7E, 0x01, 0xF0, 0x3F, 0xFF, 0xF0, 0x1F, 0xFF, 0xE0, 0x07, 0xFF, 0xC0, 0x01, 0xFE, 0x00, 

/* Symbol 0xEF, offset 20245 */
    22, 57, 26,
    0x7F, 0xFF, 0x00, 0xFF, 0xFF, 0xC0, 0xFF, 0xFF, 0xE0, 0xFF, 0xFF, 0xF0, 0xF0, 0x00, 0xF8, 0xF0, 0x00, 0x78, 0xF0, 0x00, 0x3C, 0xF0, 0x00, 0x3C, 0xF0, 0x00, 0x3C, 0xF0, 0x00, 0x3C, 0xF0, 0x00, 0x3C, 0xF0, 0x00, 0x3C, 0xF0, 0x00, 0x3C, 0xF0, 0x00, 0x3C, 0xF0, 0x00, 0x3C, 0xF0, 0x00, 0x3C, 0xF0, 0x00, 0x3C, 0xF0, 0x00, 0x3C, 0xF0, 0x00, 0x3C, 0xF0, 0x00, 0x3C, 0xF0, 0x00, 0x3C, 0xF0, 0x00, 0x3C, 0xF0, 0x00, 0x3C, 0xF0, 0x00, 0x3C, 0xF0, 0x00, 0x3C, 0xF0, 0x00, 0x3C, 0xF0, 0x00, 0x3C, 0xF0, 0x00, 0x3C, 0xF0, 0x00, 0x3C, 0xF0, 0x00, 0x3C, 0x60, 0x00, 0x18, 

/* Symbol 0xF0, offset 20341 */
    22, 70, 26,
    0x7F, 0xFF, 0x00, 0xFF, 0xFF, 0xC0, 0xFF, 0xFF, 0xE0, 0xFF, 0xFF, 0xF0, 0xF0, 0x00, 0xF8, 0xF0, 0x00, 0x78, 0xF0, 0x00, 0x3C, 0xF0, 0x00, 0x3C, 0xF0, 0x00, 0x3C, 0xF0, 0x00, 0x3C, 0xF0, 0x00, 0x3C, 0xF0, 0x00, 0x3C, 0xF0, 0x00, 0x3C, 0xF0, 0x00, 0x3C, 0xF0, 0x00, 0x3C, 0xF0, 0x00, 0x3C, 0xF0, 0x00, 0x3C, 0xF0, 0x00, 0x3C, 0xF0, 0x00, 0x3C, 0xF0, 0x00, 0x3C, 0xF0, 0x00, 0x3C, 0xF0, 0x00, 0x3C, 0xF0, 0x00, 0x3C, 0xF0, 0x00, 0x3C, 0xF0, 0x00, 0x3C, 0xF0, 0x00, 0x78, 0xF0, 0x00, 0xF8, 0xFF, 0xFF, 0xF0, 0xFF, 0xFF, 0xE0, 0xFF, 0xFF, 0xC0, 0xFF, 0xFF, 0x00, 0xF0, 0x00, 0x00, 0xF0, 0x00, 0x00, 0xF0, 0x00, 0x00, 0xF0, 0x00, 0x00, 0xF0, 0x00, 0x00, 0xF0, 0x00, 0x00, 0xF0, 0x00, 0x00, 0xF0, 0x00, 0x00, 0xF0, 0x00, 0x00, 0xF0, 0x00, 0x00, 0xF0, 0x00, 0x00, 0xF0, 0x00, 0x00, 0x60, 0x00, 0x00, 

/* Symbol 0xF1, offset 20476 */
    18, 57, 26,
    0x03, 0xFF, 0x80, 0x0F, 0xFF, 0xC0, 0x1F, 0xFF, 0xC0, 0x3F, 0xFF, 0x80, 0x7C, 0x00, 0x00, 0x78, 0x00, 0x00, 0xF0, 0x00, 0x00, 0xF0, 0x00, 0x00, 0xF0, 0x00, 0x00, 0xF0, 0x00, 0x00, 0xF0, 0x00, 0x00, 0xF0, 0x00, 0x00, 0xF0, 0x00, 0x00, 0xF0, 0x00, 0x00, 0xF0, 0x00, 0x00, 0xF0, 0x00, 0x00, 0xF0, 0x00, 0x00, 0xF0, 0x00, 0x00, 0xF0, 0x00, 0x00, 0xF0, 0x00, 0x00, 0xF0, 0x00, 0x00, 0xF0, 0x00, 0x00, 0xF0, 0x00, 0x00, 0xF0, 0x00, 0x00, 0xF0, 0x00, 0x00, 0x78, 0x00, 0x00, 0x7C, 0x00, 0x00, 0x3F, 0xFF, 0x80, 0x1F, 0xFF, 0xC0, 0x0F, 0xFF, 0xC0, 0x03, 0xFF, 0x80, 

/* Symbol 0xF2, offset 20572 */
    30, 57, 26,
    0x7F, 0xFF, 0xFF, 0x00, 0xFF, 0xFF, 0xFF, 0xC0, 0xFF, 0xFF, 0xFF, 0xE0, 0xFF, 0xFF, 0xFF, 0xF0, 0xF0, 0x07, 0x80, 0xF8, 0xF0, 0x07, 0x80, 0x78, 0xF0, 0x07, 0x80, 0x3C, 0xF0, 0x07, 0x80, 0x3C, 0xF0, 0x07, 0x80, 0x3C, 0xF0, 0x07, 0x80, 0x3C, 0xF0, 0x07, 0x80, 0x3C, 0xF0, 0x07, 0x80, 0x3C, 0xF0, 0x07, 0x80, 0x3C, 0xF0, 0x07, 0x80, 0x3C, 0xF0, 0x07, 0x80, 0x3C, 0xF0, 0x07, 0x80, 0x3C, 0xF0, 0x07, 0x80, 0x3C, 0xF0, 0x07, 0x80, 0x3C, 0xF0, 0x07, 0x80, 0x3C, 0xF0, 0x07, 0x80, 0x3C, 0xF0, 0x07, 0x80, 0x3C, 0xF0, 0x07, 0x80, 0x3C, 0xF0, 0x07, 0x80, 0x3C, 0xF0, 0x07, 0x80, 0x3C, 0xF0, 0x07, 0x80, 0x3C, 0xF0, 0x07, 0x80, 0x3C, 0xF0, 0x07, 0x80, 0x3C, 0xF0, 0x07, 0x80, 0x3C, 0xF0, 0x07, 0x80, 0x3C, 0xF0, 0x07, 0x80, 0x3C, 0x60, 0x03, 0x00, 0x18, 

/* Symbol 0xF3, offset 20699 */
    22, 70, 26,
    0x60, 0x00, 0x18, 0xF0, 0x00, 0x3C, 0xF0, 0x00, 0x3C, 0xF0, 0x00, 0x3C, 0xF0, 0x00, 0x3C, 0xF0, 0x00, 0x3C, 0xF0, 0x00, 0x3C, 0xF0, 0x00, 0x3C, 0xF0, 0x00, 0x3C, 0xF0, 0x00, 0x3C, 0xF0, 0x00, 0x3C, 0xF0, 0x00, 0x3C, 0xF0, 0x00, 0x3C, 0xF0, 0x00, 0x3C, 0xF0, 0x00, 0x3C, 0xF0, 0x00, 0x3C, 0xF0, 0x00, 0x3C, 0xF0, 0x00, 0x3C, 0xF0, 0x00, 0x3C, 0xF0, 0x00, 0x3C, 0xF0, 0x00, 0x3C, 0xF0, 0x00, 0x3C, 0xF0, 0x00, 0x3C, 0xF0, 0x00, 0x3C, 0xF0, 0x00, 0x3C, 0x78, 0x00, 0x3C, 0x7C, 0x00, 0x3C, 0x3F, 0xFF, 0xFC, 0x1F, 0xFF, 0xFC, 0x0F, 0xFF, 0xFC, 0x03, 0xFF, 0xFC, 0x00, 0x00, 0x3C, 0x00, 0x00, 0x3C, 0x00, 0x00, 0x3C, 0x00, 0x00, 0x3C, 0x00, 0x00, 0x3C, 0x00, 0x00, 0x3C, 0x00, 0x00, 0x3C, 0x00, 0x00, 0x78, 0x00, 0x00, 0xF8, 0x1F, 0xFF, 0xF0, 0x3F, 0xFF, 0xE0, 0x3F, 0xFF, 0xC0, 0x1F, 0xFF, 0x00, 

/* Symbol 0xF4, offset 20834 */
    30, 70, 17,
    0x00, 0x03, 0x00, 0x00, 0x00, 0x07, 0x80, 0x00, 0x00, 0x07, 0x80, 0x00, 0x00, 0x07, 0x80, 0x00, 0x00, 0x07, 0x80, 0x00, 0x00, 0x07, 0x80, 0x00, 0x00, 0x07, 0x80, 0x00, 0x00, 0x07, 0x80, 0x00, 0x00, 0x07, 0x80, 0x00, 0x00, 0x7F, 0xF8, 0x00, 0x01, 0xFF, 0xFE, 0x00, 0x07, 0xFF, 0xFF, 0x80, 0x0F, 0xFF, 0xFF, 0xC0, 0x1F, 0xC7, 0x8F, 0xE0, 0x3F, 0x07, 0x83, 0xF0, 0x3E, 0x07, 0x81, 0xF0, 0x7C, 0x07, 0x80, 0xF8, 0x78, 0x07, 0x80, 0x78, 0x78, 0x07, 0x80, 0x7C, 0xF0, 0x07, 0x80, 0x3C, 0xF0, 0x07, 0x80, 0x3C, 0xF0, 0x07, 0x80, 0x3C, 0xF0, 0x07, 0x80, 0x3C, 0xF0, 0x07, 0x80, 0x3C, 0xF0, 0x07, 0x80, 0x3C, 0xF0, 0x07, 0x80, 0x3C, 0xF0, 0x07, 0x80, 0x3C, 0xF0, 0x07, 0x80, 0x3C, 0xF0, 0x07, 0x80, 0x3C, 0xF0, 0x07, 0x80, 0x3C, 0xF8, 0x07, 0x80, 0x78, 0x78, 0x07, 0x80, 0x78, 0x7C, 0x07, 0x80, 0xF8, 0x3E, 0x07, 0x81, 0xF0, 0x3F, 0x07, 0x83, 0xF0, 0x1F, 0xC7, 0x8F, 0xE0, 0x0F, 0xFF, 0xFF, 0xC0, 0x07, 0xFF, 0xFF, 0x80, 0x01, 0xFF, 0xFE, 0x00, 0x00, 0x7F, 0xF8, 0x00, 0x00, 0x07, 0x80, 0x00, 0x00, 0x07, 0x80, 0x00, 0x00, 0x07, 0x80, 0x00, 0x00, 0x07, 0x80, 0x00, 0x00, 0x07, 0x80, 0x00, 0x00, 0x07, 0x80, 0x00, 0x00, 0x07, 0x80, 0x00, 0x00, 0x07, 0x80, 0x00, 0x00, 0x07, 0x80, 0x00, 0x00, 0x07, 0x80, 0x00, 0x00, 0x07, 0x80, 0x00, 0x00, 0x07, 0x80, 0x00, 0x00, 0x03, 0x00, 0x00, 

/* Symbol 0xF5, offset 21049 */
    21, 57, 26,
    0x60, 0x00, 0x70, 0xF0, 0x00, 0x78, 0xF8, 0x00, 0xF8, 0xFC, 0x01, 0xF8, 0x7C, 0x01, 0xF0, 0x3E, 0x03, 0xE0, 0x3F, 0x07, 0xE0, 0x1F, 0x07, 0xC0, 0x0F, 0x8F, 0x80, 0x0F, 0xDF, 0x80, 0x07, 0xDF, 0x00, 0x07, 0xFE, 0x00, 0x03, 0xFE, 0x00, 0x01, 0xFC, 0x00, 0x01, 0xF8, 0x00, 0x00, 0xF8, 0x00, 0x01, 0xFC, 0x00, 0x01, 0xFE, 0x00, 0x03, 0xFE, 0x00, 0x07, 0xDF, 0x00, 0x07, 0xDF, 0x00, 0x0F, 0x8F, 0x80, 0x0F, 0x07, 0xC0, 0x1F, 0x07, 0xC0, 0x3E, 0x03, 0xE0, 0x3E, 0x03, 0xF0, 0x7C, 0x01, 0xF0, 0xF8, 0x00, 0xF8, 0xF8, 0x00, 0xF8, 0xF0, 0x00, 0x78, 0x60, 0x00, 0x30, 

/* Symbol 0xF6, offset 21145 */
    26, 61, 26,
    0x60, 0x00, 0x18, 0x00, 0xF0, 0x00, 0x3C, 0x00, 0xF0, 0x00, 0x3C, 0x00, 0xF0, 0x00, 0x3C, 0x00, 0xF0, 0x00, 0x3C, 0x00, 0xF0, 0x00, 0x3C, 0x00, 0xF0, 0x00, 0x3C, 0x00, 0xF0, 0x00, 0x3C, 0x00, 0xF0, 0x00, 0x3C, 0x00, 0xF0, 0x00, 0x3C, 0x00, 0xF0, 0x00, 0x3C, 0x00, 0xF0, 0x00, 0x3C, 0x00, 0xF0, 0x00, 0x3C, 0x00, 0xF0, 0x00, 0x3C, 0x00, 0xF0, 0x00, 0x3C, 0x00, 0xF0, 0x00, 0x3C, 0x00, 0xF0, 0x00, 0x3C, 0x00, 0xF0, 0x00, 0x3C, 0x00, 0xF0, 0x00, 0x3C, 0x00, 0xF0, 0x00, 0x3C, 0x00, 0xF0, 0x00, 0x3C, 0x00, 0xF0, 0x00, 0x3C, 0x00, 0xF0, 0x00, 0x3C, 0x00, 0xF0, 0x00, 0x3C, 0x00, 0xF0, 0x00, 0x3C, 0x00, 0x78, 0x00, 0x3C, 0x00, 0x7C, 0x00, 0x3C, 0x00, 0x3F, 0xFF, 0xFF, 0x80, 0x1F, 0xFF, 0xFF, 0xC0, 0x0F, 0xFF, 0xFF, 0xC0, 0x03, 0xFF, 0xFF, 0xC0, 0x00, 0x00, 0x03, 0xC0, 0x00, 0x00, 0x03, 0xC0, 0x00, 0x00, 0x03, 0xC0, 0x00, 0x00, 0x01, 0x80, 

/* Symbol 0xF7, offset 21288 */
    22, 57, 26,
    0x60, 0x00, 0x18, 0xF0, 0x00, 0x3C, 0xF0, 0x00, 0x3C, 0xF0, 0x00, 0x3C, 0xF0, 0x00, 0x3C, 0xF0, 0x00, 0x3C, 0xF0, 0x00, 0x3C, 0xF0, 0x00, 0x3C, 0xF0, 0x00, 0x3C, 0xF0, 0x00, 0x3C, 0xF0, 0x00, 0x3C, 0x78, 0x00, 0x3C, 0x7C, 0x00, 0x3C, 0x3F, 0xFF, 0xFC, 0x1F, 0xFF, 0xFC, 0x0F, 0xFF, 0xFC, 0x03, 0xFF, 0xFC, 0x00, 0x00, 0x3C, 0x00, 0x00, 0x3C, 0x00, 0x00, 0x3C, 0x00, 0x00, 0x3C, 0x00, 0x00, 0x3C, 0x00, 0x00, 0x3C, 0x00, 0x00, 0x3C, 0x00, 0x00, 0x3C, 0x00, 0x00, 0x3C, 0x00, 0x00, 0x3C, 0x00, 0x00, 0x3C, 0x00, 0x00, 0x3C, 0x00, 0x00, 0x3C, 0x00, 0x00, 0x18, 

/* Symbol 0xF8, offset 21384 */
    30, 57, 26,
    0x60, 0x03, 0x00, 0x18, 0xF0, 0x07, 0x80, 0x3C, 0xF0, 0x07, 0x80, 0x3C, 0xF0, 0x07, 0x80, 0x3C, 0xF0, 0x07, 0x80, 0x3C, 0xF0, 0x07, 0x80, 0x3C, 0xF0, 0x07, 0x80, 0x3C, 0xF0, 0x07, 0x80, 0x3C, 0xF0, 0x07, 0x80, 0x3C, 0xF0, 0x07, 0x80, 0x3C, 0xF0, 0x07, 0x80, 0x3C, 0xF0, 0x07, 0x80, 0x3C, 0xF0, 0x07, 0x80, 0x3C, 0xF0, 0x07, 0x80, 0x3C, 0xF0, 0x07, 0x80, 0x3C, 0xF0, 0x07, 0x80, 0x3C, 0xF0, 0x07, 0x80, 0x3C, 0xF0, 0x07, 0x80, 0x3C, 0xF0, 0x07, 0x80, 0x3C, 0xF0, 0x07, 0x80, 0x3C, 0xF0, 0x07, 0x80, 0x3C, 0xF0, 0x07, 0x80, 0x3C, 0xF0, 0x07, 0x80, 0x3C, 0xF0, 0x07, 0x80, 0x3C, 0xF0, 0x07, 0x80, 0x3C, 0x78, 0x07, 0x80, 0x3C, 0x7C, 0x07, 0x80, 0x3C, 0x3F, 0xFF, 0xFF, 0xFC, 0x1F, 0xFF, 0xFF, 0xFC, 0x0F, 0xFF, 0xFF, 0xFC, 0x03, 0xFF, 0xFF, 0xF8, 

/* Symbol 0xF9, offset 21511 */
    35, 61, 26,
    0x60, 0x03, 0x00, 0x0C, 0x00, 0xF0, 0x07, 0x80, 0x1E, 0x00, 0xF0, 0x07, 0x80, 0x1E, 0x00, 0xF0, 0x07, 0x80, 0x1E, 0x00, 0xF0, 0x07, 0x80, 0x1E, 0x00, 0xF0, 0x07, 0x80, 0x1E, 0x00, 0xF0, 0x07, 0x80, 0x1E, 0x00, 0xF0, 0x07, 0x80, 0x1E, 0x00, 0xF0, 0x07, 0x80, 0x1E, 0x00, 0xF0, 0x07, 0x80, 0x1E, 0x00, 0xF0, 0x07, 0x80, 0x1E, 0x00, 0xF0, 0x07, 0x80, 0x1E, 0x00, 0xF0, 0x07, 0x80, 0x1E, 0x00, 0xF0, 0x07, 0x80, 0x1E, 0x00, 0xF0, 0x07, 0x80, 0x1E, 0x00, 0xF0, 0x07, 0x80, 0x1E, 0x00, 0xF0, 0x07, 0x80, 0x1E, 0x00, 0xF0, 0x07, 0x80, 0x1E, 0x00, 0xF0, 0x07, 0x80, 0x1E, 0x00, 0xF0, 0x07, 0x80, 0x1E, 0x00, 0xF0, 0x07, 0x80, 0x1E, 0x00, 0xF0, 0x07, 0x80, 0x1E, 0x00, 0xF0, 0x07, 0x80, 0x1E, 0x00, 0xF0, 0x07, 0x80, 0x1E, 0x00, 0xF0, 0x07, 0x80, 0x1E, 0x00, 0x78, 0x07, 0x80, 0x1E, 0x00, 0x7C, 0x07, 0x80, 0x1E, 0x00, 0x3F, 0xFF, 0xFF, 0xFF, 0xC0, 0x1F, 0xFF, 0xFF, 0xFF, 0xE0, 0x0F, 0xFF, 0xFF, 0xFF, 0xE0, 0x03, 0xFF, 0xFF, 0xFF, 0xE0, 0x00, 0x00, 0x00, 0x01, 0xE0, 0x00, 0x00, 0x00, 0x01, 0xE0, 0x00, 0x00, 0x00, 0x01, 0xE0, 0x00, 0x00, 0x00, 0x00, 0xC0, 

/* Symbol 0xFA, offset 21689 */
    26, 57, 26,
    0x7E, 0x00, 0x00, 0x00, 0xFF, 0x00, 0x00, 0x00, 0xFF, 0x00, 0x00, 0x00, 0x7F, 0x00, 0x00, 0x00, 0x0F, 0x00, 0x00, 0x00, 0x0F, 0x00, 0x00, 0x00, 0x0F, 0x00, 0x00, 0x00, 0x0F, 0x00, 0x00, 0x00, 0x0F, 0x00, 0x00, 0x00, 0x0F, 0x00, 0x00, 0x00, 0x0F, 0x00, 0x00, 0x00, 0x0F, 0x00, 0x00, 0x00, 0x0F, 0x00, 0x00, 0x00, 0x0F, 0xFF, 0xF0, 0x00, 0x0F, 0xFF, 0xFC, 0x00, 0x0F, 0xFF, 0xFE, 0x00, 0x0F, 0xFF, 0xFF, 0x00, 0x0F, 0x00, 0x0F, 0x80, 0x0F, 0x00, 0x07, 0x80, 0x0F, 0x00, 0x07, 0xC0, 0x0F, 0x00, 0x03, 0xC0, 0x0F, 0x00, 0x03, 0xC0, 0x0F, 0x00, 0x03, 0xC0, 0x0F, 0x00, 0x03, 0xC0, 0x0F, 0x00, 0x07, 0xC0, 0x0F, 0x00, 0x07, 0x80, 0x0F, 0x00, 0x1F, 0x80, 0x0F, 0xFF, 0xFF, 0x00, 0x0F, 0xFF, 0xFF, 0x00, 0x0F, 0xFF, 0xFC, 0x00, 0x07, 0xFF, 0xF0, 0x00, 

/* Symbol 0xFB, offset 21816 */
    26, 57, 26,
    0x60, 0x00, 0x01, 0x80, 0xF0, 0x00, 0x03, 0xC0, 0xF0, 0x00, 0x03, 0xC0, 0xF0, 0x00, 0x03, 0xC0, 0xF0, 0x00, 0x03, 0xC0, 0xF0, 0x00, 0x03, 0xC0, 0xF0, 0x00, 0x03, 0xC0, 0xF0, 0x00, 0x03, 0xC0, 0xF0, 0x00, 0x03, 0xC0, 0xF0, 0x00, 0x03, 0xC0, 0xF0, 0x00, 0x03, 0xC0, 0xF0, 0x00, 0x03, 0xC0, 0xF0, 0x00, 0x03, 0xC0, 0xFF, 0xF0, 0x03, 0xC0, 0xFF, 0xFC, 0x03, 0xC0, 0xFF, 0xFE, 0x03, 0xC0, 0xFF, 0xFF, 0x03, 0xC0, 0xF0, 0x1F, 0x83, 0xC0, 0xF0, 0x07, 0x83, 0xC0, 0xF0, 0x07, 0xC3, 0xC0, 0xF0, 0x03, 0xC3, 0xC0, 0xF0, 0x03, 0xC3, 0xC0, 0xF0, 0x03, 0xC3, 0xC0, 0xF0, 0x03, 0xC3, 0xC0, 0xF0, 0x07, 0xC3, 0xC0, 0xF0, 0x07, 0x83, 0xC0, 0xF0, 0x1F, 0x83, 0xC0, 0xFF, 0xFF, 0x03, 0xC0, 0xFF, 0xFE, 0x03, 0xC0, 0xFF, 0xFC, 0x03, 0xC0, 0x7F, 0xF0, 0x01, 0x80, 

/* Symbol 0xFC, offset 21943 */
    22, 57, 26,
    0x60, 0x00, 0x00, 0xF0, 0x00, 0x00, 0xF0, 0x00, 0x00, 0xF0, 0x00, 0x00, 0xF0, 0x00, 0x00, 0xF0, 0x00, 0x00, 0xF0, 0x00, 0x00, 0xF0, 0x00, 0x00, 0xF0, 0x00, 0x00, 0xF0, 0x00, 0x00, 0xF0, 0x00, 0x00, 0xF0, 0x00, 0x00, 0xF0, 0x00, 0x00, 0xFF, 0xFF, 0x00, 0xFF, 0xFF, 0xC0, 0xFF, 0xFF, 0xE0, 0xFF, 0xFF, 0xF0, 0xF0, 0x00, 0xF8, 0xF0, 0x00, 0x78, 0xF0, 0x00, 0x7C, 0xF0, 0x00, 0x3C, 0xF0, 0x00, 0x3C, 0xF0, 0x00, 0x3C, 0xF0, 0x00, 0x3C, 0xF0, 0x00, 0x7C, 0xF0, 0x00, 0x78, 0xF0, 0x01, 0xF8, 0xFF, 0xFF, 0xF0, 0xFF, 0xFF, 0xF0, 0xFF, 0xFF, 0xC0, 0x7F, 0xFF, 0x00, 

/* Symbol 0xFD, offset 22039 */
    22, 57, 26,
    0x7F, 0xFF, 0x00, 0xFF, 0xFF, 0xC0, 0xFF, 0xFF, 0xE0, 0x7F, 0xFF, 0xF0, 0x00, 0x00, 0xF8, 0x00, 0x00, 0x78, 0x00, 0x00, 0x3C, 0x00, 0x00, 0x3C, 0x00, 0x00, 0x3C, 0x00, 0x00, 0x3C, 0x00, 0x00, 0x3C, 0x00, 0x00, 0x3C, 0x00, 0x00, 0x3C, 0x00, 0x3F, 0xFC, 0x00, 0x7F, 0xFC, 0x00, 0x7F, 0xFC, 0x00, 0x3F, 0xFC, 0x00, 0x00, 0x3C, 0x00, 0x00, 0x3C, 0x00, 0x00, 0x3C, 0x00, 0x00, 0x3C, 0x00, 0x00, 0x3C, 0x00, 0x00, 0x3C, 0x00, 0x00, 0x3C, 0x00, 0x00, 0x7C, 0x00, 0x00, 0x78, 0x00, 0x00, 0xF8, 0x7F, 0xFF, 0xF0, 0xFF, 0xFF, 0xE0, 0xFF, 0xFF, 0xC0, 0x7F, 0xFF, 0x00, 

/* Symbol 0xFE, offset 22135 */
    26, 57, 26,
    0x60, 0x03, 0xF8, 0x00, 0xF0, 0x0F, 0xFE, 0x00, 0xF0, 0x1F, 0xFF, 0x00, 0xF0, 0x3F, 0xFF, 0x80, 0xF0, 0x3E, 0x07, 0x80, 0xF0, 0x78, 0x07, 0xC0, 0xF0, 0x78, 0x03, 0xC0, 0xF0, 0x78, 0x03, 0xC0, 0xF0, 0x78, 0x03, 0xC0, 0xF0, 0x78, 0x03, 0xC0, 0xF0, 0x78, 0x03, 0xC0, 0xF0, 0x78, 0x03, 0xC0, 0xF0, 0x78, 0x03, 0xC0, 0xF0, 0x78, 0x03, 0xC0, 0xFF, 0xF8, 0x03, 0xC0, 0xFF, 0xF8, 0x03, 0xC0, 0xFF, 0xF8, 0x03, 0xC0, 0xFF, 0xF8, 0x03, 0xC0, 0xF0, 0x78, 0x03, 0xC0, 0xF0, 0x78, 0x03, 0xC0, 0xF0, 0x78, 0x03, 0xC0, 0xF0, 0x78, 0x03, 0xC0, 0xF0, 0x78, 0x03, 0xC0, 0xF0, 0x78, 0x03, 0xC0, 0xF0, 0x78, 0x03, 0xC0, 0xF0, 0x78, 0x03, 0xC0, 0xF0, 0x3C, 0x07, 0x80, 0xF0, 0x3F, 0xFF, 0x80, 0xF0, 0x1F, 0xFF, 0x00, 0xF0, 0x0F, 0xFE, 0x00, 0x60, 0x03, 0xF8, 0x00, 

/* Symbol 0xFF, offset 22262 */
    22, 57, 26,
    0x03, 0xFF, 0xF8, 0x0F, 0xFF, 0xFC, 0x1F, 0xFF, 0xFC, 0x3F, 0xFF, 0xFC, 0x7E, 0x00, 0x3C, 0x78, 0x00, 0x3C, 0xF8, 0x00, 0x3C, 0xF0, 0x00, 0x3C, 0xF0, 0x00, 0x3C, 0xF0, 0x00, 0x3C, 0xF0, 0x00, 0x3C, 0xF8, 0x00, 0x3C, 0x78, 0x00, 0x3C, 0x7C, 0x00, 0x3C, 0x3F, 0xFF, 0xFC, 0x3F, 0xFF, 0xFC, 0x1F, 0xFF, 0xFC, 0x07, 0xFF, 0xFC, 0x03, 0xF0, 0x3C, 0x03, 0xE0, 0x3C, 0x07, 0xE0, 0x3C, 0x0F, 0xC0, 0x3C, 0x0F, 0x80, 0x3C, 0x1F, 0x80, 0x3C, 0x3F, 0x00, 0x3C, 0x3E, 0x00, 0x3C, 0x7C, 0x00, 0x3C, 0xFC, 0x00, 0x3C, 0xF8, 0x00, 0x3C, 0xF0, 0x00, 0x3C, 0x60, 0x00, 0x18
};
