/*
    FaceName - GOST type B
    PointSize - 48
    FontWeight - bold
    Style - normal
    Family - swiss
    Cell width - 50
    Cell height - 75
    Offset x - 0
    Offset y - 0
*/
const unsigned char fontGostB48B[22674] =
{
/* 0x00 */   0x00, 0x00,
/* 0x01 */   0x00, 0x00,
/* 0x02 */   0x00, 0x00,
/* 0x03 */   0x00, 0x00,
/* 0x04 */   0x00, 0x00,
/* 0x05 */   0x00, 0x00,
/* 0x06 */   0x00, 0x00,
/* 0x07 */   0x00, 0x00,
/* 0x08 */   0x00, 0x00,
/* 0x09 */   0x00, 0x00,
/* 0x0A */   0x00, 0x00,
/* 0x0B */   0x00, 0x00,
/* 0x0C */   0x00, 0x00,
/* 0x0D */   0x00, 0x00,
/* 0x0E */   0x00, 0x00,
/* 0x0F */   0x00, 0x00,
/* 0x10 */   0x00, 0x00,
/* 0x11 */   0x00, 0x00,
/* 0x12 */   0x00, 0x00,
/* 0x13 */   0x00, 0x00,
/* 0x14 */   0x00, 0x00,
/* 0x15 */   0x00, 0x00,
/* 0x16 */   0x00, 0x00,
/* 0x17 */   0x00, 0x00,
/* 0x18 */   0x00, 0x00,
/* 0x19 */   0x00, 0x00,
/* 0x1A */   0x00, 0x00,
/* 0x1B */   0x00, 0x00,
/* 0x1C */   0x00, 0x00,
/* 0x1D */   0x00, 0x00,
/* 0x1E */   0x00, 0x00,
/* 0x1F */   0x00, 0x00,
/* 0x20 */   0x00, 0x02,
/* 0x21 */   0x0A, 0x02,
/* 0x22 */   0x39, 0x02,
/* 0x23 */   0x66, 0x02,
/* 0x24 */   0x45, 0x03,
/* 0x25 */   0x3C, 0x04,
/* 0x26 */   0x47, 0x05,
/* 0x27 */   0x26, 0x06,
/* 0x28 */   0x37, 0x06,
/* 0x29 */   0xA4, 0x06,
/* 0x2A */   0x11, 0x07,
/* 0x2B */   0x4A, 0x07,
/* 0x2C */   0x92, 0x07,
/* 0x2D */   0xB5, 0x07,
/* 0x2E */   0xC7, 0x07,
/* 0x2F */   0xCF, 0x07,
/* 0x30 */   0xDA, 0x08,
/* 0x31 */   0x61, 0x09,
/* 0x32 */   0xBC, 0x09,
/* 0x33 */   0x43, 0x0A,
/* 0x34 */   0xCA, 0x0A,
/* 0x35 */   0x7D, 0x0B,
/* 0x36 */   0x04, 0x0C,
/* 0x37 */   0x8B, 0x0C,
/* 0x38 */   0x12, 0x0D,
/* 0x39 */   0xC5, 0x0D,
/* 0x3A */   0x4C, 0x0E,
/* 0x3B */   0x65, 0x0E,
/* 0x3C */   0xA8, 0x0E,
/* 0x3D */   0xF0, 0x0E,
/* 0x3E */   0x26, 0x0F,
/* 0x3F */   0x6E, 0x0F,
/* 0x40 */   0xF5, 0x0F,
/* 0x41 */   0x00, 0x11,
/* 0x42 */   0xB3, 0x11,
/* 0x43 */   0x66, 0x12,
/* 0x44 */   0xED, 0x12,
/* 0x45 */   0xA0, 0x13,
/* 0x46 */   0x27, 0x14,
/* 0x47 */   0xAE, 0x14,
/* 0x48 */   0x61, 0x15,
/* 0x49 */   0x14, 0x16,
/* 0x4A */   0x43, 0x16,
/* 0x4B */   0xCA, 0x16,
/* 0x4C */   0x7D, 0x17,
/* 0x4D */   0x04, 0x18,
/* 0x4E */   0xB7, 0x18,
/* 0x4F */   0x6A, 0x19,
/* 0x50 */   0x1D, 0x1A,
/* 0x51 */   0xD0, 0x1A,
/* 0x52 */   0x83, 0x1B,
/* 0x53 */   0x36, 0x1C,
/* 0x54 */   0xE9, 0x1C,
/* 0x55 */   0x9C, 0x1D,
/* 0x56 */   0x4F, 0x1E,
/* 0x57 */   0x02, 0x1F,
/* 0x58 */   0x0D, 0x20,
/* 0x59 */   0xC0, 0x20,
/* 0x5A */   0x73, 0x21,
/* 0x5B */   0x52, 0x22,
/* 0x5C */   0xBD, 0x22,
/* 0x5D */   0xC8, 0x23,
/* 0x5E */   0x33, 0x24,
/* 0x5F */   0x54, 0x24,
/* 0x60 */   0x6B, 0x24,
/* 0x61 */   0x4A, 0x25,
/* 0x62 */   0xC9, 0x25,
/* 0x63 */   0x50, 0x26,
/* 0x64 */   0xB0, 0x26,
/* 0x65 */   0x37, 0x27,
/* 0x66 */   0x97, 0x27,
/* 0x67 */   0x1E, 0x28,
/* 0x68 */   0xA5, 0x28,
/* 0x69 */   0x2C, 0x29,
/* 0x6A */   0x5B, 0x29,
/* 0x6B */   0xD0, 0x29,
/* 0x6C */   0x57, 0x2A,
/* 0x6D */   0xB2, 0x2A,
/* 0x6E */   0x31, 0x2B,
/* 0x6F */   0x91, 0x2B,
/* 0x70 */   0xF1, 0x2B,
/* 0x71 */   0x78, 0x2C,
/* 0x72 */   0xFF, 0x2C,
/* 0x73 */   0x5F, 0x2D,
/* 0x74 */   0xBF, 0x2D,
/* 0x75 */   0x46, 0x2E,
/* 0x76 */   0xA6, 0x2E,
/* 0x77 */   0x06, 0x2F,
/* 0x78 */   0x85, 0x2F,
/* 0x79 */   0xE5, 0x2F,
/* 0x7A */   0x6C, 0x30,
/* 0x7B */   0xCC, 0x30,
/* 0x7C */   0x37, 0x31,
/* 0x7D */   0x66, 0x31,
/* 0x7E */   0xD1, 0x31,
/* 0x7F */   0x00, 0x32,
/* 0x80 */   0x00, 0x00,
/* 0x81 */   0x00, 0x00,
/* 0x82 */   0x00, 0x00,
/* 0x83 */   0x00, 0x00,
/* 0x84 */   0x00, 0x00,
/* 0x85 */   0x00, 0x00,
/* 0x86 */   0x00, 0x00,
/* 0x87 */   0x00, 0x00,
/* 0x88 */   0x00, 0x00,
/* 0x89 */   0x00, 0x00,
/* 0x8A */   0x00, 0x00,
/* 0x8B */   0x00, 0x00,
/* 0x8C */   0x00, 0x00,
/* 0x8D */   0x00, 0x00,
/* 0x8E */   0x00, 0x00,
/* 0x8F */   0x00, 0x00,
/* 0x90 */   0x00, 0x00,
/* 0x91 */   0x00, 0x00,
/* 0x92 */   0x00, 0x00,
/* 0x93 */   0x00, 0x00,
/* 0x94 */   0x00, 0x00,
/* 0x95 */   0x00, 0x00,
/* 0x96 */   0x00, 0x00,
/* 0x97 */   0x00, 0x00,
/* 0x98 */   0x00, 0x00,
/* 0x99 */   0x00, 0x00,
/* 0x9A */   0x00, 0x00,
/* 0x9B */   0x00, 0x00,
/* 0x9C */   0x00, 0x00,
/* 0x9D */   0x00, 0x00,
/* 0x9E */   0x00, 0x00,
/* 0x9F */   0x00, 0x00,
/* 0xA0 */   0x00, 0x00,
/* 0xA1 */   0x00, 0x00,
/* 0xA2 */   0x00, 0x00,
/* 0xA3 */   0x00, 0x00,
/* 0xA4 */   0x00, 0x00,
/* 0xA5 */   0x00, 0x00,
/* 0xA6 */   0x00, 0x00,
/* 0xA7 */   0x00, 0x00,
/* 0xA8 */   0x00, 0x00,
/* 0xA9 */   0x00, 0x00,
/* 0xAA */   0x00, 0x00,
/* 0xAB */   0x00, 0x00,
/* 0xAC */   0x00, 0x00,
/* 0xAD */   0x00, 0x00,
/* 0xAE */   0x00, 0x00,
/* 0xAF */   0x00, 0x00,
/* 0xB0 */   0x00, 0x00,
/* 0xB1 */   0x00, 0x00,
/* 0xB2 */   0x00, 0x00,
/* 0xB3 */   0x00, 0x00,
/* 0xB4 */   0x00, 0x00,
/* 0xB5 */   0x00, 0x00,
/* 0xB6 */   0x00, 0x00,
/* 0xB7 */   0x00, 0x00,
/* 0xB8 */   0x00, 0x00,
/* 0xB9 */   0x00, 0x00,
/* 0xBA */   0x00, 0x00,
/* 0xBB */   0x00, 0x00,
/* 0xBC */   0x00, 0x00,
/* 0xBD */   0x00, 0x00,
/* 0xBE */   0x00, 0x00,
/* 0xBF */   0x00, 0x00,
/* 0xC0 */   0x8A, 0x32,
/* 0xC1 */   0x3D, 0x33,
/* 0xC2 */   0xF0, 0x33,
/* 0xC3 */   0xA3, 0x34,
/* 0xC4 */   0x2A, 0x35,
/* 0xC5 */   0xED, 0x35,
/* 0xC6 */   0x74, 0x36,
/* 0xC7 */   0x53, 0x37,
/* 0xC8 */   0xDA, 0x37,
/* 0xC9 */   0x8D, 0x38,
/* 0xCA */   0x60, 0x39,
/* 0xCB */   0x13, 0x3A,
/* 0xCC */   0xC6, 0x3A,
/* 0xCD */   0x79, 0x3B,
/* 0xCE */   0x2C, 0x3C,
/* 0xCF */   0xDF, 0x3C,
/* 0xD0 */   0x92, 0x3D,
/* 0xD1 */   0x45, 0x3E,
/* 0xD2 */   0xCC, 0x3E,
/* 0xD3 */   0x7F, 0x3F,
/* 0xD4 */   0x32, 0x40,
/* 0xD5 */   0x11, 0x41,
/* 0xD6 */   0xC4, 0x41,
/* 0xD7 */   0x93, 0x42,
/* 0xD8 */   0x46, 0x43,
/* 0xD9 */   0x25, 0x44,
/* 0xDA */   0x5A, 0x45,
/* 0xDB */   0x39, 0x46,
/* 0xDC */   0xEC, 0x46,
/* 0xDD */   0x9F, 0x47,
/* 0xDE */   0x52, 0x48,
/* 0xDF */   0x05, 0x49,
/* 0xE0 */   0xB8, 0x49,
/* 0xE1 */   0x37, 0x4A,
/* 0xE2 */   0xBE, 0x4A,
/* 0xE3 */   0x45, 0x4B,
/* 0xE4 */   0xA5, 0x4B,
/* 0xE5 */   0x2C, 0x4C,
/* 0xE6 */   0x8C, 0x4C,
/* 0xE7 */   0x0B, 0x4D,
/* 0xE8 */   0x6B, 0x4D,
/* 0xE9 */   0xCB, 0x4D,
/* 0xEA */   0x52, 0x4E,
/* 0xEB */   0xB2, 0x4E,
/* 0xEC */   0x12, 0x4F,
/* 0xED */   0x91, 0x4F,
/* 0xEE */   0xF1, 0x4F,
/* 0xEF */   0x51, 0x50,
/* 0xF0 */   0xB1, 0x50,
/* 0xF1 */   0x38, 0x51,
/* 0xF2 */   0x98, 0x51,
/* 0xF3 */   0x17, 0x52,
/* 0xF4 */   0x9E, 0x52,
/* 0xF5 */   0x75, 0x53,
/* 0xF6 */   0xD5, 0x53,
/* 0xF7 */   0x64, 0x54,
/* 0xF8 */   0xC4, 0x54,
/* 0xF9 */   0x43, 0x55,
/* 0xFA */   0xF5, 0x55,
/* 0xFB */   0x74, 0x56,
/* 0xFC */   0xF3, 0x56,
/* 0xFD */   0x53, 0x57,
/* 0xFE */   0xB3, 0x57,
/* 0xFF */   0x32, 0x58,

/* Symbol 0x20, offset 512 */
    50, 1, 0,
    0x00, 0x00, 0x00, 0x00, 0x00, 0x00, 0x00, 

/* Symbol 0x21, offset 522 */
    6, 57, 13,
    0x78, 0xFC, 0xFC, 0xFC, 0xFC, 0xFC, 0xFC, 0xFC, 0xFC, 0xFC, 0xFC, 0xFC, 0xFC, 0xFC, 0xFC, 0xFC, 0xFC, 0xFC, 0xFC, 0xFC, 0xFC, 0xFC, 0xFC, 0xFC, 0xFC, 0xFC, 0xFC, 0xFC, 0xFC, 0xFC, 0xFC, 0xFC, 0xFC, 0xFC, 0xFC, 0x78, 0x00, 0x00, 0x00, 0x78, 0xFC, 0xFC, 0xFC, 0x78, 

/* Symbol 0x22, offset 569 */
    17, 27, 13,
    0x1F, 0x0F, 0x00, 0x3F, 0x9F, 0x80, 0x3F, 0x9F, 0x80, 0x3F, 0xBF, 0x80, 0x3F, 0x3F, 0x80, 0x7F, 0x3F, 0x80, 0x7F, 0x3F, 0x00, 0x7F, 0x7F, 0x00, 0x7E, 0x7F, 0x00, 0xFE, 0x7F, 0x00, 0xFE, 0x7E, 0x00, 0xFE, 0x7E, 0x00, 0xFC, 0x7E, 0x00, 0x7C, 0x3C, 0x00, 

/* Symbol 0x23, offset 614 */
    35, 57, 13,
    0x00, 0x07, 0x80, 0x3E, 0x00, 0x00, 0x0F, 0xC0, 0x7E, 0x00, 0x00, 0x0F, 0xC0, 0x7E, 0x00, 0x00, 0x1F, 0xC0, 0x7E, 0x00, 0x00, 0x1F, 0xC0, 0x7E, 0x00, 0x00, 0x1F, 0xC0, 0xFE, 0x00, 0x00, 0x1F, 0x80, 0xFE, 0x00, 0x00, 0x1F, 0x80, 0xFE, 0x00, 0x00, 0x3F, 0x80, 0xFC, 0x00, 0x00, 0x3F, 0x81, 0xFC, 0x00, 0x00, 0x3F, 0x81, 0xFC, 0x00, 0x0F, 0xFF, 0xFF, 0xFF, 0xC0, 0x1F, 0xFF, 0xFF, 0xFF, 0xE0, 0x1F, 0xFF, 0xFF, 0xFF, 0xE0, 0x1F, 0xFF, 0xFF, 0xFF, 0xE0, 0x0F, 0xFF, 0xFF, 0xFF, 0xC0, 0x00, 0x7E, 0x03, 0xF8, 0x00, 0x00, 0xFE, 0x03, 0xF0, 0x00, 0x00, 0xFE, 0x03, 0xF0, 0x00, 0x00, 0xFE, 0x07, 0xF0, 0x00, 0x00, 0xFC, 0x07, 0xF0, 0x00, 0x00, 0xFC, 0x07, 0xF0, 0x00, 0x01, 0xFC, 0x07, 0xE0, 0x00, 0x01, 0xFC, 0x07, 0xE0, 0x00, 0x01, 0xFC, 0x0F, 0xE0, 0x00, 0x01, 0xF8, 0x0F, 0xE0, 0x00, 0x01, 0xF8, 0x0F, 0xE0, 0x00, 0x03, 0xF8, 0x0F, 0xC0, 0x00, 0x03, 0xF8, 0x0F, 0xC0, 0x00, 0xFF, 0xFF, 0xFF, 0xFE, 0x00, 0xFF, 0xFF, 0xFF, 0xFE, 0x00, 0xFF, 0xFF, 0xFF, 0xFE, 0x00, 0xFF, 0xFF, 0xFF, 0xFE, 0x00, 0xFF, 0xFF, 0xFF, 0xFE, 0x00, 0x07, 0xF0, 0x3F, 0x80, 0x00, 0x07, 0xE0, 0x3F, 0x80, 0x00, 0x0F, 0xE0, 0x3F, 0x00, 0x00, 0x0F, 0xE0, 0x7F, 0x00, 0x00, 0x0F, 0xE0, 0x7F, 0x00, 0x00, 0x0F, 0xC0, 0x7F, 0x00, 0x00, 0x0F, 0xC0, 0x7E, 0x00, 0x00, 0x1F, 0xC0, 0x7E, 0x00, 0x00, 0x1F, 0xC0, 0x7E, 0x00, 0x00, 0x0F, 0x80, 0x7C, 0x00, 0x00, 

/* Symbol 0x24, offset 837 */
    28, 66, 5,
    0x00, 0x1F, 0x80, 0x00, 0x00, 0x1F, 0x80, 0x00, 0x00, 0x1F, 0x80, 0x00, 0x00, 0x1F, 0x80, 0x00, 0x00, 0x1F, 0x80, 0x00, 0x00, 0x1F, 0x80, 0x00, 0x00, 0x1F, 0x80, 0x00, 0x00, 0x1F, 0x80, 0x00, 0x00, 0x3F, 0xE0, 0x00, 0x03, 0xFF, 0xFC, 0x00, 0x0F, 0xFF, 0xFF, 0x00, 0x1F, 0xFF, 0xFF, 0xC0, 0x3F, 0xFF, 0xFF, 0xE0, 0x7F, 0xDF, 0xFF, 0xE0, 0x7F, 0x1F, 0x9F, 0xE0, 0xFE, 0x1F, 0x87, 0xC0, 0xFC, 0x1F, 0x83, 0x80, 0xFC, 0x1F, 0x80, 0x00, 0xFC, 0x1F, 0x80, 0x00, 0xFF, 0x1F, 0x80, 0x00, 0xFF, 0x9F, 0x80, 0x00, 0x7F, 0xFF, 0x80, 0x00, 0x7F, 0xFF, 0x80, 0x00, 0x3F, 0xFF, 0x80, 0x00, 0x1F, 0xFF, 0x80, 0x00, 0x0F, 0xFF, 0x80, 0x00, 0x03, 0xFF, 0x80, 0x00, 0x01, 0xFF, 0xC0, 0x00, 0x00, 0xFF, 0xE0, 0x00, 0x00, 0x3F, 0xF0, 0x00, 0x00, 0x1F, 0xFC, 0x00, 0x00, 0x1F, 0xFE, 0x00, 0x00, 0x1F, 0xFF, 0x00, 0x00, 0x1F, 0xFF, 0x80, 0x00, 0x1F, 0xFF, 0xC0, 0x00, 0x1F, 0xBF, 0xE0, 0x00, 0x1F, 0x8F, 0xE0, 0x00, 0x1F, 0x87, 0xF0, 0x00, 0x1F, 0x87, 0xF0, 0x00, 0x1F, 0x83, 0xF0, 0x00, 0x1F, 0x83, 0xF0, 0x00, 0x1F, 0x83, 0xF0, 0x00, 0x1F, 0x83, 0xF0, 0x78, 0x1F, 0x87, 0xF0, 0xFE, 0x1F, 0x8F, 0xF0, 0xFF, 0x9F, 0x9F, 0xE0, 0xFF, 0xFF, 0xFF, 0xE0, 0xFF, 0xFF, 0xFF, 0xC0, 0x3F, 0xFF, 0xFF, 0x80, 0x1F, 0xFF, 0xFF, 0x00, 0x07, 0xFF, 0xFC, 0x00, 0x00, 0xFF, 0xF0, 0x00, 0x00, 0x1F, 0x80, 0x00, 0x00, 0x1F, 0x80, 0x00, 0x00, 0x1F, 0x80, 0x00, 0x00, 0x1F, 0x80, 0x00, 0x00, 0x1F, 0x80, 0x00, 0x00, 0x1F, 0x80, 0x00, 0x00, 0x1F, 0x80, 0x00, 0x00, 0x1F, 0x80, 0x00, 0x00, 0x0F, 0x00, 0x00, 

/* Symbol 0x25, offset 1084 */
    46, 57, 13,
    0x01, 0xFE, 0x00, 0x00, 0x01, 0xF0, 0x0F, 0xFF, 0xC0, 0x00, 0x01, 0xF8, 0x1F, 0xFF, 0xE0, 0x00, 0x03, 0xF8, 0x3F, 0xFF, 0xF0, 0x00, 0x07, 0xF8, 0x7F, 0xFF, 0xF8, 0x00, 0x07, 0xF8, 0x7F, 0x87, 0xF8, 0x00, 0x0F, 0xF0, 0xFF, 0x03, 0xFC, 0x00, 0x1F, 0xE0, 0xFE, 0x01, 0xFC, 0x00, 0x1F, 0xE0, 0xFC, 0x00, 0xFC, 0x00, 0x3F, 0xC0, 0xFC, 0x00, 0xFC, 0x00, 0x7F, 0x80, 0xFC, 0x00, 0xFC, 0x00, 0x7F, 0x80, 0xFC, 0x00, 0xFC, 0x00, 0xFF, 0x00, 0xFE, 0x01, 0xFC, 0x01, 0xFE, 0x00, 0xFF, 0x03, 0xFC, 0x01, 0xFE, 0x00, 0x7F, 0x87, 0xF8, 0x03, 0xFC, 0x00, 0x7F, 0xFF, 0xF8, 0x07, 0xF8, 0x00, 0x3F, 0xFF, 0xF0, 0x07, 0xF8, 0x00, 0x1F, 0xFF, 0xE0, 0x0F, 0xF0, 0x00, 0x0F, 0xFF, 0xC0, 0x1F, 0xE0, 0x00, 0x01, 0xFF, 0x00, 0x1F, 0xE0, 0x00, 0x00, 0x00, 0x00, 0x3F, 0xC0, 0x00, 0x00, 0x00, 0x00, 0x7F, 0x80, 0x00, 0x00, 0x00, 0x00, 0x7F, 0x80, 0x00, 0x00, 0x00, 0x00, 0xFF, 0x00, 0x00, 0x00, 0x00, 0x01, 0xFE, 0x00, 0x1C, 0x00, 0x00, 0x01, 0xFE, 0x00, 0xFC, 0x00, 0x00, 0x03, 0xFC, 0x01, 0xFC, 0x00, 0x00, 0x07, 0xF8, 0x03, 0xFC, 0x00, 0x00, 0x07, 0xF8, 0x07, 0xFC, 0x00, 0x00, 0x0F, 0xF0, 0x07, 0xF8, 0x00, 0x00, 0x1F, 0xE0, 0x0F, 0xF0, 0x00, 0x00, 0x1F, 0xE0, 0x0F, 0xE0, 0x00, 0x00, 0x3F, 0xC0, 0x0F, 0xC0, 0x00, 0x00, 0x7F, 0x80, 0x0F, 0xC0, 0x00, 0x00, 0x7F, 0x80, 0x0F, 0xC0, 0x00, 0x00, 0xFF, 0x00, 0x0F, 0xC0, 0x00, 0x01, 0xFE, 0x00, 0x0F, 0xE0, 0x00, 0x01, 0xFE, 0x00, 0x0F, 0xF0, 0x00, 0x03, 0xFC, 0x00, 0x07, 0xF8, 0x00, 0x07, 0xF8, 0x00, 0x07, 0xFC, 0x00, 0x07, 0xF8, 0x00, 0x03, 0xFC, 0x00, 0x07, 0xF0, 0x00, 0x01, 0xFC, 0x00, 0x07, 0xE0, 0x00, 0x00, 0xFC, 0x00, 0x03, 0xC0, 0x00, 0x00, 0x1C, 

/* Symbol 0x26, offset 1351 */
    33, 57, 13,
    0x00, 0x1F, 0xC0, 0x00, 0x00, 0x00, 0x7F, 0xF0, 0x00, 0x00, 0x00, 0xFF, 0xF8, 0x00, 0x00, 0x01, 0xFF, 0xFC, 0x00, 0x00, 0x03, 0xFF, 0xFE, 0x00, 0x00, 0x03, 0xF9, 0xFE, 0x00, 0x00, 0x07, 0xF0, 0x7F, 0x00, 0x00, 0x07, 0xE0, 0x7F, 0x00, 0x00, 0x07, 0xE0, 0x3F, 0x00, 0x00, 0x07, 0xE0, 0x3F, 0x00, 0x00, 0x07, 0xF0, 0x7F, 0x00, 0x00, 0x07, 0xF9, 0xFF, 0x00, 0x00, 0x03, 0xFB, 0xFE, 0x00, 0x00, 0x03, 0xFF, 0xFE, 0x00, 0x00, 0x01, 0xFF, 0xFC, 0x00, 0x00, 0x00, 0xFF, 0xF8, 0x00, 0x00, 0x00, 0xFF, 0xE0, 0x00, 0x00, 0x00, 0xFF, 0xC0, 0x00, 0x00, 0x01, 0xFF, 0x80, 0x00, 0x00, 0x07, 0xFF, 0xC0, 0x00, 0x00, 0x0F, 0xFF, 0xE0, 0x00, 0x00, 0x1F, 0xFF, 0xE0, 0x00, 0x00, 0x3F, 0xFF, 0xF0, 0x00, 0x00, 0x3F, 0xC7, 0xF8, 0x00, 0x00, 0x7F, 0x83, 0xF8, 0x00, 0x00, 0x7F, 0x01, 0xFC, 0x00, 0x00, 0xFE, 0x01, 0xFE, 0x00, 0x00, 0xFE, 0x00, 0xFE, 0x00, 0x00, 0xFC, 0x00, 0x7F, 0x00, 0x00, 0xFC, 0x00, 0x7F, 0x9E, 0x00, 0xFC, 0x00, 0x3F, 0xFF, 0x00, 0xFC, 0x00, 0x1F, 0xFF, 0x80, 0xFC, 0x00, 0x1F, 0xFF, 0x80, 0xFE, 0x00, 0x0F, 0xFF, 0x00, 0x7E, 0x00, 0x07, 0xFE, 0x00, 0x7F, 0x00, 0x0F, 0xFC, 0x00, 0x7F, 0x80, 0x1F, 0xFC, 0x00, 0x3F, 0xC0, 0x3F, 0xFE, 0x00, 0x1F, 0xF0, 0xFF, 0xFE, 0x00, 0x0F, 0xFF, 0xFF, 0xFF, 0x00, 0x07, 0xFF, 0xFF, 0xFF, 0x80, 0x03, 0xFF, 0xFF, 0x7F, 0x80, 0x01, 0xFF, 0xFC, 0x3F, 0x00, 0x00, 0x3F, 0xE0, 0x1F, 0x00, 

/* Symbol 0x27, offset 1574 */
    8, 27, 13,
    0x1E, 0x3F, 0x3F, 0x7F, 0x7F, 0x7F, 0x7E, 0xFE, 0xFE, 0xFE, 0xFC, 0xFC, 0xFC, 0xF8, 

/* Symbol 0x28, offset 1591 */
    12, 64, 11,
    0x01, 0xF0, 0x03, 0xF0, 0x07, 0xF0, 0x07, 0xF0, 0x07, 0xF0, 0x0F, 0xE0, 0x0F, 0xE0, 0x1F, 0xC0, 0x1F, 0xC0, 0x1F, 0x80, 0x3F, 0x80, 0x3F, 0x80, 0x3F, 0x00, 0x7F, 0x00, 0x7F, 0x00, 0x7E, 0x00, 0x7E, 0x00, 0x7E, 0x00, 0x7E, 0x00, 0xFE, 0x00, 0xFC, 0x00, 0xFC, 0x00, 0xFC, 0x00, 0xFC, 0x00, 0xFC, 0x00, 0xFC, 0x00, 0xFC, 0x00, 0xFC, 0x00, 0xFC, 0x00, 0xFC, 0x00, 0xFC, 0x00, 0xFC, 0x00, 0xFC, 0x00, 0xFE, 0x00, 0x7E, 0x00, 0x7E, 0x00, 0x7E, 0x00, 0x7E, 0x00, 0x7F, 0x00, 0x3F, 0x00, 0x3F, 0x00, 0x3F, 0x80, 0x3F, 0x80, 0x1F, 0x80, 0x1F, 0xC0, 0x1F, 0xC0, 0x0F, 0xE0, 0x0F, 0xE0, 0x07, 0xF0, 0x07, 0xF0, 0x03, 0xF0, 0x03, 0xF0, 0x01, 0xE0, 

/* Symbol 0x29, offset 1700 */
    13, 64, 11,
    0x7C, 0x00, 0xFC, 0x00, 0xFE, 0x00, 0xFF, 0x00, 0x7F, 0x00, 0x7F, 0x00, 0x3F, 0x80, 0x3F, 0x80, 0x1F, 0xC0, 0x1F, 0xC0, 0x0F, 0xC0, 0x0F, 0xE0, 0x0F, 0xE0, 0x07, 0xE0, 0x07, 0xF0, 0x07, 0xF0, 0x03, 0xF0, 0x03, 0xF0, 0x03, 0xF0, 0x03, 0xF0, 0x01, 0xF8, 0x01, 0xF8, 0x01, 0xF8, 0x01, 0xF8, 0x01, 0xF8, 0x01, 0xF8, 0x01, 0xF8, 0x01, 0xF8, 0x01, 0xF8, 0x01, 0xF8, 0x01, 0xF8, 0x01, 0xF8, 0x03, 0xF8, 0x03, 0xF8, 0x03, 0xF0, 0x03, 0xF0, 0x03, 0xF0, 0x07, 0xF0, 0x07, 0xF0, 0x07, 0xE0, 0x0F, 0xE0, 0x0F, 0xE0, 0x0F, 0xE0, 0x1F, 0xC0, 0x1F, 0xC0, 0x3F, 0x80, 0x3F, 0x80, 0x7F, 0x80, 0x7F, 0x00, 0xFF, 0x00, 0xFE, 0x00, 0xFC, 0x00, 0x7C, 0x00, 

/* Symbol 0x2A, offset 1809 */
    22, 31, 13,
    0x07, 0x87, 0x80, 0x0F, 0xCF, 0xC0, 0x0F, 0xFF, 0xC0, 0x0F, 0xFF, 0xC0, 0x0F, 0xFF, 0x80, 0x07, 0xFF, 0x80, 0x7F, 0xFF, 0xF8, 0xFF, 0xFF, 0xFC, 0xFF, 0xFF, 0xFC, 0xFF, 0xFF, 0xFC, 0x7F, 0xFF, 0xF8, 0x07, 0xFF, 0x80, 0x07, 0xFF, 0x80, 0x0F, 0xFF, 0xC0, 0x0F, 0xFF, 0xC0, 0x0F, 0xFF, 0xC0, 0x0F, 0xCF, 0xC0, 0x07, 0x87, 0x80, 

/* Symbol 0x2B, offset 1866 */
    24, 53, 30,
    0x00, 0x3C, 0x00, 0x00, 0x7E, 0x00, 0x00, 0x7E, 0x00, 0x00, 0x7E, 0x00, 0x00, 0x7E, 0x00, 0x00, 0x7E, 0x00, 0x00, 0x7E, 0x00, 0x00, 0x7E, 0x00, 0x00, 0x7E, 0x00, 0x7F, 0xFF, 0xFE, 0xFF, 0xFF, 0xFF, 0xFF, 0xFF, 0xFF, 0xFF, 0xFF, 0xFF, 0x7F, 0xFF, 0xFE, 0x00, 0x7E, 0x00, 0x00, 0x7E, 0x00, 0x00, 0x7E, 0x00, 0x00, 0x7E, 0x00, 0x00, 0x7E, 0x00, 0x00, 0x7E, 0x00, 0x00, 0x7E, 0x00, 0x00, 0x7E, 0x00, 0x00, 0x3C, 0x00, 

/* Symbol 0x2C, offset 1938 */
    9, 66, 50,
    0x0F, 0x00, 0x1F, 0x80, 0x1F, 0x80, 0x1F, 0x80, 0x1F, 0x80, 0x1F, 0x80, 0x3F, 0x80, 0x3F, 0x80, 0x3F, 0x00, 0x7F, 0x00, 0x7F, 0x00, 0x7F, 0x00, 0xFE, 0x00, 0xFE, 0x00, 0xFE, 0x00, 0x7C, 0x00, 

/* Symbol 0x2D, offset 1973 */
    24, 44, 39,
    0x7F, 0xFF, 0xFE, 0xFF, 0xFF, 0xFF, 0xFF, 0xFF, 0xFF, 0xFF, 0xFF, 0xFF, 0x7F, 0xFF, 0xFE, 

/* Symbol 0x2E, offset 1991 */
    6, 57, 52,
    0x78, 0xFC, 0xFC, 0xFC, 0x78, 

/* Symbol 0x2F, offset 1999 */
    30, 66, 0,
    0x00, 0x00, 0x00, 0x7C, 0x00, 0x00, 0x00, 0xFC, 0x00, 0x00, 0x00, 0xFC, 0x00, 0x00, 0x01, 0xFC, 0x00, 0x00, 0x01, 0xFC, 0x00, 0x00, 0x03, 0xF8, 0x00, 0x00, 0x03, 0xF8, 0x00, 0x00, 0x03, 0xF8, 0x00, 0x00, 0x07, 0xF0, 0x00, 0x00, 0x07, 0xF0, 0x00, 0x00, 0x0F, 0xF0, 0x00, 0x00, 0x0F, 0xE0, 0x00, 0x00, 0x0F, 0xE0, 0x00, 0x00, 0x1F, 0xC0, 0x00, 0x00, 0x1F, 0xC0, 0x00, 0x00, 0x1F, 0xC0, 0x00, 0x00, 0x3F, 0x80, 0x00, 0x00, 0x3F, 0x80, 0x00, 0x00, 0x7F, 0x00, 0x00, 0x00, 0x7F, 0x00, 0x00, 0x00, 0x7F, 0x00, 0x00, 0x00, 0xFE, 0x00, 0x00, 0x00, 0xFE, 0x00, 0x00, 0x01, 0xFC, 0x00, 0x00, 0x01, 0xFC, 0x00, 0x00, 0x01, 0xFC, 0x00, 0x00, 0x03, 0xF8, 0x00, 0x00, 0x03, 0xF8, 0x00, 0x00, 0x07, 0xF8, 0x00, 0x00, 0x07, 0xF0, 0x00, 0x00, 0x07, 0xF0, 0x00, 0x00, 0x0F, 0xE0, 0x00, 0x00, 0x0F, 0xE0, 0x00, 0x00, 0x0F, 0xE0, 0x00, 0x00, 0x1F, 0xC0, 0x00, 0x00, 0x1F, 0xC0, 0x00, 0x00, 0x3F, 0x80, 0x00, 0x00, 0x3F, 0x80, 0x00, 0x00, 0x3F, 0x80, 0x00, 0x00, 0x7F, 0x00, 0x00, 0x00, 0x7F, 0x00, 0x00, 0x00, 0xFE, 0x00, 0x00, 0x00, 0xFE, 0x00, 0x00, 0x00, 0xFE, 0x00, 0x00, 0x01, 0xFC, 0x00, 0x00, 0x01, 0xFC, 0x00, 0x00, 0x03, 0xFC, 0x00, 0x00, 0x03, 0xF8, 0x00, 0x00, 0x03, 0xF8, 0x00, 0x00, 0x07, 0xF0, 0x00, 0x00, 0x07, 0xF0, 0x00, 0x00, 0x07, 0xF0, 0x00, 0x00, 0x0F, 0xE0, 0x00, 0x00, 0x0F, 0xE0, 0x00, 0x00, 0x1F, 0xC0, 0x00, 0x00, 0x1F, 0xC0, 0x00, 0x00, 0x1F, 0xC0, 0x00, 0x00, 0x3F, 0x80, 0x00, 0x00, 0x3F, 0x80, 0x00, 0x00, 0x7F, 0x00, 0x00, 0x00, 0x7F, 0x00, 0x00, 0x00, 0x7F, 0x00, 0x00, 0x00, 0xFE, 0x00, 0x00, 0x00, 0xFE, 0x00, 0x00, 0x00, 0xFE, 0x00, 0x00, 0x00, 0x7C, 0x00, 0x00, 0x00, 

/* Symbol 0x30, offset 2266 */
    24, 57, 13,
    0x01, 0xFF, 0x80, 0x0F, 0xFF, 0xF0, 0x1F, 0xFF, 0xF8, 0x3F, 0xFF, 0xFC, 0x7F, 0xFF, 0xFE, 0x7F, 0x81, 0xFE, 0xFF, 0x00, 0xFF, 0xFE, 0x00, 0x7F, 0xFC, 0x00, 0x3F, 0xFC, 0x00, 0x3F, 0xFC, 0x00, 0x3F, 0xFC, 0x00, 0x3F, 0xFC, 0x00, 0x3F, 0xFC, 0x00, 0x3F, 0xFC, 0x00, 0x3F, 0xFC, 0x00, 0x3F, 0xFC, 0x00, 0x3F, 0xFC, 0x00, 0x3F, 0xFC, 0x00, 0x3F, 0xFC, 0x00, 0x3F, 0xFC, 0x00, 0x3F, 0xFC, 0x00, 0x3F, 0xFC, 0x00, 0x3F, 0xFC, 0x00, 0x3F, 0xFC, 0x00, 0x3F, 0xFC, 0x00, 0x3F, 0xFC, 0x00, 0x3F, 0xFC, 0x00, 0x3F, 0xFC, 0x00, 0x3F, 0xFC, 0x00, 0x3F, 0xFC, 0x00, 0x3F, 0xFC, 0x00, 0x3F, 0xFC, 0x00, 0x3F, 0xFC, 0x00, 0x3F, 0xFC, 0x00, 0x3F, 0xFC, 0x00, 0x3F, 0xFE, 0x00, 0x7F, 0xFF, 0x00, 0xFF, 0x7F, 0x81, 0xFE, 0x7F, 0xFF, 0xFE, 0x3F, 0xFF, 0xFC, 0x1F, 0xFF, 0xF8, 0x0F, 0xFF, 0xF0, 0x01, 0xFF, 0xC0, 

/* Symbol 0x31, offset 2401 */
    15, 57, 13,
    0x00, 0x3E, 0x00, 0x7E, 0x00, 0xFE, 0x01, 0xFE, 0x03, 0xFE, 0x07, 0xFE, 0x0F, 0xFE, 0x1F, 0xFE, 0x3F, 0xFE, 0x7F, 0xFE, 0xFF, 0xFE, 0xFF, 0x7E, 0xFE, 0x7E, 0x7C, 0x7E, 0x00, 0x7E, 0x00, 0x7E, 0x00, 0x7E, 0x00, 0x7E, 0x00, 0x7E, 0x00, 0x7E, 0x00, 0x7E, 0x00, 0x7E, 0x00, 0x7E, 0x00, 0x7E, 0x00, 0x7E, 0x00, 0x7E, 0x00, 0x7E, 0x00, 0x7E, 0x00, 0x7E, 0x00, 0x7E, 0x00, 0x7E, 0x00, 0x7E, 0x00, 0x7E, 0x00, 0x7E, 0x00, 0x7E, 0x00, 0x7E, 0x00, 0x7E, 0x00, 0x7E, 0x00, 0x7E, 0x00, 0x7E, 0x00, 0x7E, 0x00, 0x7E, 0x00, 0x7E, 0x00, 0x3C, 

/* Symbol 0x32, offset 2492 */
    24, 57, 13,
    0x01, 0xFE, 0x00, 0x07, 0xFF, 0xC0, 0x1F, 0xFF, 0xE0, 0x3F, 0xFF, 0xF8, 0x7F, 0xFF, 0xFC, 0xFF, 0xC7, 0xFC, 0xFF, 0x01, 0xFE, 0xFE, 0x00, 0xFE, 0x7C, 0x00, 0x7F, 0x00, 0x00, 0x3F, 0x00, 0x00, 0x3F, 0x00, 0x00, 0x3F, 0x00, 0x00, 0x3F, 0x00, 0x00, 0x7F, 0x00, 0x00, 0x7F, 0x00, 0x00, 0xFF, 0x00, 0x00, 0xFE, 0x00, 0x01, 0xFE, 0x00, 0x03, 0xFC, 0x00, 0x03, 0xF8, 0x00, 0x07, 0xF8, 0x00, 0x0F, 0xF0, 0x00, 0x0F, 0xF0, 0x00, 0x1F, 0xE0, 0x00, 0x3F, 0xC0, 0x00, 0x3F, 0xC0, 0x00, 0x7F, 0x80, 0x00, 0x7F, 0x00, 0x00, 0xFF, 0x00, 0x01, 0xFE, 0x00, 0x01, 0xFC, 0x00, 0x03, 0xFC, 0x00, 0x07, 0xF8, 0x00, 0x07, 0xF0, 0x00, 0x0F, 0xF0, 0x00, 0x1F, 0xE0, 0x00, 0x1F, 0xE0, 0x00, 0x3F, 0xC0, 0x00, 0x7F, 0x80, 0x00, 0x7F, 0xFF, 0xFE, 0xFF, 0xFF, 0xFF, 0xFF, 0xFF, 0xFF, 0xFF, 0xFF, 0xFF, 0x7F, 0xFF, 0xFE, 

/* Symbol 0x33, offset 2627 */
    24, 57, 13,
    0x7F, 0xFF, 0x80, 0xFF, 0xFF, 0xE0, 0xFF, 0xFF, 0xF0, 0xFF, 0xFF, 0xF8, 0x7F, 0xFF, 0xFC, 0x00, 0x03, 0xFE, 0x00, 0x00, 0xFE, 0x00, 0x00, 0x7F, 0x00, 0x00, 0x7F, 0x00, 0x00, 0x3F, 0x00, 0x00, 0x3F, 0x00, 0x00, 0x3F, 0x00, 0x00, 0x3F, 0x00, 0x00, 0x7F, 0x00, 0x00, 0x7F, 0x00, 0x00, 0xFE, 0x00, 0x03, 0xFE, 0x07, 0xFF, 0xFC, 0x0F, 0xFF, 0xF8, 0x0F, 0xFF, 0xF0, 0x0F, 0xFF, 0xF8, 0x07, 0xFF, 0xFC, 0x00, 0x03, 0xFE, 0x00, 0x01, 0xFE, 0x00, 0x00, 0xFE, 0x00, 0x00, 0x7F, 0x00, 0x00, 0x3F, 0x00, 0x00, 0x3F, 0x00, 0x00, 0x3F, 0x00, 0x00, 0x3F, 0x00, 0x00, 0x3F, 0x00, 0x00, 0x3F, 0x00, 0x00, 0x3F, 0x00, 0x00, 0x3F, 0x00, 0x00, 0x3F, 0x00, 0x00, 0x7F, 0x00, 0x00, 0x7E, 0x00, 0x01, 0xFE, 0x00, 0x03, 0xFE, 0x7F, 0xFF, 0xFC, 0xFF, 0xFF, 0xF8, 0xFF, 0xFF, 0xF0, 0xFF, 0xFF, 0xE0, 0x7F, 0xFF, 0x00, 

/* Symbol 0x34, offset 2762 */
    28, 57, 13,
    0x00, 0x3C, 0x00, 0x00, 0x00, 0x7E, 0x00, 0x00, 0x00, 0x7E, 0x00, 0x00, 0x00, 0xFE, 0x00, 0x00, 0x00, 0xFE, 0x00, 0x00, 0x00, 0xFE, 0x00, 0x00, 0x00, 0xFC, 0x00, 0x00, 0x01, 0xFC, 0x00, 0x00, 0x01, 0xFC, 0x00, 0x00, 0x01, 0xFC, 0x00, 0x00, 0x01, 0xF8, 0x00, 0x00, 0x03, 0xF8, 0x00, 0x00, 0x03, 0xF8, 0x00, 0x00, 0x03, 0xF0, 0x00, 0x00, 0x07, 0xF0, 0x00, 0x00, 0x07, 0xF0, 0x00, 0x00, 0x07, 0xF0, 0x00, 0x00, 0x07, 0xE0, 0x00, 0x00, 0x0F, 0xE0, 0x00, 0x00, 0x0F, 0xE0, 0x00, 0x00, 0x0F, 0xE0, 0x00, 0x00, 0x1F, 0xC0, 0x00, 0x00, 0x1F, 0xC0, 0x78, 0x00, 0x1F, 0xC0, 0xFC, 0x00, 0x1F, 0x80, 0xFC, 0x00, 0x3F, 0x80, 0xFC, 0x00, 0x3F, 0x80, 0xFC, 0x00, 0x3F, 0x80, 0xFC, 0x00, 0x7F, 0x00, 0xFC, 0x00, 0x7F, 0x00, 0xFC, 0x00, 0x7F, 0x00, 0xFC, 0x00, 0x7F, 0xFF, 0xFF, 0xE0, 0xFF, 0xFF, 0xFF, 0xF0, 0xFF, 0xFF, 0xFF, 0xF0, 0xFF, 0xFF, 0xFF, 0xF0, 0x7F, 0xFF, 0xFF, 0xF0, 0x00, 0x00, 0xFC, 0x00, 0x00, 0x00, 0xFC, 0x00, 0x00, 0x00, 0xFC, 0x00, 0x00, 0x00, 0xFC, 0x00, 0x00, 0x00, 0xFC, 0x00, 0x00, 0x00, 0xFC, 0x00, 0x00, 0x00, 0xFC, 0x00, 0x00, 0x00, 0x78, 0x00, 

/* Symbol 0x35, offset 2941 */
    24, 57, 13,
    0x7F, 0xFF, 0xFE, 0xFF, 0xFF, 0xFF, 0xFF, 0xFF, 0xFF, 0xFF, 0xFF, 0xFF, 0xFF, 0xFF, 0xFE, 0xFC, 0x00, 0x00, 0xFC, 0x00, 0x00, 0xFC, 0x00, 0x00, 0xFC, 0x00, 0x00, 0xFC, 0x00, 0x00, 0xFC, 0x00, 0x00, 0xFC, 0x00, 0x00, 0xFC, 0x00, 0x00, 0xFC, 0x00, 0x00, 0xFC, 0x00, 0x00, 0xFC, 0x00, 0x00, 0xFC, 0x00, 0x00, 0xFF, 0xFF, 0x00, 0xFF, 0xFF, 0xC0, 0xFF, 0xFF, 0xF0, 0xFF, 0xFF, 0xF8, 0x7F, 0xFF, 0xFC, 0x00, 0x03, 0xFE, 0x00, 0x00, 0xFE, 0x00, 0x00, 0x7E, 0x00, 0x00, 0x7F, 0x00, 0x00, 0x3F, 0x00, 0x00, 0x3F, 0x00, 0x00, 0x3F, 0x00, 0x00, 0x3F, 0x00, 0x00, 0x3F, 0x00, 0x00, 0x3F, 0x00, 0x00, 0x3F, 0x00, 0x00, 0x3F, 0x00, 0x00, 0x3F, 0x00, 0x00, 0x7F, 0x00, 0x00, 0x7E, 0x00, 0x00, 0xFE, 0x00, 0x03, 0xFE, 0x7F, 0xFF, 0xFC, 0xFF, 0xFF, 0xF8, 0xFF, 0xFF, 0xF0, 0xFF, 0xFF, 0xE0, 0x7F, 0xFF, 0x00, 

/* Symbol 0x36, offset 3076 */
    24, 57, 13,
    0x00, 0x03, 0xC0, 0x00, 0x0F, 0xE0, 0x00, 0x3F, 0xE0, 0x00, 0x7F, 0xE0, 0x00, 0xFF, 0xE0, 0x01, 0xFF, 0x80, 0x03, 0xFE, 0x00, 0x07, 0xFC, 0x00, 0x0F, 0xF8, 0x00, 0x0F, 0xF0, 0x00, 0x1F, 0xE0, 0x00, 0x1F, 0xC0, 0x00, 0x3F, 0x80, 0x00, 0x3F, 0x80, 0x00, 0x7F, 0x00, 0x00, 0x7F, 0x00, 0x00, 0x7F, 0x00, 0x00, 0x7F, 0xFF, 0xC0, 0xFF, 0xFF, 0xF0, 0xFF, 0xFF, 0xF8, 0xFF, 0xFF, 0xFC, 0xFF, 0xFF, 0xFE, 0xFC, 0x00, 0xFE, 0xFC, 0x00, 0x7F, 0xFC, 0x00, 0x3F, 0xFC, 0x00, 0x3F, 0xFC, 0x00, 0x3F, 0xFC, 0x00, 0x3F, 0xFC, 0x00, 0x3F, 0xFC, 0x00, 0x3F, 0xFC, 0x00, 0x3F, 0xFC, 0x00, 0x3F, 0xFC, 0x00, 0x3F, 0xFC, 0x00, 0x3F, 0xFC, 0x00, 0x3F, 0xFC, 0x00, 0x3F, 0xFC, 0x00, 0x3F, 0xFE, 0x00, 0x7F, 0x7F, 0x00, 0xFE, 0x7F, 0xFF, 0xFE, 0x3F, 0xFF, 0xFC, 0x1F, 0xFF, 0xF8, 0x0F, 0xFF, 0xF0, 0x03, 0xFF, 0xC0, 

/* Symbol 0x37, offset 3211 */
    24, 57, 13,
    0x7F, 0xFF, 0xFE, 0xFF, 0xFF, 0xFF, 0xFF, 0xFF, 0xFF, 0xFF, 0xFF, 0xFF, 0xFF, 0xFF, 0xFE, 0xFC, 0x00, 0xFE, 0xFC, 0x00, 0xFE, 0xFC, 0x00, 0xFE, 0xFC, 0x00, 0xFC, 0x78, 0x01, 0xFC, 0x00, 0x01, 0xFC, 0x00, 0x01, 0xFC, 0x00, 0x01, 0xF8, 0x00, 0x03, 0xF8, 0x00, 0x03, 0xF8, 0x00, 0x03, 0xF0, 0x00, 0x07, 0xF0, 0x00, 0x07, 0xF0, 0x00, 0x07, 0xF0, 0x00, 0x07, 0xE0, 0x00, 0x0F, 0xE0, 0x00, 0x0F, 0xE0, 0x00, 0x0F, 0xE0, 0x00, 0x1F, 0xC0, 0x00, 0x1F, 0xC0, 0x00, 0x1F, 0xC0, 0x00, 0x1F, 0x80, 0x00, 0x3F, 0x80, 0x00, 0x3F, 0x80, 0x00, 0x3F, 0x80, 0x00, 0x3F, 0x00, 0x00, 0x7F, 0x00, 0x00, 0x7F, 0x00, 0x00, 0x7E, 0x00, 0x00, 0xFE, 0x00, 0x00, 0xFE, 0x00, 0x00, 0xFE, 0x00, 0x00, 0xFC, 0x00, 0x01, 0xFC, 0x00, 0x01, 0xFC, 0x00, 0x01, 0xFC, 0x00, 0x01, 0xF8, 0x00, 0x01, 0xF8, 0x00, 0x01, 0xF0, 0x00, 

/* Symbol 0x38, offset 3346 */
    28, 57, 13,
    0x00, 0x7F, 0xE0, 0x00, 0x01, 0xFF, 0xF8, 0x00, 0x03, 0xFF, 0xFC, 0x00, 0x07, 0xFF, 0xFE, 0x00, 0x0F, 0xFF, 0xFF, 0x00, 0x1F, 0xF0, 0xFF, 0x80, 0x1F, 0xC0, 0x3F, 0x80, 0x3F, 0x80, 0x1F, 0xC0, 0x3F, 0x80, 0x1F, 0xC0, 0x3F, 0x00, 0x0F, 0xC0, 0x3F, 0x00, 0x0F, 0xC0, 0x3F, 0x00, 0x0F, 0xC0, 0x3F, 0x00, 0x0F, 0xC0, 0x3F, 0x80, 0x1F, 0xC0, 0x3F, 0x80, 0x1F, 0xC0, 0x1F, 0xC0, 0x3F, 0x80, 0x1F, 0xF0, 0xFF, 0x80, 0x0F, 0xFF, 0xFF, 0x00, 0x0F, 0xFF, 0xFF, 0x00, 0x07, 0xFF, 0xFE, 0x00, 0x1F, 0xFF, 0xFF, 0x80, 0x1F, 0xFF, 0xFF, 0x80, 0x3F, 0xF0, 0xFF, 0xC0, 0x7F, 0xC0, 0x3F, 0xE0, 0x7F, 0x80, 0x1F, 0xE0, 0x7F, 0x00, 0x0F, 0xE0, 0xFE, 0x00, 0x07, 0xF0, 0xFE, 0x00, 0x07, 0xF0, 0xFC, 0x00, 0x03, 0xF0, 0xFC, 0x00, 0x03, 0xF0, 0xFC, 0x00, 0x03, 0xF0, 0xFC, 0x00, 0x03, 0xF0, 0xFC, 0x00, 0x03, 0xF0, 0xFE, 0x00, 0x07, 0xF0, 0xFE, 0x00, 0x07, 0xF0, 0x7F, 0x00, 0x0F, 0xE0, 0x7F, 0x80, 0x1F, 0xE0, 0x3F, 0xC0, 0x3F, 0xC0, 0x3F, 0xF0, 0xFF, 0xC0, 0x1F, 0xFF, 0xFF, 0x80, 0x0F, 0xFF, 0xFF, 0x00, 0x07, 0xFF, 0xFE, 0x00, 0x03, 0xFF, 0xFC, 0x00, 0x00, 0x7F, 0xE0, 0x00, 

/* Symbol 0x39, offset 3525 */
    24, 57, 13,
    0x03, 0xFF, 0xC0, 0x0F, 0xFF, 0xF0, 0x1F, 0xFF, 0xF8, 0x3F, 0xFF, 0xFC, 0x7F, 0xFF, 0xFE, 0x7F, 0x00, 0xFE, 0xFE, 0x00, 0x7F, 0xFC, 0x00, 0x3F, 0xFC, 0x00, 0x3F, 0xFC, 0x00, 0x3F, 0xFC, 0x00, 0x3F, 0xFC, 0x00, 0x3F, 0xFC, 0x00, 0x3F, 0xFC, 0x00, 0x3F, 0xFC, 0x00, 0x3F, 0xFC, 0x00, 0x3F, 0xFC, 0x00, 0x3F, 0xFC, 0x00, 0x3F, 0xFC, 0x00, 0x3F, 0xFC, 0x00, 0x3F, 0xFE, 0x00, 0x3F, 0x7F, 0x00, 0x3F, 0x7F, 0xFF, 0xFF, 0x3F, 0xFF, 0xFF, 0x1F, 0xFF, 0xFF, 0x0F, 0xFF, 0xFF, 0x03, 0xFF, 0xFE, 0x00, 0x00, 0xFE, 0x00, 0x00, 0xFE, 0x00, 0x01, 0xFE, 0x00, 0x01, 0xFC, 0x00, 0x03, 0xFC, 0x00, 0x03, 0xF8, 0x00, 0x07, 0xF8, 0x00, 0x0F, 0xF0, 0x00, 0x1F, 0xF0, 0x00, 0x3F, 0xE0, 0x00, 0xFF, 0xC0, 0x01, 0xFF, 0x80, 0x07, 0xFF, 0x00, 0x0F, 0xFE, 0x00, 0x0F, 0xFC, 0x00, 0x0F, 0xF0, 0x00, 0x07, 0xC0, 0x00, 

/* Symbol 0x3A, offset 3660 */
    6, 47, 25,
    0x78, 0xFC, 0xFC, 0xFC, 0x78, 0x00, 0x00, 0x00, 0x00, 0x00, 0x00, 0x00, 0x00, 0x00, 0x00, 0x00, 0x00, 0x78, 0xFC, 0xFC, 0xFC, 0x78, 

/* Symbol 0x3B, offset 3685 */
    9, 66, 34,
    0x0F, 0x00, 0x1F, 0x80, 0x1F, 0x80, 0x1F, 0x80, 0x0F, 0x00, 0x00, 0x00, 0x00, 0x00, 0x00, 0x00, 0x00, 0x00, 0x00, 0x00, 0x00, 0x00, 0x00, 0x00, 0x00, 0x00, 0x00, 0x00, 0x00, 0x00, 0x00, 0x00, 0x00, 0x00, 0x00, 0x00, 0x0F, 0x00, 0x1F, 0x80, 0x1F, 0x80, 0x3F, 0x80, 0x3F, 0x80, 0x3F, 0x80, 0x7F, 0x00, 0x7F, 0x00, 0x7F, 0x00, 0xFE, 0x00, 0xFE, 0x00, 0xFE, 0x00, 0xFE, 0x00, 0x7C, 0x00, 

/* Symbol 0x3C, offset 3752 */
    24, 53, 30,
    0x00, 0x00, 0x3E, 0x00, 0x00, 0xFF, 0x00, 0x03, 0xFF, 0x00, 0x0F, 0xFF, 0x00, 0x3F, 0xFE, 0x00, 0xFF, 0xFC, 0x03, 0xFF, 0xF0, 0x07, 0xFF, 0xC0, 0x1F, 0xFF, 0x00, 0x7F, 0xFC, 0x00, 0xFF, 0xF0, 0x00, 0xFF, 0xC0, 0x00, 0xFF, 0xF0, 0x00, 0x7F, 0xFC, 0x00, 0x1F, 0xFF, 0x00, 0x0F, 0xFF, 0xC0, 0x03, 0xFF, 0xF0, 0x00, 0xFF, 0xFC, 0x00, 0x3F, 0xFE, 0x00, 0x0F, 0xFF, 0x00, 0x03, 0xFF, 0x00, 0x00, 0xFF, 0x00, 0x00, 0x3E, 

/* Symbol 0x3D, offset 3824 */
    24, 49, 32,
    0x7F, 0xFF, 0xFE, 0xFF, 0xFF, 0xFF, 0xFF, 0xFF, 0xFF, 0xFF, 0xFF, 0xFF, 0x7F, 0xFF, 0xFE, 0x00, 0x00, 0x00, 0x00, 0x00, 0x00, 0x00, 0x00, 0x00, 0x00, 0x00, 0x00, 0x00, 0x00, 0x00, 0x00, 0x00, 0x00, 0x00, 0x00, 0x00, 0x7F, 0xFF, 0xFE, 0xFF, 0xFF, 0xFF, 0xFF, 0xFF, 0xFF, 0xFF, 0xFF, 0xFF, 0x7F, 0xFF, 0xFE, 

/* Symbol 0x3E, offset 3878 */
    24, 53, 30,
    0x7C, 0x00, 0x00, 0xFF, 0x00, 0x00, 0xFF, 0xC0, 0x00, 0xFF, 0xF0, 0x00, 0x7F, 0xFC, 0x00, 0x3F, 0xFF, 0x00, 0x0F, 0xFF, 0xC0, 0x03, 0xFF, 0xF0, 0x00, 0xFF, 0xF8, 0x00, 0x3F, 0xFE, 0x00, 0x0F, 0xFF, 0x00, 0x03, 0xFF, 0x00, 0x0F, 0xFF, 0x00, 0x3F, 0xFE, 0x00, 0xFF, 0xF8, 0x03, 0xFF, 0xE0, 0x0F, 0xFF, 0xC0, 0x3F, 0xFF, 0x00, 0x7F, 0xFC, 0x00, 0xFF, 0xF0, 0x00, 0xFF, 0xC0, 0x00, 0xFF, 0x00, 0x00, 0x7C, 0x00, 0x00, 

/* Symbol 0x3F, offset 3950 */
    23, 57, 13,
    0x01, 0xFF, 0x00, 0x07, 0xFF, 0xC0, 0x1F, 0xFF, 0xE0, 0x3F, 0xFF, 0xF0, 0x7F, 0xFF, 0xF8, 0xFF, 0xC7, 0xFC, 0xFF, 0x01, 0xFC, 0xFE, 0x00, 0xFE, 0x7C, 0x00, 0xFE, 0x00, 0x00, 0x7E, 0x00, 0x00, 0x7E, 0x00, 0x00, 0x7E, 0x00, 0x00, 0x7E, 0x00, 0x00, 0xFE, 0x00, 0x01, 0xFE, 0x00, 0x03, 0xFC, 0x00, 0x07, 0xFC, 0x00, 0x0F, 0xF8, 0x00, 0x1F, 0xF0, 0x00, 0x3F, 0xE0, 0x00, 0x3F, 0xE0, 0x00, 0x7F, 0x80, 0x00, 0x7F, 0x00, 0x00, 0x7E, 0x00, 0x00, 0x7E, 0x00, 0x00, 0x7E, 0x00, 0x00, 0x7E, 0x00, 0x00, 0x7E, 0x00, 0x00, 0x7E, 0x00, 0x00, 0x7E, 0x00, 0x00, 0x7E, 0x00, 0x00, 0x7E, 0x00, 0x00, 0x7E, 0x00, 0x00, 0x7E, 0x00, 0x00, 0x7E, 0x00, 0x00, 0x3C, 0x00, 0x00, 0x00, 0x00, 0x00, 0x00, 0x00, 0x00, 0x00, 0x00, 0x00, 0x3C, 0x00, 0x00, 0x7E, 0x00, 0x00, 0x7E, 0x00, 0x00, 0x7E, 0x00, 0x00, 0x3C, 0x00, 

/* Symbol 0x40, offset 4085 */
    45, 57, 13,
    0x00, 0x00, 0x7F, 0xF0, 0x00, 0x00, 0x00, 0x07, 0xFF, 0xFE, 0x00, 0x00, 0x00, 0x1F, 0xFF, 0xFF, 0xC0, 0x00, 0x00, 0x3F, 0xFF, 0xFF, 0xE0, 0x00, 0x00, 0xFF, 0xFF, 0xFF, 0xF0, 0x00, 0x01, 0xFF, 0xE0, 0x3F, 0xFC, 0x00, 0x03, 0xFF, 0x00, 0x07, 0xFE, 0x00, 0x07, 0xFC, 0x00, 0x03, 0xFF, 0x00, 0x0F, 0xF8, 0x00, 0x00, 0xFF, 0x00, 0x0F, 0xF0, 0x00, 0x00, 0x7F, 0x80, 0x1F, 0xE0, 0x00, 0x00, 0x3F, 0xC0, 0x3F, 0xC0, 0x7F, 0xFE, 0x1F, 0xC0, 0x3F, 0x81, 0xFF, 0xFF, 0x0F, 0xE0, 0x7F, 0x03, 0xFF, 0xFF, 0x0F, 0xE0, 0x7F, 0x03, 0xFF, 0xFF, 0x07, 0xF0, 0x7E, 0x07, 0xFF, 0xFF, 0x07, 0xF0, 0x7E, 0x07, 0xF0, 0x3F, 0x03, 0xF0, 0xFE, 0x07, 0xE0, 0x3F, 0x03, 0xF8, 0xFC, 0x07, 0xE0, 0x3F, 0x03, 0xF8, 0xFC, 0x07, 0xE0, 0x3F, 0x01, 0xF8, 0xFC, 0x07, 0xE0, 0x3F, 0x01, 0xF8, 0xFC, 0x07, 0xE0, 0x3F, 0x01, 0xF8, 0xFC, 0x07, 0xE0, 0x3F, 0x01, 0xF8, 0xFC, 0x07, 0xE0, 0x3F, 0x01, 0xF8, 0xFC, 0x07, 0xE0, 0x3F, 0x01, 0xF8, 0xFC, 0x07, 0xE0, 0x3F, 0x01, 0xF8, 0xFE, 0x07, 0xE0, 0x3F, 0x03, 0xF8, 0x7E, 0x07, 0xE0, 0x3F, 0x03, 0xF8, 0x7E, 0x07, 0xF0, 0x7F, 0x8F, 0xF0, 0x7F, 0x07, 0xFF, 0xFF, 0xFF, 0xF0, 0x7F, 0x03, 0xFF, 0xFF, 0xFF, 0xE0, 0x3F, 0x83, 0xFF, 0xFF, 0xFF, 0xC0, 0x3F, 0xC1, 0xFF, 0xFF, 0xFF, 0x80, 0x1F, 0xE0, 0x7F, 0xE1, 0xFE, 0x00, 0x0F, 0xF0, 0x00, 0x00, 0x00, 0x00, 0x0F, 0xF8, 0x00, 0x00, 0xF0, 0x00, 0x07, 0xFC, 0x00, 0x03, 0xF8, 0x00, 0x03, 0xFF, 0x00, 0x0F, 0xF8, 0x00, 0x01, 0xFF, 0xE0, 0x3F, 0xF8, 0x00, 0x00, 0xFF, 0xFF, 0xFF, 0xF8, 0x00, 0x00, 0x3F, 0xFF, 0xFF, 0xE0, 0x00, 0x00, 0x1F, 0xFF, 0xFF, 0x80, 0x00, 0x00, 0x07, 0xFF, 0xFE, 0x00, 0x00, 0x00, 0x00, 0x7F, 0xF0, 0x00, 0x00, 

/* Symbol 0x41, offset 4352 */
    32, 57, 13,
    0x00, 0x07, 0xC0, 0x00, 0x00, 0x07, 0xE0, 0x00, 0x00, 0x0F, 0xE0, 0x00, 0x00, 0x0F, 0xE0, 0x00, 0x00, 0x0F, 0xF0, 0x00, 0x00, 0x1F, 0xF0, 0x00, 0x00, 0x1F, 0xF0, 0x00, 0x00, 0x1F, 0xF8, 0x00, 0x00, 0x3F, 0xF8, 0x00, 0x00, 0x3F, 0xF8, 0x00, 0x00, 0x3F, 0xFC, 0x00, 0x00, 0x7F, 0xFC, 0x00, 0x00, 0x7F, 0xFC, 0x00, 0x00, 0x7F, 0xFE, 0x00, 0x00, 0xFE, 0xFE, 0x00, 0x00, 0xFE, 0xFE, 0x00, 0x00, 0xFE, 0x7F, 0x00, 0x01, 0xFC, 0x7F, 0x00, 0x01, 0xFC, 0x7F, 0x00, 0x01, 0xFC, 0x3F, 0x80, 0x03, 0xF8, 0x3F, 0x80, 0x03, 0xF8, 0x3F, 0x80, 0x03, 0xF8, 0x1F, 0xC0, 0x07, 0xF0, 0x1F, 0xC0, 0x07, 0xF0, 0x1F, 0xC0, 0x07, 0xF0, 0x0F, 0xE0, 0x0F, 0xE0, 0x0F, 0xE0, 0x0F, 0xE0, 0x0F, 0xE0, 0x0F, 0xE0, 0x07, 0xF0, 0x1F, 0xFF, 0xFF, 0xF0, 0x1F, 0xFF, 0xFF, 0xF0, 0x1F, 0xFF, 0xFF, 0xF8, 0x3F, 0xFF, 0xFF, 0xF8, 0x3F, 0xFF, 0xFF, 0xF8, 0x3F, 0x80, 0x01, 0xFC, 0x7F, 0x00, 0x01, 0xFC, 0x7F, 0x00, 0x01, 0xFC, 0x7F, 0x00, 0x00, 0xFE, 0xFE, 0x00, 0x00, 0xFE, 0xFE, 0x00, 0x00, 0xFE, 0xFE, 0x00, 0x00, 0x7F, 0xFC, 0x00, 0x00, 0x7F, 0xFC, 0x00, 0x00, 0x3F, 0xF8, 0x00, 0x00, 0x3E, 

/* Symbol 0x42, offset 4531 */
    28, 57, 13,
    0x7F, 0xFF, 0xF0, 0x00, 0xFF, 0xFF, 0xFC, 0x00, 0xFF, 0xFF, 0xFF, 0x00, 0xFF, 0xFF, 0xFF, 0x00, 0xFF, 0xFF, 0xFF, 0x80, 0xFC, 0x00, 0x3F, 0x80, 0xFC, 0x00, 0x1F, 0xC0, 0xFC, 0x00, 0x0F, 0xC0, 0xFC, 0x00, 0x0F, 0xC0, 0xFC, 0x00, 0x0F, 0xC0, 0xFC, 0x00, 0x0F, 0xC0, 0xFC, 0x00, 0x0F, 0xC0, 0xFC, 0x00, 0x0F, 0xC0, 0xFC, 0x00, 0x0F, 0xC0, 0xFC, 0x00, 0x0F, 0xC0, 0xFC, 0x00, 0x1F, 0xC0, 0xFC, 0x00, 0x3F, 0xC0, 0xFF, 0xFF, 0xFF, 0x80, 0xFF, 0xFF, 0xFF, 0x80, 0xFF, 0xFF, 0xFF, 0xC0, 0xFF, 0xFF, 0xFF, 0xC0, 0xFF, 0xFF, 0xFF, 0xE0, 0xFC, 0x00, 0x0F, 0xE0, 0xFC, 0x00, 0x07, 0xF0, 0xFC, 0x00, 0x03, 0xF0, 0xFC, 0x00, 0x03, 0xF0, 0xFC, 0x00, 0x03, 0xF0, 0xFC, 0x00, 0x03, 0xF0, 0xFC, 0x00, 0x03, 0xF0, 0xFC, 0x00, 0x03, 0xF0, 0xFC, 0x00, 0x03, 0xF0, 0xFC, 0x00, 0x03, 0xF0, 0xFC, 0x00, 0x03, 0xF0, 0xFC, 0x00, 0x03, 0xF0, 0xFC, 0x00, 0x03, 0xF0, 0xFC, 0x00, 0x03, 0xF0, 0xFC, 0x00, 0x03, 0xF0, 0xFC, 0x00, 0x07, 0xF0, 0xFC, 0x00, 0x0F, 0xE0, 0xFF, 0xFF, 0xFF, 0xE0, 0xFF, 0xFF, 0xFF, 0xC0, 0xFF, 0xFF, 0xFF, 0x80, 0xFF, 0xFF, 0xFF, 0x00, 0x7F, 0xFF, 0xFC, 0x00, 

/* Symbol 0x43, offset 4710 */
    24, 57, 13,
    0x03, 0xFF, 0xFE, 0x0F, 0xFF, 0xFF, 0x1F, 0xFF, 0xFF, 0x3F, 0xFF, 0xFF, 0x7F, 0xFF, 0xFE, 0x7F, 0x00, 0x00, 0xFE, 0x00, 0x00, 0xFC, 0x00, 0x00, 0xFC, 0x00, 0x00, 0xFC, 0x00, 0x00, 0xFC, 0x00, 0x00, 0xFC, 0x00, 0x00, 0xFC, 0x00, 0x00, 0xFC, 0x00, 0x00, 0xFC, 0x00, 0x00, 0xFC, 0x00, 0x00, 0xFC, 0x00, 0x00, 0xFC, 0x00, 0x00, 0xFC, 0x00, 0x00, 0xFC, 0x00, 0x00, 0xFC, 0x00, 0x00, 0xFC, 0x00, 0x00, 0xFC, 0x00, 0x00, 0xFC, 0x00, 0x00, 0xFC, 0x00, 0x00, 0xFC, 0x00, 0x00, 0xFC, 0x00, 0x00, 0xFC, 0x00, 0x00, 0xFC, 0x00, 0x00, 0xFC, 0x00, 0x00, 0xFC, 0x00, 0x00, 0xFC, 0x00, 0x00, 0xFC, 0x00, 0x00, 0xFC, 0x00, 0x00, 0xFC, 0x00, 0x00, 0xFC, 0x00, 0x00, 0xFC, 0x00, 0x00, 0xFE, 0x00, 0x00, 0x7F, 0x00, 0x00, 0x7F, 0xFF, 0xFE, 0x3F, 0xFF, 0xFF, 0x1F, 0xFF, 0xFF, 0x0F, 0xFF, 0xFF, 0x03, 0xFF, 0xFE, 

/* Symbol 0x44, offset 4845 */
    28, 57, 13,
    0x7F, 0xFF, 0xFC, 0x00, 0xFF, 0xFF, 0xFF, 0x00, 0xFF, 0xFF, 0xFF, 0x80, 0xFF, 0xFF, 0xFF, 0xC0, 0xFF, 0xFF, 0xFF, 0xE0, 0xFC, 0x00, 0x0F, 0xE0, 0xFC, 0x00, 0x07, 0xF0, 0xFC, 0x00, 0x03, 0xF0, 0xFC, 0x00, 0x03, 0xF0, 0xFC, 0x00, 0x03, 0xF0, 0xFC, 0x00, 0x03, 0xF0, 0xFC, 0x00, 0x03, 0xF0, 0xFC, 0x00, 0x03, 0xF0, 0xFC, 0x00, 0x03, 0xF0, 0xFC, 0x00, 0x03, 0xF0, 0xFC, 0x00, 0x03, 0xF0, 0xFC, 0x00, 0x03, 0xF0, 0xFC, 0x00, 0x03, 0xF0, 0xFC, 0x00, 0x03, 0xF0, 0xFC, 0x00, 0x03, 0xF0, 0xFC, 0x00, 0x03, 0xF0, 0xFC, 0x00, 0x03, 0xF0, 0xFC, 0x00, 0x03, 0xF0, 0xFC, 0x00, 0x03, 0xF0, 0xFC, 0x00, 0x03, 0xF0, 0xFC, 0x00, 0x03, 0xF0, 0xFC, 0x00, 0x03, 0xF0, 0xFC, 0x00, 0x03, 0xF0, 0xFC, 0x00, 0x03, 0xF0, 0xFC, 0x00, 0x03, 0xF0, 0xFC, 0x00, 0x03, 0xF0, 0xFC, 0x00, 0x03, 0xF0, 0xFC, 0x00, 0x03, 0xF0, 0xFC, 0x00, 0x03, 0xF0, 0xFC, 0x00, 0x03, 0xF0, 0xFC, 0x00, 0x03, 0xF0, 0xFC, 0x00, 0x03, 0xF0, 0xFC, 0x00, 0x07, 0xF0, 0xFC, 0x00, 0x0F, 0xE0, 0xFF, 0xFF, 0xFF, 0xE0, 0xFF, 0xFF, 0xFF, 0xC0, 0xFF, 0xFF, 0xFF, 0x80, 0xFF, 0xFF, 0xFF, 0x00, 0x7F, 0xFF, 0xFC, 0x00, 

/* Symbol 0x45, offset 5024 */
    24, 57, 13,
    0x7F, 0xFF, 0xFE, 0xFF, 0xFF, 0xFF, 0xFF, 0xFF, 0xFF, 0xFF, 0xFF, 0xFF, 0xFF, 0xFF, 0xFE, 0xFC, 0x00, 0x00, 0xFC, 0x00, 0x00, 0xFC, 0x00, 0x00, 0xFC, 0x00, 0x00, 0xFC, 0x00, 0x00, 0xFC, 0x00, 0x00, 0xFC, 0x00, 0x00, 0xFC, 0x00, 0x00, 0xFC, 0x00, 0x00, 0xFC, 0x00, 0x00, 0xFC, 0x00, 0x00, 0xFC, 0x00, 0x00, 0xFF, 0xFF, 0xE0, 0xFF, 0xFF, 0xE0, 0xFF, 0xFF, 0xE0, 0xFF, 0xFF, 0xE0, 0xFF, 0xFF, 0xE0, 0xFC, 0x00, 0x00, 0xFC, 0x00, 0x00, 0xFC, 0x00, 0x00, 0xFC, 0x00, 0x00, 0xFC, 0x00, 0x00, 0xFC, 0x00, 0x00, 0xFC, 0x00, 0x00, 0xFC, 0x00, 0x00, 0xFC, 0x00, 0x00, 0xFC, 0x00, 0x00, 0xFC, 0x00, 0x00, 0xFC, 0x00, 0x00, 0xFC, 0x00, 0x00, 0xFC, 0x00, 0x00, 0xFC, 0x00, 0x00, 0xFC, 0x00, 0x00, 0xFC, 0x00, 0x00, 0xFF, 0xFF, 0xFE, 0xFF, 0xFF, 0xFF, 0xFF, 0xFF, 0xFF, 0xFF, 0xFF, 0xFF, 0x7F, 0xFF, 0xFE, 

/* Symbol 0x46, offset 5159 */
    24, 57, 13,
    0x7F, 0xFF, 0xFE, 0xFF, 0xFF, 0xFF, 0xFF, 0xFF, 0xFF, 0xFF, 0xFF, 0xFF, 0xFF, 0xFF, 0xFE, 0xFC, 0x00, 0x00, 0xFC, 0x00, 0x00, 0xFC, 0x00, 0x00, 0xFC, 0x00, 0x00, 0xFC, 0x00, 0x00, 0xFC, 0x00, 0x00, 0xFC, 0x00, 0x00, 0xFC, 0x00, 0x00, 0xFC, 0x00, 0x00, 0xFC, 0x00, 0x00, 0xFC, 0x00, 0x00, 0xFC, 0x00, 0x00, 0xFF, 0xFF, 0xFE, 0xFF, 0xFF, 0xFF, 0xFF, 0xFF, 0xFF, 0xFF, 0xFF, 0xFF, 0xFF, 0xFF, 0xFE, 0xFC, 0x00, 0x00, 0xFC, 0x00, 0x00, 0xFC, 0x00, 0x00, 0xFC, 0x00, 0x00, 0xFC, 0x00, 0x00, 0xFC, 0x00, 0x00, 0xFC, 0x00, 0x00, 0xFC, 0x00, 0x00, 0xFC, 0x00, 0x00, 0xFC, 0x00, 0x00, 0xFC, 0x00, 0x00, 0xFC, 0x00, 0x00, 0xFC, 0x00, 0x00, 0xFC, 0x00, 0x00, 0xFC, 0x00, 0x00, 0xFC, 0x00, 0x00, 0xFC, 0x00, 0x00, 0xFC, 0x00, 0x00, 0xFC, 0x00, 0x00, 0xFC, 0x00, 0x00, 0xFC, 0x00, 0x00, 0x78, 0x00, 0x00, 

/* Symbol 0x47, offset 5294 */
    28, 57, 13,
    0x03, 0xFF, 0xFF, 0xE0, 0x0F, 0xFF, 0xFF, 0xF0, 0x1F, 0xFF, 0xFF, 0xF0, 0x3F, 0xFF, 0xFF, 0xF0, 0x7F, 0xFF, 0xFF, 0xE0, 0x7F, 0x00, 0x00, 0x00, 0xFE, 0x00, 0x00, 0x00, 0xFC, 0x00, 0x00, 0x00, 0xFC, 0x00, 0x00, 0x00, 0xFC, 0x00, 0x00, 0x00, 0xFC, 0x00, 0x00, 0x00, 0xFC, 0x00, 0x00, 0x00, 0xFC, 0x00, 0x00, 0x00, 0xFC, 0x00, 0x00, 0x00, 0xFC, 0x00, 0x00, 0x00, 0xFC, 0x00, 0x00, 0x00, 0xFC, 0x00, 0x00, 0x00, 0xFC, 0x00, 0x3F, 0xE0, 0xFC, 0x00, 0x7F, 0xF0, 0xFC, 0x00, 0x7F, 0xF0, 0xFC, 0x00, 0x7F, 0xF0, 0xFC, 0x00, 0x3F, 0xF0, 0xFC, 0x00, 0x03, 0xF0, 0xFC, 0x00, 0x03, 0xF0, 0xFC, 0x00, 0x03, 0xF0, 0xFC, 0x00, 0x03, 0xF0, 0xFC, 0x00, 0x03, 0xF0, 0xFC, 0x00, 0x03, 0xF0, 0xFC, 0x00, 0x03, 0xF0, 0xFC, 0x00, 0x03, 0xF0, 0xFC, 0x00, 0x03, 0xF0, 0xFC, 0x00, 0x03, 0xF0, 0xFC, 0x00, 0x03, 0xF0, 0xFC, 0x00, 0x03, 0xF0, 0xFC, 0x00, 0x03, 0xF0, 0xFC, 0x00, 0x03, 0xF0, 0xFC, 0x00, 0x03, 0xF0, 0xFE, 0x00, 0x03, 0xF0, 0x7F, 0x00, 0x03, 0xF0, 0x7F, 0xFF, 0xFF, 0xF0, 0x3F, 0xFF, 0xFF, 0xF0, 0x1F, 0xFF, 0xFF, 0xF0, 0x0F, 0xFF, 0xFF, 0xF0, 0x03, 0xFF, 0xFF, 0xE0, 

/* Symbol 0x48, offset 5473 */
    28, 57, 13,
    0x78, 0x00, 0x01, 0xE0, 0xFC, 0x00, 0x03, 0xF0, 0xFC, 0x00, 0x03, 0xF0, 0xFC, 0x00, 0x03, 0xF0, 0xFC, 0x00, 0x03, 0xF0, 0xFC, 0x00, 0x03, 0xF0, 0xFC, 0x00, 0x03, 0xF0, 0xFC, 0x00, 0x03, 0xF0, 0xFC, 0x00, 0x03, 0xF0, 0xFC, 0x00, 0x03, 0xF0, 0xFC, 0x00, 0x03, 0xF0, 0xFC, 0x00, 0x03, 0xF0, 0xFC, 0x00, 0x03, 0xF0, 0xFC, 0x00, 0x03, 0xF0, 0xFC, 0x00, 0x03, 0xF0, 0xFC, 0x00, 0x03, 0xF0, 0xFC, 0x00, 0x03, 0xF0, 0xFF, 0xFF, 0xFF, 0xF0, 0xFF, 0xFF, 0xFF, 0xF0, 0xFF, 0xFF, 0xFF, 0xF0, 0xFF, 0xFF, 0xFF, 0xF0, 0xFF, 0xFF, 0xFF, 0xF0, 0xFC, 0x00, 0x03, 0xF0, 0xFC, 0x00, 0x03, 0xF0, 0xFC, 0x00, 0x03, 0xF0, 0xFC, 0x00, 0x03, 0xF0, 0xFC, 0x00, 0x03, 0xF0, 0xFC, 0x00, 0x03, 0xF0, 0xFC, 0x00, 0x03, 0xF0, 0xFC, 0x00, 0x03, 0xF0, 0xFC, 0x00, 0x03, 0xF0, 0xFC, 0x00, 0x03, 0xF0, 0xFC, 0x00, 0x03, 0xF0, 0xFC, 0x00, 0x03, 0xF0, 0xFC, 0x00, 0x03, 0xF0, 0xFC, 0x00, 0x03, 0xF0, 0xFC, 0x00, 0x03, 0xF0, 0xFC, 0x00, 0x03, 0xF0, 0xFC, 0x00, 0x03, 0xF0, 0xFC, 0x00, 0x03, 0xF0, 0xFC, 0x00, 0x03, 0xF0, 0xFC, 0x00, 0x03, 0xF0, 0xFC, 0x00, 0x03, 0xF0, 0x78, 0x00, 0x01, 0xE0, 

/* Symbol 0x49, offset 5652 */
    6, 57, 13,
    0x78, 0xFC, 0xFC, 0xFC, 0xFC, 0xFC, 0xFC, 0xFC, 0xFC, 0xFC, 0xFC, 0xFC, 0xFC, 0xFC, 0xFC, 0xFC, 0xFC, 0xFC, 0xFC, 0xFC, 0xFC, 0xFC, 0xFC, 0xFC, 0xFC, 0xFC, 0xFC, 0xFC, 0xFC, 0xFC, 0xFC, 0xFC, 0xFC, 0xFC, 0xFC, 0xFC, 0xFC, 0xFC, 0xFC, 0xFC, 0xFC, 0xFC, 0xFC, 0x78, 

/* Symbol 0x4A, offset 5699 */
    20, 57, 13,
    0x00, 0x01, 0xE0, 0x00, 0x03, 0xF0, 0x00, 0x03, 0xF0, 0x00, 0x03, 0xF0, 0x00, 0x03, 0xF0, 0x00, 0x03, 0xF0, 0x00, 0x03, 0xF0, 0x00, 0x03, 0xF0, 0x00, 0x03, 0xF0, 0x00, 0x03, 0xF0, 0x00, 0x03, 0xF0, 0x00, 0x03, 0xF0, 0x00, 0x03, 0xF0, 0x00, 0x03, 0xF0, 0x00, 0x03, 0xF0, 0x00, 0x03, 0xF0, 0x00, 0x03, 0xF0, 0x00, 0x03, 0xF0, 0x00, 0x03, 0xF0, 0x00, 0x03, 0xF0, 0x00, 0x03, 0xF0, 0x00, 0x03, 0xF0, 0x00, 0x03, 0xF0, 0x00, 0x03, 0xF0, 0x00, 0x03, 0xF0, 0x00, 0x03, 0xF0, 0x00, 0x03, 0xF0, 0x00, 0x03, 0xF0, 0x00, 0x03, 0xF0, 0x00, 0x03, 0xF0, 0x00, 0x03, 0xF0, 0x00, 0x03, 0xF0, 0x00, 0x03, 0xF0, 0x00, 0x03, 0xF0, 0x00, 0x03, 0xF0, 0x00, 0x03, 0xF0, 0x00, 0x03, 0xF0, 0x00, 0x07, 0xF0, 0x00, 0x0F, 0xE0, 0x7F, 0xFF, 0xE0, 0xFF, 0xFF, 0xC0, 0xFF, 0xFF, 0x80, 0xFF, 0xFF, 0x00, 0x7F, 0xFC, 0x00, 

/* Symbol 0x4B, offset 5834 */
    28, 57, 13,
    0x78, 0x00, 0x01, 0xF0, 0xFC, 0x00, 0x03, 0xF0, 0xFC, 0x00, 0x07, 0xF0, 0xFC, 0x00, 0x0F, 0xF0, 0xFC, 0x00, 0x1F, 0xF0, 0xFC, 0x00, 0x3F, 0xE0, 0xFC, 0x00, 0xFF, 0xC0, 0xFC, 0x01, 0xFF, 0x80, 0xFC, 0x03, 0xFF, 0x00, 0xFC, 0x07, 0xFE, 0x00, 0xFC, 0x0F, 0xFC, 0x00, 0xFC, 0x1F, 0xF8, 0x00, 0xFC, 0x3F, 0xF0, 0x00, 0xFC, 0x7F, 0xE0, 0x00, 0xFC, 0xFF, 0xC0, 0x00, 0xFD, 0xFF, 0x80, 0x00, 0xFF, 0xFF, 0x00, 0x00, 0xFF, 0xFF, 0x00, 0x00, 0xFF, 0xFF, 0x00, 0x00, 0xFF, 0xFF, 0x80, 0x00, 0xFF, 0xFF, 0x80, 0x00, 0xFF, 0xFF, 0xC0, 0x00, 0xFF, 0xBF, 0xC0, 0x00, 0xFF, 0x1F, 0xE0, 0x00, 0xFE, 0x0F, 0xE0, 0x00, 0xFC, 0x0F, 0xF0, 0x00, 0xFC, 0x07, 0xF8, 0x00, 0xFC, 0x07, 0xF8, 0x00, 0xFC, 0x03, 0xFC, 0x00, 0xFC, 0x01, 0xFC, 0x00, 0xFC, 0x01, 0xFE, 0x00, 0xFC, 0x00, 0xFE, 0x00, 0xFC, 0x00, 0xFF, 0x00, 0xFC, 0x00, 0x7F, 0x80, 0xFC, 0x00, 0x7F, 0x80, 0xFC, 0x00, 0x3F, 0xC0, 0xFC, 0x00, 0x1F, 0xC0, 0xFC, 0x00, 0x1F, 0xE0, 0xFC, 0x00, 0x0F, 0xE0, 0xFC, 0x00, 0x0F, 0xF0, 0xFC, 0x00, 0x07, 0xF0, 0xFC, 0x00, 0x07, 0xF0, 0xFC, 0x00, 0x03, 0xF0, 0x78, 0x00, 0x01, 0xF0, 

/* Symbol 0x4C, offset 6013 */
    24, 57, 13,
    0x78, 0x00, 0x00, 0xFC, 0x00, 0x00, 0xFC, 0x00, 0x00, 0xFC, 0x00, 0x00, 0xFC, 0x00, 0x00, 0xFC, 0x00, 0x00, 0xFC, 0x00, 0x00, 0xFC, 0x00, 0x00, 0xFC, 0x00, 0x00, 0xFC, 0x00, 0x00, 0xFC, 0x00, 0x00, 0xFC, 0x00, 0x00, 0xFC, 0x00, 0x00, 0xFC, 0x00, 0x00, 0xFC, 0x00, 0x00, 0xFC, 0x00, 0x00, 0xFC, 0x00, 0x00, 0xFC, 0x00, 0x00, 0xFC, 0x00, 0x00, 0xFC, 0x00, 0x00, 0xFC, 0x00, 0x00, 0xFC, 0x00, 0x00, 0xFC, 0x00, 0x00, 0xFC, 0x00, 0x00, 0xFC, 0x00, 0x00, 0xFC, 0x00, 0x00, 0xFC, 0x00, 0x00, 0xFC, 0x00, 0x00, 0xFC, 0x00, 0x00, 0xFC, 0x00, 0x00, 0xFC, 0x00, 0x00, 0xFC, 0x00, 0x00, 0xFC, 0x00, 0x00, 0xFC, 0x00, 0x00, 0xFC, 0x00, 0x00, 0xFC, 0x00, 0x00, 0xFC, 0x00, 0x00, 0xFC, 0x00, 0x00, 0xFC, 0x00, 0x00, 0xFF, 0xFF, 0xFE, 0xFF, 0xFF, 0xFF, 0xFF, 0xFF, 0xFF, 0xFF, 0xFF, 0xFF, 0x7F, 0xFF, 0xFE, 

/* Symbol 0x4D, offset 6148 */
    32, 57, 13,
    0x78, 0x00, 0x00, 0x1E, 0xFC, 0x00, 0x00, 0x3F, 0xFE, 0x00, 0x00, 0x7F, 0xFE, 0x00, 0x00, 0x7F, 0xFF, 0x00, 0x00, 0xFF, 0xFF, 0x80, 0x01, 0xFF, 0xFF, 0x80, 0x01, 0xFF, 0xFF, 0xC0, 0x03, 0xFF, 0xFF, 0xC0, 0x03, 0xFF, 0xFF, 0xE0, 0x07, 0xFF, 0xFF, 0xF0, 0x0F, 0xFF, 0xFF, 0xF0, 0x0F, 0xFF, 0xFF, 0xF8, 0x1F, 0xFF, 0xFF, 0xFC, 0x3F, 0xFF, 0xFF, 0xFC, 0x3F, 0xFF, 0xFD, 0xFE, 0x7F, 0xBF, 0xFC, 0xFE, 0x7F, 0x3F, 0xFC, 0xFF, 0xFF, 0x3F, 0xFC, 0x7F, 0xFE, 0x3F, 0xFC, 0x7F, 0xFE, 0x3F, 0xFC, 0x3F, 0xFC, 0x3F, 0xFC, 0x1F, 0xF8, 0x3F, 0xFC, 0x1F, 0xF8, 0x3F, 0xFC, 0x0F, 0xF0, 0x3F, 0xFC, 0x0F, 0xF0, 0x3F, 0xFC, 0x07, 0xE0, 0x3F, 0xFC, 0x03, 0xC0, 0x3F, 0xFC, 0x00, 0x00, 0x3F, 0xFC, 0x00, 0x00, 0x3F, 0xFC, 0x00, 0x00, 0x3F, 0xFC, 0x00, 0x00, 0x3F, 0xFC, 0x00, 0x00, 0x3F, 0xFC, 0x00, 0x00, 0x3F, 0xFC, 0x00, 0x00, 0x3F, 0xFC, 0x00, 0x00, 0x3F, 0xFC, 0x00, 0x00, 0x3F, 0xFC, 0x00, 0x00, 0x3F, 0xFC, 0x00, 0x00, 0x3F, 0xFC, 0x00, 0x00, 0x3F, 0xFC, 0x00, 0x00, 0x3F, 0xFC, 0x00, 0x00, 0x3F, 0xFC, 0x00, 0x00, 0x3F, 0xFC, 0x00, 0x00, 0x3F, 0x78, 0x00, 0x00, 0x1E, 

/* Symbol 0x4E, offset 6327 */
    28, 57, 13,
    0x78, 0x00, 0x01, 0xE0, 0xFC, 0x00, 0x03, 0xF0, 0xFE, 0x00, 0x03, 0xF0, 0xFE, 0x00, 0x03, 0xF0, 0xFF, 0x00, 0x03, 0xF0, 0xFF, 0x80, 0x03, 0xF0, 0xFF, 0x80, 0x03, 0xF0, 0xFF, 0xC0, 0x03, 0xF0, 0xFF, 0xC0, 0x03, 0xF0, 0xFF, 0xE0, 0x03, 0xF0, 0xFF, 0xE0, 0x03, 0xF0, 0xFF, 0xF0, 0x03, 0xF0, 0xFF, 0xF8, 0x03, 0xF0, 0xFF, 0xF8, 0x03, 0xF0, 0xFF, 0xFC, 0x03, 0xF0, 0xFF, 0xFC, 0x03, 0xF0, 0xFD, 0xFE, 0x03, 0xF0, 0xFD, 0xFF, 0x03, 0xF0, 0xFC, 0xFF, 0x03, 0xF0, 0xFC, 0x7F, 0x83, 0xF0, 0xFC, 0x7F, 0x83, 0xF0, 0xFC, 0x3F, 0xC3, 0xF0, 0xFC, 0x3F, 0xC3, 0xF0, 0xFC, 0x1F, 0xE3, 0xF0, 0xFC, 0x1F, 0xF3, 0xF0, 0xFC, 0x0F, 0xF3, 0xF0, 0xFC, 0x07, 0xFB, 0xF0, 0xFC, 0x07, 0xFB, 0xF0, 0xFC, 0x03, 0xFF, 0xF0, 0xFC, 0x03, 0xFF, 0xF0, 0xFC, 0x01, 0xFF, 0xF0, 0xFC, 0x01, 0xFF, 0xF0, 0xFC, 0x00, 0xFF, 0xF0, 0xFC, 0x00, 0x7F, 0xF0, 0xFC, 0x00, 0x7F, 0xF0, 0xFC, 0x00, 0x3F, 0xF0, 0xFC, 0x00, 0x3F, 0xF0, 0xFC, 0x00, 0x1F, 0xF0, 0xFC, 0x00, 0x1F, 0xF0, 0xFC, 0x00, 0x0F, 0xF0, 0xFC, 0x00, 0x07, 0xF0, 0xFC, 0x00, 0x07, 0xF0, 0xFC, 0x00, 0x03, 0xF0, 0x78, 0x00, 0x01, 0xE0, 

/* Symbol 0x4F, offset 6506 */
    28, 57, 13,
    0x03, 0xFF, 0xFC, 0x00, 0x0F, 0xFF, 0xFF, 0x00, 0x1F, 0xFF, 0xFF, 0x80, 0x3F, 0xFF, 0xFF, 0xC0, 0x7F, 0xFF, 0xFF, 0xE0, 0x7F, 0x00, 0x0F, 0xE0, 0xFE, 0x00, 0x07, 0xF0, 0xFC, 0x00, 0x03, 0xF0, 0xFC, 0x00, 0x03, 0xF0, 0xFC, 0x00, 0x03, 0xF0, 0xFC, 0x00, 0x03, 0xF0, 0xFC, 0x00, 0x03, 0xF0, 0xFC, 0x00, 0x03, 0xF0, 0xFC, 0x00, 0x03, 0xF0, 0xFC, 0x00, 0x03, 0xF0, 0xFC, 0x00, 0x03, 0xF0, 0xFC, 0x00, 0x03, 0xF0, 0xFC, 0x00, 0x03, 0xF0, 0xFC, 0x00, 0x03, 0xF0, 0xFC, 0x00, 0x03, 0xF0, 0xFC, 0x00, 0x03, 0xF0, 0xFC, 0x00, 0x03, 0xF0, 0xFC, 0x00, 0x03, 0xF0, 0xFC, 0x00, 0x03, 0xF0, 0xFC, 0x00, 0x03, 0xF0, 0xFC, 0x00, 0x03, 0xF0, 0xFC, 0x00, 0x03, 0xF0, 0xFC, 0x00, 0x03, 0xF0, 0xFC, 0x00, 0x03, 0xF0, 0xFC, 0x00, 0x03, 0xF0, 0xFC, 0x00, 0x03, 0xF0, 0xFC, 0x00, 0x03, 0xF0, 0xFC, 0x00, 0x03, 0xF0, 0xFC, 0x00, 0x03, 0xF0, 0xFC, 0x00, 0x03, 0xF0, 0xFC, 0x00, 0x03, 0xF0, 0xFC, 0x00, 0x03, 0xF0, 0xFE, 0x00, 0x07, 0xF0, 0x7F, 0x00, 0x0F, 0xE0, 0x7F, 0xFF, 0xFF, 0xE0, 0x3F, 0xFF, 0xFF, 0xC0, 0x1F, 0xFF, 0xFF, 0x80, 0x0F, 0xFF, 0xFF, 0x00, 0x03, 0xFF, 0xFC, 0x00, 

/* Symbol 0x50, offset 6685 */
    28, 57, 13,
    0x7F, 0xFF, 0xFC, 0x00, 0xFF, 0xFF, 0xFF, 0x00, 0xFF, 0xFF, 0xFF, 0x80, 0xFF, 0xFF, 0xFF, 0xC0, 0xFF, 0xFF, 0xFF, 0xE0, 0xFC, 0x00, 0x0F, 0xE0, 0xFC, 0x00, 0x07, 0xF0, 0xFC, 0x00, 0x03, 0xF0, 0xFC, 0x00, 0x03, 0xF0, 0xFC, 0x00, 0x03, 0xF0, 0xFC, 0x00, 0x03, 0xF0, 0xFC, 0x00, 0x03, 0xF0, 0xFC, 0x00, 0x03, 0xF0, 0xFC, 0x00, 0x03, 0xF0, 0xFC, 0x00, 0x03, 0xF0, 0xFC, 0x00, 0x03, 0xF0, 0xFC, 0x00, 0x03, 0xF0, 0xFC, 0x00, 0x03, 0xF0, 0xFC, 0x00, 0x03, 0xF0, 0xFC, 0x00, 0x03, 0xF0, 0xFC, 0x00, 0x07, 0xF0, 0xFC, 0x00, 0x0F, 0xE0, 0xFF, 0xFF, 0xFF, 0xE0, 0xFF, 0xFF, 0xFF, 0xC0, 0xFF, 0xFF, 0xFF, 0x80, 0xFF, 0xFF, 0xFF, 0x00, 0xFF, 0xFF, 0xFC, 0x00, 0xFC, 0x00, 0x00, 0x00, 0xFC, 0x00, 0x00, 0x00, 0xFC, 0x00, 0x00, 0x00, 0xFC, 0x00, 0x00, 0x00, 0xFC, 0x00, 0x00, 0x00, 0xFC, 0x00, 0x00, 0x00, 0xFC, 0x00, 0x00, 0x00, 0xFC, 0x00, 0x00, 0x00, 0xFC, 0x00, 0x00, 0x00, 0xFC, 0x00, 0x00, 0x00, 0xFC, 0x00, 0x00, 0x00, 0xFC, 0x00, 0x00, 0x00, 0xFC, 0x00, 0x00, 0x00, 0xFC, 0x00, 0x00, 0x00, 0xFC, 0x00, 0x00, 0x00, 0xFC, 0x00, 0x00, 0x00, 0x78, 0x00, 0x00, 0x00, 

/* Symbol 0x51, offset 6864 */
    32, 57, 13,
    0x03, 0xFF, 0xFC, 0x00, 0x0F, 0xFF, 0xFF, 0x00, 0x1F, 0xFF, 0xFF, 0x80, 0x3F, 0xFF, 0xFF, 0xC0, 0x7F, 0xFF, 0xFF, 0xE0, 0x7F, 0x00, 0x0F, 0xE0, 0xFE, 0x00, 0x07, 0xF0, 0xFC, 0x00, 0x03, 0xF0, 0xFC, 0x00, 0x03, 0xF0, 0xFC, 0x00, 0x03, 0xF0, 0xFC, 0x00, 0x03, 0xF0, 0xFC, 0x00, 0x03, 0xF0, 0xFC, 0x00, 0x03, 0xF0, 0xFC, 0x00, 0x03, 0xF0, 0xFC, 0x00, 0x03, 0xF0, 0xFC, 0x00, 0x03, 0xF0, 0xFC, 0x00, 0x03, 0xF0, 0xFC, 0x00, 0x03, 0xF0, 0xFC, 0x00, 0x03, 0xF0, 0xFC, 0x00, 0x03, 0xF0, 0xFC, 0x00, 0x03, 0xF0, 0xFC, 0x00, 0x03, 0xF0, 0xFC, 0x00, 0x03, 0xF0, 0xFC, 0x00, 0x03, 0xF0, 0xFC, 0x00, 0x03, 0xF0, 0xFC, 0x00, 0x03, 0xF0, 0xFC, 0x00, 0x03, 0xF0, 0xFC, 0x00, 0x03, 0xF0, 0xFC, 0x00, 0x03, 0xF0, 0xFC, 0x00, 0x03, 0xF0, 0xFC, 0x03, 0xE3, 0xF0, 0xFC, 0x07, 0xF3, 0xF0, 0xFC, 0x07, 0xFF, 0xF0, 0xFC, 0x07, 0xFF, 0xF0, 0xFC, 0x07, 0xFF, 0xF0, 0xFC, 0x01, 0xFF, 0xF0, 0xFC, 0x00, 0xFF, 0xF0, 0xFE, 0x00, 0x7F, 0xF8, 0x7F, 0x00, 0x1F, 0xFC, 0x7F, 0xFF, 0xFF, 0xFF, 0x3F, 0xFF, 0xFF, 0xFF, 0x1F, 0xFF, 0xFF, 0xFF, 0x0F, 0xFF, 0xFF, 0x3F, 0x03, 0xFF, 0xFC, 0x1E, 

/* Symbol 0x52, offset 7043 */
    28, 57, 13,
    0x7F, 0xFF, 0xFC, 0x00, 0xFF, 0xFF, 0xFF, 0x00, 0xFF, 0xFF, 0xFF, 0x80, 0xFF, 0xFF, 0xFF, 0xC0, 0xFF, 0xFF, 0xFF, 0xE0, 0xFC, 0x00, 0x0F, 0xE0, 0xFC, 0x00, 0x07, 0xF0, 0xFC, 0x00, 0x03, 0xF0, 0xFC, 0x00, 0x03, 0xF0, 0xFC, 0x00, 0x03, 0xF0, 0xFC, 0x00, 0x03, 0xF0, 0xFC, 0x00, 0x03, 0xF0, 0xFC, 0x00, 0x03, 0xF0, 0xFC, 0x00, 0x03, 0xF0, 0xFC, 0x00, 0x03, 0xF0, 0xFC, 0x00, 0x03, 0xF0, 0xFC, 0x00, 0x03, 0xF0, 0xFC, 0x00, 0x03, 0xF0, 0xFC, 0x00, 0x03, 0xF0, 0xFC, 0x00, 0x03, 0xF0, 0xFC, 0x00, 0x07, 0xF0, 0xFC, 0x00, 0x0F, 0xE0, 0xFF, 0xFF, 0xFF, 0xE0, 0xFF, 0xFF, 0xFF, 0xC0, 0xFF, 0xFF, 0xFF, 0x80, 0xFF, 0xFF, 0xFF, 0x00, 0xFF, 0xFF, 0xFC, 0x00, 0xFC, 0x0F, 0xF0, 0x00, 0xFC, 0x07, 0xF0, 0x00, 0xFC, 0x07, 0xF8, 0x00, 0xFC, 0x03, 0xFC, 0x00, 0xFC, 0x03, 0xFC, 0x00, 0xFC, 0x01, 0xFE, 0x00, 0xFC, 0x00, 0xFF, 0x00, 0xFC, 0x00, 0xFF, 0x00, 0xFC, 0x00, 0x7F, 0x80, 0xFC, 0x00, 0x3F, 0xC0, 0xFC, 0x00, 0x3F, 0xC0, 0xFC, 0x00, 0x1F, 0xE0, 0xFC, 0x00, 0x0F, 0xF0, 0xFC, 0x00, 0x0F, 0xF0, 0xFC, 0x00, 0x07, 0xF0, 0xFC, 0x00, 0x03, 0xF0, 0x78, 0x00, 0x03, 0xE0, 

/* Symbol 0x53, offset 7222 */
    28, 57, 13,
    0x00, 0xFF, 0xE0, 0x00, 0x07, 0xFF, 0xFE, 0x00, 0x0F, 0xFF, 0xFF, 0x80, 0x3F, 0xFF, 0xFF, 0xC0, 0x3F, 0xFF, 0xFF, 0xE0, 0x7F, 0xE0, 0x7F, 0xE0, 0x7F, 0x00, 0x1F, 0xE0, 0xFE, 0x00, 0x07, 0xE0, 0xFE, 0x00, 0x00, 0x00, 0xFC, 0x00, 0x00, 0x00, 0xFC, 0x00, 0x00, 0x00, 0xFE, 0x00, 0x00, 0x00, 0xFF, 0x00, 0x00, 0x00, 0x7F, 0xC0, 0x00, 0x00, 0x7F, 0xE0, 0x00, 0x00, 0x3F, 0xF0, 0x00, 0x00, 0x1F, 0xFC, 0x00, 0x00, 0x0F, 0xFE, 0x00, 0x00, 0x03, 0xFF, 0x80, 0x00, 0x01, 0xFF, 0xC0, 0x00, 0x00, 0xFF, 0xE0, 0x00, 0x00, 0x3F, 0xF8, 0x00, 0x00, 0x1F, 0xFC, 0x00, 0x00, 0x07, 0xFF, 0x00, 0x00, 0x03, 0xFF, 0x80, 0x00, 0x01, 0xFF, 0xC0, 0x00, 0x00, 0x7F, 0xC0, 0x00, 0x00, 0x3F, 0xE0, 0x00, 0x00, 0x0F, 0xE0, 0x00, 0x00, 0x07, 0xF0, 0x00, 0x00, 0x07, 0xF0, 0x00, 0x00, 0x03, 0xF0, 0x00, 0x00, 0x03, 0xF0, 0x00, 0x00, 0x03, 0xF0, 0x00, 0x00, 0x03, 0xF0, 0x78, 0x00, 0x07, 0xF0, 0xFE, 0x00, 0x0F, 0xF0, 0xFF, 0x80, 0x1F, 0xE0, 0xFF, 0xE0, 0xFF, 0xE0, 0xFF, 0xFF, 0xFF, 0xC0, 0x3F, 0xFF, 0xFF, 0x80, 0x1F, 0xFF, 0xFF, 0x00, 0x07, 0xFF, 0xF8, 0x00, 0x00, 0xFF, 0xE0, 0x00, 

/* Symbol 0x54, offset 7401 */
    28, 57, 13,
    0x7F, 0xFF, 0xFF, 0xE0, 0xFF, 0xFF, 0xFF, 0xF0, 0xFF, 0xFF, 0xFF, 0xF0, 0xFF, 0xFF, 0xFF, 0xF0, 0x7F, 0xFF, 0xFF, 0xE0, 0x00, 0x1F, 0x80, 0x00, 0x00, 0x1F, 0x80, 0x00, 0x00, 0x1F, 0x80, 0x00, 0x00, 0x1F, 0x80, 0x00, 0x00, 0x1F, 0x80, 0x00, 0x00, 0x1F, 0x80, 0x00, 0x00, 0x1F, 0x80, 0x00, 0x00, 0x1F, 0x80, 0x00, 0x00, 0x1F, 0x80, 0x00, 0x00, 0x1F, 0x80, 0x00, 0x00, 0x1F, 0x80, 0x00, 0x00, 0x1F, 0x80, 0x00, 0x00, 0x1F, 0x80, 0x00, 0x00, 0x1F, 0x80, 0x00, 0x00, 0x1F, 0x80, 0x00, 0x00, 0x1F, 0x80, 0x00, 0x00, 0x1F, 0x80, 0x00, 0x00, 0x1F, 0x80, 0x00, 0x00, 0x1F, 0x80, 0x00, 0x00, 0x1F, 0x80, 0x00, 0x00, 0x1F, 0x80, 0x00, 0x00, 0x1F, 0x80, 0x00, 0x00, 0x1F, 0x80, 0x00, 0x00, 0x1F, 0x80, 0x00, 0x00, 0x1F, 0x80, 0x00, 0x00, 0x1F, 0x80, 0x00, 0x00, 0x1F, 0x80, 0x00, 0x00, 0x1F, 0x80, 0x00, 0x00, 0x1F, 0x80, 0x00, 0x00, 0x1F, 0x80, 0x00, 0x00, 0x1F, 0x80, 0x00, 0x00, 0x1F, 0x80, 0x00, 0x00, 0x1F, 0x80, 0x00, 0x00, 0x1F, 0x80, 0x00, 0x00, 0x1F, 0x80, 0x00, 0x00, 0x1F, 0x80, 0x00, 0x00, 0x1F, 0x80, 0x00, 0x00, 0x1F, 0x80, 0x00, 0x00, 0x0F, 0x00, 0x00, 

/* Symbol 0x55, offset 7580 */
    28, 57, 13,
    0x78, 0x00, 0x01, 0xE0, 0xFC, 0x00, 0x03, 0xF0, 0xFC, 0x00, 0x03, 0xF0, 0xFC, 0x00, 0x03, 0xF0, 0xFC, 0x00, 0x03, 0xF0, 0xFC, 0x00, 0x03, 0xF0, 0xFC, 0x00, 0x03, 0xF0, 0xFC, 0x00, 0x03, 0xF0, 0xFC, 0x00, 0x03, 0xF0, 0xFC, 0x00, 0x03, 0xF0, 0xFC, 0x00, 0x03, 0xF0, 0xFC, 0x00, 0x03, 0xF0, 0xFC, 0x00, 0x03, 0xF0, 0xFC, 0x00, 0x03, 0xF0, 0xFC, 0x00, 0x03, 0xF0, 0xFC, 0x00, 0x03, 0xF0, 0xFC, 0x00, 0x03, 0xF0, 0xFC, 0x00, 0x03, 0xF0, 0xFC, 0x00, 0x03, 0xF0, 0xFC, 0x00, 0x03, 0xF0, 0xFC, 0x00, 0x03, 0xF0, 0xFC, 0x00, 0x03, 0xF0, 0xFC, 0x00, 0x03, 0xF0, 0xFC, 0x00, 0x03, 0xF0, 0xFC, 0x00, 0x03, 0xF0, 0xFC, 0x00, 0x03, 0xF0, 0xFC, 0x00, 0x03, 0xF0, 0xFC, 0x00, 0x03, 0xF0, 0xFC, 0x00, 0x03, 0xF0, 0xFC, 0x00, 0x03, 0xF0, 0xFC, 0x00, 0x03, 0xF0, 0xFC, 0x00, 0x03, 0xF0, 0xFC, 0x00, 0x03, 0xF0, 0xFC, 0x00, 0x03, 0xF0, 0xFC, 0x00, 0x03, 0xF0, 0xFC, 0x00, 0x03, 0xF0, 0xFC, 0x00, 0x03, 0xF0, 0xFE, 0x00, 0x07, 0xF0, 0x7F, 0x00, 0x0F, 0xE0, 0x7F, 0xFF, 0xFF, 0xE0, 0x3F, 0xFF, 0xFF, 0xC0, 0x1F, 0xFF, 0xFF, 0x80, 0x0F, 0xFF, 0xFF, 0x00, 0x03, 0xFF, 0xFC, 0x00, 

/* Symbol 0x56, offset 7759 */
    32, 57, 13,
    0x7C, 0x00, 0x00, 0x1F, 0xFE, 0x00, 0x00, 0x3F, 0xFE, 0x00, 0x00, 0x3F, 0xFE, 0x00, 0x00, 0x3F, 0x7F, 0x00, 0x00, 0x7F, 0x7F, 0x00, 0x00, 0x7F, 0x7F, 0x00, 0x00, 0x7E, 0x3F, 0x80, 0x00, 0xFE, 0x3F, 0x80, 0x00, 0xFE, 0x3F, 0x80, 0x00, 0xFC, 0x1F, 0xC0, 0x01, 0xFC, 0x1F, 0xC0, 0x01, 0xFC, 0x1F, 0xC0, 0x01, 0xF8, 0x0F, 0xE0, 0x03, 0xF8, 0x0F, 0xE0, 0x03, 0xF8, 0x0F, 0xE0, 0x03, 0xF0, 0x07, 0xF0, 0x07, 0xF0, 0x07, 0xF0, 0x07, 0xF0, 0x07, 0xF0, 0x07, 0xE0, 0x03, 0xF8, 0x0F, 0xE0, 0x03, 0xF8, 0x0F, 0xE0, 0x03, 0xF8, 0x0F, 0xC0, 0x01, 0xFC, 0x1F, 0xC0, 0x01, 0xFC, 0x1F, 0xC0, 0x01, 0xFC, 0x1F, 0x80, 0x00, 0xFE, 0x3F, 0x80, 0x00, 0xFE, 0x3F, 0x80, 0x00, 0xFE, 0x3F, 0x00, 0x00, 0x7F, 0x7F, 0x00, 0x00, 0x7F, 0x7F, 0x00, 0x00, 0x7F, 0x7E, 0x00, 0x00, 0x3F, 0xFE, 0x00, 0x00, 0x3F, 0xFE, 0x00, 0x00, 0x3F, 0xFC, 0x00, 0x00, 0x1F, 0xFC, 0x00, 0x00, 0x1F, 0xFC, 0x00, 0x00, 0x1F, 0xF8, 0x00, 0x00, 0x0F, 0xF8, 0x00, 0x00, 0x0F, 0xF8, 0x00, 0x00, 0x0F, 0xF0, 0x00, 0x00, 0x07, 0xF0, 0x00, 0x00, 0x07, 0xF0, 0x00, 0x00, 0x03, 0xE0, 0x00, 0x00, 0x03, 0xE0, 0x00, 

/* Symbol 0x57, offset 7938 */
    41, 57, 13,
    0x7C, 0x00, 0x00, 0x00, 0x1F, 0x00, 0xFE, 0x00, 0x00, 0x00, 0x1F, 0x80, 0xFE, 0x00, 0x00, 0x00, 0x1F, 0x80, 0xFE, 0x00, 0x00, 0x00, 0x3F, 0x80, 0x7E, 0x00, 0x00, 0x00, 0x3F, 0x80, 0x7E, 0x00, 0x00, 0x00, 0x3F, 0x80, 0x7F, 0x00, 0x00, 0x00, 0x3F, 0x00, 0x7F, 0x00, 0x00, 0x00, 0x7F, 0x00, 0x7F, 0x00, 0x00, 0x00, 0x7F, 0x00, 0x3F, 0x00, 0x00, 0x00, 0x7F, 0x00, 0x3F, 0x80, 0x00, 0x00, 0x7E, 0x00, 0x3F, 0x80, 0x00, 0x00, 0x7E, 0x00, 0x3F, 0x80, 0x00, 0x00, 0xFE, 0x00, 0x1F, 0x80, 0x00, 0x00, 0xFE, 0x00, 0x1F, 0x80, 0x00, 0x00, 0xFE, 0x00, 0x1F, 0xC0, 0x3E, 0x00, 0xFC, 0x00, 0x1F, 0xC0, 0x3F, 0x01, 0xFC, 0x00, 0x1F, 0xC0, 0x7F, 0x01, 0xFC, 0x00, 0x0F, 0xC0, 0x7F, 0x01, 0xFC, 0x00, 0x0F, 0xE0, 0x7F, 0x81, 0xF8, 0x00, 0x0F, 0xE0, 0xFF, 0x81, 0xF8, 0x00, 0x0F, 0xE0, 0xFF, 0xC3, 0xF8, 0x00, 0x07, 0xE1, 0xFF, 0xC3, 0xF8, 0x00, 0x07, 0xE1, 0xFF, 0xC3, 0xF8, 0x00, 0x07, 0xF1, 0xFF, 0xE3, 0xF0, 0x00, 0x07, 0xF3, 0xFF, 0xE7, 0xF0, 0x00, 0x07, 0xF3, 0xFF, 0xE7, 0xF0, 0x00, 0x03, 0xF3, 0xFF, 0xF7, 0xF0, 0x00, 0x03, 0xFF, 0xF7, 0xF7, 0xE0, 0x00, 0x03, 0xFF, 0xF7, 0xF7, 0xE0, 0x00, 0x03, 0xFF, 0xF3, 0xFF, 0xE0, 0x00, 0x01, 0xFF, 0xE3, 0xFF, 0xE0, 0x00, 0x01, 0xFF, 0xE3, 0xFF, 0xE0, 0x00, 0x01, 0xFF, 0xE1, 0xFF, 0xC0, 0x00, 0x01, 0xFF, 0xC1, 0xFF, 0xC0, 0x00, 0x01, 0xFF, 0xC0, 0xFF, 0xC0, 0x00, 0x00, 0xFF, 0x80, 0xFF, 0xC0, 0x00, 0x00, 0xFF, 0x80, 0xFF, 0x80, 0x00, 0x00, 0xFF, 0x80, 0x7F, 0x80, 0x00, 0x00, 0xFF, 0x00, 0x7F, 0x80, 0x00, 0x00, 0x7F, 0x00, 0x7F, 0x80, 0x00, 0x00, 0x7F, 0x00, 0x3F, 0x80, 0x00, 0x00, 0x7E, 0x00, 0x3F, 0x00, 0x00, 0x00, 0x3C, 0x00, 0x1F, 0x00, 0x00, 

/* Symbol 0x58, offset 8205 */
    31, 57, 13,
    0x78, 0x00, 0x00, 0x3C, 0xFC, 0x00, 0x00, 0x7E, 0xFE, 0x00, 0x00, 0xFE, 0xFE, 0x00, 0x00, 0xFE, 0xFF, 0x00, 0x01, 0xFE, 0x7F, 0x80, 0x03, 0xFC, 0x3F, 0x80, 0x03, 0xF8, 0x3F, 0xC0, 0x07, 0xF8, 0x1F, 0xE0, 0x0F, 0xF0, 0x0F, 0xE0, 0x0F, 0xE0, 0x0F, 0xF0, 0x1F, 0xE0, 0x07, 0xF0, 0x1F, 0xC0, 0x03, 0xF8, 0x3F, 0xC0, 0x03, 0xFC, 0x7F, 0x80, 0x01, 0xFC, 0x7F, 0x00, 0x01, 0xFE, 0xFF, 0x00, 0x00, 0xFF, 0xFE, 0x00, 0x00, 0x7F, 0xFC, 0x00, 0x00, 0x7F, 0xFC, 0x00, 0x00, 0x3F, 0xF8, 0x00, 0x00, 0x1F, 0xF8, 0x00, 0x00, 0x1F, 0xF0, 0x00, 0x00, 0x1F, 0xE0, 0x00, 0x00, 0x1F, 0xF0, 0x00, 0x00, 0x3F, 0xF8, 0x00, 0x00, 0x7F, 0xF8, 0x00, 0x00, 0x7F, 0xFC, 0x00, 0x00, 0xFF, 0xFE, 0x00, 0x00, 0xFF, 0xFE, 0x00, 0x01, 0xFE, 0xFF, 0x00, 0x03, 0xFC, 0x7F, 0x80, 0x03, 0xFC, 0x7F, 0x80, 0x07, 0xF8, 0x3F, 0xC0, 0x0F, 0xF0, 0x1F, 0xE0, 0x0F, 0xF0, 0x1F, 0xE0, 0x1F, 0xE0, 0x0F, 0xF0, 0x3F, 0xC0, 0x07, 0xF8, 0x3F, 0xC0, 0x07, 0xF8, 0x7F, 0x80, 0x03, 0xFC, 0xFF, 0x00, 0x01, 0xFE, 0xFF, 0x00, 0x01, 0xFE, 0xFE, 0x00, 0x00, 0xFE, 0xFC, 0x00, 0x00, 0x7E, 0x78, 0x00, 0x00, 0x3C, 

/* Symbol 0x59, offset 8384 */
    32, 57, 13,
    0x78, 0x00, 0x00, 0x3E, 0xFC, 0x00, 0x00, 0x3F, 0xFE, 0x00, 0x00, 0x7F, 0xFF, 0x00, 0x00, 0xFF, 0xFF, 0x00, 0x00, 0xFF, 0x7F, 0x80, 0x01, 0xFE, 0x3F, 0xC0, 0x03, 0xFC, 0x1F, 0xC0, 0x03, 0xF8, 0x1F, 0xE0, 0x07, 0xF8, 0x0F, 0xF0, 0x0F, 0xF0, 0x07, 0xF0, 0x0F, 0xE0, 0x07, 0xF8, 0x1F, 0xE0, 0x03, 0xFC, 0x3F, 0xC0, 0x01, 0xFC, 0x3F, 0x80, 0x01, 0xFE, 0x7F, 0x80, 0x00, 0xFF, 0xFF, 0x00, 0x00, 0x7F, 0xFE, 0x00, 0x00, 0x3F, 0xFC, 0x00, 0x00, 0x3F, 0xFC, 0x00, 0x00, 0x1F, 0xF8, 0x00, 0x00, 0x0F, 0xF0, 0x00, 0x00, 0x0F, 0xF0, 0x00, 0x00, 0x07, 0xE0, 0x00, 0x00, 0x07, 0xE0, 0x00, 0x00, 0x07, 0xE0, 0x00, 0x00, 0x07, 0xE0, 0x00, 0x00, 0x07, 0xE0, 0x00, 0x00, 0x07, 0xE0, 0x00, 0x00, 0x07, 0xE0, 0x00, 0x00, 0x07, 0xE0, 0x00, 0x00, 0x07, 0xE0, 0x00, 0x00, 0x07, 0xE0, 0x00, 0x00, 0x07, 0xE0, 0x00, 0x00, 0x07, 0xE0, 0x00, 0x00, 0x07, 0xE0, 0x00, 0x00, 0x07, 0xE0, 0x00, 0x00, 0x07, 0xE0, 0x00, 0x00, 0x07, 0xE0, 0x00, 0x00, 0x07, 0xE0, 0x00, 0x00, 0x07, 0xE0, 0x00, 0x00, 0x07, 0xE0, 0x00, 0x00, 0x07, 0xE0, 0x00, 0x00, 0x07, 0xE0, 0x00, 0x00, 0x03, 0xC0, 0x00, 

/* Symbol 0x5A, offset 8563 */
    33, 57, 13,
    0x7F, 0xFF, 0xFF, 0xFF, 0x00, 0x7F, 0xFF, 0xFF, 0xFF, 0x80, 0x7F, 0xFF, 0xFF, 0xFF, 0x80, 0x7F, 0xFF, 0xFF, 0xFF, 0x80, 0x7F, 0xFF, 0xFF, 0xFF, 0x00, 0x00, 0x00, 0x01, 0xFF, 0x00, 0x00, 0x00, 0x01, 0xFE, 0x00, 0x00, 0x00, 0x03, 0xFC, 0x00, 0x00, 0x00, 0x07, 0xFC, 0x00, 0x00, 0x00, 0x07, 0xF8, 0x00, 0x00, 0x00, 0x0F, 0xF0, 0x00, 0x00, 0x00, 0x1F, 0xF0, 0x00, 0x00, 0x00, 0x1F, 0xE0, 0x00, 0x00, 0x00, 0x3F, 0xC0, 0x00, 0x00, 0x00, 0x7F, 0xC0, 0x00, 0x00, 0x00, 0x7F, 0x80, 0x00, 0x00, 0x00, 0xFF, 0x00, 0x00, 0x00, 0x00, 0xFF, 0x00, 0x00, 0x00, 0x01, 0xFE, 0x00, 0x00, 0x00, 0x03, 0xFC, 0x00, 0x00, 0x00, 0x03, 0xFC, 0x00, 0x00, 0x00, 0x07, 0xF8, 0x00, 0x00, 0x00, 0x0F, 0xF0, 0x00, 0x00, 0x00, 0x0F, 0xF0, 0x00, 0x00, 0x00, 0x1F, 0xE0, 0x00, 0x00, 0x00, 0x3F, 0xC0, 0x00, 0x00, 0x00, 0x3F, 0xC0, 0x00, 0x00, 0x00, 0x7F, 0x80, 0x00, 0x00, 0x00, 0xFF, 0x00, 0x00, 0x00, 0x00, 0xFF, 0x00, 0x00, 0x00, 0x01, 0xFE, 0x00, 0x00, 0x00, 0x03, 0xFC, 0x00, 0x00, 0x00, 0x03, 0xFC, 0x00, 0x00, 0x00, 0x07, 0xF8, 0x00, 0x00, 0x00, 0x0F, 0xF0, 0x00, 0x00, 0x00, 0x0F, 0xF0, 0x00, 0x00, 0x00, 0x1F, 0xE0, 0x00, 0x00, 0x00, 0x3F, 0xC0, 0x00, 0x00, 0x00, 0x3F, 0xC0, 0x00, 0x00, 0x00, 0x7F, 0xFF, 0xFF, 0xFF, 0x00, 0xFF, 0xFF, 0xFF, 0xFF, 0x80, 0xFF, 0xFF, 0xFF, 0xFF, 0x80, 0xFF, 0xFF, 0xFF, 0xFF, 0x80, 0x7F, 0xFF, 0xFF, 0xFF, 0x00, 

/* Symbol 0x5B, offset 8786 */
    11, 61, 9,
    0x7F, 0xC0, 0xFF, 0xE0, 0xFF, 0xE0, 0xFF, 0xE0, 0xFF, 0xC0, 0xFC, 0x00, 0xFC, 0x00, 0xFC, 0x00, 0xFC, 0x00, 0xFC, 0x00, 0xFC, 0x00, 0xFC, 0x00, 0xFC, 0x00, 0xFC, 0x00, 0xFC, 0x00, 0xFC, 0x00, 0xFC, 0x00, 0xFC, 0x00, 0xFC, 0x00, 0xFC, 0x00, 0xFC, 0x00, 0xFC, 0x00, 0xFC, 0x00, 0xFC, 0x00, 0xFC, 0x00, 0xFC, 0x00, 0xFC, 0x00, 0xFC, 0x00, 0xFC, 0x00, 0xFC, 0x00, 0xFC, 0x00, 0xFC, 0x00, 0xFC, 0x00, 0xFC, 0x00, 0xFC, 0x00, 0xFC, 0x00, 0xFC, 0x00, 0xFC, 0x00, 0xFC, 0x00, 0xFC, 0x00, 0xFC, 0x00, 0xFC, 0x00, 0xFC, 0x00, 0xFC, 0x00, 0xFC, 0x00, 0xFC, 0x00, 0xFC, 0x00, 0xFF, 0xC0, 0xFF, 0xE0, 0xFF, 0xE0, 0xFF, 0xE0, 0x7F, 0xC0, 

/* Symbol 0x5C, offset 8893 */
    30, 66, 0,
    0x7C, 0x00, 0x00, 0x00, 0xFE, 0x00, 0x00, 0x00, 0xFE, 0x00, 0x00, 0x00, 0xFE, 0x00, 0x00, 0x00, 0x7F, 0x00, 0x00, 0x00, 0x7F, 0x00, 0x00, 0x00, 0x7F, 0x00, 0x00, 0x00, 0x3F, 0x80, 0x00, 0x00, 0x3F, 0x80, 0x00, 0x00, 0x1F, 0xC0, 0x00, 0x00, 0x1F, 0xC0, 0x00, 0x00, 0x1F, 0xC0, 0x00, 0x00, 0x0F, 0xE0, 0x00, 0x00, 0x0F, 0xE0, 0x00, 0x00, 0x07, 0xF0, 0x00, 0x00, 0x07, 0xF0, 0x00, 0x00, 0x07, 0xF0, 0x00, 0x00, 0x03, 0xF8, 0x00, 0x00, 0x03, 0xF8, 0x00, 0x00, 0x01, 0xFC, 0x00, 0x00, 0x01, 0xFC, 0x00, 0x00, 0x01, 0xFC, 0x00, 0x00, 0x00, 0xFE, 0x00, 0x00, 0x00, 0xFE, 0x00, 0x00, 0x00, 0xFF, 0x00, 0x00, 0x00, 0x7F, 0x00, 0x00, 0x00, 0x7F, 0x00, 0x00, 0x00, 0x3F, 0x80, 0x00, 0x00, 0x3F, 0x80, 0x00, 0x00, 0x3F, 0x80, 0x00, 0x00, 0x1F, 0xC0, 0x00, 0x00, 0x1F, 0xC0, 0x00, 0x00, 0x0F, 0xE0, 0x00, 0x00, 0x0F, 0xE0, 0x00, 0x00, 0x0F, 0xE0, 0x00, 0x00, 0x07, 0xF0, 0x00, 0x00, 0x07, 0xF0, 0x00, 0x00, 0x03, 0xF8, 0x00, 0x00, 0x03, 0xF8, 0x00, 0x00, 0x03, 0xF8, 0x00, 0x00, 0x01, 0xFC, 0x00, 0x00, 0x01, 0xFC, 0x00, 0x00, 0x01, 0xFE, 0x00, 0x00, 0x00, 0xFE, 0x00, 0x00, 0x00, 0xFE, 0x00, 0x00, 0x00, 0x7F, 0x00, 0x00, 0x00, 0x7F, 0x00, 0x00, 0x00, 0x7F, 0x00, 0x00, 0x00, 0x3F, 0x80, 0x00, 0x00, 0x3F, 0x80, 0x00, 0x00, 0x1F, 0xC0, 0x00, 0x00, 0x1F, 0xC0, 0x00, 0x00, 0x1F, 0xC0, 0x00, 0x00, 0x0F, 0xE0, 0x00, 0x00, 0x0F, 0xE0, 0x00, 0x00, 0x07, 0xF0, 0x00, 0x00, 0x07, 0xF0, 0x00, 0x00, 0x07, 0xF0, 0x00, 0x00, 0x03, 0xF8, 0x00, 0x00, 0x03, 0xF8, 0x00, 0x00, 0x01, 0xFC, 0x00, 0x00, 0x01, 0xFC, 0x00, 0x00, 0x01, 0xFC, 0x00, 0x00, 0x00, 0xFC, 0x00, 0x00, 0x00, 0xFC, 0x00, 0x00, 0x00, 0x7C, 

/* Symbol 0x5D, offset 9160 */
    11, 61, 9,
    0x7F, 0xC0, 0xFF, 0xE0, 0xFF, 0xE0, 0xFF, 0xE0, 0x7F, 0xE0, 0x07, 0xE0, 0x07, 0xE0, 0x07, 0xE0, 0x07, 0xE0, 0x07, 0xE0, 0x07, 0xE0, 0x07, 0xE0, 0x07, 0xE0, 0x07, 0xE0, 0x07, 0xE0, 0x07, 0xE0, 0x07, 0xE0, 0x07, 0xE0, 0x07, 0xE0, 0x07, 0xE0, 0x07, 0xE0, 0x07, 0xE0, 0x07, 0xE0, 0x07, 0xE0, 0x07, 0xE0, 0x07, 0xE0, 0x07, 0xE0, 0x07, 0xE0, 0x07, 0xE0, 0x07, 0xE0, 0x07, 0xE0, 0x07, 0xE0, 0x07, 0xE0, 0x07, 0xE0, 0x07, 0xE0, 0x07, 0xE0, 0x07, 0xE0, 0x07, 0xE0, 0x07, 0xE0, 0x07, 0xE0, 0x07, 0xE0, 0x07, 0xE0, 0x07, 0xE0, 0x07, 0xE0, 0x07, 0xE0, 0x07, 0xE0, 0x07, 0xE0, 0x7F, 0xE0, 0xFF, 0xE0, 0xFF, 0xE0, 0xFF, 0xE0, 0x7F, 0xC0, 

/* Symbol 0x5E, offset 9267 */
    24, 10, 0,
    0x00, 0xFF, 0x80, 0x07, 0xFF, 0xE0, 0x0F, 0xFF, 0xF8, 0x3F, 0xFF, 0xFC, 0x7F, 0xFF, 0xFE, 0x7F, 0xC3, 0xFF, 0xFF, 0x00, 0xFF, 0xFE, 0x00, 0x7F, 0xFC, 0x00, 0x3F, 0x7C, 0x00, 0x1E, 

/* Symbol 0x5F, offset 9300 */
    28, 63, 58,
    0xFF, 0xFF, 0xFF, 0xF0, 0xFF, 0xFF, 0xFF, 0xF0, 0xFF, 0xFF, 0xFF, 0xF0, 0xFF, 0xFF, 0xFF, 0xF0, 0xFF, 0xFF, 0xFF, 0xF0, 

/* Symbol 0x60, offset 9323 */
    40, 57, 13,
    0xFF, 0xFF, 0xFF, 0xFF, 0xFF, 0xFF, 0xFF, 0xFF, 0xFF, 0xFF, 0xFF, 0xFF, 0xFF, 0xFF, 0xFF, 0xFF, 0xFF, 0xFF, 0xFF, 0xFF, 0xF8, 0x00, 0x00, 0x00, 0x1F, 0xF8, 0x00, 0x00, 0x00, 0x1F, 0xF8, 0x00, 0x00, 0x00, 0x1F, 0xF8, 0x00, 0x00, 0x00, 0x1F, 0xF8, 0x00, 0x00, 0x00, 0x1F, 0xF8, 0x00, 0x00, 0x00, 0x1F, 0xF8, 0x00, 0x00, 0x00, 0x1F, 0xF8, 0x00, 0x00, 0x00, 0x1F, 0xF8, 0x00, 0x00, 0x00, 0x1F, 0xF8, 0x00, 0x00, 0x00, 0x1F, 0xF8, 0x00, 0x00, 0x00, 0x1F, 0xF8, 0x00, 0x00, 0x00, 0x1F, 0xF8, 0x00, 0x00, 0x00, 0x1F, 0xF8, 0x00, 0x00, 0x00, 0x1F, 0xF8, 0x00, 0x00, 0x00, 0x1F, 0xF8, 0x00, 0x00, 0x00, 0x1F, 0xF8, 0x00, 0x00, 0x00, 0x1F, 0xF8, 0x00, 0x00, 0x00, 0x1F, 0xF8, 0x00, 0x00, 0x00, 0x1F, 0xF8, 0x00, 0x00, 0x00, 0x1F, 0xF8, 0x00, 0x00, 0x00, 0x1F, 0xF8, 0x00, 0x00, 0x00, 0x1F, 0xF8, 0x00, 0x00, 0x00, 0x1F, 0xF8, 0x00, 0x00, 0x00, 0x1F, 0xF8, 0x00, 0x00, 0x00, 0x1F, 0xF8, 0x00, 0x00, 0x00, 0x1F, 0xF8, 0x00, 0x00, 0x00, 0x1F, 0xF8, 0x00, 0x00, 0x00, 0x1F, 0xF8, 0x00, 0x00, 0x00, 0x1F, 0xF8, 0x00, 0x00, 0x00, 0x1F, 0xF8, 0x00, 0x00, 0x00, 0x1F, 0xF8, 0x00, 0x00, 0x00, 0x1F, 0xF8, 0x00, 0x00, 0x00, 0x1F, 0xF8, 0x00, 0x00, 0x00, 0x1F, 0xF8, 0x00, 0x00, 0x00, 0x1F, 0xF8, 0x00, 0x00, 0x00, 0x1F, 0xFF, 0xFF, 0xFF, 0xFF, 0xFF, 0xFF, 0xFF, 0xFF, 0xFF, 0xFF, 0xFF, 0xFF, 0xFF, 0xFF, 0xFF, 0xFF, 0xFF, 0xFF, 0xFF, 0xFF, 

/* Symbol 0x61, offset 9546 */
    28, 57, 26,
    0x03, 0xFF, 0xFE, 0x00, 0x0F, 0xFF, 0xFF, 0x00, 0x1F, 0xFF, 0xFF, 0x00, 0x3F, 0xFF, 0xFF, 0x00, 0x7F, 0xFF, 0xFF, 0x00, 0x7F, 0x00, 0x3F, 0x00, 0xFE, 0x00, 0x3F, 0x00, 0xFC, 0x00, 0x3F, 0x00, 0xFC, 0x00, 0x3F, 0x00, 0xFC, 0x00, 0x3F, 0x00, 0xFC, 0x00, 0x3F, 0x00, 0xFC, 0x00, 0x3F, 0x00, 0xFC, 0x00, 0x3F, 0x00, 0xFC, 0x00, 0x3F, 0x00, 0xFC, 0x00, 0x3F, 0x00, 0xFC, 0x00, 0x3F, 0x00, 0xFC, 0x00, 0x3F, 0x00, 0xFC, 0x00, 0x3F, 0x00, 0xFC, 0x00, 0x3F, 0x00, 0xFC, 0x00, 0x3F, 0x00, 0xFC, 0x00, 0x3F, 0x00, 0xFC, 0x00, 0x3F, 0x00, 0xFC, 0x00, 0x3F, 0x00, 0xFC, 0x00, 0x3F, 0x00, 0xFE, 0x00, 0x7F, 0x80, 0x7F, 0x00, 0xFF, 0xC0, 0x7F, 0xFF, 0xFF, 0xE0, 0x3F, 0xFF, 0xFF, 0xF0, 0x1F, 0xFF, 0xFF, 0xF0, 0x0F, 0xFF, 0xF7, 0xF0, 0x03, 0xFF, 0xC1, 0xE0, 

/* Symbol 0x62, offset 9673 */
    24, 57, 13,
    0x78, 0x00, 0x00, 0xFC, 0x00, 0x00, 0xFC, 0x00, 0x00, 0xFC, 0x00, 0x00, 0xFC, 0x00, 0x00, 0xFC, 0x00, 0x00, 0xFC, 0x00, 0x00, 0xFC, 0x00, 0x00, 0xFC, 0x00, 0x00, 0xFC, 0x00, 0x00, 0xFC, 0x00, 0x00, 0xFC, 0x00, 0x00, 0xFC, 0x00, 0x00, 0xFF, 0xFF, 0xC0, 0xFF, 0xFF, 0xF0, 0xFF, 0xFF, 0xF8, 0xFF, 0xFF, 0xFC, 0xFF, 0xFF, 0xFE, 0xFC, 0x00, 0xFE, 0xFC, 0x00, 0x7F, 0xFC, 0x00, 0x3F, 0xFC, 0x00, 0x3F, 0xFC, 0x00, 0x3F, 0xFC, 0x00, 0x3F, 0xFC, 0x00, 0x3F, 0xFC, 0x00, 0x3F, 0xFC, 0x00, 0x3F, 0xFC, 0x00, 0x3F, 0xFC, 0x00, 0x3F, 0xFC, 0x00, 0x3F, 0xFC, 0x00, 0x3F, 0xFC, 0x00, 0x3F, 0xFC, 0x00, 0x3F, 0xFC, 0x00, 0x3F, 0xFC, 0x00, 0x3F, 0xFC, 0x00, 0x3F, 0xFC, 0x00, 0x3F, 0xFC, 0x00, 0x7F, 0xFC, 0x00, 0xFE, 0xFF, 0xFF, 0xFE, 0xFF, 0xFF, 0xFC, 0xFF, 0xFF, 0xF8, 0xFF, 0xFF, 0xF0, 0x7F, 0xFF, 0xC0, 

/* Symbol 0x63, offset 9808 */
    19, 57, 26,
    0x03, 0xFF, 0xE0, 0x0F, 0xFF, 0xE0, 0x1F, 0xFF, 0xE0, 0x3F, 0xFF, 0xE0, 0x7F, 0xFF, 0xE0, 0x7F, 0x00, 0x00, 0xFE, 0x00, 0x00, 0xFC, 0x00, 0x00, 0xFC, 0x00, 0x00, 0xFC, 0x00, 0x00, 0xFC, 0x00, 0x00, 0xFC, 0x00, 0x00, 0xFC, 0x00, 0x00, 0xFC, 0x00, 0x00, 0xFC, 0x00, 0x00, 0xFC, 0x00, 0x00, 0xFC, 0x00, 0x00, 0xFC, 0x00, 0x00, 0xFC, 0x00, 0x00, 0xFC, 0x00, 0x00, 0xFC, 0x00, 0x00, 0xFC, 0x00, 0x00, 0xFC, 0x00, 0x00, 0xFC, 0x00, 0x00, 0xFE, 0x00, 0x00, 0x7F, 0x00, 0x00, 0x7F, 0xFF, 0xE0, 0x3F, 0xFF, 0xE0, 0x1F, 0xFF, 0xE0, 0x0F, 0xFF, 0xE0, 0x03, 0xFF, 0xE0, 

/* Symbol 0x64, offset 9904 */
    24, 57, 13,
    0x00, 0x00, 0x1E, 0x00, 0x00, 0x3F, 0x00, 0x00, 0x3F, 0x00, 0x00, 0x3F, 0x00, 0x00, 0x3F, 0x00, 0x00, 0x3F, 0x00, 0x00, 0x3F, 0x00, 0x00, 0x3F, 0x00, 0x00, 0x3F, 0x00, 0x00, 0x3F, 0x00, 0x00, 0x3F, 0x00, 0x00, 0x3F, 0x00, 0x00, 0x3F, 0x03, 0xFF, 0xFF, 0x0F, 0xFF, 0xFF, 0x1F, 0xFF, 0xFF, 0x3F, 0xFF, 0xFF, 0x7F, 0xFF, 0xFF, 0x7F, 0x00, 0x3F, 0xFE, 0x00, 0x3F, 0xFC, 0x00, 0x3F, 0xFC, 0x00, 0x3F, 0xFC, 0x00, 0x3F, 0xFC, 0x00, 0x3F, 0xFC, 0x00, 0x3F, 0xFC, 0x00, 0x3F, 0xFC, 0x00, 0x3F, 0xFC, 0x00, 0x3F, 0xFC, 0x00, 0x3F, 0xFC, 0x00, 0x3F, 0xFC, 0x00, 0x3F, 0xFC, 0x00, 0x3F, 0xFC, 0x00, 0x3F, 0xFC, 0x00, 0x3F, 0xFC, 0x00, 0x3F, 0xFC, 0x00, 0x3F, 0xFC, 0x00, 0x3F, 0xFE, 0x00, 0x3F, 0x7F, 0x00, 0x3F, 0x7F, 0xFF, 0xFF, 0x3F, 0xFF, 0xFF, 0x1F, 0xFF, 0xFF, 0x0F, 0xFF, 0xFF, 0x03, 0xFF, 0xFE, 

/* Symbol 0x65, offset 10039 */
    24, 57, 26,
    0x03, 0xFF, 0xC0, 0x0F, 0xFF, 0xF0, 0x1F, 0xFF, 0xF8, 0x3F, 0xFF, 0xFC, 0x7F, 0xFF, 0xFE, 0x7F, 0x00, 0xFE, 0xFE, 0x00, 0x7F, 0xFC, 0x00, 0x3F, 0xFC, 0x00, 0x3F, 0xFC, 0x00, 0x3F, 0xFC, 0x00, 0x3F, 0xFC, 0x00, 0x3F, 0xFC, 0x00, 0x3F, 0xFF, 0xFF, 0xFF, 0xFF, 0xFF, 0xFF, 0xFF, 0xFF, 0xFF, 0xFF, 0xFF, 0xFF, 0xFF, 0xFF, 0xFE, 0xFC, 0x00, 0x00, 0xFC, 0x00, 0x00, 0xFC, 0x00, 0x00, 0xFC, 0x00, 0x00, 0xFC, 0x00, 0x00, 0xFC, 0x00, 0x00, 0xFE, 0x00, 0x00, 0x7F, 0x00, 0x00, 0x7F, 0xFF, 0xFE, 0x3F, 0xFF, 0xFF, 0x1F, 0xFF, 0xFF, 0x0F, 0xFF, 0xFF, 0x03, 0xFF, 0xFE, 

/* Symbol 0x66, offset 10135 */
    19, 57, 13,
    0x00, 0x3F, 0xE0, 0x00, 0xFF, 0xE0, 0x01, 0xFF, 0xE0, 0x03, 0xFF, 0xE0, 0x07, 0xFF, 0xE0, 0x07, 0xF0, 0x00, 0x0F, 0xE0, 0x00, 0x0F, 0xC0, 0x00, 0x0F, 0xC0, 0x00, 0x0F, 0xC0, 0x00, 0x0F, 0xC0, 0x00, 0x0F, 0xC0, 0x00, 0x0F, 0xC0, 0x00, 0x7F, 0xFF, 0xE0, 0xFF, 0xFF, 0xE0, 0xFF, 0xFF, 0xE0, 0xFF, 0xFF, 0xE0, 0x7F, 0xFF, 0xE0, 0x0F, 0xC0, 0x00, 0x0F, 0xC0, 0x00, 0x0F, 0xC0, 0x00, 0x0F, 0xC0, 0x00, 0x0F, 0xC0, 0x00, 0x0F, 0xC0, 0x00, 0x0F, 0xC0, 0x00, 0x0F, 0xC0, 0x00, 0x0F, 0xC0, 0x00, 0x0F, 0xC0, 0x00, 0x0F, 0xC0, 0x00, 0x0F, 0xC0, 0x00, 0x0F, 0xC0, 0x00, 0x0F, 0xC0, 0x00, 0x0F, 0xC0, 0x00, 0x0F, 0xC0, 0x00, 0x0F, 0xC0, 0x00, 0x0F, 0xC0, 0x00, 0x0F, 0xC0, 0x00, 0x0F, 0xC0, 0x00, 0x0F, 0xC0, 0x00, 0x0F, 0xC0, 0x00, 0x0F, 0xC0, 0x00, 0x0F, 0xC0, 0x00, 0x0F, 0xC0, 0x00, 0x07, 0x80, 0x00, 

/* Symbol 0x67, offset 10270 */
    24, 70, 26,
    0x03, 0xFF, 0xFE, 0x0F, 0xFF, 0xFF, 0x1F, 0xFF, 0xFF, 0x3F, 0xFF, 0xFF, 0x7F, 0xFF, 0xFF, 0x7F, 0x00, 0x3F, 0xFE, 0x00, 0x3F, 0xFC, 0x00, 0x3F, 0xFC, 0x00, 0x3F, 0xFC, 0x00, 0x3F, 0xFC, 0x00, 0x3F, 0xFC, 0x00, 0x3F, 0xFC, 0x00, 0x3F, 0xFC, 0x00, 0x3F, 0xFC, 0x00, 0x3F, 0xFC, 0x00, 0x3F, 0xFC, 0x00, 0x3F, 0xFC, 0x00, 0x3F, 0xFC, 0x00, 0x3F, 0xFC, 0x00, 0x3F, 0xFC, 0x00, 0x3F, 0xFC, 0x00, 0x3F, 0xFC, 0x00, 0x3F, 0xFC, 0x00, 0x3F, 0xFE, 0x00, 0x3F, 0x7F, 0x00, 0x3F, 0x7F, 0xFF, 0xFF, 0x3F, 0xFF, 0xFF, 0x1F, 0xFF, 0xFF, 0x0F, 0xFF, 0xFF, 0x03, 0xFF, 0xFF, 0x00, 0x00, 0x3F, 0x00, 0x00, 0x3F, 0x00, 0x00, 0x3F, 0x00, 0x00, 0x3F, 0x00, 0x00, 0x3F, 0x00, 0x00, 0x3F, 0x00, 0x00, 0x7F, 0x00, 0x00, 0xFE, 0x1F, 0xFF, 0xFE, 0x3F, 0xFF, 0xFC, 0x3F, 0xFF, 0xF8, 0x3F, 0xFF, 0xF0, 0x1F, 0xFF, 0xC0, 

/* Symbol 0x68, offset 10405 */
    24, 57, 13,
    0x78, 0x00, 0x00, 0xFC, 0x00, 0x00, 0xFC, 0x00, 0x00, 0xFC, 0x00, 0x00, 0xFC, 0x00, 0x00, 0xFC, 0x00, 0x00, 0xFC, 0x00, 0x00, 0xFC, 0x00, 0x00, 0xFC, 0x00, 0x00, 0xFC, 0x00, 0x00, 0xFC, 0x00, 0x00, 0xFC, 0x00, 0x00, 0xFC, 0x00, 0x00, 0xFF, 0xFF, 0xC0, 0xFF, 0xFF, 0xF0, 0xFF, 0xFF, 0xF8, 0xFF, 0xFF, 0xFC, 0xFF, 0xFF, 0xFE, 0xFC, 0x00, 0xFE, 0xFC, 0x00, 0x7F, 0xFC, 0x00, 0x3F, 0xFC, 0x00, 0x3F, 0xFC, 0x00, 0x3F, 0xFC, 0x00, 0x3F, 0xFC, 0x00, 0x3F, 0xFC, 0x00, 0x3F, 0xFC, 0x00, 0x3F, 0xFC, 0x00, 0x3F, 0xFC, 0x00, 0x3F, 0xFC, 0x00, 0x3F, 0xFC, 0x00, 0x3F, 0xFC, 0x00, 0x3F, 0xFC, 0x00, 0x3F, 0xFC, 0x00, 0x3F, 0xFC, 0x00, 0x3F, 0xFC, 0x00, 0x3F, 0xFC, 0x00, 0x3F, 0xFC, 0x00, 0x3F, 0xFC, 0x00, 0x3F, 0xFC, 0x00, 0x3F, 0xFC, 0x00, 0x3F, 0xFC, 0x00, 0x3F, 0xFC, 0x00, 0x3F, 0x78, 0x00, 0x1E, 

/* Symbol 0x69, offset 10540 */
    6, 57, 13,
    0x78, 0xFC, 0xFC, 0xFC, 0x78, 0x00, 0x00, 0x00, 0x00, 0x00, 0x00, 0x00, 0x00, 0x78, 0xFC, 0xFC, 0xFC, 0xFC, 0xFC, 0xFC, 0xFC, 0xFC, 0xFC, 0xFC, 0xFC, 0xFC, 0xFC, 0xFC, 0xFC, 0xFC, 0xFC, 0xFC, 0xFC, 0xFC, 0xFC, 0xFC, 0xFC, 0xFC, 0xFC, 0xFC, 0xFC, 0xFC, 0xFC, 0x78, 

/* Symbol 0x6A, offset 10587 */
    11, 70, 13,
    0x07, 0xE0, 0x07, 0xE0, 0x07, 0xE0, 0x07, 0xE0, 0x03, 0xC0, 0x00, 0x00, 0x00, 0x00, 0x00, 0x00, 0x00, 0x00, 0x00, 0x00, 0x00, 0x00, 0x00, 0x00, 0x00, 0x00, 0x07, 0xE0, 0x07, 0xE0, 0x07, 0xE0, 0x07, 0xE0, 0x07, 0xE0, 0x07, 0xE0, 0x07, 0xE0, 0x07, 0xE0, 0x07, 0xE0, 0x07, 0xE0, 0x07, 0xE0, 0x07, 0xE0, 0x07, 0xE0, 0x07, 0xE0, 0x07, 0xE0, 0x07, 0xE0, 0x07, 0xE0, 0x07, 0xE0, 0x07, 0xE0, 0x07, 0xE0, 0x07, 0xE0, 0x07, 0xE0, 0x07, 0xE0, 0x07, 0xE0, 0x07, 0xE0, 0x07, 0xE0, 0x07, 0xE0, 0x07, 0xE0, 0x07, 0xE0, 0x07, 0xE0, 0x07, 0xE0, 0x07, 0xE0, 0x07, 0xE0, 0x07, 0xE0, 0x07, 0xE0, 0x07, 0xE0, 0x07, 0xE0, 0x0F, 0xE0, 0x1F, 0xC0, 0xFF, 0xC0, 0xFF, 0x80, 0xFF, 0x00, 0xFE, 0x00, 0xF8, 0x00, 

/* Symbol 0x6B, offset 10704 */
    24, 57, 13,
    0x78, 0x00, 0x00, 0xFC, 0x00, 0x00, 0xFC, 0x00, 0x00, 0xFC, 0x00, 0x00, 0xFC, 0x00, 0x00, 0xFC, 0x00, 0x00, 0xFC, 0x00, 0x00, 0xFC, 0x00, 0x00, 0xFC, 0x00, 0x00, 0xFC, 0x00, 0x00, 0xFC, 0x00, 0x00, 0xFC, 0x00, 0x00, 0xFC, 0x00, 0x00, 0xFC, 0x00, 0x3E, 0xFC, 0x00, 0xFE, 0xFC, 0x01, 0xFF, 0xFC, 0x03, 0xFF, 0xFC, 0x0F, 0xFE, 0xFC, 0x1F, 0xFC, 0xFC, 0x3F, 0xF0, 0xFC, 0xFF, 0xE0, 0xFD, 0xFF, 0xC0, 0xFF, 0xFF, 0x00, 0xFF, 0xFE, 0x00, 0xFF, 0xFC, 0x00, 0xFF, 0xF8, 0x00, 0xFF, 0xF8, 0x00, 0xFF, 0xFC, 0x00, 0xFF, 0xFE, 0x00, 0xFF, 0xFF, 0x00, 0xFC, 0xFF, 0x00, 0xFC, 0x7F, 0x80, 0xFC, 0x3F, 0xC0, 0xFC, 0x3F, 0xE0, 0xFC, 0x1F, 0xE0, 0xFC, 0x0F, 0xF0, 0xFC, 0x07, 0xF8, 0xFC, 0x07, 0xFC, 0xFC, 0x03, 0xFC, 0xFC, 0x01, 0xFE, 0xFC, 0x00, 0xFF, 0xFC, 0x00, 0xFF, 0xFC, 0x00, 0x7E, 0x78, 0x00, 0x3E, 

/* Symbol 0x6C, offset 10839 */
    11, 57, 13,
    0x78, 0x00, 0xFC, 0x00, 0xFC, 0x00, 0xFC, 0x00, 0xFC, 0x00, 0xFC, 0x00, 0xFC, 0x00, 0xFC, 0x00, 0xFC, 0x00, 0xFC, 0x00, 0xFC, 0x00, 0xFC, 0x00, 0xFC, 0x00, 0xFC, 0x00, 0xFC, 0x00, 0xFC, 0x00, 0xFC, 0x00, 0xFC, 0x00, 0xFC, 0x00, 0xFC, 0x00, 0xFC, 0x00, 0xFC, 0x00, 0xFC, 0x00, 0xFC, 0x00, 0xFC, 0x00, 0xFC, 0x00, 0xFC, 0x00, 0xFC, 0x00, 0xFC, 0x00, 0xFC, 0x00, 0xFC, 0x00, 0xFC, 0x00, 0xFC, 0x00, 0xFC, 0x00, 0xFC, 0x00, 0xFC, 0x00, 0xFC, 0x00, 0xFC, 0x00, 0xFE, 0x00, 0xFF, 0xC0, 0x7F, 0xE0, 0x7F, 0xE0, 0x3F, 0xE0, 0x0F, 0xC0, 

/* Symbol 0x6D, offset 10930 */
    32, 57, 26,
    0x7F, 0xFF, 0xFF, 0xC0, 0xFF, 0xFF, 0xFF, 0xF0, 0xFF, 0xFF, 0xFF, 0xF8, 0xFF, 0xFF, 0xFF, 0xFC, 0xFF, 0xFF, 0xFF, 0xFE, 0xFC, 0x07, 0xE0, 0xFE, 0xFC, 0x07, 0xE0, 0x7F, 0xFC, 0x07, 0xE0, 0x3F, 0xFC, 0x07, 0xE0, 0x3F, 0xFC, 0x07, 0xE0, 0x3F, 0xFC, 0x07, 0xE0, 0x3F, 0xFC, 0x07, 0xE0, 0x3F, 0xFC, 0x07, 0xE0, 0x3F, 0xFC, 0x07, 0xE0, 0x3F, 0xFC, 0x07, 0xE0, 0x3F, 0xFC, 0x07, 0xE0, 0x3F, 0xFC, 0x07, 0xE0, 0x3F, 0xFC, 0x07, 0xE0, 0x3F, 0xFC, 0x07, 0xE0, 0x3F, 0xFC, 0x07, 0xE0, 0x3F, 0xFC, 0x07, 0xE0, 0x3F, 0xFC, 0x07, 0xE0, 0x3F, 0xFC, 0x07, 0xE0, 0x3F, 0xFC, 0x07, 0xE0, 0x3F, 0xFC, 0x07, 0xE0, 0x3F, 0xFC, 0x07, 0xE0, 0x3F, 0xFC, 0x07, 0xE0, 0x3F, 0xFC, 0x07, 0xE0, 0x3F, 0xFC, 0x07, 0xE0, 0x3F, 0xFC, 0x07, 0xE0, 0x3F, 0x78, 0x03, 0xC0, 0x1E, 

/* Symbol 0x6E, offset 11057 */
    24, 57, 26,
    0x7F, 0xFF, 0xC0, 0xFF, 0xFF, 0xF0, 0xFF, 0xFF, 0xF8, 0xFF, 0xFF, 0xFC, 0xFF, 0xFF, 0xFE, 0xFC, 0x00, 0xFE, 0xFC, 0x00, 0x7F, 0xFC, 0x00, 0x3F, 0xFC, 0x00, 0x3F, 0xFC, 0x00, 0x3F, 0xFC, 0x00, 0x3F, 0xFC, 0x00, 0x3F, 0xFC, 0x00, 0x3F, 0xFC, 0x00, 0x3F, 0xFC, 0x00, 0x3F, 0xFC, 0x00, 0x3F, 0xFC, 0x00, 0x3F, 0xFC, 0x00, 0x3F, 0xFC, 0x00, 0x3F, 0xFC, 0x00, 0x3F, 0xFC, 0x00, 0x3F, 0xFC, 0x00, 0x3F, 0xFC, 0x00, 0x3F, 0xFC, 0x00, 0x3F, 0xFC, 0x00, 0x3F, 0xFC, 0x00, 0x3F, 0xFC, 0x00, 0x3F, 0xFC, 0x00, 0x3F, 0xFC, 0x00, 0x3F, 0xFC, 0x00, 0x3F, 0x78, 0x00, 0x1E, 

/* Symbol 0x6F, offset 11153 */
    24, 57, 26,
    0x01, 0xFF, 0x80, 0x0F, 0xFF, 0xF0, 0x1F, 0xFF, 0xF8, 0x3F, 0xFF, 0xFC, 0x7F, 0xFF, 0xFE, 0x7F, 0x81, 0xFE, 0xFF, 0x00, 0xFF, 0xFE, 0x00, 0x7F, 0xFC, 0x00, 0x3F, 0xFC, 0x00, 0x3F, 0xFC, 0x00, 0x3F, 0xFC, 0x00, 0x3F, 0xFC, 0x00, 0x3F, 0xFC, 0x00, 0x3F, 0xFC, 0x00, 0x3F, 0xFC, 0x00, 0x3F, 0xFC, 0x00, 0x3F, 0xFC, 0x00, 0x3F, 0xFC, 0x00, 0x3F, 0xFC, 0x00, 0x3F, 0xFC, 0x00, 0x3F, 0xFC, 0x00, 0x3F, 0xFC, 0x00, 0x3F, 0xFE, 0x00, 0x7F, 0xFF, 0x00, 0xFF, 0x7F, 0x81, 0xFE, 0x7F, 0xFF, 0xFE, 0x3F, 0xFF, 0xFC, 0x1F, 0xFF, 0xF8, 0x0F, 0xFF, 0xF0, 0x01, 0xFF, 0xC0, 

/* Symbol 0x70, offset 11249 */
    24, 70, 26,
    0x7F, 0xFF, 0xC0, 0xFF, 0xFF, 0xF0, 0xFF, 0xFF, 0xF8, 0xFF, 0xFF, 0xFC, 0xFF, 0xFF, 0xFE, 0xFC, 0x00, 0xFE, 0xFC, 0x00, 0x7F, 0xFC, 0x00, 0x3F, 0xFC, 0x00, 0x3F, 0xFC, 0x00, 0x3F, 0xFC, 0x00, 0x3F, 0xFC, 0x00, 0x3F, 0xFC, 0x00, 0x3F, 0xFC, 0x00, 0x3F, 0xFC, 0x00, 0x3F, 0xFC, 0x00, 0x3F, 0xFC, 0x00, 0x3F, 0xFC, 0x00, 0x3F, 0xFC, 0x00, 0x3F, 0xFC, 0x00, 0x3F, 0xFC, 0x00, 0x3F, 0xFC, 0x00, 0x3F, 0xFC, 0x00, 0x3F, 0xFC, 0x00, 0x3F, 0xFC, 0x00, 0x7F, 0xFC, 0x00, 0xFE, 0xFF, 0xFF, 0xFE, 0xFF, 0xFF, 0xFC, 0xFF, 0xFF, 0xF8, 0xFF, 0xFF, 0xF0, 0xFF, 0xFF, 0xC0, 0xFC, 0x00, 0x00, 0xFC, 0x00, 0x00, 0xFC, 0x00, 0x00, 0xFC, 0x00, 0x00, 0xFC, 0x00, 0x00, 0xFC, 0x00, 0x00, 0xFC, 0x00, 0x00, 0xFC, 0x00, 0x00, 0xFC, 0x00, 0x00, 0xFC, 0x00, 0x00, 0xFC, 0x00, 0x00, 0xFC, 0x00, 0x00, 0x78, 0x00, 0x00, 

/* Symbol 0x71, offset 11384 */
    24, 70, 26,
    0x03, 0xFF, 0xFE, 0x0F, 0xFF, 0xFF, 0x1F, 0xFF, 0xFF, 0x3F, 0xFF, 0xFF, 0x7F, 0xFF, 0xFF, 0x7F, 0x00, 0x3F, 0xFE, 0x00, 0x3F, 0xFC, 0x00, 0x3F, 0xFC, 0x00, 0x3F, 0xFC, 0x00, 0x3F, 0xFC, 0x00, 0x3F, 0xFC, 0x00, 0x3F, 0xFC, 0x00, 0x3F, 0xFC, 0x00, 0x3F, 0xFC, 0x00, 0x3F, 0xFC, 0x00, 0x3F, 0xFC, 0x00, 0x3F, 0xFC, 0x00, 0x3F, 0xFC, 0x00, 0x3F, 0xFC, 0x00, 0x3F, 0xFC, 0x00, 0x3F, 0xFC, 0x00, 0x3F, 0xFC, 0x00, 0x3F, 0xFC, 0x00, 0x3F, 0xFE, 0x00, 0x3F, 0x7F, 0x00, 0x3F, 0x7F, 0xFF, 0xFF, 0x3F, 0xFF, 0xFF, 0x1F, 0xFF, 0xFF, 0x0F, 0xFF, 0xFF, 0x03, 0xFF, 0xFF, 0x00, 0x00, 0x3F, 0x00, 0x00, 0x3F, 0x00, 0x00, 0x3F, 0x00, 0x00, 0x3F, 0x00, 0x00, 0x3F, 0x00, 0x00, 0x3F, 0x00, 0x00, 0x3F, 0x00, 0x00, 0x3F, 0x00, 0x00, 0x3F, 0x00, 0x00, 0x3F, 0x00, 0x00, 0x3F, 0x00, 0x00, 0x3F, 0x00, 0x00, 0x1E, 

/* Symbol 0x72, offset 11519 */
    19, 57, 26,
    0x7F, 0xFE, 0x00, 0xFF, 0xFF, 0x80, 0xFF, 0xFF, 0xC0, 0xFF, 0xFF, 0xC0, 0xFF, 0xFF, 0xE0, 0xFC, 0x0F, 0xE0, 0xFC, 0x07, 0xE0, 0xFC, 0x07, 0xE0, 0xFC, 0x07, 0xE0, 0xFC, 0x00, 0x00, 0xFC, 0x00, 0x00, 0xFC, 0x00, 0x00, 0xFC, 0x00, 0x00, 0xFC, 0x00, 0x00, 0xFC, 0x00, 0x00, 0xFC, 0x00, 0x00, 0xFC, 0x00, 0x00, 0xFC, 0x00, 0x00, 0xFC, 0x00, 0x00, 0xFC, 0x00, 0x00, 0xFC, 0x00, 0x00, 0xFC, 0x00, 0x00, 0xFC, 0x00, 0x00, 0xFC, 0x00, 0x00, 0xFC, 0x00, 0x00, 0xFC, 0x00, 0x00, 0xFC, 0x00, 0x00, 0xFC, 0x00, 0x00, 0xFC, 0x00, 0x00, 0xFC, 0x00, 0x00, 0x78, 0x00, 0x00, 

/* Symbol 0x73, offset 11615 */
    23, 57, 26,
    0x01, 0xFF, 0x80, 0x0F, 0xFF, 0xF0, 0x3F, 0xFF, 0xFC, 0x7F, 0xFF, 0xFE, 0x7F, 0xFF, 0xFE, 0xFF, 0x83, 0xFE, 0xFE, 0x00, 0x7E, 0xFC, 0x00, 0x00, 0xFE, 0x00, 0x00, 0xFF, 0x80, 0x00, 0xFF, 0xC0, 0x00, 0x7F, 0xF0, 0x00, 0x3F, 0xF8, 0x00, 0x1F, 0xFE, 0x00, 0x0F, 0xFF, 0x00, 0x03, 0xFF, 0xC0, 0x01, 0xFF, 0xE0, 0x00, 0x7F, 0xF8, 0x00, 0x1F, 0xFC, 0x00, 0x0F, 0xFC, 0x00, 0x03, 0xFE, 0x00, 0x01, 0xFE, 0x00, 0x00, 0x7E, 0x00, 0x00, 0x7E, 0x7C, 0x00, 0xFE, 0xFF, 0x07, 0xFE, 0xFF, 0xFF, 0xFC, 0xFF, 0xFF, 0xFC, 0x7F, 0xFF, 0xF0, 0x1F, 0xFF, 0xE0, 0x03, 0xFF, 0x00, 

/* Symbol 0x74, offset 11711 */
    19, 57, 13,
    0x03, 0xC0, 0x00, 0x07, 0xE0, 0x00, 0x07, 0xE0, 0x00, 0x07, 0xE0, 0x00, 0x07, 0xE0, 0x00, 0x07, 0xE0, 0x00, 0x07, 0xE0, 0x00, 0x07, 0xE0, 0x00, 0x07, 0xE0, 0x00, 0x07, 0xE0, 0x00, 0x07, 0xE0, 0x00, 0x07, 0xE0, 0x00, 0x07, 0xE0, 0x00, 0x7F, 0xFF, 0xE0, 0xFF, 0xFF, 0xE0, 0xFF, 0xFF, 0xE0, 0xFF, 0xFF, 0xE0, 0x7F, 0xFF, 0xE0, 0x07, 0xE0, 0x00, 0x07, 0xE0, 0x00, 0x07, 0xE0, 0x00, 0x07, 0xE0, 0x00, 0x07, 0xE0, 0x00, 0x07, 0xE0, 0x00, 0x07, 0xE0, 0x00, 0x07, 0xE0, 0x00, 0x07, 0xE0, 0x00, 0x07, 0xE0, 0x00, 0x07, 0xE0, 0x00, 0x07, 0xE0, 0x00, 0x07, 0xE0, 0x00, 0x07, 0xE0, 0x00, 0x07, 0xE0, 0x00, 0x07, 0xE0, 0x00, 0x07, 0xE0, 0x00, 0x07, 0xE0, 0x00, 0x07, 0xE0, 0x00, 0x07, 0xE0, 0x00, 0x07, 0xE0, 0x00, 0x07, 0xE0, 0x00, 0x07, 0xE0, 0x00, 0x07, 0xE0, 0x00, 0x07, 0xE0, 0x00, 0x03, 0xC0, 0x00, 

/* Symbol 0x75, offset 11846 */
    24, 57, 26,
    0x78, 0x00, 0x1E, 0xFC, 0x00, 0x3F, 0xFC, 0x00, 0x3F, 0xFC, 0x00, 0x3F, 0xFC, 0x00, 0x3F, 0xFC, 0x00, 0x3F, 0xFC, 0x00, 0x3F, 0xFC, 0x00, 0x3F, 0xFC, 0x00, 0x3F, 0xFC, 0x00, 0x3F, 0xFC, 0x00, 0x3F, 0xFC, 0x00, 0x3F, 0xFC, 0x00, 0x3F, 0xFC, 0x00, 0x3F, 0xFC, 0x00, 0x3F, 0xFC, 0x00, 0x3F, 0xFC, 0x00, 0x3F, 0xFC, 0x00, 0x3F, 0xFC, 0x00, 0x3F, 0xFC, 0x00, 0x3F, 0xFC, 0x00, 0x3F, 0xFC, 0x00, 0x3F, 0xFC, 0x00, 0x3F, 0xFC, 0x00, 0x3F, 0xFE, 0x00, 0x3F, 0x7F, 0x00, 0x3F, 0x7F, 0xFF, 0xFF, 0x3F, 0xFF, 0xFF, 0x1F, 0xFF, 0xFF, 0x0F, 0xFF, 0xFF, 0x03, 0xFF, 0xFE, 

/* Symbol 0x76, offset 11942 */
    24, 57, 26,
    0x7C, 0x00, 0x3E, 0xFE, 0x00, 0x3F, 0xFE, 0x00, 0x7F, 0xFE, 0x00, 0x7F, 0x7F, 0x00, 0x7E, 0x7F, 0x00, 0xFE, 0x7F, 0x00, 0xFE, 0x3F, 0x80, 0xFC, 0x3F, 0x81, 0xFC, 0x3F, 0x81, 0xFC, 0x1F, 0xC1, 0xF8, 0x1F, 0xC3, 0xF8, 0x1F, 0xC3, 0xF8, 0x0F, 0xE3, 0xF0, 0x0F, 0xE7, 0xF0, 0x0F, 0xE7, 0xF0, 0x07, 0xF7, 0xE0, 0x07, 0xFF, 0xE0, 0x07, 0xFF, 0xE0, 0x03, 0xFF, 0xC0, 0x03, 0xFF, 0xC0, 0x03, 0xFF, 0xC0, 0x01, 0xFF, 0x80, 0x01, 0xFF, 0x80, 0x01, 0xFF, 0x80, 0x00, 0xFF, 0x00, 0x00, 0xFF, 0x00, 0x00, 0xFF, 0x00, 0x00, 0x7E, 0x00, 0x00, 0x7E, 0x00, 0x00, 0x3C, 0x00, 

/* Symbol 0x77, offset 12038 */
    32, 57, 26,
    0x7C, 0x00, 0x00, 0x1F, 0xFE, 0x00, 0x00, 0x3F, 0xFE, 0x00, 0x00, 0x3F, 0xFE, 0x00, 0x00, 0x3F, 0x7E, 0x00, 0x00, 0x7F, 0x7F, 0x00, 0x00, 0x7F, 0x7F, 0x00, 0x00, 0x7F, 0x7F, 0x00, 0x00, 0x7E, 0x3F, 0x03, 0xE0, 0xFE, 0x3F, 0x87, 0xE0, 0xFE, 0x3F, 0x87, 0xF0, 0xFE, 0x3F, 0x87, 0xF0, 0xFC, 0x1F, 0x8F, 0xF1, 0xFC, 0x1F, 0xCF, 0xF9, 0xFC, 0x1F, 0xDF, 0xF9, 0xFC, 0x1F, 0xDF, 0xFD, 0xF8, 0x0F, 0xDF, 0xFF, 0xF8, 0x0F, 0xFF, 0xFF, 0xF8, 0x0F, 0xFF, 0xFF, 0xF8, 0x0F, 0xFF, 0xFF, 0xF0, 0x07, 0xFF, 0xFF, 0xF0, 0x07, 0xFF, 0x7F, 0xF0, 0x07, 0xFF, 0x7F, 0xF0, 0x07, 0xFE, 0x3F, 0xE0, 0x03, 0xFE, 0x3F, 0xE0, 0x03, 0xFC, 0x3F, 0xE0, 0x03, 0xFC, 0x1F, 0xE0, 0x03, 0xFC, 0x1F, 0xC0, 0x01, 0xF8, 0x0F, 0xC0, 0x01, 0xF8, 0x0F, 0xC0, 0x00, 0xF0, 0x07, 0x80, 

/* Symbol 0x78, offset 12165 */
    23, 57, 26,
    0x78, 0x00, 0x7C, 0xFC, 0x00, 0x7E, 0xFE, 0x00, 0xFE, 0xFF, 0x01, 0xFE, 0xFF, 0x01, 0xFE, 0x7F, 0x83, 0xFC, 0x3F, 0xC7, 0xF8, 0x3F, 0xC7, 0xF8, 0x1F, 0xEF, 0xF0, 0x0F, 0xFF, 0xE0, 0x0F, 0xFF, 0xE0, 0x07, 0xFF, 0xC0, 0x03, 0xFF, 0x80, 0x03, 0xFF, 0x80, 0x01, 0xFF, 0x00, 0x00, 0xFE, 0x00, 0x01, 0xFF, 0x00, 0x03, 0xFF, 0x80, 0x03, 0xFF, 0x80, 0x07, 0xFF, 0xC0, 0x0F, 0xFF, 0xE0, 0x0F, 0xFF, 0xE0, 0x1F, 0xEF, 0xF0, 0x3F, 0xC7, 0xF8, 0x3F, 0xC7, 0xF8, 0x7F, 0x83, 0xFC, 0xFF, 0x01, 0xFE, 0xFF, 0x01, 0xFE, 0xFE, 0x00, 0xFE, 0xFC, 0x00, 0x7E, 0x7C, 0x00, 0x3C, 

/* Symbol 0x79, offset 12261 */
    23, 70, 26,
    0x78, 0x00, 0x3E, 0xFC, 0x00, 0x7E, 0xFC, 0x00, 0x7E, 0xFE, 0x00, 0x7E, 0xFE, 0x00, 0xFE, 0xFE, 0x00, 0xFE, 0x7F, 0x00, 0xFC, 0x7F, 0x01, 0xFC, 0x7F, 0x01, 0xFC, 0x3F, 0x81, 0xFC, 0x3F, 0x83, 0xF8, 0x3F, 0x83, 0xF8, 0x1F, 0xC3, 0xF8, 0x1F, 0xC7, 0xF0, 0x1F, 0xC7, 0xF0, 0x0F, 0xE7, 0xF0, 0x0F, 0xEF, 0xE0, 0x0F, 0xEF, 0xE0, 0x0F, 0xEF, 0xE0, 0x07, 0xFF, 0xC0, 0x07, 0xFF, 0xC0, 0x07, 0xFF, 0xC0, 0x03, 0xFF, 0x80, 0x03, 0xFF, 0x80, 0x03, 0xFF, 0x80, 0x01, 0xFF, 0x80, 0x01, 0xFF, 0x00, 0x01, 0xFF, 0x00, 0x00, 0xFF, 0x00, 0x00, 0xFE, 0x00, 0x00, 0xFE, 0x00, 0x00, 0xFE, 0x00, 0x00, 0xFC, 0x00, 0x01, 0xFC, 0x00, 0x01, 0xFC, 0x00, 0x01, 0xF8, 0x00, 0x03, 0xF8, 0x00, 0x03, 0xF8, 0x00, 0x07, 0xF0, 0x00, 0x7F, 0xF0, 0x00, 0xFF, 0xF0, 0x00, 0xFF, 0xE0, 0x00, 0xFF, 0xC0, 0x00, 0x7F, 0x80, 0x00, 

/* Symbol 0x7A, offset 12396 */
    24, 57, 26,
    0x7F, 0xFF, 0xFF, 0xFF, 0xFF, 0xFF, 0xFF, 0xFF, 0xFF, 0xFF, 0xFF, 0xFF, 0x7F, 0xFF, 0xFE, 0x00, 0x01, 0xFE, 0x00, 0x03, 0xFC, 0x00, 0x07, 0xF8, 0x00, 0x07, 0xF8, 0x00, 0x0F, 0xF0, 0x00, 0x1F, 0xE0, 0x00, 0x1F, 0xE0, 0x00, 0x3F, 0xC0, 0x00, 0x7F, 0x80, 0x00, 0x7F, 0x80, 0x00, 0xFF, 0x00, 0x01, 0xFE, 0x00, 0x01, 0xFE, 0x00, 0x03, 0xFC, 0x00, 0x07, 0xF8, 0x00, 0x07, 0xF8, 0x00, 0x0F, 0xF0, 0x00, 0x1F, 0xE0, 0x00, 0x1F, 0xE0, 0x00, 0x3F, 0xC0, 0x00, 0x7F, 0xC0, 0x00, 0x7F, 0xFF, 0xFE, 0xFF, 0xFF, 0xFF, 0xFF, 0xFF, 0xFF, 0xFF, 0xFF, 0xFF, 0x7F, 0xFF, 0xFE, 

/* Symbol 0x7B, offset 12492 */
    14, 61, 9,
    0x00, 0xF8, 0x01, 0xFC, 0x03, 0xFC, 0x07, 0xFC, 0x0F, 0xF8, 0x0F, 0xE0, 0x0F, 0xC0, 0x0F, 0xC0, 0x0F, 0xC0, 0x0F, 0xC0, 0x0F, 0xC0, 0x0F, 0xC0, 0x0F, 0xC0, 0x0F, 0xC0, 0x0F, 0xC0, 0x0F, 0xC0, 0x0F, 0xC0, 0x0F, 0xC0, 0x0F, 0xC0, 0x0F, 0xC0, 0x0F, 0xC0, 0x0F, 0xC0, 0x1F, 0xC0, 0x7F, 0xC0, 0xFF, 0xC0, 0xFF, 0x80, 0xFF, 0x80, 0x7F, 0xC0, 0x1F, 0xC0, 0x0F, 0xC0, 0x0F, 0xC0, 0x0F, 0xC0, 0x0F, 0xC0, 0x0F, 0xC0, 0x0F, 0xC0, 0x0F, 0xC0, 0x0F, 0xC0, 0x0F, 0xC0, 0x0F, 0xC0, 0x0F, 0xC0, 0x0F, 0xC0, 0x0F, 0xC0, 0x0F, 0xC0, 0x0F, 0xC0, 0x0F, 0xC0, 0x0F, 0xC0, 0x0F, 0xE0, 0x0F, 0xF8, 0x07, 0xFC, 0x07, 0xFC, 0x03, 0xFC, 0x00, 0xF8, 

/* Symbol 0x7C, offset 12599 */
    6, 57, 13,
    0x78, 0xFC, 0xFC, 0xFC, 0xFC, 0xFC, 0xFC, 0xFC, 0xFC, 0xFC, 0xFC, 0xFC, 0xFC, 0xFC, 0xFC, 0xFC, 0xFC, 0xFC, 0xFC, 0xFC, 0xFC, 0xFC, 0xFC, 0xFC, 0xFC, 0xFC, 0xFC, 0xFC, 0xFC, 0xFC, 0xFC, 0xFC, 0xFC, 0xFC, 0xFC, 0xFC, 0xFC, 0xFC, 0xFC, 0xFC, 0xFC, 0xFC, 0xFC, 0x78, 

/* Symbol 0x7D, offset 12646 */
    14, 61, 9,
    0x7C, 0x00, 0xFE, 0x00, 0xFF, 0x00, 0xFF, 0x80, 0x7F, 0xC0, 0x1F, 0xC0, 0x0F, 0xC0, 0x0F, 0xC0, 0x0F, 0xC0, 0x0F, 0xC0, 0x0F, 0xC0, 0x0F, 0xC0, 0x0F, 0xC0, 0x0F, 0xC0, 0x0F, 0xC0, 0x0F, 0xC0, 0x0F, 0xC0, 0x0F, 0xC0, 0x0F, 0xC0, 0x0F, 0xC0, 0x0F, 0xC0, 0x0F, 0xC0, 0x0F, 0xE0, 0x0F, 0xF8, 0x0F, 0xFC, 0x07, 0xFC, 0x0F, 0xFC, 0x0F, 0xF8, 0x0F, 0xE0, 0x0F, 0xC0, 0x0F, 0xC0, 0x0F, 0xC0, 0x0F, 0xC0, 0x0F, 0xC0, 0x0F, 0xC0, 0x0F, 0xC0, 0x0F, 0xC0, 0x0F, 0xC0, 0x0F, 0xC0, 0x0F, 0xC0, 0x0F, 0xC0, 0x0F, 0xC0, 0x0F, 0xC0, 0x0F, 0xC0, 0x0F, 0xC0, 0x0F, 0xC0, 0x1F, 0xC0, 0x7F, 0xC0, 0xFF, 0x80, 0xFF, 0x80, 0xFF, 0x00, 0x7C, 0x00, 

/* Symbol 0x7E, offset 12753 */
    28, 47, 36,
    0x07, 0xF8, 0x00, 0x00, 0x1F, 0xFE, 0x00, 0x00, 0x3F, 0xFF, 0x00, 0x00, 0x7F, 0xFF, 0x83, 0xE0, 0xFF, 0xFF, 0xE7, 0xF0, 0xFF, 0x3F, 0xFF, 0xF0, 0xFE, 0x1F, 0xFF, 0xF0, 0x7C, 0x0F, 0xFF, 0xF0, 0x00, 0x07, 0xFF, 0xE0, 0x00, 0x03, 0xFF, 0xC0, 0x00, 0x00, 0xFF, 0x00, 

/* Symbol 0x7F, offset 12800 */
    17, 56, 11,
    0xFF, 0xFF, 0x80, 0xFF, 0xFF, 0x80, 0xFF, 0xFF, 0x80, 0xFF, 0xFF, 0x80, 0xFC, 0x0F, 0x80, 0xFC, 0x0F, 0x80, 0xFC, 0x0F, 0x80, 0xFC, 0x0F, 0x80, 0xFC, 0x0F, 0x80, 0xFC, 0x0F, 0x80, 0xFC, 0x0F, 0x80, 0xFC, 0x0F, 0x80, 0xFC, 0x0F, 0x80, 0xFC, 0x0F, 0x80, 0xFC, 0x0F, 0x80, 0xFC, 0x0F, 0x80, 0xFC, 0x0F, 0x80, 0xFC, 0x0F, 0x80, 0xFC, 0x0F, 0x80, 0xFC, 0x0F, 0x80, 0xFC, 0x0F, 0x80, 0xFC, 0x0F, 0x80, 0xFC, 0x0F, 0x80, 0xFC, 0x0F, 0x80, 0xFC, 0x0F, 0x80, 0xFC, 0x0F, 0x80, 0xFC, 0x0F, 0x80, 0xFC, 0x0F, 0x80, 0xFC, 0x0F, 0x80, 0xFC, 0x0F, 0x80, 0xFC, 0x0F, 0x80, 0xFC, 0x0F, 0x80, 0xFC, 0x0F, 0x80, 0xFC, 0x0F, 0x80, 0xFC, 0x0F, 0x80, 0xFC, 0x0F, 0x80, 0xFC, 0x0F, 0x80, 0xFC, 0x0F, 0x80, 0xFC, 0x0F, 0x80, 0xFC, 0x0F, 0x80, 0xFC, 0x0F, 0x80, 0xFF, 0xFF, 0x80, 0xFF, 0xFF, 0x80, 0xFF, 0xFF, 0x80, 0xFF, 0xFF, 0x80, 

/* Symbol 0xC0, offset 12938 */
    32, 57, 13,
    0x00, 0x07, 0xC0, 0x00, 0x00, 0x07, 0xE0, 0x00, 0x00, 0x0F, 0xE0, 0x00, 0x00, 0x0F, 0xE0, 0x00, 0x00, 0x0F, 0xF0, 0x00, 0x00, 0x1F, 0xF0, 0x00, 0x00, 0x1F, 0xF0, 0x00, 0x00, 0x1F, 0xF8, 0x00, 0x00, 0x3F, 0xF8, 0x00, 0x00, 0x3F, 0xF8, 0x00, 0x00, 0x3F, 0xFC, 0x00, 0x00, 0x7F, 0xFC, 0x00, 0x00, 0x7F, 0xFC, 0x00, 0x00, 0x7F, 0xFE, 0x00, 0x00, 0xFE, 0xFE, 0x00, 0x00, 0xFE, 0xFE, 0x00, 0x00, 0xFE, 0x7F, 0x00, 0x01, 0xFC, 0x7F, 0x00, 0x01, 0xFC, 0x7F, 0x00, 0x01, 0xFC, 0x3F, 0x80, 0x03, 0xF8, 0x3F, 0x80, 0x03, 0xF8, 0x3F, 0x80, 0x03, 0xF8, 0x1F, 0xC0, 0x07, 0xF0, 0x1F, 0xC0, 0x07, 0xF0, 0x1F, 0xC0, 0x07, 0xF0, 0x0F, 0xE0, 0x0F, 0xE0, 0x0F, 0xE0, 0x0F, 0xE0, 0x0F, 0xE0, 0x0F, 0xE0, 0x07, 0xF0, 0x1F, 0xFF, 0xFF, 0xF0, 0x1F, 0xFF, 0xFF, 0xF0, 0x1F, 0xFF, 0xFF, 0xF8, 0x3F, 0xFF, 0xFF, 0xF8, 0x3F, 0xFF, 0xFF, 0xF8, 0x3F, 0x80, 0x01, 0xFC, 0x7F, 0x00, 0x01, 0xFC, 0x7F, 0x00, 0x01, 0xFC, 0x7F, 0x00, 0x00, 0xFE, 0xFE, 0x00, 0x00, 0xFE, 0xFE, 0x00, 0x00, 0xFE, 0xFE, 0x00, 0x00, 0x7F, 0xFC, 0x00, 0x00, 0x7F, 0xFC, 0x00, 0x00, 0x3F, 0xF8, 0x00, 0x00, 0x3E, 

/* Symbol 0xC1, offset 13117 */
    28, 57, 13,
    0x7F, 0xFF, 0xFE, 0x00, 0xFF, 0xFF, 0xFE, 0x00, 0xFF, 0xFF, 0xFE, 0x00, 0xFF, 0xFF, 0xFE, 0x00, 0xFF, 0xFF, 0xFE, 0x00, 0xFC, 0x00, 0x00, 0x00, 0xFC, 0x00, 0x00, 0x00, 0xFC, 0x00, 0x00, 0x00, 0xFC, 0x00, 0x00, 0x00, 0xFC, 0x00, 0x00, 0x00, 0xFC, 0x00, 0x00, 0x00, 0xFC, 0x00, 0x00, 0x00, 0xFC, 0x00, 0x00, 0x00, 0xFC, 0x00, 0x00, 0x00, 0xFC, 0x00, 0x00, 0x00, 0xFC, 0x00, 0x00, 0x00, 0xFC, 0x00, 0x00, 0x00, 0xFF, 0xFF, 0xFC, 0x00, 0xFF, 0xFF, 0xFF, 0x00, 0xFF, 0xFF, 0xFF, 0x80, 0xFF, 0xFF, 0xFF, 0xC0, 0xFF, 0xFF, 0xFF, 0xE0, 0xFC, 0x00, 0x0F, 0xE0, 0xFC, 0x00, 0x07, 0xF0, 0xFC, 0x00, 0x03, 0xF0, 0xFC, 0x00, 0x03, 0xF0, 0xFC, 0x00, 0x03, 0xF0, 0xFC, 0x00, 0x03, 0xF0, 0xFC, 0x00, 0x03, 0xF0, 0xFC, 0x00, 0x03, 0xF0, 0xFC, 0x00, 0x03, 0xF0, 0xFC, 0x00, 0x03, 0xF0, 0xFC, 0x00, 0x03, 0xF0, 0xFC, 0x00, 0x03, 0xF0, 0xFC, 0x00, 0x03, 0xF0, 0xFC, 0x00, 0x03, 0xF0, 0xFC, 0x00, 0x03, 0xF0, 0xFC, 0x00, 0x07, 0xF0, 0xFC, 0x00, 0x0F, 0xE0, 0xFF, 0xFF, 0xFF, 0xE0, 0xFF, 0xFF, 0xFF, 0xC0, 0xFF, 0xFF, 0xFF, 0x80, 0xFF, 0xFF, 0xFF, 0x00, 0x7F, 0xFF, 0xFC, 0x00, 

/* Symbol 0xC2, offset 13296 */
    28, 57, 13,
    0x7F, 0xFF, 0xF0, 0x00, 0xFF, 0xFF, 0xFC, 0x00, 0xFF, 0xFF, 0xFF, 0x00, 0xFF, 0xFF, 0xFF, 0x00, 0xFF, 0xFF, 0xFF, 0x80, 0xFC, 0x00, 0x3F, 0x80, 0xFC, 0x00, 0x1F, 0xC0, 0xFC, 0x00, 0x0F, 0xC0, 0xFC, 0x00, 0x0F, 0xC0, 0xFC, 0x00, 0x0F, 0xC0, 0xFC, 0x00, 0x0F, 0xC0, 0xFC, 0x00, 0x0F, 0xC0, 0xFC, 0x00, 0x0F, 0xC0, 0xFC, 0x00, 0x0F, 0xC0, 0xFC, 0x00, 0x0F, 0xC0, 0xFC, 0x00, 0x1F, 0xC0, 0xFC, 0x00, 0x3F, 0xC0, 0xFF, 0xFF, 0xFF, 0x80, 0xFF, 0xFF, 0xFF, 0x80, 0xFF, 0xFF, 0xFF, 0xC0, 0xFF, 0xFF, 0xFF, 0xC0, 0xFF, 0xFF, 0xFF, 0xE0, 0xFC, 0x00, 0x0F, 0xE0, 0xFC, 0x00, 0x07, 0xF0, 0xFC, 0x00, 0x03, 0xF0, 0xFC, 0x00, 0x03, 0xF0, 0xFC, 0x00, 0x03, 0xF0, 0xFC, 0x00, 0x03, 0xF0, 0xFC, 0x00, 0x03, 0xF0, 0xFC, 0x00, 0x03, 0xF0, 0xFC, 0x00, 0x03, 0xF0, 0xFC, 0x00, 0x03, 0xF0, 0xFC, 0x00, 0x03, 0xF0, 0xFC, 0x00, 0x03, 0xF0, 0xFC, 0x00, 0x03, 0xF0, 0xFC, 0x00, 0x03, 0xF0, 0xFC, 0x00, 0x03, 0xF0, 0xFC, 0x00, 0x07, 0xF0, 0xFC, 0x00, 0x0F, 0xE0, 0xFF, 0xFF, 0xFF, 0xE0, 0xFF, 0xFF, 0xFF, 0xC0, 0xFF, 0xFF, 0xFF, 0x80, 0xFF, 0xFF, 0xFF, 0x00, 0x7F, 0xFF, 0xFC, 0x00, 

/* Symbol 0xC3, offset 13475 */
    24, 57, 13,
    0x7F, 0xFF, 0xFE, 0xFF, 0xFF, 0xFF, 0xFF, 0xFF, 0xFF, 0xFF, 0xFF, 0xFF, 0xFF, 0xFF, 0xFE, 0xFC, 0x00, 0x00, 0xFC, 0x00, 0x00, 0xFC, 0x00, 0x00, 0xFC, 0x00, 0x00, 0xFC, 0x00, 0x00, 0xFC, 0x00, 0x00, 0xFC, 0x00, 0x00, 0xFC, 0x00, 0x00, 0xFC, 0x00, 0x00, 0xFC, 0x00, 0x00, 0xFC, 0x00, 0x00, 0xFC, 0x00, 0x00, 0xFC, 0x00, 0x00, 0xFC, 0x00, 0x00, 0xFC, 0x00, 0x00, 0xFC, 0x00, 0x00, 0xFC, 0x00, 0x00, 0xFC, 0x00, 0x00, 0xFC, 0x00, 0x00, 0xFC, 0x00, 0x00, 0xFC, 0x00, 0x00, 0xFC, 0x00, 0x00, 0xFC, 0x00, 0x00, 0xFC, 0x00, 0x00, 0xFC, 0x00, 0x00, 0xFC, 0x00, 0x00, 0xFC, 0x00, 0x00, 0xFC, 0x00, 0x00, 0xFC, 0x00, 0x00, 0xFC, 0x00, 0x00, 0xFC, 0x00, 0x00, 0xFC, 0x00, 0x00, 0xFC, 0x00, 0x00, 0xFC, 0x00, 0x00, 0xFC, 0x00, 0x00, 0xFC, 0x00, 0x00, 0xFC, 0x00, 0x00, 0xFC, 0x00, 0x00, 0x78, 0x00, 0x00, 

/* Symbol 0xC4, offset 13610 */
    32, 61, 13,
    0x00, 0x7F, 0xFF, 0xE0, 0x00, 0x7F, 0xFF, 0xF0, 0x00, 0x7F, 0xFF, 0xF0, 0x00, 0xFF, 0xFF, 0xF0, 0x00, 0xFF, 0xFF, 0xF0, 0x00, 0xFE, 0x03, 0xF0, 0x00, 0xFE, 0x03, 0xF0, 0x00, 0xFE, 0x03, 0xF0, 0x00, 0xFC, 0x03, 0xF0, 0x00, 0xFC, 0x03, 0xF0, 0x00, 0xFC, 0x03, 0xF0, 0x00, 0xFC, 0x03, 0xF0, 0x01, 0xFC, 0x03, 0xF0, 0x01, 0xFC, 0x03, 0xF0, 0x01, 0xFC, 0x03, 0xF0, 0x01, 0xFC, 0x03, 0xF0, 0x01, 0xFC, 0x03, 0xF0, 0x01, 0xF8, 0x03, 0xF0, 0x01, 0xF8, 0x03, 0xF0, 0x01, 0xF8, 0x03, 0xF0, 0x01, 0xF8, 0x03, 0xF0, 0x03, 0xF8, 0x03, 0xF0, 0x03, 0xF8, 0x03, 0xF0, 0x03, 0xF8, 0x03, 0xF0, 0x03, 0xF8, 0x03, 0xF0, 0x03, 0xF0, 0x03, 0xF0, 0x03, 0xF0, 0x03, 0xF0, 0x03, 0xF0, 0x03, 0xF0, 0x03, 0xF0, 0x03, 0xF0, 0x03, 0xF0, 0x03, 0xF0, 0x07, 0xF0, 0x03, 0xF0, 0x07, 0xF0, 0x03, 0xF0, 0x07, 0xF0, 0x03, 0xF0, 0x07, 0xF0, 0x03, 0xF0, 0x07, 0xE0, 0x03, 0xF0, 0x07, 0xE0, 0x03, 0xF0, 0x07, 0xE0, 0x03, 0xF0, 0x07, 0xE0, 0x03, 0xF0, 0x07, 0xE0, 0x03, 0xF0, 0x7F, 0xFF, 0xFF, 0xFE, 0xFF, 0xFF, 0xFF, 0xFF, 0xFF, 0xFF, 0xFF, 0xFF, 0xFF, 0xFF, 0xFF, 0xFF, 0xFF, 0xFF, 0xFF, 0xFF, 0xFC, 0x00, 0x00, 0x3F, 0xFC, 0x00, 0x00, 0x3F, 0xFC, 0x00, 0x00, 0x3F, 0x78, 0x00, 0x00, 0x1E, 

/* Symbol 0xC5, offset 13805 */
    24, 57, 13,
    0x7F, 0xFF, 0xFE, 0xFF, 0xFF, 0xFF, 0xFF, 0xFF, 0xFF, 0xFF, 0xFF, 0xFF, 0xFF, 0xFF, 0xFE, 0xFC, 0x00, 0x00, 0xFC, 0x00, 0x00, 0xFC, 0x00, 0x00, 0xFC, 0x00, 0x00, 0xFC, 0x00, 0x00, 0xFC, 0x00, 0x00, 0xFC, 0x00, 0x00, 0xFC, 0x00, 0x00, 0xFC, 0x00, 0x00, 0xFC, 0x00, 0x00, 0xFC, 0x00, 0x00, 0xFC, 0x00, 0x00, 0xFF, 0xFF, 0xE0, 0xFF, 0xFF, 0xE0, 0xFF, 0xFF, 0xE0, 0xFF, 0xFF, 0xE0, 0xFF, 0xFF, 0xE0, 0xFC, 0x00, 0x00, 0xFC, 0x00, 0x00, 0xFC, 0x00, 0x00, 0xFC, 0x00, 0x00, 0xFC, 0x00, 0x00, 0xFC, 0x00, 0x00, 0xFC, 0x00, 0x00, 0xFC, 0x00, 0x00, 0xFC, 0x00, 0x00, 0xFC, 0x00, 0x00, 0xFC, 0x00, 0x00, 0xFC, 0x00, 0x00, 0xFC, 0x00, 0x00, 0xFC, 0x00, 0x00, 0xFC, 0x00, 0x00, 0xFC, 0x00, 0x00, 0xFC, 0x00, 0x00, 0xFF, 0xFF, 0xFE, 0xFF, 0xFF, 0xFF, 0xFF, 0xFF, 0xFF, 0xFF, 0xFF, 0xFF, 0x7F, 0xFF, 0xFE, 

/* Symbol 0xC6, offset 13940 */
    36, 57, 13,
    0x78, 0x00, 0xF0, 0x03, 0xE0, 0xFC, 0x01, 0xF8, 0x03, 0xF0, 0xFE, 0x01, 0xF8, 0x07, 0xF0, 0xFF, 0x01, 0xF8, 0x0F, 0xF0, 0xFF, 0x01, 0xF8, 0x0F, 0xF0, 0x7F, 0x81, 0xF8, 0x1F, 0xE0, 0x3F, 0xC1, 0xF8, 0x3F, 0xC0, 0x1F, 0xC1, 0xF8, 0x3F, 0x80, 0x1F, 0xE1, 0xF8, 0x7F, 0x80, 0x0F, 0xF1, 0xF8, 0xFF, 0x00, 0x07, 0xF9, 0xF9, 0xFE, 0x00, 0x03, 0xF9, 0xF9, 0xFC, 0x00, 0x03, 0xFD, 0xFB, 0xFC, 0x00, 0x01, 0xFF, 0xFF, 0xF8, 0x00, 0x00, 0xFF, 0xFF, 0xF0, 0x00, 0x00, 0xFF, 0xFF, 0xF0, 0x00, 0x00, 0x7F, 0xFF, 0xE0, 0x00, 0x00, 0x3F, 0xFF, 0xC0, 0x00, 0x00, 0x1F, 0xFF, 0x80, 0x00, 0x00, 0x1F, 0xFF, 0x80, 0x00, 0x00, 0x1F, 0xFF, 0x80, 0x00, 0x00, 0x1F, 0xFF, 0x80, 0x00, 0x00, 0x3F, 0xFF, 0xC0, 0x00, 0x00, 0x3F, 0xFF, 0xC0, 0x00, 0x00, 0x7F, 0xFF, 0xE0, 0x00, 0x00, 0x7F, 0xFF, 0xE0, 0x00, 0x00, 0xFF, 0xFF, 0xF0, 0x00, 0x01, 0xFF, 0xFF, 0xF8, 0x00, 0x01, 0xFD, 0xFB, 0xF8, 0x00, 0x03, 0xFD, 0xF9, 0xFC, 0x00, 0x03, 0xF9, 0xF9, 0xFC, 0x00, 0x07, 0xF1, 0xF8, 0xFE, 0x00, 0x0F, 0xF1, 0xF8, 0xFE, 0x00, 0x0F, 0xE1, 0xF8, 0x7F, 0x00, 0x1F, 0xE1, 0xF8, 0x7F, 0x80, 0x1F, 0xC1, 0xF8, 0x3F, 0x80, 0x3F, 0xC1, 0xF8, 0x3F, 0xC0, 0x3F, 0x81, 0xF8, 0x1F, 0xC0, 0x7F, 0x81, 0xF8, 0x0F, 0xE0, 0xFF, 0x01, 0xF8, 0x0F, 0xF0, 0xFE, 0x01, 0xF8, 0x07, 0xF0, 0xFE, 0x01, 0xF8, 0x07, 0xF0, 0xFC, 0x01, 0xF8, 0x03, 0xF0, 0x78, 0x00, 0xF0, 0x01, 0xE0, 

/* Symbol 0xC7, offset 14163 */
    23, 57, 13,
    0x07, 0xFF, 0x80, 0x1F, 0xFF, 0xE0, 0x3F, 0xFF, 0xF0, 0x7F, 0xFF, 0xF8, 0xFF, 0xFF, 0xFC, 0xFF, 0x01, 0xFC, 0xFE, 0x00, 0xFE, 0xFC, 0x00, 0x7E, 0xFC, 0x00, 0x7E, 0x00, 0x00, 0x7E, 0x00, 0x00, 0x7E, 0x00, 0x00, 0x7E, 0x00, 0x00, 0x7E, 0x00, 0x00, 0x7E, 0x00, 0x00, 0x7E, 0x00, 0x00, 0xFE, 0x00, 0x01, 0xFE, 0x07, 0xFF, 0xFC, 0x0F, 0xFF, 0xFC, 0x0F, 0xFF, 0xF8, 0x0F, 0xFF, 0xF8, 0x07, 0xFF, 0xFC, 0x00, 0x01, 0xFC, 0x00, 0x00, 0xFE, 0x00, 0x00, 0x7E, 0x00, 0x00, 0x7E, 0x00, 0x00, 0x7E, 0x00, 0x00, 0x7E, 0x00, 0x00, 0x7E, 0x00, 0x00, 0x7E, 0x00, 0x00, 0x7E, 0x00, 0x00, 0x7E, 0x00, 0x00, 0x7E, 0x00, 0x00, 0x7E, 0xF8, 0x00, 0x7E, 0xFC, 0x00, 0x7E, 0xFC, 0x00, 0x7E, 0xFE, 0x00, 0xFE, 0xFF, 0x01, 0xFC, 0xFF, 0xFF, 0xFC, 0x7F, 0xFF, 0xF8, 0x3F, 0xFF, 0xF0, 0x1F, 0xFF, 0xE0, 0x07, 0xFF, 0x80, 

/* Symbol 0xC8, offset 14298 */
    28, 57, 13,
    0x78, 0x00, 0x03, 0xE0, 0xFC, 0x00, 0x03, 0xF0, 0xFC, 0x00, 0x07, 0xF0, 0xFC, 0x00, 0x07, 0xF0, 0xFC, 0x00, 0x0F, 0xF0, 0xFC, 0x00, 0x1F, 0xF0, 0xFC, 0x00, 0x1F, 0xF0, 0xFC, 0x00, 0x3F, 0xF0, 0xFC, 0x00, 0x3F, 0xF0, 0xFC, 0x00, 0x7F, 0xF0, 0xFC, 0x00, 0x7F, 0xF0, 0xFC, 0x00, 0xFF, 0xF0, 0xFC, 0x00, 0xFF, 0xF0, 0xFC, 0x01, 0xFF, 0xF0, 0xFC, 0x03, 0xFF, 0xF0, 0xFC, 0x03, 0xFF, 0xF0, 0xFC, 0x07, 0xFB, 0xF0, 0xFC, 0x07, 0xFB, 0xF0, 0xFC, 0x0F, 0xF3, 0xF0, 0xFC, 0x0F, 0xE3, 0xF0, 0xFC, 0x1F, 0xE3, 0xF0, 0xFC, 0x3F, 0xC3, 0xF0, 0xFC, 0x3F, 0xC3, 0xF0, 0xFC, 0x7F, 0x83, 0xF0, 0xFC, 0x7F, 0x83, 0xF0, 0xFC, 0xFF, 0x03, 0xF0, 0xFC, 0xFE, 0x03, 0xF0, 0xFD, 0xFE, 0x03, 0xF0, 0xFD, 0xFC, 0x03, 0xF0, 0xFF, 0xFC, 0x03, 0xF0, 0xFF, 0xF8, 0x03, 0xF0, 0xFF, 0xF8, 0x03, 0xF0, 0xFF, 0xF0, 0x03, 0xF0, 0xFF, 0xE0, 0x03, 0xF0, 0xFF, 0xE0, 0x03, 0xF0, 0xFF, 0xC0, 0x03, 0xF0, 0xFF, 0xC0, 0x03, 0xF0, 0xFF, 0x80, 0x03, 0xF0, 0xFF, 0x80, 0x03, 0xF0, 0xFF, 0x00, 0x03, 0xF0, 0xFF, 0x00, 0x03, 0xF0, 0xFE, 0x00, 0x03, 0xF0, 0xFC, 0x00, 0x03, 0xF0, 0xFC, 0x00, 0x01, 0xE0, 

/* Symbol 0xC9, offset 14477 */
    28, 57, 5,
    0x01, 0xFF, 0xF8, 0x00, 0x01, 0xFF, 0xF8, 0x00, 0x01, 0xFF, 0xF8, 0x00, 0x01, 0xFF, 0xF8, 0x00, 0x01, 0xFF, 0xF8, 0x00, 0x00, 0x00, 0x00, 0x00, 0x00, 0x00, 0x00, 0x00, 0x00, 0x00, 0x00, 0x00, 0x78, 0x00, 0x03, 0xF0, 0xFC, 0x00, 0x03, 0xF0, 0xFC, 0x00, 0x07, 0xF0, 0xFC, 0x00, 0x0F, 0xF0, 0xFC, 0x00, 0x0F, 0xF0, 0xFC, 0x00, 0x1F, 0xF0, 0xFC, 0x00, 0x1F, 0xF0, 0xFC, 0x00, 0x3F, 0xF0, 0xFC, 0x00, 0x3F, 0xF0, 0xFC, 0x00, 0x7F, 0xF0, 0xFC, 0x00, 0x7F, 0xF0, 0xFC, 0x00, 0xFF, 0xF0, 0xFC, 0x01, 0xFF, 0xF0, 0xFC, 0x01, 0xFF, 0xF0, 0xFC, 0x03, 0xFF, 0xF0, 0xFC, 0x03, 0xFF, 0xF0, 0xFC, 0x07, 0xFB, 0xF0, 0xFC, 0x07, 0xFB, 0xF0, 0xFC, 0x0F, 0xF3, 0xF0, 0xFC, 0x0F, 0xE3, 0xF0, 0xFC, 0x1F, 0xE3, 0xF0, 0xFC, 0x3F, 0xC3, 0xF0, 0xFC, 0x3F, 0xC3, 0xF0, 0xFC, 0x7F, 0x83, 0xF0, 0xFC, 0x7F, 0x83, 0xF0, 0xFC, 0xFF, 0x03, 0xF0, 0xFC, 0xFE, 0x03, 0xF0, 0xFD, 0xFE, 0x03, 0xF0, 0xFD, 0xFC, 0x03, 0xF0, 0xFF, 0xFC, 0x03, 0xF0, 0xFF, 0xF8, 0x03, 0xF0, 0xFF, 0xF8, 0x03, 0xF0, 0xFF, 0xF0, 0x03, 0xF0, 0xFF, 0xE0, 0x03, 0xF0, 0xFF, 0xE0, 0x03, 0xF0, 0xFF, 0xC0, 0x03, 0xF0, 0xFF, 0xC0, 0x03, 0xF0, 0xFF, 0x80, 0x03, 0xF0, 0xFF, 0x80, 0x03, 0xF0, 0xFF, 0x00, 0x03, 0xF0, 0xFF, 0x00, 0x03, 0xF0, 0xFE, 0x00, 0x03, 0xF0, 0xFC, 0x00, 0x03, 0xF0, 0xFC, 0x00, 0x01, 0xE0, 

/* Symbol 0xCA, offset 14688 */
    28, 57, 13,
    0x78, 0x00, 0x01, 0xF0, 0xFC, 0x00, 0x03, 0xF0, 0xFC, 0x00, 0x07, 0xF0, 0xFC, 0x00, 0x0F, 0xF0, 0xFC, 0x00, 0x1F, 0xF0, 0xFC, 0x00, 0x3F, 0xE0, 0xFC, 0x00, 0xFF, 0xC0, 0xFC, 0x01, 0xFF, 0x80, 0xFC, 0x03, 0xFF, 0x00, 0xFC, 0x07, 0xFE, 0x00, 0xFC, 0x0F, 0xFC, 0x00, 0xFC, 0x1F, 0xF8, 0x00, 0xFC, 0x3F, 0xF0, 0x00, 0xFC, 0x7F, 0xE0, 0x00, 0xFC, 0xFF, 0xC0, 0x00, 0xFD, 0xFF, 0x80, 0x00, 0xFF, 0xFF, 0x00, 0x00, 0xFF, 0xFF, 0x00, 0x00, 0xFF, 0xFF, 0x00, 0x00, 0xFF, 0xFF, 0x80, 0x00, 0xFF, 0xFF, 0x80, 0x00, 0xFF, 0xFF, 0xC0, 0x00, 0xFF, 0xBF, 0xC0, 0x00, 0xFF, 0x1F, 0xE0, 0x00, 0xFE, 0x0F, 0xE0, 0x00, 0xFC, 0x0F, 0xF0, 0x00, 0xFC, 0x07, 0xF8, 0x00, 0xFC, 0x07, 0xF8, 0x00, 0xFC, 0x03, 0xFC, 0x00, 0xFC, 0x01, 0xFC, 0x00, 0xFC, 0x01, 0xFE, 0x00, 0xFC, 0x00, 0xFE, 0x00, 0xFC, 0x00, 0xFF, 0x00, 0xFC, 0x00, 0x7F, 0x80, 0xFC, 0x00, 0x7F, 0x80, 0xFC, 0x00, 0x3F, 0xC0, 0xFC, 0x00, 0x1F, 0xC0, 0xFC, 0x00, 0x1F, 0xE0, 0xFC, 0x00, 0x0F, 0xE0, 0xFC, 0x00, 0x0F, 0xF0, 0xFC, 0x00, 0x07, 0xF0, 0xFC, 0x00, 0x07, 0xF0, 0xFC, 0x00, 0x03, 0xF0, 0x78, 0x00, 0x01, 0xF0, 

/* Symbol 0xCB, offset 14867 */
    28, 57, 13,
    0x00, 0x0F, 0xFF, 0xE0, 0x00, 0x1F, 0xFF, 0xF0, 0x00, 0x1F, 0xFF, 0xF0, 0x00, 0x1F, 0xFF, 0xF0, 0x00, 0x3F, 0xFF, 0xF0, 0x00, 0x3F, 0x83, 0xF0, 0x00, 0x3F, 0x83, 0xF0, 0x00, 0x7F, 0x03, 0xF0, 0x00, 0x7F, 0x03, 0xF0, 0x00, 0x7F, 0x03, 0xF0, 0x00, 0x7E, 0x03, 0xF0, 0x00, 0xFE, 0x03, 0xF0, 0x00, 0xFE, 0x03, 0xF0, 0x00, 0xFE, 0x03, 0xF0, 0x00, 0xFC, 0x03, 0xF0, 0x01, 0xFC, 0x03, 0xF0, 0x01, 0xFC, 0x03, 0xF0, 0x01, 0xF8, 0x03, 0xF0, 0x03, 0xF8, 0x03, 0xF0, 0x03, 0xF8, 0x03, 0xF0, 0x03, 0xF8, 0x03, 0xF0, 0x03, 0xF0, 0x03, 0xF0, 0x07, 0xF0, 0x03, 0xF0, 0x07, 0xF0, 0x03, 0xF0, 0x07, 0xF0, 0x03, 0xF0, 0x0F, 0xE0, 0x03, 0xF0, 0x0F, 0xE0, 0x03, 0xF0, 0x0F, 0xE0, 0x03, 0xF0, 0x0F, 0xC0, 0x03, 0xF0, 0x1F, 0xC0, 0x03, 0xF0, 0x1F, 0xC0, 0x03, 0xF0, 0x1F, 0xC0, 0x03, 0xF0, 0x1F, 0x80, 0x03, 0xF0, 0x3F, 0x80, 0x03, 0xF0, 0x3F, 0x80, 0x03, 0xF0, 0x3F, 0x00, 0x03, 0xF0, 0x7F, 0x00, 0x03, 0xF0, 0x7F, 0x00, 0x03, 0xF0, 0x7F, 0x00, 0x03, 0xF0, 0x7E, 0x00, 0x03, 0xF0, 0xFE, 0x00, 0x03, 0xF0, 0xFE, 0x00, 0x03, 0xF0, 0xFE, 0x00, 0x03, 0xF0, 0x7C, 0x00, 0x01, 0xE0, 

/* Symbol 0xCC, offset 15046 */
    32, 57, 13,
    0x78, 0x00, 0x00, 0x1E, 0xFC, 0x00, 0x00, 0x3F, 0xFE, 0x00, 0x00, 0x7F, 0xFE, 0x00, 0x00, 0x7F, 0xFF, 0x00, 0x00, 0xFF, 0xFF, 0x80, 0x01, 0xFF, 0xFF, 0x80, 0x01, 0xFF, 0xFF, 0xC0, 0x03, 0xFF, 0xFF, 0xC0, 0x03, 0xFF, 0xFF, 0xE0, 0x07, 0xFF, 0xFF, 0xF0, 0x0F, 0xFF, 0xFF, 0xF0, 0x0F, 0xFF, 0xFF, 0xF8, 0x1F, 0xFF, 0xFF, 0xFC, 0x3F, 0xFF, 0xFF, 0xFC, 0x3F, 0xFF, 0xFD, 0xFE, 0x7F, 0xBF, 0xFC, 0xFE, 0x7F, 0x3F, 0xFC, 0xFF, 0xFF, 0x3F, 0xFC, 0x7F, 0xFE, 0x3F, 0xFC, 0x7F, 0xFE, 0x3F, 0xFC, 0x3F, 0xFC, 0x3F, 0xFC, 0x1F, 0xF8, 0x3F, 0xFC, 0x1F, 0xF8, 0x3F, 0xFC, 0x0F, 0xF0, 0x3F, 0xFC, 0x0F, 0xF0, 0x3F, 0xFC, 0x07, 0xE0, 0x3F, 0xFC, 0x03, 0xC0, 0x3F, 0xFC, 0x00, 0x00, 0x3F, 0xFC, 0x00, 0x00, 0x3F, 0xFC, 0x00, 0x00, 0x3F, 0xFC, 0x00, 0x00, 0x3F, 0xFC, 0x00, 0x00, 0x3F, 0xFC, 0x00, 0x00, 0x3F, 0xFC, 0x00, 0x00, 0x3F, 0xFC, 0x00, 0x00, 0x3F, 0xFC, 0x00, 0x00, 0x3F, 0xFC, 0x00, 0x00, 0x3F, 0xFC, 0x00, 0x00, 0x3F, 0xFC, 0x00, 0x00, 0x3F, 0xFC, 0x00, 0x00, 0x3F, 0xFC, 0x00, 0x00, 0x3F, 0xFC, 0x00, 0x00, 0x3F, 0xFC, 0x00, 0x00, 0x3F, 0x78, 0x00, 0x00, 0x1E, 

/* Symbol 0xCD, offset 15225 */
    28, 57, 13,
    0x78, 0x00, 0x01, 0xE0, 0xFC, 0x00, 0x03, 0xF0, 0xFC, 0x00, 0x03, 0xF0, 0xFC, 0x00, 0x03, 0xF0, 0xFC, 0x00, 0x03, 0xF0, 0xFC, 0x00, 0x03, 0xF0, 0xFC, 0x00, 0x03, 0xF0, 0xFC, 0x00, 0x03, 0xF0, 0xFC, 0x00, 0x03, 0xF0, 0xFC, 0x00, 0x03, 0xF0, 0xFC, 0x00, 0x03, 0xF0, 0xFC, 0x00, 0x03, 0xF0, 0xFC, 0x00, 0x03, 0xF0, 0xFC, 0x00, 0x03, 0xF0, 0xFC, 0x00, 0x03, 0xF0, 0xFC, 0x00, 0x03, 0xF0, 0xFC, 0x00, 0x03, 0xF0, 0xFF, 0xFF, 0xFF, 0xF0, 0xFF, 0xFF, 0xFF, 0xF0, 0xFF, 0xFF, 0xFF, 0xF0, 0xFF, 0xFF, 0xFF, 0xF0, 0xFF, 0xFF, 0xFF, 0xF0, 0xFC, 0x00, 0x03, 0xF0, 0xFC, 0x00, 0x03, 0xF0, 0xFC, 0x00, 0x03, 0xF0, 0xFC, 0x00, 0x03, 0xF0, 0xFC, 0x00, 0x03, 0xF0, 0xFC, 0x00, 0x03, 0xF0, 0xFC, 0x00, 0x03, 0xF0, 0xFC, 0x00, 0x03, 0xF0, 0xFC, 0x00, 0x03, 0xF0, 0xFC, 0x00, 0x03, 0xF0, 0xFC, 0x00, 0x03, 0xF0, 0xFC, 0x00, 0x03, 0xF0, 0xFC, 0x00, 0x03, 0xF0, 0xFC, 0x00, 0x03, 0xF0, 0xFC, 0x00, 0x03, 0xF0, 0xFC, 0x00, 0x03, 0xF0, 0xFC, 0x00, 0x03, 0xF0, 0xFC, 0x00, 0x03, 0xF0, 0xFC, 0x00, 0x03, 0xF0, 0xFC, 0x00, 0x03, 0xF0, 0xFC, 0x00, 0x03, 0xF0, 0x78, 0x00, 0x01, 0xE0, 

/* Symbol 0xCE, offset 15404 */
    28, 57, 13,
    0x03, 0xFF, 0xFC, 0x00, 0x0F, 0xFF, 0xFF, 0x00, 0x1F, 0xFF, 0xFF, 0x80, 0x3F, 0xFF, 0xFF, 0xC0, 0x7F, 0xFF, 0xFF, 0xE0, 0x7F, 0x00, 0x0F, 0xE0, 0xFE, 0x00, 0x07, 0xF0, 0xFC, 0x00, 0x03, 0xF0, 0xFC, 0x00, 0x03, 0xF0, 0xFC, 0x00, 0x03, 0xF0, 0xFC, 0x00, 0x03, 0xF0, 0xFC, 0x00, 0x03, 0xF0, 0xFC, 0x00, 0x03, 0xF0, 0xFC, 0x00, 0x03, 0xF0, 0xFC, 0x00, 0x03, 0xF0, 0xFC, 0x00, 0x03, 0xF0, 0xFC, 0x00, 0x03, 0xF0, 0xFC, 0x00, 0x03, 0xF0, 0xFC, 0x00, 0x03, 0xF0, 0xFC, 0x00, 0x03, 0xF0, 0xFC, 0x00, 0x03, 0xF0, 0xFC, 0x00, 0x03, 0xF0, 0xFC, 0x00, 0x03, 0xF0, 0xFC, 0x00, 0x03, 0xF0, 0xFC, 0x00, 0x03, 0xF0, 0xFC, 0x00, 0x03, 0xF0, 0xFC, 0x00, 0x03, 0xF0, 0xFC, 0x00, 0x03, 0xF0, 0xFC, 0x00, 0x03, 0xF0, 0xFC, 0x00, 0x03, 0xF0, 0xFC, 0x00, 0x03, 0xF0, 0xFC, 0x00, 0x03, 0xF0, 0xFC, 0x00, 0x03, 0xF0, 0xFC, 0x00, 0x03, 0xF0, 0xFC, 0x00, 0x03, 0xF0, 0xFC, 0x00, 0x03, 0xF0, 0xFC, 0x00, 0x03, 0xF0, 0xFE, 0x00, 0x07, 0xF0, 0x7F, 0x00, 0x0F, 0xE0, 0x7F, 0xFF, 0xFF, 0xE0, 0x3F, 0xFF, 0xFF, 0xC0, 0x1F, 0xFF, 0xFF, 0x80, 0x0F, 0xFF, 0xFF, 0x00, 0x03, 0xFF, 0xFC, 0x00, 

/* Symbol 0xCF, offset 15583 */
    28, 57, 13,
    0x7F, 0xFF, 0xFF, 0xE0, 0xFF, 0xFF, 0xFF, 0xF0, 0xFF, 0xFF, 0xFF, 0xF0, 0xFF, 0xFF, 0xFF, 0xF0, 0xFF, 0xFF, 0xFF, 0xF0, 0xFC, 0x00, 0x03, 0xF0, 0xFC, 0x00, 0x03, 0xF0, 0xFC, 0x00, 0x03, 0xF0, 0xFC, 0x00, 0x03, 0xF0, 0xFC, 0x00, 0x03, 0xF0, 0xFC, 0x00, 0x03, 0xF0, 0xFC, 0x00, 0x03, 0xF0, 0xFC, 0x00, 0x03, 0xF0, 0xFC, 0x00, 0x03, 0xF0, 0xFC, 0x00, 0x03, 0xF0, 0xFC, 0x00, 0x03, 0xF0, 0xFC, 0x00, 0x03, 0xF0, 0xFC, 0x00, 0x03, 0xF0, 0xFC, 0x00, 0x03, 0xF0, 0xFC, 0x00, 0x03, 0xF0, 0xFC, 0x00, 0x03, 0xF0, 0xFC, 0x00, 0x03, 0xF0, 0xFC, 0x00, 0x03, 0xF0, 0xFC, 0x00, 0x03, 0xF0, 0xFC, 0x00, 0x03, 0xF0, 0xFC, 0x00, 0x03, 0xF0, 0xFC, 0x00, 0x03, 0xF0, 0xFC, 0x00, 0x03, 0xF0, 0xFC, 0x00, 0x03, 0xF0, 0xFC, 0x00, 0x03, 0xF0, 0xFC, 0x00, 0x03, 0xF0, 0xFC, 0x00, 0x03, 0xF0, 0xFC, 0x00, 0x03, 0xF0, 0xFC, 0x00, 0x03, 0xF0, 0xFC, 0x00, 0x03, 0xF0, 0xFC, 0x00, 0x03, 0xF0, 0xFC, 0x00, 0x03, 0xF0, 0xFC, 0x00, 0x03, 0xF0, 0xFC, 0x00, 0x03, 0xF0, 0xFC, 0x00, 0x03, 0xF0, 0xFC, 0x00, 0x03, 0xF0, 0xFC, 0x00, 0x03, 0xF0, 0xFC, 0x00, 0x03, 0xF0, 0x78, 0x00, 0x01, 0xE0, 

/* Symbol 0xD0, offset 15762 */
    28, 57, 13,
    0x7F, 0xFF, 0xFC, 0x00, 0xFF, 0xFF, 0xFF, 0x00, 0xFF, 0xFF, 0xFF, 0x80, 0xFF, 0xFF, 0xFF, 0xC0, 0xFF, 0xFF, 0xFF, 0xE0, 0xFC, 0x00, 0x0F, 0xE0, 0xFC, 0x00, 0x07, 0xF0, 0xFC, 0x00, 0x03, 0xF0, 0xFC, 0x00, 0x03, 0xF0, 0xFC, 0x00, 0x03, 0xF0, 0xFC, 0x00, 0x03, 0xF0, 0xFC, 0x00, 0x03, 0xF0, 0xFC, 0x00, 0x03, 0xF0, 0xFC, 0x00, 0x03, 0xF0, 0xFC, 0x00, 0x03, 0xF0, 0xFC, 0x00, 0x03, 0xF0, 0xFC, 0x00, 0x03, 0xF0, 0xFC, 0x00, 0x03, 0xF0, 0xFC, 0x00, 0x03, 0xF0, 0xFC, 0x00, 0x03, 0xF0, 0xFC, 0x00, 0x07, 0xF0, 0xFC, 0x00, 0x0F, 0xE0, 0xFF, 0xFF, 0xFF, 0xE0, 0xFF, 0xFF, 0xFF, 0xC0, 0xFF, 0xFF, 0xFF, 0x80, 0xFF, 0xFF, 0xFF, 0x00, 0xFF, 0xFF, 0xFC, 0x00, 0xFC, 0x00, 0x00, 0x00, 0xFC, 0x00, 0x00, 0x00, 0xFC, 0x00, 0x00, 0x00, 0xFC, 0x00, 0x00, 0x00, 0xFC, 0x00, 0x00, 0x00, 0xFC, 0x00, 0x00, 0x00, 0xFC, 0x00, 0x00, 0x00, 0xFC, 0x00, 0x00, 0x00, 0xFC, 0x00, 0x00, 0x00, 0xFC, 0x00, 0x00, 0x00, 0xFC, 0x00, 0x00, 0x00, 0xFC, 0x00, 0x00, 0x00, 0xFC, 0x00, 0x00, 0x00, 0xFC, 0x00, 0x00, 0x00, 0xFC, 0x00, 0x00, 0x00, 0xFC, 0x00, 0x00, 0x00, 0x78, 0x00, 0x00, 0x00, 

/* Symbol 0xD1, offset 15941 */
    24, 57, 13,
    0x03, 0xFF, 0xFE, 0x0F, 0xFF, 0xFF, 0x1F, 0xFF, 0xFF, 0x3F, 0xFF, 0xFF, 0x7F, 0xFF, 0xFE, 0x7F, 0x00, 0x00, 0xFE, 0x00, 0x00, 0xFC, 0x00, 0x00, 0xFC, 0x00, 0x00, 0xFC, 0x00, 0x00, 0xFC, 0x00, 0x00, 0xFC, 0x00, 0x00, 0xFC, 0x00, 0x00, 0xFC, 0x00, 0x00, 0xFC, 0x00, 0x00, 0xFC, 0x00, 0x00, 0xFC, 0x00, 0x00, 0xFC, 0x00, 0x00, 0xFC, 0x00, 0x00, 0xFC, 0x00, 0x00, 0xFC, 0x00, 0x00, 0xFC, 0x00, 0x00, 0xFC, 0x00, 0x00, 0xFC, 0x00, 0x00, 0xFC, 0x00, 0x00, 0xFC, 0x00, 0x00, 0xFC, 0x00, 0x00, 0xFC, 0x00, 0x00, 0xFC, 0x00, 0x00, 0xFC, 0x00, 0x00, 0xFC, 0x00, 0x00, 0xFC, 0x00, 0x00, 0xFC, 0x00, 0x00, 0xFC, 0x00, 0x00, 0xFC, 0x00, 0x00, 0xFC, 0x00, 0x00, 0xFC, 0x00, 0x00, 0xFE, 0x00, 0x00, 0x7F, 0x00, 0x00, 0x7F, 0xFF, 0xFE, 0x3F, 0xFF, 0xFF, 0x1F, 0xFF, 0xFF, 0x0F, 0xFF, 0xFF, 0x03, 0xFF, 0xFE, 

/* Symbol 0xD2, offset 16076 */
    28, 57, 13,
    0x7F, 0xFF, 0xFF, 0xE0, 0xFF, 0xFF, 0xFF, 0xF0, 0xFF, 0xFF, 0xFF, 0xF0, 0xFF, 0xFF, 0xFF, 0xF0, 0x7F, 0xFF, 0xFF, 0xE0, 0x00, 0x1F, 0x80, 0x00, 0x00, 0x1F, 0x80, 0x00, 0x00, 0x1F, 0x80, 0x00, 0x00, 0x1F, 0x80, 0x00, 0x00, 0x1F, 0x80, 0x00, 0x00, 0x1F, 0x80, 0x00, 0x00, 0x1F, 0x80, 0x00, 0x00, 0x1F, 0x80, 0x00, 0x00, 0x1F, 0x80, 0x00, 0x00, 0x1F, 0x80, 0x00, 0x00, 0x1F, 0x80, 0x00, 0x00, 0x1F, 0x80, 0x00, 0x00, 0x1F, 0x80, 0x00, 0x00, 0x1F, 0x80, 0x00, 0x00, 0x1F, 0x80, 0x00, 0x00, 0x1F, 0x80, 0x00, 0x00, 0x1F, 0x80, 0x00, 0x00, 0x1F, 0x80, 0x00, 0x00, 0x1F, 0x80, 0x00, 0x00, 0x1F, 0x80, 0x00, 0x00, 0x1F, 0x80, 0x00, 0x00, 0x1F, 0x80, 0x00, 0x00, 0x1F, 0x80, 0x00, 0x00, 0x1F, 0x80, 0x00, 0x00, 0x1F, 0x80, 0x00, 0x00, 0x1F, 0x80, 0x00, 0x00, 0x1F, 0x80, 0x00, 0x00, 0x1F, 0x80, 0x00, 0x00, 0x1F, 0x80, 0x00, 0x00, 0x1F, 0x80, 0x00, 0x00, 0x1F, 0x80, 0x00, 0x00, 0x1F, 0x80, 0x00, 0x00, 0x1F, 0x80, 0x00, 0x00, 0x1F, 0x80, 0x00, 0x00, 0x1F, 0x80, 0x00, 0x00, 0x1F, 0x80, 0x00, 0x00, 0x1F, 0x80, 0x00, 0x00, 0x1F, 0x80, 0x00, 0x00, 0x0F, 0x00, 0x00, 

/* Symbol 0xD3, offset 16255 */
    28, 57, 13,
    0x78, 0x00, 0x01, 0xE0, 0xFC, 0x00, 0x03, 0xF0, 0xFC, 0x00, 0x03, 0xF0, 0xFC, 0x00, 0x03, 0xF0, 0xFC, 0x00, 0x03, 0xF0, 0xFC, 0x00, 0x03, 0xF0, 0xFC, 0x00, 0x03, 0xF0, 0xFC, 0x00, 0x03, 0xF0, 0xFC, 0x00, 0x03, 0xF0, 0xFC, 0x00, 0x03, 0xF0, 0xFC, 0x00, 0x03, 0xF0, 0xFC, 0x00, 0x03, 0xF0, 0xFC, 0x00, 0x03, 0xF0, 0xFC, 0x00, 0x03, 0xF0, 0xFC, 0x00, 0x03, 0xF0, 0xFC, 0x00, 0x03, 0xF0, 0xFC, 0x00, 0x03, 0xF0, 0xFC, 0x00, 0x03, 0xF0, 0xFC, 0x00, 0x03, 0xF0, 0xFC, 0x00, 0x03, 0xF0, 0xFE, 0x00, 0x03, 0xF0, 0x7F, 0x00, 0x03, 0xF0, 0x7F, 0xFF, 0xFF, 0xF0, 0x3F, 0xFF, 0xFF, 0xF0, 0x1F, 0xFF, 0xFF, 0xF0, 0x0F, 0xFF, 0xFF, 0xF0, 0x03, 0xFF, 0xFF, 0xF0, 0x00, 0x00, 0x03, 0xF0, 0x00, 0x00, 0x03, 0xF0, 0x00, 0x00, 0x03, 0xF0, 0x00, 0x00, 0x03, 0xF0, 0x00, 0x00, 0x03, 0xF0, 0x00, 0x00, 0x03, 0xF0, 0x00, 0x00, 0x03, 0xF0, 0x00, 0x00, 0x03, 0xF0, 0x00, 0x00, 0x03, 0xF0, 0x00, 0x00, 0x03, 0xF0, 0x00, 0x00, 0x07, 0xF0, 0x00, 0x00, 0x0F, 0xE0, 0x07, 0xFF, 0xFF, 0xE0, 0x0F, 0xFF, 0xFF, 0xC0, 0x0F, 0xFF, 0xFF, 0x80, 0x0F, 0xFF, 0xFF, 0x00, 0x07, 0xFF, 0xFC, 0x00, 

/* Symbol 0xD4, offset 16434 */
    36, 57, 13,
    0x00, 0x00, 0xF0, 0x00, 0x00, 0x00, 0x01, 0xF8, 0x00, 0x00, 0x00, 0x01, 0xF8, 0x00, 0x00, 0x00, 0x01, 0xF8, 0x00, 0x00, 0x00, 0x01, 0xF8, 0x00, 0x00, 0x00, 0x01, 0xF8, 0x00, 0x00, 0x00, 0x7F, 0xFF, 0xE0, 0x00, 0x01, 0xFF, 0xFF, 0xF8, 0x00, 0x07, 0xFF, 0xFF, 0xFE, 0x00, 0x0F, 0xFF, 0xFF, 0xFF, 0x00, 0x1F, 0xFF, 0xFF, 0xFF, 0x80, 0x3F, 0xF1, 0xF8, 0xFF, 0xC0, 0x3F, 0xC1, 0xF8, 0x3F, 0xC0, 0x7F, 0x81, 0xF8, 0x1F, 0xE0, 0x7F, 0x01, 0xF8, 0x0F, 0xE0, 0x7E, 0x01, 0xF8, 0x07, 0xE0, 0xFE, 0x01, 0xF8, 0x07, 0xF0, 0xFC, 0x01, 0xF8, 0x03, 0xF0, 0xFC, 0x01, 0xF8, 0x03, 0xF0, 0xFC, 0x01, 0xF8, 0x03, 0xF0, 0xFC, 0x01, 0xF8, 0x03, 0xF0, 0xFC, 0x01, 0xF8, 0x03, 0xF0, 0xFC, 0x01, 0xF8, 0x03, 0xF0, 0xFC, 0x01, 0xF8, 0x03, 0xF0, 0xFC, 0x01, 0xF8, 0x03, 0xF0, 0xFE, 0x01, 0xF8, 0x07, 0xF0, 0x7E, 0x01, 0xF8, 0x07, 0xE0, 0x7F, 0x01, 0xF8, 0x0F, 0xE0, 0x7F, 0x81, 0xF8, 0x1F, 0xE0, 0x3F, 0xC1, 0xF8, 0x3F, 0xC0, 0x3F, 0xF1, 0xF8, 0xFF, 0xC0, 0x1F, 0xFF, 0xFF, 0xFF, 0x80, 0x0F, 0xFF, 0xFF, 0xFF, 0x00, 0x07, 0xFF, 0xFF, 0xFE, 0x00, 0x01, 0xFF, 0xFF, 0xF8, 0x00, 0x00, 0x7F, 0xFF, 0xE0, 0x00, 0x00, 0x01, 0xF8, 0x00, 0x00, 0x00, 0x01, 0xF8, 0x00, 0x00, 0x00, 0x01, 0xF8, 0x00, 0x00, 0x00, 0x01, 0xF8, 0x00, 0x00, 0x00, 0x01, 0xF8, 0x00, 0x00, 0x00, 0x01, 0xF8, 0x00, 0x00, 0x00, 0x01, 0xF8, 0x00, 0x00, 0x00, 0x00, 0xF0, 0x00, 0x00, 

/* Symbol 0xD5, offset 16657 */
    31, 57, 13,
    0x78, 0x00, 0x00, 0x3C, 0xFC, 0x00, 0x00, 0x7E, 0xFE, 0x00, 0x00, 0xFE, 0xFE, 0x00, 0x00, 0xFE, 0xFF, 0x00, 0x01, 0xFE, 0x7F, 0x80, 0x03, 0xFC, 0x3F, 0x80, 0x03, 0xF8, 0x3F, 0xC0, 0x07, 0xF8, 0x1F, 0xE0, 0x0F, 0xF0, 0x0F, 0xE0, 0x0F, 0xE0, 0x0F, 0xF0, 0x1F, 0xE0, 0x07, 0xF0, 0x1F, 0xC0, 0x03, 0xF8, 0x3F, 0xC0, 0x03, 0xFC, 0x7F, 0x80, 0x01, 0xFC, 0x7F, 0x00, 0x01, 0xFE, 0xFF, 0x00, 0x00, 0xFF, 0xFE, 0x00, 0x00, 0x7F, 0xFC, 0x00, 0x00, 0x7F, 0xFC, 0x00, 0x00, 0x3F, 0xF8, 0x00, 0x00, 0x1F, 0xF8, 0x00, 0x00, 0x1F, 0xF0, 0x00, 0x00, 0x1F, 0xE0, 0x00, 0x00, 0x1F, 0xF0, 0x00, 0x00, 0x3F, 0xF8, 0x00, 0x00, 0x7F, 0xF8, 0x00, 0x00, 0x7F, 0xFC, 0x00, 0x00, 0xFF, 0xFE, 0x00, 0x00, 0xFF, 0xFE, 0x00, 0x01, 0xFE, 0xFF, 0x00, 0x03, 0xFC, 0x7F, 0x80, 0x03, 0xFC, 0x7F, 0x80, 0x07, 0xF8, 0x3F, 0xC0, 0x0F, 0xF0, 0x1F, 0xE0, 0x0F, 0xF0, 0x1F, 0xE0, 0x1F, 0xE0, 0x0F, 0xF0, 0x3F, 0xC0, 0x07, 0xF8, 0x3F, 0xC0, 0x07, 0xF8, 0x7F, 0x80, 0x03, 0xFC, 0xFF, 0x00, 0x01, 0xFE, 0xFF, 0x00, 0x01, 0xFE, 0xFE, 0x00, 0x00, 0xFE, 0xFC, 0x00, 0x00, 0x7E, 0x78, 0x00, 0x00, 0x3C, 

/* Symbol 0xD6, offset 16836 */
    32, 64, 13,
    0x78, 0x00, 0x01, 0xE0, 0xFC, 0x00, 0x03, 0xF0, 0xFC, 0x00, 0x03, 0xF0, 0xFC, 0x00, 0x03, 0xF0, 0xFC, 0x00, 0x03, 0xF0, 0xFC, 0x00, 0x03, 0xF0, 0xFC, 0x00, 0x03, 0xF0, 0xFC, 0x00, 0x03, 0xF0, 0xFC, 0x00, 0x03, 0xF0, 0xFC, 0x00, 0x03, 0xF0, 0xFC, 0x00, 0x03, 0xF0, 0xFC, 0x00, 0x03, 0xF0, 0xFC, 0x00, 0x03, 0xF0, 0xFC, 0x00, 0x03, 0xF0, 0xFC, 0x00, 0x03, 0xF0, 0xFC, 0x00, 0x03, 0xF0, 0xFC, 0x00, 0x03, 0xF0, 0xFC, 0x00, 0x03, 0xF0, 0xFC, 0x00, 0x03, 0xF0, 0xFC, 0x00, 0x03, 0xF0, 0xFC, 0x00, 0x03, 0xF0, 0xFC, 0x00, 0x03, 0xF0, 0xFC, 0x00, 0x03, 0xF0, 0xFC, 0x00, 0x03, 0xF0, 0xFC, 0x00, 0x03, 0xF0, 0xFC, 0x00, 0x03, 0xF0, 0xFC, 0x00, 0x03, 0xF0, 0xFC, 0x00, 0x03, 0xF0, 0xFC, 0x00, 0x03, 0xF0, 0xFC, 0x00, 0x03, 0xF0, 0xFC, 0x00, 0x03, 0xF0, 0xFC, 0x00, 0x03, 0xF0, 0xFC, 0x00, 0x03, 0xF0, 0xFC, 0x00, 0x03, 0xF0, 0xFC, 0x00, 0x03, 0xF0, 0xFC, 0x00, 0x03, 0xF0, 0xFC, 0x00, 0x03, 0xF0, 0xFC, 0x00, 0x03, 0xF0, 0xFC, 0x00, 0x03, 0xF0, 0xFF, 0xFF, 0xFF, 0xFE, 0xFF, 0xFF, 0xFF, 0xFF, 0xFF, 0xFF, 0xFF, 0xFF, 0xFF, 0xFF, 0xFF, 0xFF, 0x7F, 0xFF, 0xFF, 0xFF, 0x00, 0x00, 0x00, 0x3F, 0x00, 0x00, 0x00, 0x3F, 0x00, 0x00, 0x00, 0x3F, 0x00, 0x00, 0x00, 0x3F, 0x00, 0x00, 0x00, 0x3F, 0x00, 0x00, 0x00, 0x3F, 0x00, 0x00, 0x00, 0x1E, 

/* Symbol 0xD7, offset 17043 */
    28, 57, 13,
    0x78, 0x00, 0x01, 0xE0, 0xFC, 0x00, 0x03, 0xF0, 0xFC, 0x00, 0x03, 0xF0, 0xFC, 0x00, 0x03, 0xF0, 0xFC, 0x00, 0x03, 0xF0, 0xFC, 0x00, 0x03, 0xF0, 0xFC, 0x00, 0x03, 0xF0, 0xFC, 0x00, 0x03, 0xF0, 0xFC, 0x00, 0x03, 0xF0, 0xFC, 0x00, 0x03, 0xF0, 0xFC, 0x00, 0x03, 0xF0, 0xFC, 0x00, 0x03, 0xF0, 0xFC, 0x00, 0x03, 0xF0, 0xFC, 0x00, 0x03, 0xF0, 0xFC, 0x00, 0x03, 0xF0, 0xFC, 0x00, 0x03, 0xF0, 0xFC, 0x00, 0x03, 0xF0, 0xFC, 0x00, 0x03, 0xF0, 0xFC, 0x00, 0x03, 0xF0, 0xFC, 0x00, 0x03, 0xF0, 0xFE, 0x00, 0x03, 0xF0, 0x7F, 0x00, 0x03, 0xF0, 0x7F, 0xFF, 0xFF, 0xF0, 0x3F, 0xFF, 0xFF, 0xF0, 0x1F, 0xFF, 0xFF, 0xF0, 0x0F, 0xFF, 0xFF, 0xF0, 0x03, 0xFF, 0xFF, 0xF0, 0x00, 0x00, 0x03, 0xF0, 0x00, 0x00, 0x03, 0xF0, 0x00, 0x00, 0x03, 0xF0, 0x00, 0x00, 0x03, 0xF0, 0x00, 0x00, 0x03, 0xF0, 0x00, 0x00, 0x03, 0xF0, 0x00, 0x00, 0x03, 0xF0, 0x00, 0x00, 0x03, 0xF0, 0x00, 0x00, 0x03, 0xF0, 0x00, 0x00, 0x03, 0xF0, 0x00, 0x00, 0x03, 0xF0, 0x00, 0x00, 0x03, 0xF0, 0x00, 0x00, 0x03, 0xF0, 0x00, 0x00, 0x03, 0xF0, 0x00, 0x00, 0x03, 0xF0, 0x00, 0x00, 0x03, 0xF0, 0x00, 0x00, 0x01, 0xE0, 

/* Symbol 0xD8, offset 17222 */
    36, 57, 13,
    0x78, 0x00, 0xF0, 0x01, 0xE0, 0xFC, 0x01, 0xF8, 0x03, 0xF0, 0xFC, 0x01, 0xF8, 0x03, 0xF0, 0xFC, 0x01, 0xF8, 0x03, 0xF0, 0xFC, 0x01, 0xF8, 0x03, 0xF0, 0xFC, 0x01, 0xF8, 0x03, 0xF0, 0xFC, 0x01, 0xF8, 0x03, 0xF0, 0xFC, 0x01, 0xF8, 0x03, 0xF0, 0xFC, 0x01, 0xF8, 0x03, 0xF0, 0xFC, 0x01, 0xF8, 0x03, 0xF0, 0xFC, 0x01, 0xF8, 0x03, 0xF0, 0xFC, 0x01, 0xF8, 0x03, 0xF0, 0xFC, 0x01, 0xF8, 0x03, 0xF0, 0xFC, 0x01, 0xF8, 0x03, 0xF0, 0xFC, 0x01, 0xF8, 0x03, 0xF0, 0xFC, 0x01, 0xF8, 0x03, 0xF0, 0xFC, 0x01, 0xF8, 0x03, 0xF0, 0xFC, 0x01, 0xF8, 0x03, 0xF0, 0xFC, 0x01, 0xF8, 0x03, 0xF0, 0xFC, 0x01, 0xF8, 0x03, 0xF0, 0xFC, 0x01, 0xF8, 0x03, 0xF0, 0xFC, 0x01, 0xF8, 0x03, 0xF0, 0xFC, 0x01, 0xF8, 0x03, 0xF0, 0xFC, 0x01, 0xF8, 0x03, 0xF0, 0xFC, 0x01, 0xF8, 0x03, 0xF0, 0xFC, 0x01, 0xF8, 0x03, 0xF0, 0xFC, 0x01, 0xF8, 0x03, 0xF0, 0xFC, 0x01, 0xF8, 0x03, 0xF0, 0xFC, 0x01, 0xF8, 0x03, 0xF0, 0xFC, 0x01, 0xF8, 0x03, 0xF0, 0xFC, 0x01, 0xF8, 0x03, 0xF0, 0xFC, 0x01, 0xF8, 0x03, 0xF0, 0xFC, 0x01, 0xF8, 0x03, 0xF0, 0xFC, 0x01, 0xF8, 0x03, 0xF0, 0xFC, 0x01, 0xF8, 0x03, 0xF0, 0xFC, 0x01, 0xF8, 0x03, 0xF0, 0xFC, 0x01, 0xF8, 0x03, 0xF0, 0xFC, 0x01, 0xF8, 0x03, 0xF0, 0xFC, 0x01, 0xF8, 0x03, 0xF0, 0xFF, 0xFF, 0xFF, 0xFF, 0xF0, 0xFF, 0xFF, 0xFF, 0xFF, 0xF0, 0xFF, 0xFF, 0xFF, 0xFF, 0xF0, 0xFF, 0xFF, 0xFF, 0xFF, 0xF0, 0x7F, 0xFF, 0xFF, 0xFF, 0xE0, 

/* Symbol 0xD9, offset 17445 */
    41, 64, 13,
    0x78, 0x00, 0xF0, 0x01, 0xE0, 0x00, 0xFC, 0x01, 0xF8, 0x03, 0xF0, 0x00, 0xFC, 0x01, 0xF8, 0x03, 0xF0, 0x00, 0xFC, 0x01, 0xF8, 0x03, 0xF0, 0x00, 0xFC, 0x01, 0xF8, 0x03, 0xF0, 0x00, 0xFC, 0x01, 0xF8, 0x03, 0xF0, 0x00, 0xFC, 0x01, 0xF8, 0x03, 0xF0, 0x00, 0xFC, 0x01, 0xF8, 0x03, 0xF0, 0x00, 0xFC, 0x01, 0xF8, 0x03, 0xF0, 0x00, 0xFC, 0x01, 0xF8, 0x03, 0xF0, 0x00, 0xFC, 0x01, 0xF8, 0x03, 0xF0, 0x00, 0xFC, 0x01, 0xF8, 0x03, 0xF0, 0x00, 0xFC, 0x01, 0xF8, 0x03, 0xF0, 0x00, 0xFC, 0x01, 0xF8, 0x03, 0xF0, 0x00, 0xFC, 0x01, 0xF8, 0x03, 0xF0, 0x00, 0xFC, 0x01, 0xF8, 0x03, 0xF0, 0x00, 0xFC, 0x01, 0xF8, 0x03, 0xF0, 0x00, 0xFC, 0x01, 0xF8, 0x03, 0xF0, 0x00, 0xFC, 0x01, 0xF8, 0x03, 0xF0, 0x00, 0xFC, 0x01, 0xF8, 0x03, 0xF0, 0x00, 0xFC, 0x01, 0xF8, 0x03, 0xF0, 0x00, 0xFC, 0x01, 0xF8, 0x03, 0xF0, 0x00, 0xFC, 0x01, 0xF8, 0x03, 0xF0, 0x00, 0xFC, 0x01, 0xF8, 0x03, 0xF0, 0x00, 0xFC, 0x01, 0xF8, 0x03, 0xF0, 0x00, 0xFC, 0x01, 0xF8, 0x03, 0xF0, 0x00, 0xFC, 0x01, 0xF8, 0x03, 0xF0, 0x00, 0xFC, 0x01, 0xF8, 0x03, 0xF0, 0x00, 0xFC, 0x01, 0xF8, 0x03, 0xF0, 0x00, 0xFC, 0x01, 0xF8, 0x03, 0xF0, 0x00, 0xFC, 0x01, 0xF8, 0x03, 0xF0, 0x00, 0xFC, 0x01, 0xF8, 0x03, 0xF0, 0x00, 0xFC, 0x01, 0xF8, 0x03, 0xF0, 0x00, 0xFC, 0x01, 0xF8, 0x03, 0xF0, 0x00, 0xFC, 0x01, 0xF8, 0x03, 0xF0, 0x00, 0xFC, 0x01, 0xF8, 0x03, 0xF0, 0x00, 0xFC, 0x01, 0xF8, 0x03, 0xF0, 0x00, 0xFC, 0x01, 0xF8, 0x03, 0xF0, 0x00, 0xFC, 0x01, 0xF8, 0x03, 0xF0, 0x00, 0xFF, 0xFF, 0xFF, 0xFF, 0xFF, 0x00, 0xFF, 0xFF, 0xFF, 0xFF, 0xFF, 0x80, 0xFF, 0xFF, 0xFF, 0xFF, 0xFF, 0x80, 0xFF, 0xFF, 0xFF, 0xFF, 0xFF, 0x80, 0x7F, 0xFF, 0xFF, 0xFF, 0xFF, 0x80, 0x00, 0x00, 0x00, 0x00, 0x1F, 0x80, 0x00, 0x00, 0x00, 0x00, 0x1F, 0x80, 0x00, 0x00, 0x00, 0x00, 0x1F, 0x80, 0x00, 0x00, 0x00, 0x00, 0x1F, 0x80, 0x00, 0x00, 0x00, 0x00, 0x1F, 0x80, 0x00, 0x00, 0x00, 0x00, 0x1F, 0x80, 0x00, 0x00, 0x00, 0x00, 0x0F, 0x00, 

/* Symbol 0xDA, offset 17754 */
    36, 57, 13,
    0x7F, 0xFC, 0x00, 0x00, 0x00, 0xFF, 0xFE, 0x00, 0x00, 0x00, 0xFF, 0xFE, 0x00, 0x00, 0x00, 0xFF, 0xFE, 0x00, 0x00, 0x00, 0x7F, 0xFE, 0x00, 0x00, 0x00, 0x00, 0x7E, 0x00, 0x00, 0x00, 0x00, 0x7E, 0x00, 0x00, 0x00, 0x00, 0x7E, 0x00, 0x00, 0x00, 0x00, 0x7E, 0x00, 0x00, 0x00, 0x00, 0x7E, 0x00, 0x00, 0x00, 0x00, 0x7E, 0x00, 0x00, 0x00, 0x00, 0x7E, 0x00, 0x00, 0x00, 0x00, 0x7E, 0x00, 0x00, 0x00, 0x00, 0x7E, 0x00, 0x00, 0x00, 0x00, 0x7E, 0x00, 0x00, 0x00, 0x00, 0x7E, 0x00, 0x00, 0x00, 0x00, 0x7E, 0x00, 0x00, 0x00, 0x00, 0x7F, 0xFF, 0xFE, 0x00, 0x00, 0x7F, 0xFF, 0xFF, 0x00, 0x00, 0x7F, 0xFF, 0xFF, 0xC0, 0x00, 0x7F, 0xFF, 0xFF, 0xC0, 0x00, 0x7F, 0xFF, 0xFF, 0xE0, 0x00, 0x7E, 0x00, 0x0F, 0xE0, 0x00, 0x7E, 0x00, 0x07, 0xF0, 0x00, 0x7E, 0x00, 0x03, 0xF0, 0x00, 0x7E, 0x00, 0x03, 0xF0, 0x00, 0x7E, 0x00, 0x03, 0xF0, 0x00, 0x7E, 0x00, 0x03, 0xF0, 0x00, 0x7E, 0x00, 0x03, 0xF0, 0x00, 0x7E, 0x00, 0x03, 0xF0, 0x00, 0x7E, 0x00, 0x03, 0xF0, 0x00, 0x7E, 0x00, 0x03, 0xF0, 0x00, 0x7E, 0x00, 0x03, 0xF0, 0x00, 0x7E, 0x00, 0x03, 0xF0, 0x00, 0x7E, 0x00, 0x03, 0xF0, 0x00, 0x7E, 0x00, 0x03, 0xF0, 0x00, 0x7E, 0x00, 0x03, 0xF0, 0x00, 0x7E, 0x00, 0x07, 0xF0, 0x00, 0x7E, 0x00, 0x0F, 0xE0, 0x00, 0x7F, 0xFF, 0xFF, 0xE0, 0x00, 0x7F, 0xFF, 0xFF, 0xC0, 0x00, 0x7F, 0xFF, 0xFF, 0xC0, 0x00, 0x7F, 0xFF, 0xFF, 0x00, 0x00, 0x3F, 0xFF, 0xFE, 0x00, 

/* Symbol 0xDB, offset 17977 */
    32, 57, 13,
    0x78, 0x00, 0x00, 0x1E, 0xFC, 0x00, 0x00, 0x3F, 0xFC, 0x00, 0x00, 0x3F, 0xFC, 0x00, 0x00, 0x3F, 0xFC, 0x00, 0x00, 0x3F, 0xFC, 0x00, 0x00, 0x3F, 0xFC, 0x00, 0x00, 0x3F, 0xFC, 0x00, 0x00, 0x3F, 0xFC, 0x00, 0x00, 0x3F, 0xFC, 0x00, 0x00, 0x3F, 0xFC, 0x00, 0x00, 0x3F, 0xFC, 0x00, 0x00, 0x3F, 0xFC, 0x00, 0x00, 0x3F, 0xFC, 0x00, 0x00, 0x3F, 0xFC, 0x00, 0x00, 0x3F, 0xFC, 0x00, 0x00, 0x3F, 0xFC, 0x00, 0x00, 0x3F, 0xFF, 0xFF, 0xC0, 0x3F, 0xFF, 0xFF, 0xF0, 0x3F, 0xFF, 0xFF, 0xF8, 0x3F, 0xFF, 0xFF, 0xFC, 0x3F, 0xFF, 0xFF, 0xFE, 0x3F, 0xFC, 0x00, 0xFE, 0x3F, 0xFC, 0x00, 0x7F, 0x3F, 0xFC, 0x00, 0x3F, 0x3F, 0xFC, 0x00, 0x3F, 0x3F, 0xFC, 0x00, 0x3F, 0x3F, 0xFC, 0x00, 0x3F, 0x3F, 0xFC, 0x00, 0x3F, 0x3F, 0xFC, 0x00, 0x3F, 0x3F, 0xFC, 0x00, 0x3F, 0x3F, 0xFC, 0x00, 0x3F, 0x3F, 0xFC, 0x00, 0x3F, 0x3F, 0xFC, 0x00, 0x3F, 0x3F, 0xFC, 0x00, 0x3F, 0x3F, 0xFC, 0x00, 0x3F, 0x3F, 0xFC, 0x00, 0x3F, 0x3F, 0xFC, 0x00, 0x7F, 0x3F, 0xFC, 0x00, 0xFE, 0x3F, 0xFF, 0xFF, 0xFE, 0x3F, 0xFF, 0xFF, 0xFC, 0x3F, 0xFF, 0xFF, 0xF8, 0x3F, 0xFF, 0xFF, 0xF0, 0x3F, 0x7F, 0xFF, 0xC0, 0x1E, 

/* Symbol 0xDC, offset 18156 */
    28, 57, 13,
    0x78, 0x00, 0x00, 0x00, 0xFC, 0x00, 0x00, 0x00, 0xFC, 0x00, 0x00, 0x00, 0xFC, 0x00, 0x00, 0x00, 0xFC, 0x00, 0x00, 0x00, 0xFC, 0x00, 0x00, 0x00, 0xFC, 0x00, 0x00, 0x00, 0xFC, 0x00, 0x00, 0x00, 0xFC, 0x00, 0x00, 0x00, 0xFC, 0x00, 0x00, 0x00, 0xFC, 0x00, 0x00, 0x00, 0xFC, 0x00, 0x00, 0x00, 0xFC, 0x00, 0x00, 0x00, 0xFC, 0x00, 0x00, 0x00, 0xFC, 0x00, 0x00, 0x00, 0xFC, 0x00, 0x00, 0x00, 0xFC, 0x00, 0x00, 0x00, 0xFF, 0xFF, 0xFC, 0x00, 0xFF, 0xFF, 0xFF, 0x00, 0xFF, 0xFF, 0xFF, 0x80, 0xFF, 0xFF, 0xFF, 0xC0, 0xFF, 0xFF, 0xFF, 0xE0, 0xFC, 0x00, 0x3F, 0xE0, 0xFC, 0x00, 0x0F, 0xF0, 0xFC, 0x00, 0x07, 0xF0, 0xFC, 0x00, 0x03, 0xF0, 0xFC, 0x00, 0x03, 0xF0, 0xFC, 0x00, 0x03, 0xF0, 0xFC, 0x00, 0x03, 0xF0, 0xFC, 0x00, 0x03, 0xF0, 0xFC, 0x00, 0x03, 0xF0, 0xFC, 0x00, 0x03, 0xF0, 0xFC, 0x00, 0x03, 0xF0, 0xFC, 0x00, 0x03, 0xF0, 0xFC, 0x00, 0x03, 0xF0, 0xFC, 0x00, 0x03, 0xF0, 0xFC, 0x00, 0x03, 0xF0, 0xFC, 0x00, 0x07, 0xF0, 0xFC, 0x00, 0x0F, 0xE0, 0xFF, 0xFF, 0xFF, 0xE0, 0xFF, 0xFF, 0xFF, 0xC0, 0xFF, 0xFF, 0xFF, 0x80, 0xFF, 0xFF, 0xFF, 0x00, 0x7F, 0xFF, 0xFC, 0x00, 

/* Symbol 0xDD, offset 18335 */
    28, 57, 13,
    0x7F, 0xFF, 0xFC, 0x00, 0xFF, 0xFF, 0xFF, 0x00, 0xFF, 0xFF, 0xFF, 0xC0, 0xFF, 0xFF, 0xFF, 0xC0, 0x7F, 0xFF, 0xFF, 0xE0, 0x00, 0x00, 0x0F, 0xE0, 0x00, 0x00, 0x07, 0xF0, 0x00, 0x00, 0x03, 0xF0, 0x00, 0x00, 0x03, 0xF0, 0x00, 0x00, 0x03, 0xF0, 0x00, 0x00, 0x03, 0xF0, 0x00, 0x00, 0x03, 0xF0, 0x00, 0x00, 0x03, 0xF0, 0x00, 0x00, 0x03, 0xF0, 0x00, 0x00, 0x03, 0xF0, 0x00, 0x00, 0x03, 0xF0, 0x00, 0x00, 0x03, 0xF0, 0x00, 0x3F, 0xFF, 0xF0, 0x00, 0x7F, 0xFF, 0xF0, 0x00, 0x7F, 0xFF, 0xF0, 0x00, 0x7F, 0xFF, 0xF0, 0x00, 0x3F, 0xFF, 0xF0, 0x00, 0x00, 0x03, 0xF0, 0x00, 0x00, 0x03, 0xF0, 0x00, 0x00, 0x03, 0xF0, 0x00, 0x00, 0x03, 0xF0, 0x00, 0x00, 0x03, 0xF0, 0x00, 0x00, 0x03, 0xF0, 0x00, 0x00, 0x03, 0xF0, 0x00, 0x00, 0x03, 0xF0, 0x00, 0x00, 0x03, 0xF0, 0x00, 0x00, 0x03, 0xF0, 0x00, 0x00, 0x03, 0xF0, 0x00, 0x00, 0x03, 0xF0, 0x00, 0x00, 0x03, 0xF0, 0x00, 0x00, 0x03, 0xF0, 0x00, 0x00, 0x03, 0xF0, 0x00, 0x00, 0x07, 0xF0, 0x00, 0x00, 0x0F, 0xE0, 0x7F, 0xFF, 0xFF, 0xE0, 0xFF, 0xFF, 0xFF, 0xC0, 0xFF, 0xFF, 0xFF, 0x80, 0xFF, 0xFF, 0xFF, 0x00, 0x7F, 0xFF, 0xFC, 0x00, 

/* Symbol 0xDE, offset 18514 */
    32, 57, 13,
    0x78, 0x03, 0xFF, 0xE0, 0xFC, 0x07, 0xFF, 0xF0, 0xFC, 0x1F, 0xFF, 0xFC, 0xFC, 0x1F, 0xFF, 0xFC, 0xFC, 0x3F, 0xFF, 0xFE, 0xFC, 0x3F, 0x80, 0xFE, 0xFC, 0x7F, 0x00, 0x7F, 0xFC, 0x7E, 0x00, 0x3F, 0xFC, 0x7E, 0x00, 0x3F, 0xFC, 0x7E, 0x00, 0x3F, 0xFC, 0x7E, 0x00, 0x3F, 0xFC, 0x7E, 0x00, 0x3F, 0xFC, 0x7E, 0x00, 0x3F, 0xFC, 0x7E, 0x00, 0x3F, 0xFC, 0x7E, 0x00, 0x3F, 0xFC, 0x7E, 0x00, 0x3F, 0xFC, 0x7E, 0x00, 0x3F, 0xFF, 0xFE, 0x00, 0x3F, 0xFF, 0xFE, 0x00, 0x3F, 0xFF, 0xFE, 0x00, 0x3F, 0xFF, 0xFE, 0x00, 0x3F, 0xFF, 0xFE, 0x00, 0x3F, 0xFC, 0x7E, 0x00, 0x3F, 0xFC, 0x7E, 0x00, 0x3F, 0xFC, 0x7E, 0x00, 0x3F, 0xFC, 0x7E, 0x00, 0x3F, 0xFC, 0x7E, 0x00, 0x3F, 0xFC, 0x7E, 0x00, 0x3F, 0xFC, 0x7E, 0x00, 0x3F, 0xFC, 0x7E, 0x00, 0x3F, 0xFC, 0x7E, 0x00, 0x3F, 0xFC, 0x7E, 0x00, 0x3F, 0xFC, 0x7E, 0x00, 0x3F, 0xFC, 0x7E, 0x00, 0x3F, 0xFC, 0x7E, 0x00, 0x3F, 0xFC, 0x7E, 0x00, 0x3F, 0xFC, 0x7E, 0x00, 0x3F, 0xFC, 0x7F, 0x00, 0x7F, 0xFC, 0x3F, 0x80, 0xFE, 0xFC, 0x3F, 0xFF, 0xFE, 0xFC, 0x1F, 0xFF, 0xFC, 0xFC, 0x0F, 0xFF, 0xFC, 0xFC, 0x07, 0xFF, 0xF0, 0x78, 0x01, 0xFF, 0xC0, 

/* Symbol 0xDF, offset 18693 */
    28, 57, 13,
    0x03, 0xFF, 0xFF, 0xE0, 0x0F, 0xFF, 0xFF, 0xF0, 0x1F, 0xFF, 0xFF, 0xF0, 0x3F, 0xFF, 0xFF, 0xF0, 0x7F, 0xFF, 0xFF, 0xF0, 0x7F, 0x00, 0x03, 0xF0, 0xFE, 0x00, 0x03, 0xF0, 0xFC, 0x00, 0x03, 0xF0, 0xFC, 0x00, 0x03, 0xF0, 0xFC, 0x00, 0x03, 0xF0, 0xFC, 0x00, 0x03, 0xF0, 0xFC, 0x00, 0x03, 0xF0, 0xFC, 0x00, 0x03, 0xF0, 0xFC, 0x00, 0x03, 0xF0, 0xFC, 0x00, 0x03, 0xF0, 0xFC, 0x00, 0x03, 0xF0, 0xFC, 0x00, 0x03, 0xF0, 0xFC, 0x00, 0x03, 0xF0, 0xFC, 0x00, 0x03, 0xF0, 0xFC, 0x00, 0x03, 0xF0, 0xFE, 0x00, 0x03, 0xF0, 0x7F, 0x00, 0x03, 0xF0, 0x7F, 0xFF, 0xFF, 0xF0, 0x3F, 0xFF, 0xFF, 0xF0, 0x1F, 0xFF, 0xFF, 0xF0, 0x0F, 0xFF, 0xFF, 0xF0, 0x03, 0xFF, 0xFF, 0xF0, 0x00, 0xFF, 0x03, 0xF0, 0x01, 0xFE, 0x03, 0xF0, 0x01, 0xFE, 0x03, 0xF0, 0x03, 0xFC, 0x03, 0xF0, 0x03, 0xFC, 0x03, 0xF0, 0x07, 0xF8, 0x03, 0xF0, 0x0F, 0xF0, 0x03, 0xF0, 0x0F, 0xF0, 0x03, 0xF0, 0x1F, 0xE0, 0x03, 0xF0, 0x3F, 0xC0, 0x03, 0xF0, 0x3F, 0xC0, 0x03, 0xF0, 0x7F, 0x80, 0x03, 0xF0, 0xFF, 0x00, 0x03, 0xF0, 0xFF, 0x00, 0x03, 0xF0, 0xFE, 0x00, 0x03, 0xF0, 0xFC, 0x00, 0x03, 0xF0, 0x7C, 0x00, 0x01, 0xE0, 

/* Symbol 0xE0, offset 18872 */
    28, 57, 26,
    0x03, 0xFF, 0xFE, 0x00, 0x0F, 0xFF, 0xFF, 0x00, 0x1F, 0xFF, 0xFF, 0x00, 0x3F, 0xFF, 0xFF, 0x00, 0x7F, 0xFF, 0xFF, 0x00, 0x7F, 0x00, 0x3F, 0x00, 0xFE, 0x00, 0x3F, 0x00, 0xFC, 0x00, 0x3F, 0x00, 0xFC, 0x00, 0x3F, 0x00, 0xFC, 0x00, 0x3F, 0x00, 0xFC, 0x00, 0x3F, 0x00, 0xFC, 0x00, 0x3F, 0x00, 0xFC, 0x00, 0x3F, 0x00, 0xFC, 0x00, 0x3F, 0x00, 0xFC, 0x00, 0x3F, 0x00, 0xFC, 0x00, 0x3F, 0x00, 0xFC, 0x00, 0x3F, 0x00, 0xFC, 0x00, 0x3F, 0x00, 0xFC, 0x00, 0x3F, 0x00, 0xFC, 0x00, 0x3F, 0x00, 0xFC, 0x00, 0x3F, 0x00, 0xFC, 0x00, 0x3F, 0x00, 0xFC, 0x00, 0x3F, 0x00, 0xFC, 0x00, 0x3F, 0x00, 0xFE, 0x00, 0x7F, 0x80, 0x7F, 0x00, 0xFF, 0xC0, 0x7F, 0xFF, 0xFF, 0xE0, 0x3F, 0xFF, 0xFF, 0xF0, 0x1F, 0xFF, 0xFF, 0xF0, 0x0F, 0xFF, 0xF7, 0xF0, 0x03, 0xFF, 0xC1, 0xE0, 

/* Symbol 0xE1, offset 18999 */
    24, 57, 13,
    0x7F, 0xFF, 0xFE, 0xFF, 0xFF, 0xFF, 0xFF, 0xFF, 0xFF, 0xFF, 0xFF, 0xFF, 0x7F, 0xFF, 0xFE, 0x3F, 0xE0, 0x00, 0x1F, 0xF0, 0x00, 0x0F, 0xF8, 0x00, 0x07, 0xFC, 0x00, 0x03, 0xFF, 0x00, 0x01, 0xFF, 0x80, 0x00, 0xFF, 0xC0, 0x00, 0x7F, 0xE0, 0x03, 0xFF, 0xF0, 0x0F, 0xFF, 0xF8, 0x1F, 0xFF, 0xFC, 0x3F, 0xFF, 0xFE, 0x7F, 0xFF, 0xFE, 0x7F, 0x00, 0xFF, 0xFE, 0x00, 0x7F, 0xFC, 0x00, 0x3F, 0xFC, 0x00, 0x3F, 0xFC, 0x00, 0x3F, 0xFC, 0x00, 0x3F, 0xFC, 0x00, 0x3F, 0xFC, 0x00, 0x3F, 0xFC, 0x00, 0x3F, 0xFC, 0x00, 0x3F, 0xFC, 0x00, 0x3F, 0xFC, 0x00, 0x3F, 0xFC, 0x00, 0x3F, 0xFC, 0x00, 0x3F, 0xFC, 0x00, 0x3F, 0xFC, 0x00, 0x3F, 0xFC, 0x00, 0x3F, 0xFC, 0x00, 0x3F, 0xFC, 0x00, 0x3F, 0xFE, 0x00, 0x7F, 0x7F, 0x00, 0xFE, 0x7F, 0xFF, 0xFE, 0x3F, 0xFF, 0xFC, 0x1F, 0xFF, 0xF8, 0x0F, 0xFF, 0xF0, 0x03, 0xFF, 0xC0, 

/* Symbol 0xE2, offset 19134 */
    24, 57, 13,
    0x07, 0xF8, 0x00, 0x1F, 0xFE, 0x00, 0x3F, 0xFF, 0x00, 0x7F, 0xFF, 0x80, 0x7F, 0xFF, 0x80, 0xFF, 0x3F, 0xC0, 0xFE, 0x1F, 0xC0, 0xFC, 0x0F, 0xC0, 0xFC, 0x0F, 0xC0, 0xFC, 0x1F, 0xC0, 0xFC, 0x3F, 0xC0, 0xFC, 0xFF, 0xC0, 0xFD, 0xFF, 0x80, 0xFF, 0xFF, 0xE0, 0xFF, 0xFF, 0xF8, 0xFF, 0xFF, 0xFC, 0xFF, 0xFF, 0xFE, 0xFF, 0xFF, 0xFE, 0xFF, 0x81, 0xFF, 0xFE, 0x00, 0x7F, 0xFC, 0x00, 0x3F, 0xFC, 0x00, 0x3F, 0xFC, 0x00, 0x3F, 0xFC, 0x00, 0x3F, 0xFC, 0x00, 0x3F, 0xFC, 0x00, 0x3F, 0xFC, 0x00, 0x3F, 0xFC, 0x00, 0x3F, 0xFC, 0x00, 0x3F, 0xFC, 0x00, 0x3F, 0xFC, 0x00, 0x3F, 0xFC, 0x00, 0x3F, 0xFC, 0x00, 0x3F, 0xFC, 0x00, 0x3F, 0xFC, 0x00, 0x3F, 0xFC, 0x00, 0x3F, 0xFC, 0x00, 0x3F, 0xFE, 0x00, 0x7F, 0x7F, 0x00, 0xFE, 0x7F, 0xFF, 0xFE, 0x3F, 0xFF, 0xFC, 0x1F, 0xFF, 0xF8, 0x0F, 0xFF, 0xF0, 0x03, 0xFF, 0xC0, 

/* Symbol 0xE3, offset 19269 */
    24, 57, 26,
    0x03, 0xFF, 0x80, 0x3F, 0xFF, 0xF0, 0x7F, 0xFF, 0xF8, 0xFF, 0xFF, 0xFC, 0xFF, 0xFF, 0xFC, 0xFF, 0x03, 0xFE, 0xFC, 0x00, 0xFE, 0x00, 0x00, 0x7E, 0x00, 0x00, 0xFE, 0x00, 0x01, 0xFE, 0x00, 0x07, 0xFC, 0x00, 0x0F, 0xFC, 0x00, 0x3F, 0xF8, 0x00, 0x7F, 0xF0, 0x01, 0xFF, 0xC0, 0x03, 0xFF, 0x80, 0x0F, 0xFF, 0x00, 0x1F, 0xFC, 0x00, 0x3F, 0xF8, 0x00, 0x7F, 0xE0, 0x00, 0xFF, 0xC0, 0x00, 0xFF, 0x00, 0x00, 0xFE, 0x00, 0x00, 0xFC, 0x00, 0x00, 0xFC, 0x00, 0x3E, 0xFE, 0x00, 0xFE, 0xFF, 0xFF, 0xFF, 0x7F, 0xFF, 0xFF, 0x3F, 0xFF, 0xFE, 0x1F, 0xFF, 0xFC, 0x07, 0xFF, 0xE0, 

/* Symbol 0xE4, offset 19365 */
    24, 57, 13,
    0x1F, 0xFF, 0xC0, 0x3F, 0xFF, 0xF0, 0x3F, 0xFF, 0xF8, 0x3F, 0xFF, 0xFC, 0x1F, 0xFF, 0xFE, 0x00, 0x00, 0xFE, 0x00, 0x00, 0x7F, 0x00, 0x00, 0x3F, 0x00, 0x00, 0x3F, 0x00, 0x00, 0x3F, 0x00, 0x00, 0x3F, 0x00, 0x00, 0x3F, 0x00, 0x00, 0x3F, 0x03, 0xFF, 0xFF, 0x0F, 0xFF, 0xFF, 0x1F, 0xFF, 0xFF, 0x3F, 0xFF, 0xFF, 0x7F, 0xFF, 0xFF, 0x7F, 0x00, 0x3F, 0xFE, 0x00, 0x3F, 0xFC, 0x00, 0x3F, 0xFC, 0x00, 0x3F, 0xFC, 0x00, 0x3F, 0xFC, 0x00, 0x3F, 0xFC, 0x00, 0x3F, 0xFC, 0x00, 0x3F, 0xFC, 0x00, 0x3F, 0xFC, 0x00, 0x3F, 0xFC, 0x00, 0x3F, 0xFC, 0x00, 0x3F, 0xFC, 0x00, 0x3F, 0xFC, 0x00, 0x3F, 0xFC, 0x00, 0x3F, 0xFC, 0x00, 0x3F, 0xFC, 0x00, 0x3F, 0xFC, 0x00, 0x3F, 0xFC, 0x00, 0x3F, 0xFE, 0x00, 0x7F, 0x7F, 0x00, 0xFE, 0x7F, 0xFF, 0xFE, 0x3F, 0xFF, 0xFC, 0x1F, 0xFF, 0xF8, 0x0F, 0xFF, 0xF0, 0x03, 0xFF, 0xC0, 

/* Symbol 0xE5, offset 19500 */
    24, 57, 26,
    0x03, 0xFF, 0xC0, 0x0F, 0xFF, 0xF0, 0x1F, 0xFF, 0xF8, 0x3F, 0xFF, 0xFC, 0x7F, 0xFF, 0xFE, 0x7F, 0x00, 0xFE, 0xFE, 0x00, 0x7F, 0xFC, 0x00, 0x3F, 0xFC, 0x00, 0x3F, 0xFC, 0x00, 0x3F, 0xFC, 0x00, 0x3F, 0xFC, 0x00, 0x3F, 0xFC, 0x00, 0x3F, 0xFF, 0xFF, 0xFF, 0xFF, 0xFF, 0xFF, 0xFF, 0xFF, 0xFF, 0xFF, 0xFF, 0xFF, 0xFF, 0xFF, 0xFE, 0xFC, 0x00, 0x00, 0xFC, 0x00, 0x00, 0xFC, 0x00, 0x00, 0xFC, 0x00, 0x00, 0xFC, 0x00, 0x00, 0xFC, 0x00, 0x00, 0xFE, 0x00, 0x00, 0x7F, 0x00, 0x00, 0x7F, 0xFF, 0xFE, 0x3F, 0xFF, 0xFF, 0x1F, 0xFF, 0xFF, 0x0F, 0xFF, 0xFF, 0x03, 0xFF, 0xFE, 

/* Symbol 0xE6, offset 19596 */
    32, 57, 26,
    0x7C, 0x03, 0xC0, 0x3E, 0xFC, 0x07, 0xE0, 0x3F, 0xFE, 0x07, 0xE0, 0x7F, 0xFF, 0x07, 0xE0, 0xFF, 0xFF, 0x07, 0xE0, 0xFF, 0x7F, 0x87, 0xE1, 0xFE, 0x3F, 0xC7, 0xE3, 0xFC, 0x3F, 0xC7, 0xE3, 0xFC, 0x1F, 0xE7, 0xE7, 0xF8, 0x0F, 0xF7, 0xEF, 0xF0, 0x0F, 0xF7, 0xEF, 0xF0, 0x07, 0xFF, 0xFF, 0xE0, 0x03, 0xFF, 0xFF, 0xC0, 0x03, 0xFF, 0xFF, 0xC0, 0x01, 0xFF, 0xFF, 0x80, 0x00, 0xFF, 0xFF, 0x00, 0x01, 0xFF, 0xFF, 0x80, 0x03, 0xFF, 0xFF, 0xC0, 0x03, 0xFF, 0xFF, 0xC0, 0x07, 0xFF, 0xFF, 0xE0, 0x0F, 0xF7, 0xEF, 0xF0, 0x0F, 0xF7, 0xEF, 0xF0, 0x1F, 0xE7, 0xE7, 0xF8, 0x3F, 0xC7, 0xE3, 0xFC, 0x3F, 0xC7, 0xE3, 0xFC, 0x7F, 0x87, 0xE1, 0xFE, 0xFF, 0x07, 0xE0, 0xFF, 0xFF, 0x07, 0xE0, 0xFF, 0xFE, 0x07, 0xE0, 0x7F, 0xFC, 0x07, 0xE0, 0x3F, 0x7C, 0x03, 0xC0, 0x3E, 

/* Symbol 0xE7, offset 19723 */
    21, 57, 26,
    0x07, 0xFF, 0x00, 0x3F, 0xFF, 0xC0, 0x7F, 0xFF, 0xE0, 0xFF, 0xFF, 0xF0, 0xFF, 0xFF, 0xF0, 0xFF, 0x07, 0xF8, 0xFC, 0x03, 0xF8, 0x00, 0x01, 0xF8, 0x00, 0x01, 0xF8, 0x00, 0x01, 0xF8, 0x00, 0x01, 0xF8, 0x00, 0x03, 0xF8, 0x00, 0x07, 0xF8, 0x00, 0xFF, 0xF0, 0x01, 0xFF, 0xF0, 0x01, 0xFF, 0xE0, 0x01, 0xFF, 0xF0, 0x00, 0xFF, 0xF0, 0x00, 0x07, 0xF8, 0x00, 0x03, 0xF8, 0x00, 0x01, 0xF8, 0x00, 0x01, 0xF8, 0x00, 0x01, 0xF8, 0x78, 0x01, 0xF8, 0xFC, 0x03, 0xF8, 0xFF, 0x07, 0xF8, 0xFF, 0xFF, 0xF0, 0xFF, 0xFF, 0xF0, 0x7F, 0xFF, 0xE0, 0x1F, 0xFF, 0xC0, 0x07, 0xFF, 0x00, 

/* Symbol 0xE8, offset 19819 */
    24, 57, 26,
    0x78, 0x00, 0x1E, 0xFC, 0x00, 0x3F, 0xFC, 0x00, 0x3F, 0xFC, 0x00, 0x3F, 0xFC, 0x00, 0x3F, 0xFC, 0x00, 0x3F, 0xFC, 0x00, 0x3F, 0xFC, 0x00, 0x3F, 0xFC, 0x00, 0x3F, 0xFC, 0x00, 0x3F, 0xFC, 0x00, 0x3F, 0xFC, 0x00, 0x3F, 0xFC, 0x00, 0x3F, 0xFC, 0x00, 0x3F, 0xFC, 0x00, 0x3F, 0xFC, 0x00, 0x3F, 0xFC, 0x00, 0x3F, 0xFC, 0x00, 0x3F, 0xFC, 0x00, 0x3F, 0xFC, 0x00, 0x3F, 0xFC, 0x00, 0x3F, 0xFC, 0x00, 0x3F, 0xFC, 0x00, 0x3F, 0xFC, 0x00, 0x3F, 0xFE, 0x00, 0x3F, 0x7F, 0x00, 0x3F, 0x7F, 0xFF, 0xFF, 0x3F, 0xFF, 0xFF, 0x1F, 0xFF, 0xFF, 0x0F, 0xFF, 0xFF, 0x03, 0xFF, 0xFE, 

/* Symbol 0xE9, offset 19915 */
    24, 57, 13,
    0x07, 0xFF, 0xC0, 0x0F, 0xFF, 0xE0, 0x0F, 0xFF, 0xE0, 0x0F, 0xFF, 0xE0, 0x07, 0xFF, 0xE0, 0x00, 0x00, 0x00, 0x00, 0x00, 0x00, 0x00, 0x00, 0x00, 0x00, 0x00, 0x00, 0x00, 0x00, 0x00, 0x00, 0x00, 0x00, 0x00, 0x00, 0x00, 0x00, 0x00, 0x00, 0x78, 0x00, 0x1F, 0xFC, 0x00, 0x3F, 0xFC, 0x00, 0x3F, 0xFC, 0x00, 0x3F, 0xFC, 0x00, 0x3F, 0xFC, 0x00, 0x3F, 0xFC, 0x00, 0x3F, 0xFC, 0x00, 0x3F, 0xFC, 0x00, 0x3F, 0xFC, 0x00, 0x3F, 0xFC, 0x00, 0x3F, 0xFC, 0x00, 0x3F, 0xFC, 0x00, 0x3F, 0xFC, 0x00, 0x3F, 0xFC, 0x00, 0x3F, 0xFC, 0x00, 0x3F, 0xFC, 0x00, 0x3F, 0xFC, 0x00, 0x3F, 0xFC, 0x00, 0x3F, 0xFC, 0x00, 0x3F, 0xFC, 0x00, 0x3F, 0xFC, 0x00, 0x3F, 0xFC, 0x00, 0x3F, 0xFC, 0x00, 0x3F, 0xFE, 0x00, 0x3F, 0x7F, 0x00, 0x3F, 0x7F, 0xFF, 0xFF, 0x3F, 0xFF, 0xFF, 0x1F, 0xFF, 0xFF, 0x0F, 0xFF, 0xFF, 0x03, 0xFF, 0xFE, 

/* Symbol 0xEA, offset 20050 */
    23, 57, 26,
    0x7C, 0x00, 0x3E, 0xFC, 0x00, 0x7E, 0xFC, 0x00, 0xFE, 0xFC, 0x01, 0xFE, 0xFC, 0x03, 0xFE, 0xFC, 0x07, 0xFC, 0xFC, 0x0F, 0xF8, 0xFC, 0x1F, 0xF0, 0xFC, 0x3F, 0xE0, 0xFC, 0x7F, 0xC0, 0xFC, 0xFF, 0x80, 0xFD, 0xFF, 0x00, 0xFF, 0xFE, 0x00, 0xFF, 0xFC, 0x00, 0xFF, 0xFE, 0x00, 0xFF, 0xFF, 0x00, 0xFF, 0xFF, 0x00, 0xFF, 0xFF, 0x80, 0xFF, 0xBF, 0xC0, 0xFF, 0x1F, 0xC0, 0xFE, 0x1F, 0xE0, 0xFC, 0x0F, 0xF0, 0xFC, 0x07, 0xF0, 0xFC, 0x07, 0xF8, 0xFC, 0x03, 0xFC, 0xFC, 0x01, 0xFC, 0xFC, 0x01, 0xFE, 0xFC, 0x00, 0xFE, 0xFC, 0x00, 0x7E, 0xFC, 0x00, 0x7E, 0x78, 0x00, 0x3E, 

/* Symbol 0xEB, offset 20146 */
    24, 57, 26,
    0x00, 0x3F, 0xFE, 0x00, 0x7F, 0xFF, 0x00, 0x7F, 0xFF, 0x00, 0xFF, 0xFF, 0x00, 0xFF, 0xFF, 0x00, 0xFE, 0x3F, 0x01, 0xFC, 0x3F, 0x01, 0xFC, 0x3F, 0x01, 0xFC, 0x3F, 0x03, 0xF8, 0x3F, 0x03, 0xF8, 0x3F, 0x03, 0xF8, 0x3F, 0x07, 0xF0, 0x3F, 0x07, 0xF0, 0x3F, 0x07, 0xF0, 0x3F, 0x0F, 0xE0, 0x3F, 0x0F, 0xE0, 0x3F, 0x0F, 0xE0, 0x3F, 0x1F, 0xC0, 0x3F, 0x1F, 0xC0, 0x3F, 0x1F, 0xC0, 0x3F, 0x3F, 0x80, 0x3F, 0x3F, 0x80, 0x3F, 0x3F, 0x80, 0x3F, 0x7F, 0x00, 0x3F, 0x7F, 0x00, 0x3F, 0x7F, 0x00, 0x3F, 0xFE, 0x00, 0x3F, 0xFE, 0x00, 0x3F, 0xFE, 0x00, 0x3F, 0x7C, 0x00, 0x1E, 

/* Symbol 0xEC, offset 20242 */
    28, 57, 26,
    0x78, 0x00, 0x01, 0xE0, 0xFC, 0x00, 0x03, 0xF0, 0xFE, 0x00, 0x07, 0xF0, 0xFF, 0x00, 0x0F, 0xF0, 0xFF, 0x00, 0x0F, 0xF0, 0xFF, 0x80, 0x1F, 0xF0, 0xFF, 0xC0, 0x3F, 0xF0, 0xFF, 0xC0, 0x3F, 0xF0, 0xFF, 0xE0, 0x7F, 0xF0, 0xFF, 0xF0, 0xFF, 0xF0, 0xFF, 0xF9, 0xFF, 0xF0, 0xFF, 0xF9, 0xFF, 0xF0, 0xFF, 0xFF, 0xFF, 0xF0, 0xFD, 0xFF, 0xFB, 0xF0, 0xFD, 0xFF, 0xFB, 0xF0, 0xFC, 0xFF, 0xF3, 0xF0, 0xFC, 0x7F, 0xE3, 0xF0, 0xFC, 0x3F, 0xC3, 0xF0, 0xFC, 0x3F, 0xC3, 0xF0, 0xFC, 0x1F, 0x83, 0xF0, 0xFC, 0x0F, 0x03, 0xF0, 0xFC, 0x00, 0x03, 0xF0, 0xFC, 0x00, 0x03, 0xF0, 0xFC, 0x00, 0x03, 0xF0, 0xFC, 0x00, 0x03, 0xF0, 0xFC, 0x00, 0x03, 0xF0, 0xFC, 0x00, 0x03, 0xF0, 0xFC, 0x00, 0x03, 0xF0, 0xFC, 0x00, 0x03, 0xF0, 0xFC, 0x00, 0x03, 0xF0, 0x78, 0x00, 0x01, 0xE0, 

/* Symbol 0xED, offset 20369 */
    24, 57, 26,
    0x78, 0x00, 0x1E, 0xFC, 0x00, 0x3F, 0xFC, 0x00, 0x3F, 0xFC, 0x00, 0x3F, 0xFC, 0x00, 0x3F, 0xFC, 0x00, 0x3F, 0xFC, 0x00, 0x3F, 0xFC, 0x00, 0x3F, 0xFC, 0x00, 0x3F, 0xFC, 0x00, 0x3F, 0xFC, 0x00, 0x3F, 0xFC, 0x00, 0x3F, 0xFC, 0x00, 0x3F, 0xFF, 0xFF, 0xFF, 0xFF, 0xFF, 0xFF, 0xFF, 0xFF, 0xFF, 0xFF, 0xFF, 0xFF, 0xFF, 0xFF, 0xFF, 0xFC, 0x00, 0x3F, 0xFC, 0x00, 0x3F, 0xFC, 0x00, 0x3F, 0xFC, 0x00, 0x3F, 0xFC, 0x00, 0x3F, 0xFC, 0x00, 0x3F, 0xFC, 0x00, 0x3F, 0xFC, 0x00, 0x3F, 0xFC, 0x00, 0x3F, 0xFC, 0x00, 0x3F, 0xFC, 0x00, 0x3F, 0xFC, 0x00, 0x3F, 0x78, 0x00, 0x1E, 

/* Symbol 0xEE, offset 20465 */
    24, 57, 26,
    0x01, 0xFF, 0x80, 0x0F, 0xFF, 0xF0, 0x1F, 0xFF, 0xF8, 0x3F, 0xFF, 0xFC, 0x7F, 0xFF, 0xFE, 0x7F, 0x81, 0xFE, 0xFF, 0x00, 0xFF, 0xFE, 0x00, 0x7F, 0xFC, 0x00, 0x3F, 0xFC, 0x00, 0x3F, 0xFC, 0x00, 0x3F, 0xFC, 0x00, 0x3F, 0xFC, 0x00, 0x3F, 0xFC, 0x00, 0x3F, 0xFC, 0x00, 0x3F, 0xFC, 0x00, 0x3F, 0xFC, 0x00, 0x3F, 0xFC, 0x00, 0x3F, 0xFC, 0x00, 0x3F, 0xFC, 0x00, 0x3F, 0xFC, 0x00, 0x3F, 0xFC, 0x00, 0x3F, 0xFC, 0x00, 0x3F, 0xFE, 0x00, 0x7F, 0xFF, 0x00, 0xFF, 0x7F, 0x81, 0xFE, 0x7F, 0xFF, 0xFE, 0x3F, 0xFF, 0xFC, 0x1F, 0xFF, 0xF8, 0x0F, 0xFF, 0xF0, 0x01, 0xFF, 0xC0, 

/* Symbol 0xEF, offset 20561 */
    24, 57, 26,
    0x7F, 0xFF, 0xC0, 0xFF, 0xFF, 0xF0, 0xFF, 0xFF, 0xF8, 0xFF, 0xFF, 0xFC, 0xFF, 0xFF, 0xFE, 0xFC, 0x00, 0xFE, 0xFC, 0x00, 0x7F, 0xFC, 0x00, 0x3F, 0xFC, 0x00, 0x3F, 0xFC, 0x00, 0x3F, 0xFC, 0x00, 0x3F, 0xFC, 0x00, 0x3F, 0xFC, 0x00, 0x3F, 0xFC, 0x00, 0x3F, 0xFC, 0x00, 0x3F, 0xFC, 0x00, 0x3F, 0xFC, 0x00, 0x3F, 0xFC, 0x00, 0x3F, 0xFC, 0x00, 0x3F, 0xFC, 0x00, 0x3F, 0xFC, 0x00, 0x3F, 0xFC, 0x00, 0x3F, 0xFC, 0x00, 0x3F, 0xFC, 0x00, 0x3F, 0xFC, 0x00, 0x3F, 0xFC, 0x00, 0x3F, 0xFC, 0x00, 0x3F, 0xFC, 0x00, 0x3F, 0xFC, 0x00, 0x3F, 0xFC, 0x00, 0x3F, 0x78, 0x00, 0x1E, 

/* Symbol 0xF0, offset 20657 */
    24, 70, 26,
    0x7F, 0xFF, 0xC0, 0xFF, 0xFF, 0xF0, 0xFF, 0xFF, 0xF8, 0xFF, 0xFF, 0xFC, 0xFF, 0xFF, 0xFE, 0xFC, 0x00, 0xFE, 0xFC, 0x00, 0x7F, 0xFC, 0x00, 0x3F, 0xFC, 0x00, 0x3F, 0xFC, 0x00, 0x3F, 0xFC, 0x00, 0x3F, 0xFC, 0x00, 0x3F, 0xFC, 0x00, 0x3F, 0xFC, 0x00, 0x3F, 0xFC, 0x00, 0x3F, 0xFC, 0x00, 0x3F, 0xFC, 0x00, 0x3F, 0xFC, 0x00, 0x3F, 0xFC, 0x00, 0x3F, 0xFC, 0x00, 0x3F, 0xFC, 0x00, 0x3F, 0xFC, 0x00, 0x3F, 0xFC, 0x00, 0x3F, 0xFC, 0x00, 0x3F, 0xFC, 0x00, 0x7F, 0xFC, 0x00, 0xFE, 0xFF, 0xFF, 0xFE, 0xFF, 0xFF, 0xFC, 0xFF, 0xFF, 0xF8, 0xFF, 0xFF, 0xF0, 0xFF, 0xFF, 0xC0, 0xFC, 0x00, 0x00, 0xFC, 0x00, 0x00, 0xFC, 0x00, 0x00, 0xFC, 0x00, 0x00, 0xFC, 0x00, 0x00, 0xFC, 0x00, 0x00, 0xFC, 0x00, 0x00, 0xFC, 0x00, 0x00, 0xFC, 0x00, 0x00, 0xFC, 0x00, 0x00, 0xFC, 0x00, 0x00, 0xFC, 0x00, 0x00, 0x78, 0x00, 0x00, 

/* Symbol 0xF1, offset 20792 */
    19, 57, 26,
    0x03, 0xFF, 0xE0, 0x0F, 0xFF, 0xE0, 0x1F, 0xFF, 0xE0, 0x3F, 0xFF, 0xE0, 0x7F, 0xFF, 0xE0, 0x7F, 0x00, 0x00, 0xFE, 0x00, 0x00, 0xFC, 0x00, 0x00, 0xFC, 0x00, 0x00, 0xFC, 0x00, 0x00, 0xFC, 0x00, 0x00, 0xFC, 0x00, 0x00, 0xFC, 0x00, 0x00, 0xFC, 0x00, 0x00, 0xFC, 0x00, 0x00, 0xFC, 0x00, 0x00, 0xFC, 0x00, 0x00, 0xFC, 0x00, 0x00, 0xFC, 0x00, 0x00, 0xFC, 0x00, 0x00, 0xFC, 0x00, 0x00, 0xFC, 0x00, 0x00, 0xFC, 0x00, 0x00, 0xFC, 0x00, 0x00, 0xFE, 0x00, 0x00, 0x7F, 0x00, 0x00, 0x7F, 0xFF, 0xE0, 0x3F, 0xFF, 0xE0, 0x1F, 0xFF, 0xE0, 0x0F, 0xFF, 0xE0, 0x03, 0xFF, 0xE0, 

/* Symbol 0xF2, offset 20888 */
    32, 57, 26,
    0x7F, 0xFF, 0xFF, 0xC0, 0xFF, 0xFF, 0xFF, 0xF0, 0xFF, 0xFF, 0xFF, 0xF8, 0xFF, 0xFF, 0xFF, 0xFC, 0xFF, 0xFF, 0xFF, 0xFE, 0xFC, 0x07, 0xE0, 0xFE, 0xFC, 0x07, 0xE0, 0x7F, 0xFC, 0x07, 0xE0, 0x3F, 0xFC, 0x07, 0xE0, 0x3F, 0xFC, 0x07, 0xE0, 0x3F, 0xFC, 0x07, 0xE0, 0x3F, 0xFC, 0x07, 0xE0, 0x3F, 0xFC, 0x07, 0xE0, 0x3F, 0xFC, 0x07, 0xE0, 0x3F, 0xFC, 0x07, 0xE0, 0x3F, 0xFC, 0x07, 0xE0, 0x3F, 0xFC, 0x07, 0xE0, 0x3F, 0xFC, 0x07, 0xE0, 0x3F, 0xFC, 0x07, 0xE0, 0x3F, 0xFC, 0x07, 0xE0, 0x3F, 0xFC, 0x07, 0xE0, 0x3F, 0xFC, 0x07, 0xE0, 0x3F, 0xFC, 0x07, 0xE0, 0x3F, 0xFC, 0x07, 0xE0, 0x3F, 0xFC, 0x07, 0xE0, 0x3F, 0xFC, 0x07, 0xE0, 0x3F, 0xFC, 0x07, 0xE0, 0x3F, 0xFC, 0x07, 0xE0, 0x3F, 0xFC, 0x07, 0xE0, 0x3F, 0xFC, 0x07, 0xE0, 0x3F, 0x78, 0x03, 0xC0, 0x1E, 

/* Symbol 0xF3, offset 21015 */
    24, 70, 26,
    0x78, 0x00, 0x1E, 0xFC, 0x00, 0x3F, 0xFC, 0x00, 0x3F, 0xFC, 0x00, 0x3F, 0xFC, 0x00, 0x3F, 0xFC, 0x00, 0x3F, 0xFC, 0x00, 0x3F, 0xFC, 0x00, 0x3F, 0xFC, 0x00, 0x3F, 0xFC, 0x00, 0x3F, 0xFC, 0x00, 0x3F, 0xFC, 0x00, 0x3F, 0xFC, 0x00, 0x3F, 0xFC, 0x00, 0x3F, 0xFC, 0x00, 0x3F, 0xFC, 0x00, 0x3F, 0xFC, 0x00, 0x3F, 0xFC, 0x00, 0x3F, 0xFC, 0x00, 0x3F, 0xFC, 0x00, 0x3F, 0xFC, 0x00, 0x3F, 0xFC, 0x00, 0x3F, 0xFC, 0x00, 0x3F, 0xFC, 0x00, 0x3F, 0xFE, 0x00, 0x3F, 0x7F, 0x00, 0x3F, 0x7F, 0xFF, 0xFF, 0x3F, 0xFF, 0xFF, 0x1F, 0xFF, 0xFF, 0x0F, 0xFF, 0xFF, 0x03, 0xFF, 0xFF, 0x00, 0x00, 0x3F, 0x00, 0x00, 0x3F, 0x00, 0x00, 0x3F, 0x00, 0x00, 0x3F, 0x00, 0x00, 0x3F, 0x00, 0x00, 0x3F, 0x00, 0x00, 0x7F, 0x00, 0x00, 0xFE, 0x1F, 0xFF, 0xFE, 0x3F, 0xFF, 0xFC, 0x3F, 0xFF, 0xF8, 0x3F, 0xFF, 0xF0, 0x1F, 0xFF, 0xC0, 

/* Symbol 0xF4, offset 21150 */
    32, 70, 17,
    0x00, 0x03, 0xC0, 0x00, 0x00, 0x07, 0xE0, 0x00, 0x00, 0x07, 0xE0, 0x00, 0x00, 0x07, 0xE0, 0x00, 0x00, 0x07, 0xE0, 0x00, 0x00, 0x07, 0xE0, 0x00, 0x00, 0x07, 0xE0, 0x00, 0x00, 0x07, 0xE0, 0x00, 0x00, 0x07, 0xE0, 0x00, 0x00, 0x7F, 0xFE, 0x00, 0x01, 0xFF, 0xFF, 0x80, 0x07, 0xFF, 0xFF, 0xE0, 0x0F, 0xFF, 0xFF, 0xF0, 0x1F, 0xFF, 0xFF, 0xF8, 0x3F, 0xF7, 0xEF, 0xFC, 0x3F, 0xC7, 0xE3, 0xFC, 0x7F, 0x87, 0xE1, 0xFE, 0x7F, 0x07, 0xE0, 0xFE, 0xFE, 0x07, 0xE0, 0x7F, 0xFE, 0x07, 0xE0, 0x7F, 0xFC, 0x07, 0xE0, 0x3F, 0xFC, 0x07, 0xE0, 0x3F, 0xFC, 0x07, 0xE0, 0x3F, 0xFC, 0x07, 0xE0, 0x3F, 0xFC, 0x07, 0xE0, 0x3F, 0xFC, 0x07, 0xE0, 0x3F, 0xFC, 0x07, 0xE0, 0x3F, 0xFC, 0x07, 0xE0, 0x3F, 0xFC, 0x07, 0xE0, 0x3F, 0xFE, 0x07, 0xE0, 0x7F, 0xFE, 0x07, 0xE0, 0x7F, 0x7F, 0x07, 0xE0, 0xFE, 0x7F, 0x87, 0xE1, 0xFE, 0x3F, 0xC7, 0xE3, 0xFC, 0x3F, 0xF7, 0xEF, 0xFC, 0x1F, 0xFF, 0xFF, 0xF8, 0x0F, 0xFF, 0xFF, 0xF0, 0x07, 0xFF, 0xFF, 0xE0, 0x01, 0xFF, 0xFF, 0x80, 0x00, 0x7F, 0xFE, 0x00, 0x00, 0x07, 0xE0, 0x00, 0x00, 0x07, 0xE0, 0x00, 0x00, 0x07, 0xE0, 0x00, 0x00, 0x07, 0xE0, 0x00, 0x00, 0x07, 0xE0, 0x00, 0x00, 0x07, 0xE0, 0x00, 0x00, 0x07, 0xE0, 0x00, 0x00, 0x07, 0xE0, 0x00, 0x00, 0x07, 0xE0, 0x00, 0x00, 0x07, 0xE0, 0x00, 0x00, 0x07, 0xE0, 0x00, 0x00, 0x07, 0xE0, 0x00, 0x00, 0x03, 0xC0, 0x00, 

/* Symbol 0xF5, offset 21365 */
    23, 57, 26,
    0x78, 0x00, 0x7C, 0xFC, 0x00, 0x7E, 0xFE, 0x00, 0xFE, 0xFF, 0x01, 0xFE, 0xFF, 0x01, 0xFE, 0x7F, 0x83, 0xFC, 0x3F, 0xC7, 0xF8, 0x3F, 0xC7, 0xF8, 0x1F, 0xEF, 0xF0, 0x0F, 0xFF, 0xE0, 0x0F, 0xFF, 0xE0, 0x07, 0xFF, 0xC0, 0x03, 0xFF, 0x80, 0x03, 0xFF, 0x80, 0x01, 0xFF, 0x00, 0x00, 0xFE, 0x00, 0x01, 0xFF, 0x00, 0x03, 0xFF, 0x80, 0x03, 0xFF, 0x80, 0x07, 0xFF, 0xC0, 0x0F, 0xFF, 0xE0, 0x0F, 0xFF, 0xE0, 0x1F, 0xEF, 0xF0, 0x3F, 0xC7, 0xF8, 0x3F, 0xC7, 0xF8, 0x7F, 0x83, 0xFC, 0xFF, 0x01, 0xFE, 0xFF, 0x01, 0xFE, 0xFE, 0x00, 0xFE, 0xFC, 0x00, 0x7E, 0x7C, 0x00, 0x3C, 

/* Symbol 0xF6, offset 21461 */
    28, 61, 26,
    0x78, 0x00, 0x1E, 0x00, 0xFC, 0x00, 0x3F, 0x00, 0xFC, 0x00, 0x3F, 0x00, 0xFC, 0x00, 0x3F, 0x00, 0xFC, 0x00, 0x3F, 0x00, 0xFC, 0x00, 0x3F, 0x00, 0xFC, 0x00, 0x3F, 0x00, 0xFC, 0x00, 0x3F, 0x00, 0xFC, 0x00, 0x3F, 0x00, 0xFC, 0x00, 0x3F, 0x00, 0xFC, 0x00, 0x3F, 0x00, 0xFC, 0x00, 0x3F, 0x00, 0xFC, 0x00, 0x3F, 0x00, 0xFC, 0x00, 0x3F, 0x00, 0xFC, 0x00, 0x3F, 0x00, 0xFC, 0x00, 0x3F, 0x00, 0xFC, 0x00, 0x3F, 0x00, 0xFC, 0x00, 0x3F, 0x00, 0xFC, 0x00, 0x3F, 0x00, 0xFC, 0x00, 0x3F, 0x00, 0xFC, 0x00, 0x3F, 0x00, 0xFC, 0x00, 0x3F, 0x00, 0xFC, 0x00, 0x3F, 0x00, 0xFC, 0x00, 0x3F, 0x00, 0xFE, 0x00, 0x3F, 0x00, 0x7F, 0x00, 0x3F, 0x00, 0x7F, 0xFF, 0xFF, 0xE0, 0x3F, 0xFF, 0xFF, 0xF0, 0x1F, 0xFF, 0xFF, 0xF0, 0x0F, 0xFF, 0xFF, 0xF0, 0x03, 0xFF, 0xFF, 0xF0, 0x00, 0x00, 0x03, 0xF0, 0x00, 0x00, 0x03, 0xF0, 0x00, 0x00, 0x03, 0xF0, 0x00, 0x00, 0x01, 0xE0, 

/* Symbol 0xF7, offset 21604 */
    24, 57, 26,
    0x78, 0x00, 0x1E, 0xFC, 0x00, 0x3F, 0xFC, 0x00, 0x3F, 0xFC, 0x00, 0x3F, 0xFC, 0x00, 0x3F, 0xFC, 0x00, 0x3F, 0xFC, 0x00, 0x3F, 0xFC, 0x00, 0x3F, 0xFC, 0x00, 0x3F, 0xFC, 0x00, 0x3F, 0xFC, 0x00, 0x3F, 0xFE, 0x00, 0x3F, 0x7F, 0x00, 0x3F, 0x7F, 0xFF, 0xFF, 0x3F, 0xFF, 0xFF, 0x1F, 0xFF, 0xFF, 0x0F, 0xFF, 0xFF, 0x03, 0xFF, 0xFF, 0x00, 0x00, 0x3F, 0x00, 0x00, 0x3F, 0x00, 0x00, 0x3F, 0x00, 0x00, 0x3F, 0x00, 0x00, 0x3F, 0x00, 0x00, 0x3F, 0x00, 0x00, 0x3F, 0x00, 0x00, 0x3F, 0x00, 0x00, 0x3F, 0x00, 0x00, 0x3F, 0x00, 0x00, 0x3F, 0x00, 0x00, 0x3F, 0x00, 0x00, 0x1E, 

/* Symbol 0xF8, offset 21700 */
    32, 57, 26,
    0x78, 0x03, 0xC0, 0x1E, 0xFC, 0x07, 0xE0, 0x3F, 0xFC, 0x07, 0xE0, 0x3F, 0xFC, 0x07, 0xE0, 0x3F, 0xFC, 0x07, 0xE0, 0x3F, 0xFC, 0x07, 0xE0, 0x3F, 0xFC, 0x07, 0xE0, 0x3F, 0xFC, 0x07, 0xE0, 0x3F, 0xFC, 0x07, 0xE0, 0x3F, 0xFC, 0x07, 0xE0, 0x3F, 0xFC, 0x07, 0xE0, 0x3F, 0xFC, 0x07, 0xE0, 0x3F, 0xFC, 0x07, 0xE0, 0x3F, 0xFC, 0x07, 0xE0, 0x3F, 0xFC, 0x07, 0xE0, 0x3F, 0xFC, 0x07, 0xE0, 0x3F, 0xFC, 0x07, 0xE0, 0x3F, 0xFC, 0x07, 0xE0, 0x3F, 0xFC, 0x07, 0xE0, 0x3F, 0xFC, 0x07, 0xE0, 0x3F, 0xFC, 0x07, 0xE0, 0x3F, 0xFC, 0x07, 0xE0, 0x3F, 0xFC, 0x07, 0xE0, 0x3F, 0xFC, 0x07, 0xE0, 0x3F, 0xFE, 0x07, 0xE0, 0x3F, 0x7F, 0x07, 0xE0, 0x3F, 0x7F, 0xFF, 0xFF, 0xFF, 0x3F, 0xFF, 0xFF, 0xFF, 0x1F, 0xFF, 0xFF, 0xFF, 0x0F, 0xFF, 0xFF, 0xFF, 0x03, 0xFF, 0xFF, 0xFE, 

/* Symbol 0xF9, offset 21827 */
    36, 61, 26,
    0x78, 0x03, 0xC0, 0x1E, 0x00, 0xFC, 0x07, 0xE0, 0x3F, 0x00, 0xFC, 0x07, 0xE0, 0x3F, 0x00, 0xFC, 0x07, 0xE0, 0x3F, 0x00, 0xFC, 0x07, 0xE0, 0x3F, 0x00, 0xFC, 0x07, 0xE0, 0x3F, 0x00, 0xFC, 0x07, 0xE0, 0x3F, 0x00, 0xFC, 0x07, 0xE0, 0x3F, 0x00, 0xFC, 0x07, 0xE0, 0x3F, 0x00, 0xFC, 0x07, 0xE0, 0x3F, 0x00, 0xFC, 0x07, 0xE0, 0x3F, 0x00, 0xFC, 0x07, 0xE0, 0x3F, 0x00, 0xFC, 0x07, 0xE0, 0x3F, 0x00, 0xFC, 0x07, 0xE0, 0x3F, 0x00, 0xFC, 0x07, 0xE0, 0x3F, 0x00, 0xFC, 0x07, 0xE0, 0x3F, 0x00, 0xFC, 0x07, 0xE0, 0x3F, 0x00, 0xFC, 0x07, 0xE0, 0x3F, 0x00, 0xFC, 0x07, 0xE0, 0x3F, 0x00, 0xFC, 0x07, 0xE0, 0x3F, 0x00, 0xFC, 0x07, 0xE0, 0x3F, 0x00, 0xFC, 0x07, 0xE0, 0x3F, 0x00, 0xFC, 0x07, 0xE0, 0x3F, 0x00, 0xFC, 0x07, 0xE0, 0x3F, 0x00, 0xFE, 0x07, 0xE0, 0x3F, 0x00, 0x7F, 0x07, 0xE0, 0x3F, 0x00, 0x7F, 0xFF, 0xFF, 0xFF, 0xE0, 0x3F, 0xFF, 0xFF, 0xFF, 0xF0, 0x1F, 0xFF, 0xFF, 0xFF, 0xF0, 0x0F, 0xFF, 0xFF, 0xFF, 0xF0, 0x03, 0xFF, 0xFF, 0xFF, 0xF0, 0x00, 0x00, 0x00, 0x03, 0xF0, 0x00, 0x00, 0x00, 0x03, 0xF0, 0x00, 0x00, 0x00, 0x03, 0xF0, 0x00, 0x00, 0x00, 0x01, 0xE0, 

/* Symbol 0xFA, offset 22005 */
    28, 57, 26,
    0x7F, 0x80, 0x00, 0x00, 0xFF, 0xC0, 0x00, 0x00, 0xFF, 0xC0, 0x00, 0x00, 0xFF, 0xC0, 0x00, 0x00, 0x7F, 0xC0, 0x00, 0x00, 0x0F, 0xC0, 0x00, 0x00, 0x0F, 0xC0, 0x00, 0x00, 0x0F, 0xC0, 0x00, 0x00, 0x0F, 0xC0, 0x00, 0x00, 0x0F, 0xC0, 0x00, 0x00, 0x0F, 0xC0, 0x00, 0x00, 0x0F, 0xC0, 0x00, 0x00, 0x0F, 0xC0, 0x00, 0x00, 0x0F, 0xFF, 0xFC, 0x00, 0x0F, 0xFF, 0xFF, 0x00, 0x0F, 0xFF, 0xFF, 0xC0, 0x0F, 0xFF, 0xFF, 0xC0, 0x0F, 0xFF, 0xFF, 0xE0, 0x0F, 0xC0, 0x0F, 0xF0, 0x0F, 0xC0, 0x07, 0xF0, 0x0F, 0xC0, 0x03, 0xF0, 0x0F, 0xC0, 0x03, 0xF0, 0x0F, 0xC0, 0x03, 0xF0, 0x0F, 0xC0, 0x03, 0xF0, 0x0F, 0xC0, 0x07, 0xF0, 0x0F, 0xC0, 0x0F, 0xF0, 0x0F, 0xFF, 0xFF, 0xE0, 0x0F, 0xFF, 0xFF, 0xC0, 0x0F, 0xFF, 0xFF, 0xC0, 0x0F, 0xFF, 0xFF, 0x00, 0x07, 0xFF, 0xFC, 0x00, 

/* Symbol 0xFB, offset 22132 */
    28, 57, 26,
    0x78, 0x00, 0x01, 0xE0, 0xFC, 0x00, 0x03, 0xF0, 0xFC, 0x00, 0x03, 0xF0, 0xFC, 0x00, 0x03, 0xF0, 0xFC, 0x00, 0x03, 0xF0, 0xFC, 0x00, 0x03, 0xF0, 0xFC, 0x00, 0x03, 0xF0, 0xFC, 0x00, 0x03, 0xF0, 0xFC, 0x00, 0x03, 0xF0, 0xFC, 0x00, 0x03, 0xF0, 0xFC, 0x00, 0x03, 0xF0, 0xFC, 0x00, 0x03, 0xF0, 0xFC, 0x00, 0x03, 0xF0, 0xFF, 0xFC, 0x03, 0xF0, 0xFF, 0xFF, 0x03, 0xF0, 0xFF, 0xFF, 0x83, 0xF0, 0xFF, 0xFF, 0xC3, 0xF0, 0xFF, 0xFF, 0xC3, 0xF0, 0xFC, 0x1F, 0xE3, 0xF0, 0xFC, 0x0F, 0xE3, 0xF0, 0xFC, 0x07, 0xE3, 0xF0, 0xFC, 0x07, 0xE3, 0xF0, 0xFC, 0x07, 0xE3, 0xF0, 0xFC, 0x07, 0xE3, 0xF0, 0xFC, 0x0F, 0xE3, 0xF0, 0xFC, 0x1F, 0xE3, 0xF0, 0xFF, 0xFF, 0xC3, 0xF0, 0xFF, 0xFF, 0xC3, 0xF0, 0xFF, 0xFF, 0x83, 0xF0, 0xFF, 0xFF, 0x03, 0xF0, 0x7F, 0xFC, 0x01, 0xE0, 

/* Symbol 0xFC, offset 22259 */
    24, 57, 26,
    0x78, 0x00, 0x00, 0xFC, 0x00, 0x00, 0xFC, 0x00, 0x00, 0xFC, 0x00, 0x00, 0xFC, 0x00, 0x00, 0xFC, 0x00, 0x00, 0xFC, 0x00, 0x00, 0xFC, 0x00, 0x00, 0xFC, 0x00, 0x00, 0xFC, 0x00, 0x00, 0xFC, 0x00, 0x00, 0xFC, 0x00, 0x00, 0xFC, 0x00, 0x00, 0xFF, 0xFF, 0xC0, 0xFF, 0xFF, 0xF0, 0xFF, 0xFF, 0xFC, 0xFF, 0xFF, 0xFC, 0xFF, 0xFF, 0xFE, 0xFC, 0x00, 0xFF, 0xFC, 0x00, 0x7F, 0xFC, 0x00, 0x3F, 0xFC, 0x00, 0x3F, 0xFC, 0x00, 0x3F, 0xFC, 0x00, 0x3F, 0xFC, 0x00, 0x7F, 0xFC, 0x00, 0xFF, 0xFF, 0xFF, 0xFE, 0xFF, 0xFF, 0xFC, 0xFF, 0xFF, 0xFC, 0xFF, 0xFF, 0xF0, 0x7F, 0xFF, 0xC0, 

/* Symbol 0xFD, offset 22355 */
    24, 57, 26,
    0x7F, 0xFF, 0xC0, 0xFF, 0xFF, 0xF0, 0xFF, 0xFF, 0xF8, 0xFF, 0xFF, 0xFC, 0x7F, 0xFF, 0xFE, 0x00, 0x00, 0xFE, 0x00, 0x00, 0x7F, 0x00, 0x00, 0x3F, 0x00, 0x00, 0x3F, 0x00, 0x00, 0x3F, 0x00, 0x00, 0x3F, 0x00, 0x00, 0x3F, 0x00, 0x00, 0x3F, 0x00, 0x3F, 0xFF, 0x00, 0x7F, 0xFF, 0x00, 0x7F, 0xFF, 0x00, 0x7F, 0xFF, 0x00, 0x3F, 0xFF, 0x00, 0x00, 0x3F, 0x00, 0x00, 0x3F, 0x00, 0x00, 0x3F, 0x00, 0x00, 0x3F, 0x00, 0x00, 0x3F, 0x00, 0x00, 0x3F, 0x00, 0x00, 0x7F, 0x00, 0x00, 0xFE, 0x7F, 0xFF, 0xFE, 0xFF, 0xFF, 0xFC, 0xFF, 0xFF, 0xF8, 0xFF, 0xFF, 0xF0, 0x7F, 0xFF, 0xC0, 

/* Symbol 0xFE, offset 22451 */
    28, 57, 26,
    0x78, 0x03, 0xFE, 0x00, 0xFC, 0x0F, 0xFF, 0x80, 0xFC, 0x1F, 0xFF, 0xC0, 0xFC, 0x3F, 0xFF, 0xE0, 0xFC, 0x3F, 0xFF, 0xE0, 0xFC, 0x7F, 0x07, 0xF0, 0xFC, 0x7E, 0x03, 0xF0, 0xFC, 0x7E, 0x03, 0xF0, 0xFC, 0x7E, 0x03, 0xF0, 0xFC, 0x7E, 0x03, 0xF0, 0xFC, 0x7E, 0x03, 0xF0, 0xFC, 0x7E, 0x03, 0xF0, 0xFC, 0x7E, 0x03, 0xF0, 0xFF, 0xFE, 0x03, 0xF0, 0xFF, 0xFE, 0x03, 0xF0, 0xFF, 0xFE, 0x03, 0xF0, 0xFF, 0xFE, 0x03, 0xF0, 0xFF, 0xFE, 0x03, 0xF0, 0xFC, 0x7E, 0x03, 0xF0, 0xFC, 0x7E, 0x03, 0xF0, 0xFC, 0x7E, 0x03, 0xF0, 0xFC, 0x7E, 0x03, 0xF0, 0xFC, 0x7E, 0x03, 0xF0, 0xFC, 0x7E, 0x03, 0xF0, 0xFC, 0x7E, 0x03, 0xF0, 0xFC, 0x7F, 0x07, 0xF0, 0xFC, 0x3F, 0xFF, 0xE0, 0xFC, 0x3F, 0xFF, 0xE0, 0xFC, 0x1F, 0xFF, 0xC0, 0xFC, 0x0F, 0xFF, 0x80, 0x78, 0x03, 0xFE, 0x00, 

/* Symbol 0xFF, offset 22578 */
    24, 57, 26,
    0x03, 0xFF, 0xFE, 0x0F, 0xFF, 0xFF, 0x3F, 0xFF, 0xFF, 0x3F, 0xFF, 0xFF, 0x7F, 0xFF, 0xFF, 0xFF, 0x00, 0x3F, 0xFE, 0x00, 0x3F, 0xFC, 0x00, 0x3F, 0xFC, 0x00, 0x3F, 0xFC, 0x00, 0x3F, 0xFC, 0x00, 0x3F, 0xFE, 0x00, 0x3F, 0x7F, 0x00, 0x3F, 0x7F, 0xFF, 0xFF, 0x3F, 0xFF, 0xFF, 0x3F, 0xFF, 0xFF, 0x1F, 0xFF, 0xFF, 0x07, 0xFF, 0xFF, 0x03, 0xFC, 0x3F, 0x07, 0xF8, 0x3F, 0x0F, 0xF8, 0x3F, 0x0F, 0xF0, 0x3F, 0x1F, 0xE0, 0x3F, 0x3F, 0xE0, 0x3F, 0x3F, 0xC0, 0x3F, 0x7F, 0x80, 0x3F, 0xFF, 0x00, 0x3F, 0xFF, 0x00, 0x3F, 0xFE, 0x00, 0x3F, 0xFC, 0x00, 0x3F, 0x78, 0x00, 0x1E
};
