/*
    FaceName - Consolas
    PointSize - 48
    FontWeight - normal
    Style - normal
    Family - modern
    Cell width - 50
    Cell height - 75
    Offset x - 0
    Offset y - 0
*/
const unsigned char fontConsolas48[24888] =
{
/* 0x00 */   0x00, 0x00,
/* 0x01 */   0x00, 0x00,
/* 0x02 */   0x00, 0x00,
/* 0x03 */   0x00, 0x00,
/* 0x04 */   0x00, 0x00,
/* 0x05 */   0x00, 0x00,
/* 0x06 */   0x00, 0x00,
/* 0x07 */   0x00, 0x00,
/* 0x08 */   0x00, 0x00,
/* 0x09 */   0x00, 0x00,
/* 0x0A */   0x00, 0x00,
/* 0x0B */   0x00, 0x00,
/* 0x0C */   0x00, 0x00,
/* 0x0D */   0x00, 0x00,
/* 0x0E */   0x00, 0x00,
/* 0x0F */   0x00, 0x00,
/* 0x10 */   0x00, 0x00,
/* 0x11 */   0x00, 0x00,
/* 0x12 */   0x00, 0x00,
/* 0x13 */   0x00, 0x00,
/* 0x14 */   0x00, 0x00,
/* 0x15 */   0x00, 0x00,
/* 0x16 */   0x00, 0x00,
/* 0x17 */   0x00, 0x00,
/* 0x18 */   0x00, 0x00,
/* 0x19 */   0x00, 0x00,
/* 0x1A */   0x00, 0x00,
/* 0x1B */   0x00, 0x00,
/* 0x1C */   0x00, 0x00,
/* 0x1D */   0x00, 0x00,
/* 0x1E */   0x00, 0x00,
/* 0x1F */   0x00, 0x00,
/* 0x20 */   0x00, 0x02,
/* 0x21 */   0x0A, 0x02,
/* 0x22 */   0x3A, 0x02,
/* 0x23 */   0x6A, 0x02,
/* 0x24 */   0x3A, 0x03,
/* 0x25 */   0x15, 0x04,
/* 0x26 */   0xFE, 0x04,
/* 0x27 */   0xE2, 0x05,
/* 0x28 */   0xF4, 0x05,
/* 0x29 */   0xAE, 0x06,
/* 0x2A */   0x68, 0x07,
/* 0x2B */   0xBC, 0x07,
/* 0x2C */   0x3B, 0x08,
/* 0x2D */   0x68, 0x08,
/* 0x2E */   0x7A, 0x08,
/* 0x2F */   0x91, 0x08,
/* 0x30 */   0x60, 0x09,
/* 0x31 */   0x0F, 0x0A,
/* 0x32 */   0xB6, 0x0A,
/* 0x33 */   0x61, 0x0B,
/* 0x34 */   0x10, 0x0C,
/* 0x35 */   0xB7, 0x0C,
/* 0x36 */   0x62, 0x0D,
/* 0x37 */   0x0D, 0x0E,
/* 0x38 */   0xB4, 0x0E,
/* 0x39 */   0x63, 0x0F,
/* 0x3A */   0x0E, 0x10,
/* 0x3B */   0x53, 0x10,
/* 0x3C */   0xAC, 0x10,
/* 0x3D */   0x18, 0x11,
/* 0x3E */   0x5B, 0x11,
/* 0x3F */   0xC7, 0x11,
/* 0x40 */   0x51, 0x12,
/* 0x41 */   0x7B, 0x13,
/* 0x42 */   0x4B, 0x14,
/* 0x43 */   0xF2, 0x14,
/* 0x44 */   0xA1, 0x15,
/* 0x45 */   0x48, 0x16,
/* 0x46 */   0xC6, 0x16,
/* 0x47 */   0x44, 0x17,
/* 0x48 */   0xF3, 0x17,
/* 0x49 */   0x9A, 0x18,
/* 0x4A */   0x18, 0x19,
/* 0x4B */   0x99, 0x19,
/* 0x4C */   0x40, 0x1A,
/* 0x4D */   0xBE, 0x1A,
/* 0x4E */   0x8E, 0x1B,
/* 0x4F */   0x35, 0x1C,
/* 0x50 */   0xE4, 0x1C,
/* 0x51 */   0x8B, 0x1D,
/* 0x52 */   0x97, 0x1E,
/* 0x53 */   0x3E, 0x1F,
/* 0x54 */   0xED, 0x1F,
/* 0x55 */   0x94, 0x20,
/* 0x56 */   0x3F, 0x21,
/* 0x57 */   0x0F, 0x22,
/* 0x58 */   0xB6, 0x22,
/* 0x59 */   0x86, 0x23,
/* 0x5A */   0x56, 0x24,
/* 0x5B */   0xFD, 0x24,
/* 0x5C */   0x74, 0x25,
/* 0x5D */   0x43, 0x26,
/* 0x5E */   0xBA, 0x26,
/* 0x5F */   0x0D, 0x27,
/* 0x60 */   0x29, 0x27,
/* 0x61 */   0x3C, 0x27,
/* 0x62 */   0xC3, 0x27,
/* 0x63 */   0x7A, 0x28,
/* 0x64 */   0xE0, 0x28,
/* 0x65 */   0x97, 0x29,
/* 0x66 */   0x1E, 0x2A,
/* 0x67 */   0xD5, 0x2A,
/* 0x68 */   0x90, 0x2B,
/* 0x69 */   0x43, 0x2C,
/* 0x6A */   0xFA, 0x2C,
/* 0x6B */   0xAE, 0x2D,
/* 0x6C */   0x61, 0x2E,
/* 0x6D */   0x14, 0x2F,
/* 0x6E */   0x97, 0x2F,
/* 0x6F */   0x1A, 0x30,
/* 0x70 */   0xA1, 0x30,
/* 0x71 */   0x58, 0x31,
/* 0x72 */   0x0F, 0x32,
/* 0x73 */   0x92, 0x32,
/* 0x74 */   0xF8, 0x32,
/* 0x75 */   0xA3, 0x33,
/* 0x76 */   0x26, 0x34,
/* 0x77 */   0xA5, 0x34,
/* 0x78 */   0x24, 0x35,
/* 0x79 */   0xA3, 0x35,
/* 0x7A */   0x5A, 0x36,
/* 0x7B */   0xD9, 0x36,
/* 0x7C */   0x8A, 0x37,
/* 0x7D */   0xCD, 0x37,
/* 0x7E */   0x7E, 0x38,
/* 0x7F */   0xB5, 0x38,
/* 0x80 */   0x00, 0x00,
/* 0x81 */   0x00, 0x00,
/* 0x82 */   0x00, 0x00,
/* 0x83 */   0x00, 0x00,
/* 0x84 */   0x00, 0x00,
/* 0x85 */   0x00, 0x00,
/* 0x86 */   0x00, 0x00,
/* 0x87 */   0x00, 0x00,
/* 0x88 */   0x00, 0x00,
/* 0x89 */   0x00, 0x00,
/* 0x8A */   0x00, 0x00,
/* 0x8B */   0x00, 0x00,
/* 0x8C */   0x00, 0x00,
/* 0x8D */   0x00, 0x00,
/* 0x8E */   0x00, 0x00,
/* 0x8F */   0x00, 0x00,
/* 0x90 */   0x00, 0x00,
/* 0x91 */   0x00, 0x00,
/* 0x92 */   0x00, 0x00,
/* 0x93 */   0x00, 0x00,
/* 0x94 */   0x00, 0x00,
/* 0x95 */   0x00, 0x00,
/* 0x96 */   0x00, 0x00,
/* 0x97 */   0x00, 0x00,
/* 0x98 */   0x00, 0x00,
/* 0x99 */   0x00, 0x00,
/* 0x9A */   0x00, 0x00,
/* 0x9B */   0x00, 0x00,
/* 0x9C */   0x00, 0x00,
/* 0x9D */   0x00, 0x00,
/* 0x9E */   0x00, 0x00,
/* 0x9F */   0x00, 0x00,
/* 0xA0 */   0x00, 0x00,
/* 0xA1 */   0x00, 0x00,
/* 0xA2 */   0x00, 0x00,
/* 0xA3 */   0x00, 0x00,
/* 0xA4 */   0x00, 0x00,
/* 0xA5 */   0x00, 0x00,
/* 0xA6 */   0x00, 0x00,
/* 0xA7 */   0x00, 0x00,
/* 0xA8 */   0x00, 0x00,
/* 0xA9 */   0x00, 0x00,
/* 0xAA */   0x00, 0x00,
/* 0xAB */   0x00, 0x00,
/* 0xAC */   0x00, 0x00,
/* 0xAD */   0x00, 0x00,
/* 0xAE */   0x00, 0x00,
/* 0xAF */   0x00, 0x00,
/* 0xB0 */   0x00, 0x00,
/* 0xB1 */   0x00, 0x00,
/* 0xB2 */   0x00, 0x00,
/* 0xB3 */   0x00, 0x00,
/* 0xB4 */   0x00, 0x00,
/* 0xB5 */   0x00, 0x00,
/* 0xB6 */   0x00, 0x00,
/* 0xB7 */   0x00, 0x00,
/* 0xB8 */   0x00, 0x00,
/* 0xB9 */   0x00, 0x00,
/* 0xBA */   0x00, 0x00,
/* 0xBB */   0x00, 0x00,
/* 0xBC */   0x00, 0x00,
/* 0xBD */   0x00, 0x00,
/* 0xBE */   0x00, 0x00,
/* 0xBF */   0x00, 0x00,
/* 0xC0 */   0x18, 0x39,
/* 0xC1 */   0xE8, 0x39,
/* 0xC2 */   0x8F, 0x3A,
/* 0xC3 */   0x36, 0x3B,
/* 0xC4 */   0xB4, 0x3B,
/* 0xC5 */   0xB1, 0x3C,
/* 0xC6 */   0x2F, 0x3D,
/* 0xC7 */   0xFF, 0x3D,
/* 0xC8 */   0xAE, 0x3E,
/* 0xC9 */   0x55, 0x3F,
/* 0xCA */   0x28, 0x40,
/* 0xCB */   0xCF, 0x40,
/* 0xCC */   0x76, 0x41,
/* 0xCD */   0x46, 0x42,
/* 0xCE */   0xED, 0x42,
/* 0xCF */   0x9C, 0x43,
/* 0xD0 */   0x43, 0x44,
/* 0xD1 */   0xEA, 0x44,
/* 0xD2 */   0x99, 0x45,
/* 0xD3 */   0x40, 0x46,
/* 0xD4 */   0xEB, 0x46,
/* 0xD5 */   0xC5, 0x47,
/* 0xD6 */   0x95, 0x48,
/* 0xD7 */   0x60, 0x49,
/* 0xD8 */   0x07, 0x4A,
/* 0xD9 */   0xAE, 0x4A,
/* 0xDA */   0x79, 0x4B,
/* 0xDB */   0x20, 0x4C,
/* 0xDC */   0xC7, 0x4C,
/* 0xDD */   0x6E, 0x4D,
/* 0xDE */   0x1D, 0x4E,
/* 0xDF */   0xCC, 0x4E,
/* 0xE0 */   0x73, 0x4F,
/* 0xE1 */   0xFA, 0x4F,
/* 0xE2 */   0xB5, 0x50,
/* 0xE3 */   0x3C, 0x51,
/* 0xE4 */   0x9C, 0x51,
/* 0xE5 */   0x62, 0x52,
/* 0xE6 */   0xE9, 0x52,
/* 0xE7 */   0x87, 0x53,
/* 0xE8 */   0x0E, 0x54,
/* 0xE9 */   0x6E, 0x54,
/* 0xEA */   0xF2, 0x54,
/* 0xEB */   0x71, 0x55,
/* 0xEC */   0xF0, 0x55,
/* 0xED */   0x6F, 0x56,
/* 0xEE */   0xEE, 0x56,
/* 0xEF */   0x75, 0x57,
/* 0xF0 */   0xF4, 0x57,
/* 0xF1 */   0xAB, 0x58,
/* 0xF2 */   0x11, 0x59,
/* 0xF3 */   0x90, 0x59,
/* 0xF4 */   0x47, 0x5A,
/* 0xF5 */   0x67, 0x5B,
/* 0xF6 */   0xE6, 0x5B,
/* 0xF7 */   0x85, 0x5C,
/* 0xF8 */   0x04, 0x5D,
/* 0xF9 */   0x83, 0x5D,
/* 0xFA */   0x22, 0x5E,
/* 0xFB */   0xA5, 0x5E,
/* 0xFC */   0x24, 0x5F,
/* 0xFD */   0xA7, 0x5F,
/* 0xFE */   0x2E, 0x60,
/* 0xFF */   0xB5, 0x60,

/* Symbol 0x20, offset 512 */
    50, 1, 0,
    0x00, 0x00, 0x00, 0x00, 0x00, 0x00, 0x00, 

/* Symbol 0x21, offset 522 */
    8, 60, 15,
    0x7F, 0x7F, 0x7F, 0x7F, 0x7F, 0x7F, 0x7F, 0x7F, 0x7F, 0x7F, 0x7F, 0x7F, 0x7F, 0x7F, 0x7F, 0x7F, 0x7F, 0x3F, 0x3F, 0x3E, 0x3E, 0x3E, 0x3E, 0x3E, 0x3E, 0x3E, 0x3E, 0x3E, 0x3E, 0x3E, 0x3E, 0x3E, 0x3E, 0x00, 0x00, 0x00, 0x00, 0x3C, 0x7E, 0xFF, 0xFF, 0xFF, 0xFF, 0x7E, 0x3C, 

/* Symbol 0x22, offset 570 */
    19, 30, 15,
    0xFE, 0x0F, 0xE0, 0xFE, 0x0F, 0xE0, 0xFE, 0x0F, 0xE0, 0xFE, 0x0F, 0xE0, 0xFE, 0x0F, 0xE0, 0xFE, 0x0F, 0xE0, 0xFE, 0x0F, 0xE0, 0xFE, 0x0F, 0xE0, 0x7C, 0x07, 0xC0, 0x7C, 0x07, 0xC0, 0x7C, 0x07, 0xC0, 0x7C, 0x07, 0xC0, 0x7C, 0x07, 0xC0, 0x7C, 0x07, 0xC0, 0x7C, 0x07, 0xC0, 

/* Symbol 0x23, offset 618 */
    33, 59, 18,
    0x00, 0x3C, 0x03, 0xE0, 0x00, 0x00, 0x3C, 0x03, 0xE0, 0x00, 0x00, 0x3C, 0x03, 0xE0, 0x00, 0x00, 0x3C, 0x03, 0xE0, 0x00, 0x00, 0x3C, 0x03, 0xE0, 0x00, 0x00, 0x7C, 0x07, 0xC0, 0x00, 0x00, 0x7C, 0x07, 0xC0, 0x00, 0x00, 0x78, 0x07, 0xC0, 0x00, 0x00, 0x78, 0x07, 0xC0, 0x00, 0x00, 0x78, 0x07, 0xC0, 0x00, 0x3F, 0xFF, 0xFF, 0xFF, 0x80, 0x3F, 0xFF, 0xFF, 0xFF, 0x80, 0x3F, 0xFF, 0xFF, 0xFF, 0x80, 0x3F, 0xFF, 0xFF, 0xFF, 0x80, 0x3F, 0xFF, 0xFF, 0xFF, 0x80, 0x00, 0x78, 0x07, 0xC0, 0x00, 0x00, 0xF8, 0x0F, 0x80, 0x00, 0x00, 0xF8, 0x0F, 0x80, 0x00, 0x00, 0xF8, 0x0F, 0x80, 0x00, 0x00, 0xF8, 0x0F, 0x80, 0x00, 0x00, 0xF0, 0x0F, 0x80, 0x00, 0x00, 0xF0, 0x0F, 0x80, 0x00, 0x00, 0xF0, 0x0F, 0x80, 0x00, 0x00, 0xF0, 0x0F, 0x80, 0x00, 0xFF, 0xFF, 0xFF, 0xFE, 0x00, 0xFF, 0xFF, 0xFF, 0xFE, 0x00, 0xFF, 0xFF, 0xFF, 0xFE, 0x00, 0xFF, 0xFF, 0xFF, 0xFE, 0x00, 0xFF, 0xFF, 0xFF, 0xFE, 0x00, 0x01, 0xF0, 0x1F, 0x00, 0x00, 0x01, 0xF0, 0x1F, 0x00, 0x00, 0x01, 0xF0, 0x1F, 0x00, 0x00, 0x01, 0xF0, 0x1F, 0x00, 0x00, 0x01, 0xF0, 0x1F, 0x00, 0x00, 0x01, 0xE0, 0x1F, 0x00, 0x00, 0x01, 0xE0, 0x1F, 0x00, 0x00, 0x03, 0xE0, 0x3E, 0x00, 0x00, 0x03, 0xE0, 0x3E, 0x00, 0x00, 0x03, 0xE0, 0x3E, 0x00, 0x00, 0x03, 0xE0, 0x3E, 0x00, 0x00, 0x03, 0xE0, 0x3E, 0x00, 0x00, 

/* Symbol 0x24, offset 826 */
    28, 66, 12,
    0x00, 0x01, 0xE0, 0x00, 0x00, 0x01, 0xE0, 0x00, 0x00, 0x01, 0xE0, 0x00, 0x00, 0x01, 0xE0, 0x00, 0x00, 0x03, 0xE0, 0x00, 0x00, 0x03, 0xE0, 0x00, 0x00, 0x3F, 0xFE, 0x00, 0x01, 0xFF, 0xFF, 0x80, 0x07, 0xFF, 0xFF, 0x80, 0x0F, 0xFF, 0xFF, 0x80, 0x1F, 0xFF, 0xFF, 0x80, 0x3F, 0xC7, 0xC3, 0x80, 0x7F, 0x07, 0xC0, 0x00, 0x7E, 0x07, 0xC0, 0x00, 0xFC, 0x07, 0xC0, 0x00, 0xFC, 0x07, 0x80, 0x00, 0xFC, 0x07, 0x80, 0x00, 0xFC, 0x07, 0x80, 0x00, 0xFC, 0x07, 0x80, 0x00, 0xFE, 0x0F, 0x80, 0x00, 0x7F, 0x0F, 0x80, 0x00, 0x7F, 0xCF, 0x80, 0x00, 0x3F, 0xFF, 0x80, 0x00, 0x1F, 0xFF, 0x00, 0x00, 0x0F, 0xFF, 0x80, 0x00, 0x03, 0xFF, 0xE0, 0x00, 0x00, 0xFF, 0xFC, 0x00, 0x00, 0x3F, 0xFE, 0x00, 0x00, 0x1F, 0xFF, 0x80, 0x00, 0x1F, 0xFF, 0xC0, 0x00, 0x1E, 0x7F, 0xC0, 0x00, 0x1E, 0x1F, 0xE0, 0x00, 0x1E, 0x07, 0xE0, 0x00, 0x1E, 0x07, 0xF0, 0x00, 0x3E, 0x03, 0xF0, 0x00, 0x3E, 0x03, 0xF0, 0x00, 0x3E, 0x03, 0xF0, 0x00, 0x3E, 0x03, 0xF0, 0x00, 0x3C, 0x07, 0xF0, 0x00, 0x3C, 0x07, 0xE0, 0x80, 0x3C, 0x0F, 0xE0, 0xF8, 0x7C, 0x7F, 0xC0, 0xFF, 0xFF, 0xFF, 0x80, 0xFF, 0xFF, 0xFF, 0x00, 0xFF, 0xFF, 0xFE, 0x00, 0x7F, 0xFF, 0xF8, 0x00, 0x07, 0xFF, 0x80, 0x00, 0x00, 0x78, 0x00, 0x00, 0x00, 0x78, 0x00, 0x00, 0x00, 0xF8, 0x00, 0x00, 0x00, 0xF8, 0x00, 0x00, 0x00, 0xF8, 0x00, 0x00, 0x00, 0xF8, 0x00, 0x00, 0x00, 0xF0, 0x00, 0x00, 

/* Symbol 0x25, offset 1045 */
    33, 60, 14,
    0x03, 0xF0, 0x00, 0x00, 0x00, 0x0F, 0xFC, 0x00, 0x0F, 0x80, 0x1F, 0xFE, 0x00, 0x1F, 0x00, 0x3F, 0xFF, 0x00, 0x3F, 0x00, 0x7F, 0xFF, 0x00, 0x3E, 0x00, 0x7E, 0x3F, 0x00, 0x7C, 0x00, 0xFC, 0x1F, 0x80, 0xFC, 0x00, 0xF8, 0x0F, 0x80, 0xF8, 0x00, 0xF8, 0x0F, 0x81, 0xF0, 0x00, 0xF8, 0x0F, 0x81, 0xF0, 0x00, 0xF8, 0x0F, 0x83, 0xE0, 0x00, 0xF8, 0x0F, 0x87, 0xC0, 0x00, 0xFC, 0x1F, 0x87, 0xC0, 0x00, 0x7E, 0x3F, 0x0F, 0x80, 0x00, 0x7F, 0xFF, 0x1F, 0x80, 0x00, 0x7F, 0xFE, 0x1F, 0x00, 0x00, 0x3F, 0xFC, 0x3E, 0x00, 0x00, 0x1F, 0xF8, 0x7E, 0x00, 0x00, 0x07, 0xE0, 0x7C, 0x00, 0x00, 0x00, 0x00, 0xF8, 0x00, 0x00, 0x00, 0x00, 0xF8, 0x00, 0x00, 0x00, 0x01, 0xF0, 0x00, 0x00, 0x00, 0x03, 0xE0, 0x00, 0x00, 0x00, 0x03, 0xE0, 0x00, 0x00, 0x00, 0x07, 0xC0, 0x00, 0x00, 0x00, 0x0F, 0xC0, 0x00, 0x00, 0x00, 0x0F, 0x80, 0x00, 0x00, 0x00, 0x1F, 0x03, 0xF0, 0x00, 0x00, 0x3F, 0x0F, 0xFC, 0x00, 0x00, 0x3E, 0x1F, 0xFE, 0x00, 0x00, 0x7C, 0x3F, 0xFF, 0x00, 0x00, 0x7C, 0x7F, 0xFF, 0x00, 0x00, 0xF8, 0x7E, 0x3F, 0x00, 0x01, 0xF0, 0xFC, 0x1F, 0x80, 0x01, 0xF0, 0xF8, 0x0F, 0x80, 0x03, 0xE0, 0xF8, 0x0F, 0x80, 0x07, 0xE0, 0xF8, 0x0F, 0x80, 0x07, 0xC0, 0xF8, 0x0F, 0x80, 0x0F, 0x80, 0xF8, 0x0F, 0x80, 0x1F, 0x80, 0xFC, 0x1F, 0x80, 0x1F, 0x00, 0x7E, 0x3F, 0x00, 0x3E, 0x00, 0x7F, 0xFF, 0x00, 0x3E, 0x00, 0x7F, 0xFE, 0x00, 0x7C, 0x00, 0x3F, 0xFC, 0x00, 0xF8, 0x00, 0x1F, 0xF8, 0x00, 0x00, 0x00, 0x07, 0xE0, 0x00, 

/* Symbol 0x26, offset 1278 */
    33, 60, 15,
    0x00, 0x1F, 0xC0, 0x00, 0x00, 0x00, 0xFF, 0xF0, 0x00, 0x00, 0x01, 0xFF, 0xF8, 0x00, 0x00, 0x03, 0xFF, 0xFC, 0x00, 0x00, 0x03, 0xFF, 0xFE, 0x00, 0x00, 0x07, 0xF0, 0x7E, 0x00, 0x00, 0x07, 0xC0, 0x3F, 0x00, 0x00, 0x0F, 0xC0, 0x1F, 0x00, 0x00, 0x0F, 0x80, 0x1F, 0x00, 0x00, 0x0F, 0x80, 0x1F, 0x00, 0x00, 0x0F, 0x80, 0x1F, 0x00, 0x00, 0x0F, 0x80, 0x1F, 0x00, 0x00, 0x0F, 0x80, 0x3F, 0x00, 0x00, 0x0F, 0xC0, 0x3E, 0x00, 0x00, 0x07, 0xE0, 0x7E, 0x00, 0x00, 0x07, 0xE0, 0xFC, 0x00, 0x00, 0x03, 0xF3, 0xF8, 0x00, 0x00, 0x03, 0xFF, 0xF0, 0x00, 0x00, 0x01, 0xFF, 0xE0, 0x00, 0x00, 0x00, 0xFF, 0x80, 0x00, 0x00, 0x00, 0xFF, 0x00, 0x00, 0x00, 0x03, 0xFF, 0x00, 0x00, 0x00, 0x07, 0xFF, 0x00, 0x7C, 0x00, 0x0F, 0xFF, 0x80, 0x7C, 0x00, 0x1F, 0x9F, 0xC0, 0x7C, 0x00, 0x3F, 0x0F, 0xE0, 0x7C, 0x00, 0x3E, 0x07, 0xE0, 0x7C, 0x00, 0x7C, 0x03, 0xF0, 0x7C, 0x00, 0x7C, 0x03, 0xF8, 0xF8, 0x00, 0xF8, 0x01, 0xFC, 0xF8, 0x00, 0xF8, 0x00, 0xFE, 0xF8, 0x00, 0xF8, 0x00, 0xFF, 0xF8, 0x00, 0xF8, 0x00, 0x7F, 0xF0, 0x00, 0xF8, 0x00, 0x3F, 0xF0, 0x00, 0xF8, 0x00, 0x1F, 0xF0, 0x00, 0xFC, 0x00, 0x1F, 0xE0, 0x00, 0xFC, 0x00, 0x0F, 0xE0, 0x00, 0x7E, 0x00, 0x0F, 0xF0, 0x00, 0x7F, 0x00, 0x3F, 0xF8, 0x00, 0x3F, 0xC0, 0xFF, 0xFC, 0x00, 0x3F, 0xFF, 0xFF, 0xFC, 0x00, 0x1F, 0xFF, 0xFE, 0xFE, 0x00, 0x0F, 0xFF, 0xF8, 0x7F, 0x00, 0x03, 0xFF, 0xF0, 0x7F, 0x80, 0x00, 0xFF, 0x80, 0x00, 0x00, 

/* Symbol 0x27, offset 1506 */
    7, 30, 15,
    0xFE, 0xFE, 0xFE, 0xFE, 0xFE, 0xFE, 0xFE, 0xFE, 0xFC, 0x7C, 0x7C, 0x7C, 0x7C, 0x7C, 0x7C, 

/* Symbol 0x28, offset 1524 */
    17, 73, 12,
    0x00, 0x04, 0x00, 0x00, 0x0E, 0x00, 0x00, 0x0F, 0x00, 0x00, 0x1F, 0x80, 0x00, 0x3F, 0x00, 0x00, 0x7E, 0x00, 0x00, 0xFC, 0x00, 0x00, 0xF8, 0x00, 0x01, 0xF8, 0x00, 0x03, 0xF0, 0x00, 0x03, 0xE0, 0x00, 0x07, 0xC0, 0x00, 0x0F, 0xC0, 0x00, 0x0F, 0x80, 0x00, 0x0F, 0x80, 0x00, 0x1F, 0x00, 0x00, 0x1F, 0x00, 0x00, 0x3E, 0x00, 0x00, 0x3E, 0x00, 0x00, 0x3E, 0x00, 0x00, 0x7C, 0x00, 0x00, 0x7C, 0x00, 0x00, 0x7C, 0x00, 0x00, 0x7C, 0x00, 0x00, 0xF8, 0x00, 0x00, 0xF8, 0x00, 0x00, 0xF8, 0x00, 0x00, 0xF8, 0x00, 0x00, 0xF8, 0x00, 0x00, 0xF8, 0x00, 0x00, 0xF8, 0x00, 0x00, 0xF8, 0x00, 0x00, 0xF8, 0x00, 0x00, 0xF8, 0x00, 0x00, 0xF8, 0x00, 0x00, 0xF8, 0x00, 0x00, 0xFC, 0x00, 0x00, 0x7C, 0x00, 0x00, 0x7C, 0x00, 0x00, 0x7C, 0x00, 0x00, 0x7C, 0x00, 0x00, 0x3E, 0x00, 0x00, 0x3E, 0x00, 0x00, 0x3F, 0x00, 0x00, 0x1F, 0x00, 0x00, 0x1F, 0x00, 0x00, 0x1F, 0x80, 0x00, 0x0F, 0x80, 0x00, 0x0F, 0xC0, 0x00, 0x07, 0xE0, 0x00, 0x07, 0xE0, 0x00, 0x03, 0xF0, 0x00, 0x01, 0xF8, 0x00, 0x01, 0xF8, 0x00, 0x00, 0xFC, 0x00, 0x00, 0x7E, 0x00, 0x00, 0x3F, 0x00, 0x00, 0x1F, 0x80, 0x00, 0x1F, 0x00, 0x00, 0x0E, 0x00, 0x00, 0x04, 0x00, 

/* Symbol 0x29, offset 1710 */
    17, 73, 12,
    0x10, 0x00, 0x00, 0x38, 0x00, 0x00, 0x7C, 0x00, 0x00, 0xFC, 0x00, 0x00, 0x7E, 0x00, 0x00, 0x3F, 0x00, 0x00, 0x1F, 0x80, 0x00, 0x0F, 0xC0, 0x00, 0x0F, 0xC0, 0x00, 0x07, 0xE0, 0x00, 0x03, 0xE0, 0x00, 0x03, 0xF0, 0x00, 0x01, 0xF8, 0x00, 0x00, 0xF8, 0x00, 0x00, 0xFC, 0x00, 0x00, 0x7C, 0x00, 0x00, 0x7C, 0x00, 0x00, 0x7E, 0x00, 0x00, 0x3E, 0x00, 0x00, 0x3E, 0x00, 0x00, 0x1F, 0x00, 0x00, 0x1F, 0x00, 0x00, 0x1F, 0x00, 0x00, 0x1F, 0x00, 0x00, 0x1F, 0x80, 0x00, 0x0F, 0x80, 0x00, 0x0F, 0x80, 0x00, 0x0F, 0x80, 0x00, 0x0F, 0x80, 0x00, 0x0F, 0x80, 0x00, 0x0F, 0x80, 0x00, 0x0F, 0x80, 0x00, 0x0F, 0x80, 0x00, 0x0F, 0x80, 0x00, 0x0F, 0x80, 0x00, 0x0F, 0x80, 0x00, 0x0F, 0x80, 0x00, 0x1F, 0x00, 0x00, 0x1F, 0x00, 0x00, 0x1F, 0x00, 0x00, 0x1F, 0x00, 0x00, 0x3E, 0x00, 0x00, 0x3E, 0x00, 0x00, 0x3E, 0x00, 0x00, 0x7C, 0x00, 0x00, 0x7C, 0x00, 0x00, 0xF8, 0x00, 0x00, 0xF8, 0x00, 0x01, 0xF0, 0x00, 0x01, 0xF0, 0x00, 0x03, 0xE0, 0x00, 0x07, 0xE0, 0x00, 0x0F, 0xC0, 0x00, 0x0F, 0x80, 0x00, 0x1F, 0x80, 0x00, 0x3F, 0x00, 0x00, 0x7E, 0x00, 0x00, 0xFC, 0x00, 0x00, 0x78, 0x00, 0x00, 0x38, 0x00, 0x00, 0x10, 0x00, 0x00, 

/* Symbol 0x2A, offset 1896 */
    24, 42, 15,
    0x00, 0x3C, 0x00, 0x00, 0x3C, 0x00, 0x00, 0x3C, 0x00, 0x00, 0x3C, 0x00, 0x00, 0x3C, 0x00, 0x20, 0x3C, 0x04, 0x70, 0x3C, 0x0E, 0x7C, 0x18, 0x3E, 0xFE, 0x18, 0x7F, 0x7F, 0x99, 0xFE, 0x1F, 0xDB, 0xF8, 0x07, 0xFF, 0xE0, 0x01, 0xFF, 0x80, 0x00, 0x7E, 0x00, 0x00, 0xFF, 0x00, 0x03, 0xFF, 0xC0, 0x0F, 0xDB, 0xF0, 0x3F, 0x99, 0xFC, 0xFE, 0x18, 0x7F, 0x7C, 0x3C, 0x3E, 0x70, 0x3C, 0x0E, 0x20, 0x3C, 0x04, 0x00, 0x3C, 0x00, 0x00, 0x3C, 0x00, 0x00, 0x3C, 0x00, 0x00, 0x3C, 0x00, 0x00, 0x3C, 0x00, 

/* Symbol 0x2B, offset 1980 */
    29, 57, 26,
    0x00, 0x0F, 0x80, 0x00, 0x00, 0x0F, 0x80, 0x00, 0x00, 0x0F, 0x80, 0x00, 0x00, 0x0F, 0x80, 0x00, 0x00, 0x0F, 0x80, 0x00, 0x00, 0x0F, 0x80, 0x00, 0x00, 0x0F, 0x80, 0x00, 0x00, 0x0F, 0x80, 0x00, 0x00, 0x0F, 0x80, 0x00, 0x00, 0x0F, 0x80, 0x00, 0x00, 0x0F, 0x80, 0x00, 0x00, 0x0F, 0x80, 0x00, 0x00, 0x0F, 0x80, 0x00, 0xFF, 0xFF, 0xFF, 0xF8, 0xFF, 0xFF, 0xFF, 0xF8, 0xFF, 0xFF, 0xFF, 0xF8, 0xFF, 0xFF, 0xFF, 0xF8, 0xFF, 0xFF, 0xFF, 0xF8, 0x00, 0x0F, 0x80, 0x00, 0x00, 0x0F, 0x80, 0x00, 0x00, 0x0F, 0x80, 0x00, 0x00, 0x0F, 0x80, 0x00, 0x00, 0x0F, 0x80, 0x00, 0x00, 0x0F, 0x80, 0x00, 0x00, 0x0F, 0x80, 0x00, 0x00, 0x0F, 0x80, 0x00, 0x00, 0x0F, 0x80, 0x00, 0x00, 0x0F, 0x80, 0x00, 0x00, 0x0F, 0x80, 0x00, 0x00, 0x0F, 0x80, 0x00, 0x00, 0x0F, 0x80, 0x00, 

/* Symbol 0x2C, offset 2107 */
    15, 70, 49,
    0x01, 0xF0, 0x03, 0xF8, 0x07, 0xFC, 0x07, 0xFC, 0x07, 0xFE, 0x07, 0xFE, 0x03, 0xFE, 0x03, 0xFE, 0x01, 0xFE, 0x00, 0xFE, 0x00, 0xFE, 0x00, 0xFC, 0x00, 0xFC, 0x01, 0xFC, 0x03, 0xF8, 0x0F, 0xF0, 0xFF, 0xF0, 0xFF, 0xE0, 0xFF, 0x80, 0xFE, 0x00, 0xF8, 0x00, 

/* Symbol 0x2D, offset 2152 */
    19, 45, 40,
    0xFF, 0xFF, 0xE0, 0xFF, 0xFF, 0xE0, 0xFF, 0xFF, 0xE0, 0xFF, 0xFF, 0xE0, 0xFF, 0xFF, 0xE0, 

/* Symbol 0x2E, offset 2170 */
    10, 60, 50,
    0x1E, 0x00, 0x7F, 0x80, 0x7F, 0x80, 0xFF, 0xC0, 0xFF, 0xC0, 0xFF, 0xC0, 0xFF, 0xC0, 0x7F, 0x80, 0x7F, 0x80, 0x1E, 0x00, 

/* Symbol 0x2F, offset 2193 */
    26, 66, 15,
    0x00, 0x00, 0x07, 0xC0, 0x00, 0x00, 0x0F, 0xC0, 0x00, 0x00, 0x0F, 0x80, 0x00, 0x00, 0x0F, 0x80, 0x00, 0x00, 0x1F, 0x00, 0x00, 0x00, 0x1F, 0x00, 0x00, 0x00, 0x3F, 0x00, 0x00, 0x00, 0x3E, 0x00, 0x00, 0x00, 0x7E, 0x00, 0x00, 0x00, 0x7C, 0x00, 0x00, 0x00, 0x7C, 0x00, 0x00, 0x00, 0xF8, 0x00, 0x00, 0x00, 0xF8, 0x00, 0x00, 0x01, 0xF8, 0x00, 0x00, 0x01, 0xF0, 0x00, 0x00, 0x01, 0xF0, 0x00, 0x00, 0x03, 0xE0, 0x00, 0x00, 0x03, 0xE0, 0x00, 0x00, 0x07, 0xE0, 0x00, 0x00, 0x07, 0xC0, 0x00, 0x00, 0x07, 0xC0, 0x00, 0x00, 0x0F, 0x80, 0x00, 0x00, 0x0F, 0x80, 0x00, 0x00, 0x1F, 0x80, 0x00, 0x00, 0x1F, 0x00, 0x00, 0x00, 0x3F, 0x00, 0x00, 0x00, 0x3E, 0x00, 0x00, 0x00, 0x3E, 0x00, 0x00, 0x00, 0x7C, 0x00, 0x00, 0x00, 0x7C, 0x00, 0x00, 0x00, 0xFC, 0x00, 0x00, 0x00, 0xF8, 0x00, 0x00, 0x00, 0xF8, 0x00, 0x00, 0x01, 0xF0, 0x00, 0x00, 0x01, 0xF0, 0x00, 0x00, 0x03, 0xF0, 0x00, 0x00, 0x03, 0xE0, 0x00, 0x00, 0x03, 0xE0, 0x00, 0x00, 0x07, 0xC0, 0x00, 0x00, 0x07, 0xC0, 0x00, 0x00, 0x0F, 0xC0, 0x00, 0x00, 0x0F, 0x80, 0x00, 0x00, 0x1F, 0x80, 0x00, 0x00, 0x1F, 0x00, 0x00, 0x00, 0x1F, 0x00, 0x00, 0x00, 0x3E, 0x00, 0x00, 0x00, 0x3E, 0x00, 0x00, 0x00, 0x7E, 0x00, 0x00, 0x00, 0x7C, 0x00, 0x00, 0x00, 0x7C, 0x00, 0x00, 0x00, 0xF8, 0x00, 0x00, 0x00, 

/* Symbol 0x30, offset 2400 */
    29, 60, 17,
    0x00, 0x1F, 0xE0, 0x00, 0x00, 0xFF, 0xF8, 0x00, 0x01, 0xFF, 0xFE, 0x00, 0x03, 0xFF, 0xFF, 0x00, 0x07, 0xFF, 0xFF, 0x80, 0x0F, 0xF0, 0x7F, 0x80, 0x1F, 0xC0, 0x1F, 0xC0, 0x1F, 0x80, 0x0F, 0xC0, 0x3F, 0x00, 0x07, 0xE0, 0x3E, 0x00, 0x03, 0xE0, 0x3E, 0x00, 0x03, 0xF0, 0x7C, 0x00, 0x01, 0xF0, 0x7C, 0x00, 0x03, 0xF0, 0x7C, 0x00, 0x07, 0xF0, 0x7C, 0x00, 0x0F, 0xF8, 0xF8, 0x00, 0x3F, 0xF8, 0xF8, 0x00, 0x7F, 0xF8, 0xF8, 0x00, 0xFE, 0xF8, 0xF8, 0x01, 0xFC, 0xF8, 0xF8, 0x07, 0xF8, 0xF8, 0xF8, 0x0F, 0xE0, 0xF8, 0xF8, 0x1F, 0xC0, 0xF8, 0xF8, 0x3F, 0x80, 0xF8, 0xF8, 0xFF, 0x00, 0xF8, 0xF9, 0xFC, 0x00, 0xF8, 0xFB, 0xF8, 0x00, 0xF8, 0xFF, 0xF0, 0x00, 0xF8, 0xFF, 0xE0, 0x00, 0xF8, 0xFF, 0x80, 0x01, 0xF0, 0x7F, 0x00, 0x01, 0xF0, 0x7E, 0x00, 0x01, 0xF0, 0x7C, 0x00, 0x01, 0xF0, 0x7E, 0x00, 0x03, 0xE0, 0x3E, 0x00, 0x03, 0xE0, 0x3F, 0x00, 0x07, 0xE0, 0x1F, 0x80, 0x0F, 0xC0, 0x1F, 0xC0, 0x1F, 0xC0, 0x0F, 0xF0, 0x7F, 0x80, 0x0F, 0xFF, 0xFF, 0x00, 0x07, 0xFF, 0xFE, 0x00, 0x03, 0xFF, 0xFC, 0x00, 0x00, 0xFF, 0xF8, 0x00, 0x00, 0x3F, 0xC0, 0x00, 

/* Symbol 0x31, offset 2575 */
    27, 59, 18,
    0x00, 0x0F, 0xC0, 0x00, 0x00, 0x3F, 0xC0, 0x00, 0x00, 0xFF, 0xC0, 0x00, 0x03, 0xFF, 0xC0, 0x00, 0x1F, 0xFF, 0xC0, 0x00, 0x7F, 0xEF, 0xC0, 0x00, 0xFF, 0xCF, 0xC0, 0x00, 0x7F, 0x0F, 0xC0, 0x00, 0x7C, 0x0F, 0xC0, 0x00, 0x78, 0x0F, 0xC0, 0x00, 0x20, 0x0F, 0xC0, 0x00, 0x00, 0x0F, 0xC0, 0x00, 0x00, 0x0F, 0xC0, 0x00, 0x00, 0x0F, 0xC0, 0x00, 0x00, 0x0F, 0xC0, 0x00, 0x00, 0x0F, 0xC0, 0x00, 0x00, 0x0F, 0xC0, 0x00, 0x00, 0x0F, 0xC0, 0x00, 0x00, 0x0F, 0xC0, 0x00, 0x00, 0x0F, 0xC0, 0x00, 0x00, 0x0F, 0xC0, 0x00, 0x00, 0x0F, 0xC0, 0x00, 0x00, 0x0F, 0xC0, 0x00, 0x00, 0x0F, 0xC0, 0x00, 0x00, 0x0F, 0xC0, 0x00, 0x00, 0x0F, 0xC0, 0x00, 0x00, 0x0F, 0xC0, 0x00, 0x00, 0x0F, 0xC0, 0x00, 0x00, 0x0F, 0xC0, 0x00, 0x00, 0x0F, 0xC0, 0x00, 0x00, 0x0F, 0xC0, 0x00, 0x00, 0x0F, 0xC0, 0x00, 0x00, 0x0F, 0xC0, 0x00, 0x00, 0x0F, 0xC0, 0x00, 0x00, 0x0F, 0xC0, 0x00, 0x00, 0x0F, 0xC0, 0x00, 0x7F, 0xFF, 0xFF, 0xE0, 0x7F, 0xFF, 0xFF, 0xE0, 0x7F, 0xFF, 0xFF, 0xE0, 0x7F, 0xFF, 0xFF, 0xE0, 0x7F, 0xFF, 0xFF, 0xE0, 

/* Symbol 0x32, offset 2742 */
    27, 59, 17,
    0x00, 0xFF, 0x80, 0x00, 0x07, 0xFF, 0xE0, 0x00, 0x0F, 0xFF, 0xF8, 0x00, 0x3F, 0xFF, 0xFC, 0x00, 0x7F, 0xFF, 0xFE, 0x00, 0xFF, 0x01, 0xFE, 0x00, 0x7C, 0x00, 0x7F, 0x00, 0x38, 0x00, 0x3F, 0x00, 0x10, 0x00, 0x3F, 0x80, 0x00, 0x00, 0x1F, 0x80, 0x00, 0x00, 0x1F, 0x80, 0x00, 0x00, 0x1F, 0x80, 0x00, 0x00, 0x1F, 0x80, 0x00, 0x00, 0x1F, 0x80, 0x00, 0x00, 0x1F, 0x80, 0x00, 0x00, 0x1F, 0x80, 0x00, 0x00, 0x3F, 0x00, 0x00, 0x00, 0x3F, 0x00, 0x00, 0x00, 0x7F, 0x00, 0x00, 0x00, 0x7E, 0x00, 0x00, 0x00, 0xFE, 0x00, 0x00, 0x01, 0xFC, 0x00, 0x00, 0x03, 0xF8, 0x00, 0x00, 0x07, 0xF0, 0x00, 0x00, 0x07, 0xF0, 0x00, 0x00, 0x0F, 0xE0, 0x00, 0x00, 0x1F, 0xC0, 0x00, 0x00, 0x3F, 0x80, 0x00, 0x00, 0x7F, 0x00, 0x00, 0x00, 0xFE, 0x00, 0x00, 0x01, 0xFC, 0x00, 0x00, 0x03, 0xF8, 0x00, 0x00, 0x07, 0xF0, 0x00, 0x00, 0x0F, 0xE0, 0x00, 0x00, 0x1F, 0xC0, 0x00, 0x00, 0x3F, 0x80, 0x00, 0x00, 0x7F, 0x00, 0x00, 0x00, 0xFF, 0xFF, 0xFF, 0xE0, 0xFF, 0xFF, 0xFF, 0xE0, 0xFF, 0xFF, 0xFF, 0xE0, 0xFF, 0xFF, 0xFF, 0xE0, 0xFF, 0xFF, 0xFF, 0xE0, 

/* Symbol 0x33, offset 2913 */
    25, 60, 17,
    0x03, 0xFE, 0x00, 0x00, 0x3F, 0xFF, 0xC0, 0x00, 0x7F, 0xFF, 0xE0, 0x00, 0x7F, 0xFF, 0xF8, 0x00, 0x7F, 0xFF, 0xF8, 0x00, 0x7C, 0x03, 0xFC, 0x00, 0x40, 0x00, 0xFC, 0x00, 0x00, 0x00, 0x7E, 0x00, 0x00, 0x00, 0x3E, 0x00, 0x00, 0x00, 0x3E, 0x00, 0x00, 0x00, 0x3E, 0x00, 0x00, 0x00, 0x3E, 0x00, 0x00, 0x00, 0x3E, 0x00, 0x00, 0x00, 0x3E, 0x00, 0x00, 0x00, 0x7C, 0x00, 0x00, 0x00, 0xFC, 0x00, 0x00, 0x01, 0xF8, 0x00, 0x00, 0x07, 0xF0, 0x00, 0x07, 0xFF, 0xE0, 0x00, 0x07, 0xFF, 0x80, 0x00, 0x07, 0xFF, 0xE0, 0x00, 0x07, 0xFF, 0xF8, 0x00, 0x07, 0xFF, 0xFC, 0x00, 0x00, 0x03, 0xFE, 0x00, 0x00, 0x00, 0x7F, 0x00, 0x00, 0x00, 0x3F, 0x00, 0x00, 0x00, 0x1F, 0x80, 0x00, 0x00, 0x0F, 0x80, 0x00, 0x00, 0x0F, 0x80, 0x00, 0x00, 0x0F, 0x80, 0x00, 0x00, 0x0F, 0x80, 0x00, 0x00, 0x0F, 0x80, 0x00, 0x00, 0x0F, 0x80, 0x00, 0x00, 0x1F, 0x00, 0x00, 0x00, 0x1F, 0x00, 0x00, 0x00, 0x3F, 0x00, 0x00, 0x00, 0xFE, 0x00, 0xC0, 0x03, 0xFC, 0x00, 0xFF, 0xFF, 0xF8, 0x00, 0xFF, 0xFF, 0xF0, 0x00, 0xFF, 0xFF, 0xE0, 0x00, 0xFF, 0xFF, 0x80, 0x00, 0x3F, 0xF8, 0x00, 0x00, 

/* Symbol 0x34, offset 3088 */
    32, 59, 18,
    0x00, 0x00, 0x7F, 0x80, 0x00, 0x00, 0x7F, 0x80, 0x00, 0x00, 0xFF, 0x80, 0x00, 0x01, 0xFF, 0x80, 0x00, 0x01, 0xFF, 0x80, 0x00, 0x03, 0xFF, 0x80, 0x00, 0x07, 0xEF, 0x80, 0x00, 0x07, 0xEF, 0x80, 0x00, 0x0F, 0xCF, 0x80, 0x00, 0x0F, 0x8F, 0x80, 0x00, 0x1F, 0x8F, 0x80, 0x00, 0x3F, 0x0F, 0x80, 0x00, 0x3E, 0x0F, 0x80, 0x00, 0x7C, 0x0F, 0x80, 0x00, 0xFC, 0x0F, 0x80, 0x00, 0xF8, 0x0F, 0x80, 0x01, 0xF0, 0x0F, 0x80, 0x03, 0xF0, 0x0F, 0x80, 0x03, 0xE0, 0x0F, 0x80, 0x07, 0xC0, 0x0F, 0x80, 0x0F, 0xC0, 0x0F, 0x80, 0x0F, 0x80, 0x0F, 0x80, 0x1F, 0x00, 0x0F, 0x80, 0x3F, 0x00, 0x0F, 0x80, 0x3E, 0x00, 0x0F, 0x80, 0x7C, 0x00, 0x0F, 0x80, 0xFC, 0x00, 0x0F, 0x80, 0xFF, 0xFF, 0xFF, 0xFF, 0xFF, 0xFF, 0xFF, 0xFF, 0xFF, 0xFF, 0xFF, 0xFF, 0xFF, 0xFF, 0xFF, 0xFF, 0xFF, 0xFF, 0xFF, 0xFF, 0x00, 0x00, 0x0F, 0x80, 0x00, 0x00, 0x0F, 0x80, 0x00, 0x00, 0x0F, 0x80, 0x00, 0x00, 0x0F, 0x80, 0x00, 0x00, 0x0F, 0x80, 0x00, 0x00, 0x0F, 0x80, 0x00, 0x00, 0x0F, 0x80, 0x00, 0x00, 0x0F, 0x80, 0x00, 0x00, 0x0F, 0x80, 

/* Symbol 0x35, offset 3255 */
    25, 60, 18,
    0x7F, 0xFF, 0xFE, 0x00, 0x7F, 0xFF, 0xFE, 0x00, 0x7F, 0xFF, 0xFE, 0x00, 0x7F, 0xFF, 0xFE, 0x00, 0x7F, 0xFF, 0xFE, 0x00, 0x7C, 0x00, 0x00, 0x00, 0x7C, 0x00, 0x00, 0x00, 0x7C, 0x00, 0x00, 0x00, 0x7C, 0x00, 0x00, 0x00, 0x7C, 0x00, 0x00, 0x00, 0x7C, 0x00, 0x00, 0x00, 0x7C, 0x00, 0x00, 0x00, 0x7C, 0x00, 0x00, 0x00, 0x7C, 0x00, 0x00, 0x00, 0x7C, 0x00, 0x00, 0x00, 0x7C, 0x00, 0x00, 0x00, 0x7F, 0xFE, 0x00, 0x00, 0x7F, 0xFF, 0xC0, 0x00, 0x7F, 0xFF, 0xF0, 0x00, 0x7F, 0xFF, 0xFC, 0x00, 0x7F, 0xFF, 0xFE, 0x00, 0x00, 0x07, 0xFE, 0x00, 0x00, 0x00, 0xFF, 0x00, 0x00, 0x00, 0x7F, 0x00, 0x00, 0x00, 0x3F, 0x80, 0x00, 0x00, 0x1F, 0x80, 0x00, 0x00, 0x1F, 0x80, 0x00, 0x00, 0x1F, 0x80, 0x00, 0x00, 0x1F, 0x80, 0x00, 0x00, 0x1F, 0x80, 0x00, 0x00, 0x1F, 0x80, 0x00, 0x00, 0x3F, 0x80, 0x00, 0x00, 0x3F, 0x00, 0x00, 0x00, 0x7F, 0x00, 0x00, 0x00, 0xFE, 0x00, 0x00, 0x01, 0xFE, 0x00, 0xC0, 0x0F, 0xFC, 0x00, 0xFF, 0xFF, 0xF8, 0x00, 0xFF, 0xFF, 0xF0, 0x00, 0xFF, 0xFF, 0xC0, 0x00, 0xFF, 0xFF, 0x00, 0x00, 0x3F, 0xF8, 0x00, 0x00, 

/* Symbol 0x36, offset 3426 */
    27, 60, 18,
    0x00, 0x01, 0xFF, 0x00, 0x00, 0x1F, 0xFF, 0x00, 0x00, 0x7F, 0xFF, 0x00, 0x00, 0xFF, 0xFF, 0x00, 0x03, 0xFF, 0xFF, 0x00, 0x07, 0xFE, 0x00, 0x00, 0x0F, 0xF0, 0x00, 0x00, 0x0F, 0xC0, 0x00, 0x00, 0x1F, 0x80, 0x00, 0x00, 0x1F, 0x00, 0x00, 0x00, 0x3E, 0x00, 0x00, 0x00, 0x3E, 0x00, 0x00, 0x00, 0x7C, 0x00, 0x00, 0x00, 0x7C, 0x00, 0x00, 0x00, 0x7C, 0x00, 0x00, 0x00, 0x78, 0x00, 0x00, 0x00, 0x78, 0x1F, 0xE0, 0x00, 0xF8, 0xFF, 0xF8, 0x00, 0xFB, 0xFF, 0xFE, 0x00, 0xFF, 0xFF, 0xFF, 0x00, 0xFF, 0xFF, 0xFF, 0x80, 0xFF, 0xC0, 0x3F, 0x80, 0xFF, 0x00, 0x1F, 0xC0, 0xFC, 0x00, 0x0F, 0xC0, 0xF8, 0x00, 0x07, 0xE0, 0xF8, 0x00, 0x03, 0xE0, 0xF8, 0x00, 0x03, 0xE0, 0xF8, 0x00, 0x03, 0xE0, 0xF8, 0x00, 0x03, 0xE0, 0xF8, 0x00, 0x03, 0xE0, 0x7C, 0x00, 0x03, 0xE0, 0x7C, 0x00, 0x03, 0xE0, 0x7C, 0x00, 0x07, 0xC0, 0x7E, 0x00, 0x07, 0xC0, 0x3E, 0x00, 0x0F, 0xC0, 0x3F, 0x00, 0x1F, 0x80, 0x1F, 0xC0, 0x7F, 0x80, 0x1F, 0xFF, 0xFF, 0x00, 0x0F, 0xFF, 0xFE, 0x00, 0x07, 0xFF, 0xFC, 0x00, 0x01, 0xFF, 0xF0, 0x00, 0x00, 0x7F, 0x80, 0x00, 

/* Symbol 0x37, offset 3597 */
    28, 59, 18,
    0xFF, 0xFF, 0xFF, 0xF0, 0xFF, 0xFF, 0xFF, 0xF0, 0xFF, 0xFF, 0xFF, 0xF0, 0xFF, 0xFF, 0xFF, 0xF0, 0xFF, 0xFF, 0xFF, 0xF0, 0x00, 0x00, 0x03, 0xF0, 0x00, 0x00, 0x03, 0xE0, 0x00, 0x00, 0x07, 0xE0, 0x00, 0x00, 0x07, 0xC0, 0x00, 0x00, 0x0F, 0xC0, 0x00, 0x00, 0x0F, 0x80, 0x00, 0x00, 0x1F, 0x80, 0x00, 0x00, 0x1F, 0x00, 0x00, 0x00, 0x3F, 0x00, 0x00, 0x00, 0x3E, 0x00, 0x00, 0x00, 0x7E, 0x00, 0x00, 0x00, 0x7C, 0x00, 0x00, 0x00, 0xFC, 0x00, 0x00, 0x00, 0xF8, 0x00, 0x00, 0x01, 0xF8, 0x00, 0x00, 0x01, 0xF8, 0x00, 0x00, 0x03, 0xF0, 0x00, 0x00, 0x03, 0xF0, 0x00, 0x00, 0x07, 0xE0, 0x00, 0x00, 0x07, 0xE0, 0x00, 0x00, 0x0F, 0xC0, 0x00, 0x00, 0x0F, 0xC0, 0x00, 0x00, 0x1F, 0x80, 0x00, 0x00, 0x1F, 0x80, 0x00, 0x00, 0x3F, 0x00, 0x00, 0x00, 0x3F, 0x00, 0x00, 0x00, 0x7E, 0x00, 0x00, 0x00, 0x7E, 0x00, 0x00, 0x00, 0xFC, 0x00, 0x00, 0x00, 0xFC, 0x00, 0x00, 0x01, 0xF8, 0x00, 0x00, 0x01, 0xF8, 0x00, 0x00, 0x03, 0xF0, 0x00, 0x00, 0x03, 0xF0, 0x00, 0x00, 0x07, 0xE0, 0x00, 0x00, 0x07, 0xE0, 0x00, 0x00, 

/* Symbol 0x38, offset 3764 */
    28, 60, 17,
    0x00, 0x3F, 0xE0, 0x00, 0x01, 0xFF, 0xFC, 0x00, 0x07, 0xFF, 0xFF, 0x00, 0x0F, 0xFF, 0xFF, 0x80, 0x1F, 0xFF, 0xFF, 0xC0, 0x3F, 0xC0, 0x3F, 0xC0, 0x3F, 0x00, 0x0F, 0xE0, 0x7E, 0x00, 0x07, 0xE0, 0x7C, 0x00, 0x03, 0xE0, 0x7C, 0x00, 0x03, 0xE0, 0x7C, 0x00, 0x03, 0xE0, 0x7C, 0x00, 0x03, 0xE0, 0x7E, 0x00, 0x07, 0xE0, 0x7E, 0x00, 0x07, 0xC0, 0x3F, 0x00, 0x0F, 0xC0, 0x3F, 0xC0, 0x1F, 0x80, 0x1F, 0xE0, 0x7F, 0x00, 0x0F, 0xF8, 0xFE, 0x00, 0x07, 0xFF, 0xFC, 0x00, 0x01, 0xFF, 0xF8, 0x00, 0x00, 0xFF, 0xF0, 0x00, 0x01, 0xFF, 0xF8, 0x00, 0x03, 0xFF, 0xFE, 0x00, 0x0F, 0xF9, 0xFF, 0x00, 0x1F, 0xE0, 0xFF, 0x80, 0x3F, 0xC0, 0x3F, 0xC0, 0x3F, 0x00, 0x1F, 0xE0, 0x7E, 0x00, 0x0F, 0xE0, 0x7E, 0x00, 0x07, 0xF0, 0xFC, 0x00, 0x03, 0xF0, 0xFC, 0x00, 0x03, 0xF0, 0xFC, 0x00, 0x03, 0xF0, 0xFC, 0x00, 0x03, 0xF0, 0xFC, 0x00, 0x03, 0xF0, 0xFE, 0x00, 0x03, 0xF0, 0xFE, 0x00, 0x07, 0xE0, 0x7F, 0x00, 0x0F, 0xE0, 0x7F, 0xC0, 0x3F, 0xC0, 0x3F, 0xFF, 0xFF, 0xC0, 0x1F, 0xFF, 0xFF, 0x80, 0x0F, 0xFF, 0xFE, 0x00, 0x03, 0xFF, 0xFC, 0x00, 0x00, 0x7F, 0xC0, 0x00, 

/* Symbol 0x39, offset 3939 */
    28, 59, 17,
    0x00, 0x3F, 0xC0, 0x00, 0x01, 0xFF, 0xF8, 0x00, 0x03, 0xFF, 0xFC, 0x00, 0x0F, 0xFF, 0xFE, 0x00, 0x1F, 0xFF, 0xFF, 0x00, 0x1F, 0xC0, 0x7F, 0x80, 0x3F, 0x00, 0x1F, 0x80, 0x7E, 0x00, 0x0F, 0xC0, 0x7C, 0x00, 0x07, 0xC0, 0x7C, 0x00, 0x03, 0xE0, 0xF8, 0x00, 0x03, 0xE0, 0xF8, 0x00, 0x03, 0xE0, 0xF8, 0x00, 0x01, 0xE0, 0xF8, 0x00, 0x01, 0xF0, 0xF8, 0x00, 0x01, 0xF0, 0xF8, 0x00, 0x01, 0xF0, 0xF8, 0x00, 0x01, 0xF0, 0xFC, 0x00, 0x01, 0xF0, 0x7E, 0x00, 0x03, 0xF0, 0x7F, 0x00, 0x0F, 0xF0, 0x3F, 0xC0, 0x7F, 0xF0, 0x3F, 0xFF, 0xFF, 0xF0, 0x1F, 0xFF, 0xFF, 0xF0, 0x0F, 0xFF, 0xFD, 0xF0, 0x03, 0xFF, 0xF1, 0xF0, 0x00, 0xFF, 0x81, 0xE0, 0x00, 0x00, 0x01, 0xE0, 0x00, 0x00, 0x03, 0xE0, 0x00, 0x00, 0x03, 0xE0, 0x00, 0x00, 0x03, 0xE0, 0x00, 0x00, 0x07, 0xC0, 0x00, 0x00, 0x07, 0xC0, 0x00, 0x00, 0x0F, 0x80, 0x00, 0x00, 0x1F, 0x80, 0x00, 0x00, 0x7F, 0x00, 0x00, 0x01, 0xFE, 0x00, 0x00, 0x0F, 0xFC, 0x00, 0x3F, 0xFF, 0xF8, 0x00, 0x3F, 0xFF, 0xF0, 0x00, 0x3F, 0xFF, 0xC0, 0x00, 0x3F, 0xFF, 0x00, 0x00, 0x3F, 0xF0, 0x00, 0x00, 

/* Symbol 0x3A, offset 4110 */
    10, 60, 27,
    0x1E, 0x00, 0x7F, 0x80, 0x7F, 0x80, 0xFF, 0xC0, 0xFF, 0xC0, 0xFF, 0xC0, 0xFF, 0xC0, 0x7F, 0x80, 0x7F, 0x80, 0x1E, 0x00, 0x00, 0x00, 0x00, 0x00, 0x00, 0x00, 0x00, 0x00, 0x00, 0x00, 0x00, 0x00, 0x00, 0x00, 0x00, 0x00, 0x00, 0x00, 0x00, 0x00, 0x00, 0x00, 0x00, 0x00, 0x00, 0x00, 0x1E, 0x00, 0x7F, 0x80, 0x7F, 0x80, 0xFF, 0xC0, 0xFF, 0xC0, 0xFF, 0xC0, 0xFF, 0xC0, 0x7F, 0x80, 0x7F, 0x80, 0x1E, 0x00, 

/* Symbol 0x3B, offset 4179 */
    15, 70, 27,
    0x00, 0xF0, 0x03, 0xFC, 0x03, 0xFC, 0x07, 0xFE, 0x07, 0xFE, 0x07, 0xFE, 0x07, 0xFE, 0x03, 0xFC, 0x03, 0xFC, 0x00, 0xF0, 0x00, 0x00, 0x00, 0x00, 0x00, 0x00, 0x00, 0x00, 0x00, 0x00, 0x00, 0x00, 0x00, 0x00, 0x00, 0x00, 0x00, 0x00, 0x00, 0x00, 0x00, 0x00, 0x00, 0x00, 0x01, 0xF0, 0x03, 0xF8, 0x07, 0xFC, 0x07, 0xFC, 0x07, 0xFE, 0x07, 0xFE, 0x03, 0xFE, 0x03, 0xFE, 0x01, 0xFE, 0x00, 0xFE, 0x00, 0xFE, 0x00, 0xFC, 0x00, 0xFC, 0x01, 0xFC, 0x03, 0xF8, 0x0F, 0xF0, 0xFF, 0xF0, 0xFF, 0xE0, 0xFF, 0x80, 0xFE, 0x00, 0xF8, 0x00, 

/* Symbol 0x3C, offset 4268 */
    24, 60, 25,
    0x00, 0x00, 0x08, 0x00, 0x00, 0x1C, 0x00, 0x00, 0x3E, 0x00, 0x00, 0x7F, 0x00, 0x01, 0xFE, 0x00, 0x03, 0xFC, 0x00, 0x07, 0xF0, 0x00, 0x0F, 0xE0, 0x00, 0x1F, 0xC0, 0x00, 0x7F, 0x80, 0x00, 0xFE, 0x00, 0x01, 0xFC, 0x00, 0x03, 0xF8, 0x00, 0x07, 0xF0, 0x00, 0x0F, 0xE0, 0x00, 0x3F, 0x80, 0x00, 0x7F, 0x00, 0x00, 0xFE, 0x00, 0x00, 0x7F, 0x00, 0x00, 0x3F, 0x80, 0x00, 0x0F, 0xE0, 0x00, 0x07, 0xF0, 0x00, 0x03, 0xF8, 0x00, 0x01, 0xFC, 0x00, 0x00, 0xFF, 0x00, 0x00, 0x7F, 0x80, 0x00, 0x1F, 0xC0, 0x00, 0x0F, 0xE0, 0x00, 0x07, 0xF0, 0x00, 0x03, 0xFC, 0x00, 0x01, 0xFE, 0x00, 0x00, 0x7F, 0x00, 0x00, 0x3E, 0x00, 0x00, 0x1C, 0x00, 0x00, 0x08, 

/* Symbol 0x3D, offset 4376 */
    27, 50, 34,
    0xFF, 0xFF, 0xFF, 0xE0, 0xFF, 0xFF, 0xFF, 0xE0, 0xFF, 0xFF, 0xFF, 0xE0, 0xFF, 0xFF, 0xFF, 0xE0, 0xFF, 0xFF, 0xFF, 0xE0, 0x00, 0x00, 0x00, 0x00, 0x00, 0x00, 0x00, 0x00, 0x00, 0x00, 0x00, 0x00, 0x00, 0x00, 0x00, 0x00, 0x00, 0x00, 0x00, 0x00, 0x00, 0x00, 0x00, 0x00, 0xFF, 0xFF, 0xFF, 0xE0, 0xFF, 0xFF, 0xFF, 0xE0, 0xFF, 0xFF, 0xFF, 0xE0, 0xFF, 0xFF, 0xFF, 0xE0, 0xFF, 0xFF, 0xFF, 0xE0, 

/* Symbol 0x3E, offset 4443 */
    24, 60, 25,
    0x10, 0x00, 0x00, 0x38, 0x00, 0x00, 0x7C, 0x00, 0x00, 0xFE, 0x00, 0x00, 0x7F, 0x80, 0x00, 0x3F, 0xC0, 0x00, 0x0F, 0xE0, 0x00, 0x07, 0xF0, 0x00, 0x03, 0xF8, 0x00, 0x01, 0xFE, 0x00, 0x00, 0xFF, 0x00, 0x00, 0x3F, 0x80, 0x00, 0x1F, 0xC0, 0x00, 0x0F, 0xE0, 0x00, 0x07, 0xF0, 0x00, 0x01, 0xFC, 0x00, 0x00, 0xFE, 0x00, 0x00, 0x7F, 0x00, 0x00, 0xFE, 0x00, 0x01, 0xFC, 0x00, 0x07, 0xF0, 0x00, 0x0F, 0xE0, 0x00, 0x1F, 0xC0, 0x00, 0x3F, 0x80, 0x00, 0x7F, 0x00, 0x01, 0xFE, 0x00, 0x03, 0xF8, 0x00, 0x07, 0xF0, 0x00, 0x0F, 0xE0, 0x00, 0x1F, 0xC0, 0x00, 0x7F, 0x80, 0x00, 0xFE, 0x00, 0x00, 0x7C, 0x00, 0x00, 0x38, 0x00, 0x00, 0x10, 0x00, 0x00, 

/* Symbol 0x3F, offset 4551 */
    19, 60, 15,
    0xFC, 0x00, 0x00, 0xFF, 0x80, 0x00, 0xFF, 0xF0, 0x00, 0xFF, 0xF8, 0x00, 0xFF, 0xFC, 0x00, 0x07, 0xFE, 0x00, 0x00, 0xFF, 0x00, 0x00, 0x3F, 0x80, 0x00, 0x1F, 0xC0, 0x00, 0x0F, 0xC0, 0x00, 0x0F, 0xC0, 0x00, 0x07, 0xE0, 0x00, 0x07, 0xE0, 0x00, 0x07, 0xE0, 0x00, 0x07, 0xE0, 0x00, 0x07, 0xE0, 0x00, 0x07, 0xE0, 0x00, 0x0F, 0xE0, 0x00, 0x0F, 0xC0, 0x00, 0x3F, 0xC0, 0x1F, 0xFF, 0x80, 0x1F, 0xFF, 0x80, 0x1F, 0xFF, 0x00, 0x1F, 0xFC, 0x00, 0x1F, 0xE0, 0x00, 0x1F, 0x00, 0x00, 0x1F, 0x00, 0x00, 0x1F, 0x00, 0x00, 0x1F, 0x00, 0x00, 0x1F, 0x00, 0x00, 0x1F, 0x00, 0x00, 0x1F, 0x00, 0x00, 0x1F, 0x00, 0x00, 0x00, 0x00, 0x00, 0x00, 0x00, 0x00, 0x00, 0x00, 0x00, 0x00, 0x00, 0x00, 0x0F, 0x00, 0x00, 0x1F, 0x80, 0x00, 0x3F, 0xC0, 0x00, 0x3F, 0xC0, 0x00, 0x3F, 0xC0, 0x00, 0x3F, 0xC0, 0x00, 0x1F, 0x80, 0x00, 0x0F, 0x00, 0x00, 

/* Symbol 0x40, offset 4689 */
    34, 73, 14,
    0x00, 0x00, 0xFF, 0x00, 0x00, 0x00, 0x03, 0xFF, 0xC0, 0x00, 0x00, 0x0F, 0xFF, 0xE0, 0x00, 0x00, 0x1F, 0xFF, 0xF8, 0x00, 0x00, 0x3F, 0x81, 0xF8, 0x00, 0x00, 0x7E, 0x00, 0x7C, 0x00, 0x00, 0xF8, 0x00, 0x3E, 0x00, 0x01, 0xF0, 0x00, 0x1E, 0x00, 0x03, 0xE0, 0x00, 0x1F, 0x00, 0x03, 0xE0, 0x00, 0x0F, 0x00, 0x07, 0xC0, 0x00, 0x0F, 0x00, 0x07, 0x80, 0x00, 0x07, 0x80, 0x0F, 0x80, 0x00, 0x07, 0x80, 0x0F, 0x00, 0x00, 0x07, 0x80, 0x1F, 0x00, 0x00, 0x07, 0x80, 0x1E, 0x00, 0x00, 0x07, 0xC0, 0x1E, 0x00, 0xFC, 0xE3, 0xC0, 0x3E, 0x03, 0xFF, 0xE3, 0xC0, 0x3C, 0x07, 0xFF, 0xE3, 0xC0, 0x3C, 0x0F, 0xFF, 0xE3, 0xC0, 0x3C, 0x1F, 0xFF, 0xC3, 0xC0, 0x78, 0x1F, 0x87, 0xC3, 0xC0, 0x78, 0x3F, 0x07, 0xC3, 0xC0, 0x78, 0x3E, 0x07, 0xC3, 0xC0, 0x78, 0x3E, 0x07, 0xC3, 0xC0, 0x78, 0x7C, 0x07, 0xC3, 0xC0, 0xF8, 0x7C, 0x07, 0xC3, 0xC0, 0xF0, 0x7C, 0x07, 0xC3, 0xC0, 0xF0, 0x7C, 0x07, 0xC3, 0xC0, 0xF0, 0xF8, 0x07, 0xC3, 0xC0, 0xF0, 0xF8, 0x0F, 0x83, 0xC0, 0xF0, 0xF8, 0x0F, 0x83, 0xC0, 0xF0, 0xF8, 0x0F, 0x87, 0x80, 0xF0, 0xF8, 0x0F, 0x87, 0x80, 0xF0, 0xF8, 0x0F, 0x87, 0x80, 0xF0, 0xF8, 0x0F, 0x87, 0x80, 0xF0, 0xF8, 0x1F, 0x87, 0x80, 0xF0, 0xF8, 0x3F, 0x8F, 0x00, 0xF0, 0xFC, 0x7F, 0x9F, 0x00, 0xF0, 0x7F, 0xFF, 0xFF, 0x00, 0xF0, 0x7F, 0xFB, 0xFE, 0x00, 0xF0, 0x3F, 0xF3, 0xFC, 0x00, 0xF8, 0x3F, 0xE3, 0xF8, 0x00, 0x78, 0x0F, 0x81, 0xF0, 0x00, 0x78, 0x00, 0x00, 0x00, 0x00, 0x78, 0x00, 0x00, 0x00, 0x00, 0x7C, 0x00, 0x00, 0x00, 0x00, 0x7C, 0x00, 0x00, 0x00, 0x00, 0x3C, 0x00, 0x00, 0x00, 0x00, 0x3E, 0x00, 0x00, 0x00, 0x00, 0x1E, 0x00, 0x00, 0x00, 0x00, 0x1F, 0x00, 0x00, 0x00, 0x00, 0x1F, 0x80, 0x00, 0x40, 0x00, 0x0F, 0xC0, 0x01, 0xC0, 0x00, 0x07, 0xF0, 0x0F, 0xC0, 0x00, 0x03, 0xFF, 0xFF, 0xC0, 0x00, 0x01, 0xFF, 0xFF, 0xC0, 0x00, 0x00, 0xFF, 0xFE, 0x00, 0x00, 0x00, 0x1F, 0xF0, 0x00, 0x00, 

/* Symbol 0x41, offset 4987 */
    33, 59, 18,
    0x00, 0x07, 0xF8, 0x00, 0x00, 0x00, 0x0F, 0xF8, 0x00, 0x00, 0x00, 0x0F, 0xF8, 0x00, 0x00, 0x00, 0x0F, 0xFC, 0x00, 0x00, 0x00, 0x1F, 0xFC, 0x00, 0x00, 0x00, 0x1F, 0x7C, 0x00, 0x00, 0x00, 0x1F, 0x7E, 0x00, 0x00, 0x00, 0x3F, 0x7E, 0x00, 0x00, 0x00, 0x3E, 0x3E, 0x00, 0x00, 0x00, 0x3E, 0x3F, 0x00, 0x00, 0x00, 0x7E, 0x3F, 0x00, 0x00, 0x00, 0x7C, 0x1F, 0x00, 0x00, 0x00, 0x7C, 0x1F, 0x00, 0x00, 0x00, 0xFC, 0x1F, 0x80, 0x00, 0x00, 0xF8, 0x0F, 0x80, 0x00, 0x00, 0xF8, 0x0F, 0x80, 0x00, 0x00, 0xF8, 0x0F, 0xC0, 0x00, 0x01, 0xF8, 0x0F, 0xC0, 0x00, 0x01, 0xF0, 0x07, 0xC0, 0x00, 0x01, 0xF0, 0x07, 0xE0, 0x00, 0x03, 0xF0, 0x07, 0xE0, 0x00, 0x03, 0xE0, 0x03, 0xE0, 0x00, 0x03, 0xE0, 0x03, 0xF0, 0x00, 0x07, 0xE0, 0x03, 0xF0, 0x00, 0x07, 0xC0, 0x01, 0xF0, 0x00, 0x07, 0xC0, 0x01, 0xF8, 0x00, 0x0F, 0xC0, 0x01, 0xF8, 0x00, 0x0F, 0xFF, 0xFF, 0xF8, 0x00, 0x0F, 0xFF, 0xFF, 0xFC, 0x00, 0x1F, 0xFF, 0xFF, 0xFC, 0x00, 0x1F, 0xFF, 0xFF, 0xFC, 0x00, 0x1F, 0xFF, 0xFF, 0xFC, 0x00, 0x3F, 0x00, 0x00, 0x7E, 0x00, 0x3F, 0x00, 0x00, 0x7E, 0x00, 0x3E, 0x00, 0x00, 0x7E, 0x00, 0x7E, 0x00, 0x00, 0x3F, 0x00, 0x7E, 0x00, 0x00, 0x3F, 0x00, 0x7C, 0x00, 0x00, 0x3F, 0x00, 0xFC, 0x00, 0x00, 0x1F, 0x80, 0xFC, 0x00, 0x00, 0x1F, 0x80, 0xF8, 0x00, 0x00, 0x1F, 0x80, 

/* Symbol 0x42, offset 5195 */
    26, 59, 18,
    0xFF, 0xFF, 0x80, 0x00, 0xFF, 0xFF, 0xF0, 0x00, 0xFF, 0xFF, 0xFC, 0x00, 0xFF, 0xFF, 0xFE, 0x00, 0xFF, 0xFF, 0xFF, 0x00, 0xF8, 0x00, 0xFF, 0x00, 0xF8, 0x00, 0x3F, 0x80, 0xF8, 0x00, 0x1F, 0x80, 0xF8, 0x00, 0x0F, 0x80, 0xF8, 0x00, 0x0F, 0x80, 0xF8, 0x00, 0x0F, 0x80, 0xF8, 0x00, 0x0F, 0x80, 0xF8, 0x00, 0x0F, 0x80, 0xF8, 0x00, 0x1F, 0x00, 0xF8, 0x00, 0x1F, 0x00, 0xF8, 0x00, 0x7E, 0x00, 0xF8, 0x01, 0xFC, 0x00, 0xFF, 0xFF, 0xF8, 0x00, 0xFF, 0xFF, 0xE0, 0x00, 0xFF, 0xFF, 0xF0, 0x00, 0xFF, 0xFF, 0xFC, 0x00, 0xFF, 0xFF, 0xFE, 0x00, 0xF8, 0x01, 0xFF, 0x00, 0xF8, 0x00, 0x3F, 0x80, 0xF8, 0x00, 0x1F, 0x80, 0xF8, 0x00, 0x0F, 0xC0, 0xF8, 0x00, 0x07, 0xC0, 0xF8, 0x00, 0x07, 0xC0, 0xF8, 0x00, 0x07, 0xC0, 0xF8, 0x00, 0x07, 0xC0, 0xF8, 0x00, 0x07, 0xC0, 0xF8, 0x00, 0x07, 0xC0, 0xF8, 0x00, 0x0F, 0x80, 0xF8, 0x00, 0x1F, 0x80, 0xF8, 0x00, 0x3F, 0x80, 0xF8, 0x00, 0xFF, 0x00, 0xFF, 0xFF, 0xFE, 0x00, 0xFF, 0xFF, 0xFC, 0x00, 0xFF, 0xFF, 0xF8, 0x00, 0xFF, 0xFF, 0xE0, 0x00, 0xFF, 0xFE, 0x00, 0x00, 

/* Symbol 0x43, offset 5362 */
    28, 60, 17,
    0x00, 0x03, 0xFC, 0x00, 0x00, 0x1F, 0xFF, 0x80, 0x00, 0x7F, 0xFF, 0xE0, 0x01, 0xFF, 0xFF, 0xF0, 0x03, 0xFF, 0xFF, 0xF0, 0x07, 0xFE, 0x01, 0xF0, 0x0F, 0xF8, 0x00, 0x70, 0x0F, 0xE0, 0x00, 0x10, 0x1F, 0xC0, 0x00, 0x00, 0x1F, 0x80, 0x00, 0x00, 0x3F, 0x80, 0x00, 0x00, 0x3F, 0x00, 0x00, 0x00, 0x7F, 0x00, 0x00, 0x00, 0x7E, 0x00, 0x00, 0x00, 0x7E, 0x00, 0x00, 0x00, 0x7E, 0x00, 0x00, 0x00, 0xFC, 0x00, 0x00, 0x00, 0xFC, 0x00, 0x00, 0x00, 0xFC, 0x00, 0x00, 0x00, 0xFC, 0x00, 0x00, 0x00, 0xFC, 0x00, 0x00, 0x00, 0xFC, 0x00, 0x00, 0x00, 0xFC, 0x00, 0x00, 0x00, 0xFC, 0x00, 0x00, 0x00, 0xFC, 0x00, 0x00, 0x00, 0xFC, 0x00, 0x00, 0x00, 0xFC, 0x00, 0x00, 0x00, 0xFE, 0x00, 0x00, 0x00, 0x7E, 0x00, 0x00, 0x00, 0x7E, 0x00, 0x00, 0x00, 0x7E, 0x00, 0x00, 0x00, 0x7F, 0x00, 0x00, 0x00, 0x3F, 0x00, 0x00, 0x00, 0x3F, 0x80, 0x00, 0x00, 0x3F, 0xC0, 0x00, 0x00, 0x1F, 0xE0, 0x00, 0x00, 0x0F, 0xF0, 0x00, 0x10, 0x0F, 0xFE, 0x01, 0xF0, 0x07, 0xFF, 0xFF, 0xF0, 0x03, 0xFF, 0xFF, 0xF0, 0x00, 0xFF, 0xFF, 0xF0, 0x00, 0x3F, 0xFF, 0xE0, 0x00, 0x07, 0xFE, 0x00, 

/* Symbol 0x44, offset 5537 */
    30, 59, 18,
    0xFF, 0xFF, 0x00, 0x00, 0xFF, 0xFF, 0xF0, 0x00, 0xFF, 0xFF, 0xFC, 0x00, 0xFF, 0xFF, 0xFF, 0x00, 0xFF, 0xFF, 0xFF, 0x80, 0xF8, 0x01, 0xFF, 0xC0, 0xF8, 0x00, 0x3F, 0xE0, 0xF8, 0x00, 0x1F, 0xE0, 0xF8, 0x00, 0x07, 0xF0, 0xF8, 0x00, 0x07, 0xF0, 0xF8, 0x00, 0x03, 0xF8, 0xF8, 0x00, 0x01, 0xF8, 0xF8, 0x00, 0x01, 0xF8, 0xF8, 0x00, 0x01, 0xF8, 0xF8, 0x00, 0x01, 0xFC, 0xF8, 0x00, 0x00, 0xFC, 0xF8, 0x00, 0x00, 0xFC, 0xF8, 0x00, 0x00, 0xFC, 0xF8, 0x00, 0x00, 0xFC, 0xF8, 0x00, 0x00, 0xFC, 0xF8, 0x00, 0x00, 0xFC, 0xF8, 0x00, 0x00, 0xFC, 0xF8, 0x00, 0x00, 0xFC, 0xF8, 0x00, 0x00, 0xFC, 0xF8, 0x00, 0x00, 0xFC, 0xF8, 0x00, 0x00, 0xFC, 0xF8, 0x00, 0x01, 0xF8, 0xF8, 0x00, 0x01, 0xF8, 0xF8, 0x00, 0x01, 0xF8, 0xF8, 0x00, 0x03, 0xF8, 0xF8, 0x00, 0x03, 0xF0, 0xF8, 0x00, 0x07, 0xF0, 0xF8, 0x00, 0x0F, 0xE0, 0xF8, 0x00, 0x1F, 0xE0, 0xF8, 0x00, 0x7F, 0xC0, 0xF8, 0x03, 0xFF, 0x80, 0xFF, 0xFF, 0xFF, 0x00, 0xFF, 0xFF, 0xFE, 0x00, 0xFF, 0xFF, 0xF8, 0x00, 0xFF, 0xFF, 0xE0, 0x00, 0xFF, 0xFE, 0x00, 0x00, 

/* Symbol 0x45, offset 5704 */
    23, 59, 18,
    0xFF, 0xFF, 0xFE, 0xFF, 0xFF, 0xFE, 0xFF, 0xFF, 0xFE, 0xFF, 0xFF, 0xFE, 0xFF, 0xFF, 0xFE, 0xF8, 0x00, 0x00, 0xF8, 0x00, 0x00, 0xF8, 0x00, 0x00, 0xF8, 0x00, 0x00, 0xF8, 0x00, 0x00, 0xF8, 0x00, 0x00, 0xF8, 0x00, 0x00, 0xF8, 0x00, 0x00, 0xF8, 0x00, 0x00, 0xF8, 0x00, 0x00, 0xF8, 0x00, 0x00, 0xF8, 0x00, 0x00, 0xFF, 0xFF, 0xFC, 0xFF, 0xFF, 0xFC, 0xFF, 0xFF, 0xFC, 0xFF, 0xFF, 0xFC, 0xFF, 0xFF, 0xFC, 0xF8, 0x00, 0x00, 0xF8, 0x00, 0x00, 0xF8, 0x00, 0x00, 0xF8, 0x00, 0x00, 0xF8, 0x00, 0x00, 0xF8, 0x00, 0x00, 0xF8, 0x00, 0x00, 0xF8, 0x00, 0x00, 0xF8, 0x00, 0x00, 0xF8, 0x00, 0x00, 0xF8, 0x00, 0x00, 0xF8, 0x00, 0x00, 0xF8, 0x00, 0x00, 0xF8, 0x00, 0x00, 0xFF, 0xFF, 0xFE, 0xFF, 0xFF, 0xFE, 0xFF, 0xFF, 0xFE, 0xFF, 0xFF, 0xFE, 0xFF, 0xFF, 0xFE, 

/* Symbol 0x46, offset 5830 */
    23, 59, 18,
    0xFF, 0xFF, 0xFE, 0xFF, 0xFF, 0xFE, 0xFF, 0xFF, 0xFE, 0xFF, 0xFF, 0xFE, 0xFF, 0xFF, 0xFE, 0xF8, 0x00, 0x00, 0xF8, 0x00, 0x00, 0xF8, 0x00, 0x00, 0xF8, 0x00, 0x00, 0xF8, 0x00, 0x00, 0xF8, 0x00, 0x00, 0xF8, 0x00, 0x00, 0xF8, 0x00, 0x00, 0xF8, 0x00, 0x00, 0xF8, 0x00, 0x00, 0xF8, 0x00, 0x00, 0xF8, 0x00, 0x00, 0xF8, 0x00, 0x00, 0xFF, 0xFF, 0xFC, 0xFF, 0xFF, 0xFC, 0xFF, 0xFF, 0xFC, 0xFF, 0xFF, 0xFC, 0xFF, 0xFF, 0xFC, 0xF8, 0x00, 0x00, 0xF8, 0x00, 0x00, 0xF8, 0x00, 0x00, 0xF8, 0x00, 0x00, 0xF8, 0x00, 0x00, 0xF8, 0x00, 0x00, 0xF8, 0x00, 0x00, 0xF8, 0x00, 0x00, 0xF8, 0x00, 0x00, 0xF8, 0x00, 0x00, 0xF8, 0x00, 0x00, 0xF8, 0x00, 0x00, 0xF8, 0x00, 0x00, 0xF8, 0x00, 0x00, 0xF8, 0x00, 0x00, 0xF8, 0x00, 0x00, 0xF8, 0x00, 0x00, 0xF8, 0x00, 0x00, 

/* Symbol 0x47, offset 5956 */
    29, 60, 17,
    0x00, 0x03, 0xFE, 0x00, 0x00, 0x1F, 0xFF, 0xC0, 0x00, 0x7F, 0xFF, 0xF0, 0x00, 0xFF, 0xFF, 0xF8, 0x01, 0xFF, 0xFF, 0xF8, 0x03, 0xFE, 0x01, 0xF8, 0x07, 0xF8, 0x00, 0x38, 0x0F, 0xF0, 0x00, 0x08, 0x1F, 0xC0, 0x00, 0x00, 0x1F, 0xC0, 0x00, 0x00, 0x3F, 0x80, 0x00, 0x00, 0x3F, 0x00, 0x00, 0x00, 0x7F, 0x00, 0x00, 0x00, 0x7E, 0x00, 0x00, 0x00, 0x7E, 0x00, 0x00, 0x00, 0x7E, 0x00, 0x00, 0x00, 0xFC, 0x00, 0x00, 0x00, 0xFC, 0x00, 0x00, 0x00, 0xFC, 0x00, 0x00, 0x00, 0xFC, 0x01, 0xFF, 0xF8, 0xFC, 0x01, 0xFF, 0xF8, 0xFC, 0x01, 0xFF, 0xF8, 0xFC, 0x01, 0xFF, 0xF8, 0xFC, 0x01, 0xFF, 0xF8, 0xFC, 0x00, 0x00, 0xF8, 0xFC, 0x00, 0x00, 0xF8, 0xFC, 0x00, 0x00, 0xF8, 0xFE, 0x00, 0x00, 0xF8, 0x7E, 0x00, 0x00, 0xF8, 0x7E, 0x00, 0x00, 0xF8, 0x7E, 0x00, 0x00, 0xF8, 0x7F, 0x00, 0x00, 0xF8, 0x3F, 0x00, 0x00, 0xF8, 0x3F, 0x80, 0x00, 0xF8, 0x1F, 0xC0, 0x00, 0xF8, 0x1F, 0xE0, 0x00, 0xF8, 0x0F, 0xF0, 0x00, 0xF8, 0x07, 0xFE, 0x01, 0xF8, 0x03, 0xFF, 0xFF, 0xF8, 0x01, 0xFF, 0xFF, 0xF8, 0x00, 0xFF, 0xFF, 0xF8, 0x00, 0x3F, 0xFF, 0xC0, 0x00, 0x07, 0xFE, 0x00, 

/* Symbol 0x48, offset 6131 */
    29, 59, 18,
    0xF8, 0x00, 0x00, 0xF8, 0xF8, 0x00, 0x00, 0xF8, 0xF8, 0x00, 0x00, 0xF8, 0xF8, 0x00, 0x00, 0xF8, 0xF8, 0x00, 0x00, 0xF8, 0xF8, 0x00, 0x00, 0xF8, 0xF8, 0x00, 0x00, 0xF8, 0xF8, 0x00, 0x00, 0xF8, 0xF8, 0x00, 0x00, 0xF8, 0xF8, 0x00, 0x00, 0xF8, 0xF8, 0x00, 0x00, 0xF8, 0xF8, 0x00, 0x00, 0xF8, 0xF8, 0x00, 0x00, 0xF8, 0xF8, 0x00, 0x00, 0xF8, 0xF8, 0x00, 0x00, 0xF8, 0xF8, 0x00, 0x00, 0xF8, 0xF8, 0x00, 0x00, 0xF8, 0xFF, 0xFF, 0xFF, 0xF8, 0xFF, 0xFF, 0xFF, 0xF8, 0xFF, 0xFF, 0xFF, 0xF8, 0xFF, 0xFF, 0xFF, 0xF8, 0xFF, 0xFF, 0xFF, 0xF8, 0xF8, 0x00, 0x00, 0xF8, 0xF8, 0x00, 0x00, 0xF8, 0xF8, 0x00, 0x00, 0xF8, 0xF8, 0x00, 0x00, 0xF8, 0xF8, 0x00, 0x00, 0xF8, 0xF8, 0x00, 0x00, 0xF8, 0xF8, 0x00, 0x00, 0xF8, 0xF8, 0x00, 0x00, 0xF8, 0xF8, 0x00, 0x00, 0xF8, 0xF8, 0x00, 0x00, 0xF8, 0xF8, 0x00, 0x00, 0xF8, 0xF8, 0x00, 0x00, 0xF8, 0xF8, 0x00, 0x00, 0xF8, 0xF8, 0x00, 0x00, 0xF8, 0xF8, 0x00, 0x00, 0xF8, 0xF8, 0x00, 0x00, 0xF8, 0xF8, 0x00, 0x00, 0xF8, 0xF8, 0x00, 0x00, 0xF8, 0xF8, 0x00, 0x00, 0xF8, 

/* Symbol 0x49, offset 6298 */
    23, 59, 18,
    0xFF, 0xFF, 0xFE, 0xFF, 0xFF, 0xFE, 0xFF, 0xFF, 0xFE, 0xFF, 0xFF, 0xFE, 0xFF, 0xFF, 0xFE, 0x00, 0x7C, 0x00, 0x00, 0x7C, 0x00, 0x00, 0x7C, 0x00, 0x00, 0x7C, 0x00, 0x00, 0x7C, 0x00, 0x00, 0x7C, 0x00, 0x00, 0x7C, 0x00, 0x00, 0x7C, 0x00, 0x00, 0x7C, 0x00, 0x00, 0x7C, 0x00, 0x00, 0x7C, 0x00, 0x00, 0x7C, 0x00, 0x00, 0x7C, 0x00, 0x00, 0x7C, 0x00, 0x00, 0x7C, 0x00, 0x00, 0x7C, 0x00, 0x00, 0x7C, 0x00, 0x00, 0x7C, 0x00, 0x00, 0x7C, 0x00, 0x00, 0x7C, 0x00, 0x00, 0x7C, 0x00, 0x00, 0x7C, 0x00, 0x00, 0x7C, 0x00, 0x00, 0x7C, 0x00, 0x00, 0x7C, 0x00, 0x00, 0x7C, 0x00, 0x00, 0x7C, 0x00, 0x00, 0x7C, 0x00, 0x00, 0x7C, 0x00, 0x00, 0x7C, 0x00, 0x00, 0x7C, 0x00, 0xFF, 0xFF, 0xFE, 0xFF, 0xFF, 0xFE, 0xFF, 0xFF, 0xFE, 0xFF, 0xFF, 0xFE, 0xFF, 0xFF, 0xFE, 

/* Symbol 0x4A, offset 6424 */
    21, 60, 18,
    0x7F, 0xFF, 0xF8, 0x7F, 0xFF, 0xF8, 0x7F, 0xFF, 0xF8, 0x7F, 0xFF, 0xF8, 0x7F, 0xFF, 0xF8, 0x00, 0x00, 0xF8, 0x00, 0x00, 0xF8, 0x00, 0x00, 0xF8, 0x00, 0x00, 0xF8, 0x00, 0x00, 0xF8, 0x00, 0x00, 0xF8, 0x00, 0x00, 0xF8, 0x00, 0x00, 0xF8, 0x00, 0x00, 0xF8, 0x00, 0x00, 0xF8, 0x00, 0x00, 0xF8, 0x00, 0x00, 0xF8, 0x00, 0x00, 0xF8, 0x00, 0x00, 0xF8, 0x00, 0x00, 0xF8, 0x00, 0x00, 0xF8, 0x00, 0x00, 0xF8, 0x00, 0x00, 0xF8, 0x00, 0x00, 0xF8, 0x00, 0x00, 0xF8, 0x00, 0x00, 0xF8, 0x00, 0x00, 0xF8, 0x00, 0x00, 0xF8, 0x00, 0x00, 0xF8, 0x00, 0x00, 0xF8, 0x00, 0x00, 0xF8, 0x00, 0x00, 0xF8, 0x00, 0x01, 0xF8, 0x00, 0x01, 0xF0, 0x80, 0x03, 0xF0, 0xE0, 0x03, 0xF0, 0xF8, 0x0F, 0xE0, 0xFF, 0xFF, 0xC0, 0xFF, 0xFF, 0xC0, 0x7F, 0xFF, 0x80, 0x3F, 0xFE, 0x00, 0x07, 0xF8, 0x00, 

/* Symbol 0x4B, offset 6553 */
    28, 59, 18,
    0xF8, 0x00, 0x0F, 0xC0, 0xF8, 0x00, 0x1F, 0x80, 0xF8, 0x00, 0x3F, 0x80, 0xF8, 0x00, 0x7F, 0x00, 0xF8, 0x00, 0x7E, 0x00, 0xF8, 0x00, 0xFC, 0x00, 0xF8, 0x01, 0xF8, 0x00, 0xF8, 0x03, 0xF0, 0x00, 0xF8, 0x07, 0xF0, 0x00, 0xF8, 0x07, 0xE0, 0x00, 0xF8, 0x0F, 0xC0, 0x00, 0xF8, 0x1F, 0x80, 0x00, 0xF8, 0x3F, 0x00, 0x00, 0xF8, 0x3F, 0x00, 0x00, 0xF8, 0x7E, 0x00, 0x00, 0xF8, 0xFC, 0x00, 0x00, 0xF9, 0xF8, 0x00, 0x00, 0xF9, 0xF0, 0x00, 0x00, 0xFB, 0xE0, 0x00, 0x00, 0xFF, 0xE0, 0x00, 0x00, 0xFF, 0xE0, 0x00, 0x00, 0xFF, 0xF0, 0x00, 0x00, 0xFB, 0xF8, 0x00, 0x00, 0xF9, 0xFC, 0x00, 0x00, 0xF8, 0xFC, 0x00, 0x00, 0xF8, 0x7E, 0x00, 0x00, 0xF8, 0x7F, 0x00, 0x00, 0xF8, 0x3F, 0x80, 0x00, 0xF8, 0x1F, 0xC0, 0x00, 0xF8, 0x0F, 0xE0, 0x00, 0xF8, 0x07, 0xE0, 0x00, 0xF8, 0x07, 0xF0, 0x00, 0xF8, 0x03, 0xF8, 0x00, 0xF8, 0x01, 0xFC, 0x00, 0xF8, 0x00, 0xFE, 0x00, 0xF8, 0x00, 0x7E, 0x00, 0xF8, 0x00, 0x7F, 0x00, 0xF8, 0x00, 0x3F, 0x80, 0xF8, 0x00, 0x1F, 0xC0, 0xF8, 0x00, 0x0F, 0xE0, 0xF8, 0x00, 0x07, 0xF0, 

/* Symbol 0x4C, offset 6720 */
    24, 59, 18,
    0xF8, 0x00, 0x00, 0xF8, 0x00, 0x00, 0xF8, 0x00, 0x00, 0xF8, 0x00, 0x00, 0xF8, 0x00, 0x00, 0xF8, 0x00, 0x00, 0xF8, 0x00, 0x00, 0xF8, 0x00, 0x00, 0xF8, 0x00, 0x00, 0xF8, 0x00, 0x00, 0xF8, 0x00, 0x00, 0xF8, 0x00, 0x00, 0xF8, 0x00, 0x00, 0xF8, 0x00, 0x00, 0xF8, 0x00, 0x00, 0xF8, 0x00, 0x00, 0xF8, 0x00, 0x00, 0xF8, 0x00, 0x00, 0xF8, 0x00, 0x00, 0xF8, 0x00, 0x00, 0xF8, 0x00, 0x00, 0xF8, 0x00, 0x00, 0xF8, 0x00, 0x00, 0xF8, 0x00, 0x00, 0xF8, 0x00, 0x00, 0xF8, 0x00, 0x00, 0xF8, 0x00, 0x00, 0xF8, 0x00, 0x00, 0xF8, 0x00, 0x00, 0xF8, 0x00, 0x00, 0xF8, 0x00, 0x00, 0xF8, 0x00, 0x00, 0xF8, 0x00, 0x00, 0xF8, 0x00, 0x00, 0xF8, 0x00, 0x00, 0xF8, 0x00, 0x00, 0xFF, 0xFF, 0xFF, 0xFF, 0xFF, 0xFF, 0xFF, 0xFF, 0xFF, 0xFF, 0xFF, 0xFF, 0xFF, 0xFF, 0xFF, 

/* Symbol 0x4D, offset 6846 */
    33, 59, 18,
    0x3F, 0x80, 0x00, 0xFE, 0x00, 0x3F, 0xC0, 0x00, 0xFE, 0x00, 0x3F, 0xC0, 0x01, 0xFE, 0x00, 0x3F, 0xC0, 0x01, 0xFE, 0x00, 0x3F, 0xE0, 0x01, 0xFE, 0x00, 0x3F, 0xE0, 0x03, 0xFE, 0x00, 0x3D, 0xE0, 0x03, 0xDE, 0x00, 0x3D, 0xF0, 0x03, 0xDE, 0x00, 0x3D, 0xF0, 0x07, 0x9F, 0x00, 0x3C, 0xF0, 0x07, 0x9F, 0x00, 0x3C, 0xF8, 0x0F, 0x9F, 0x00, 0x3C, 0xF8, 0x0F, 0x1F, 0x00, 0x3C, 0x78, 0x0F, 0x1F, 0x00, 0x3C, 0x7C, 0x1F, 0x1F, 0x00, 0x3C, 0x7C, 0x1E, 0x1F, 0x00, 0x3C, 0x3C, 0x1E, 0x1F, 0x00, 0x3C, 0x3E, 0x3E, 0x1F, 0x00, 0x7C, 0x1E, 0x3C, 0x1F, 0x00, 0x7C, 0x1E, 0x3C, 0x1F, 0x00, 0x7C, 0x1F, 0x78, 0x1F, 0x00, 0x7C, 0x0F, 0x78, 0x1F, 0x00, 0x7C, 0x0F, 0x78, 0x1F, 0x00, 0x7C, 0x0F, 0xF0, 0x1F, 0x00, 0x7C, 0x07, 0xF0, 0x1F, 0x00, 0x7C, 0x07, 0xF0, 0x1F, 0x00, 0x7C, 0x07, 0xE0, 0x1F, 0x00, 0x7C, 0x03, 0xE0, 0x1F, 0x00, 0x7C, 0x03, 0xC0, 0x1F, 0x00, 0x7C, 0x00, 0x00, 0x1F, 0x00, 0x7C, 0x00, 0x00, 0x1F, 0x00, 0x7C, 0x00, 0x00, 0x1F, 0x00, 0x7C, 0x00, 0x00, 0x1F, 0x80, 0x7C, 0x00, 0x00, 0x1F, 0x80, 0x7C, 0x00, 0x00, 0x1F, 0x80, 0x7C, 0x00, 0x00, 0x1F, 0x80, 0x7C, 0x00, 0x00, 0x1F, 0x80, 0xFC, 0x00, 0x00, 0x1F, 0x80, 0xFC, 0x00, 0x00, 0x1F, 0x80, 0xFC, 0x00, 0x00, 0x1F, 0x80, 0xFC, 0x00, 0x00, 0x1F, 0x80, 0xFC, 0x00, 0x00, 0x1F, 0x80, 

/* Symbol 0x4E, offset 7054 */
    28, 59, 18,
    0xFE, 0x00, 0x01, 0xF0, 0xFF, 0x00, 0x01, 0xF0, 0xFF, 0x00, 0x01, 0xF0, 0xFF, 0x80, 0x01, 0xF0, 0xFF, 0x80, 0x01, 0xF0, 0xFF, 0xC0, 0x01, 0xF0, 0xFF, 0xC0, 0x01, 0xF0, 0xFF, 0xE0, 0x01, 0xF0, 0xFB, 0xE0, 0x01, 0xF0, 0xFB, 0xF0, 0x01, 0xF0, 0xF9, 0xF0, 0x01, 0xF0, 0xF9, 0xF8, 0x01, 0xF0, 0xF9, 0xF8, 0x01, 0xF0, 0xF8, 0xF8, 0x01, 0xF0, 0xF8, 0xFC, 0x01, 0xF0, 0xF8, 0x7C, 0x01, 0xF0, 0xF8, 0x7E, 0x01, 0xF0, 0xF8, 0x3E, 0x01, 0xF0, 0xF8, 0x3F, 0x01, 0xF0, 0xF8, 0x1F, 0x01, 0xF0, 0xF8, 0x1F, 0x81, 0xF0, 0xF8, 0x0F, 0x81, 0xF0, 0xF8, 0x0F, 0xC1, 0xF0, 0xF8, 0x0F, 0xC1, 0xF0, 0xF8, 0x07, 0xE1, 0xF0, 0xF8, 0x07, 0xE1, 0xF0, 0xF8, 0x03, 0xF1, 0xF0, 0xF8, 0x03, 0xF1, 0xF0, 0xF8, 0x01, 0xF9, 0xF0, 0xF8, 0x01, 0xF9, 0xF0, 0xF8, 0x00, 0xF9, 0xF0, 0xF8, 0x00, 0xFD, 0xF0, 0xF8, 0x00, 0x7D, 0xF0, 0xF8, 0x00, 0x7F, 0xF0, 0xF8, 0x00, 0x3F, 0xF0, 0xF8, 0x00, 0x3F, 0xF0, 0xF8, 0x00, 0x1F, 0xF0, 0xF8, 0x00, 0x1F, 0xF0, 0xF8, 0x00, 0x0F, 0xF0, 0xF8, 0x00, 0x0F, 0xF0, 0xF8, 0x00, 0x07, 0xF0, 

/* Symbol 0x4F, offset 7221 */
    31, 60, 17,
    0x00, 0x0F, 0xF0, 0x00, 0x00, 0x7F, 0xFE, 0x00, 0x00, 0xFF, 0xFF, 0x00, 0x03, 0xFF, 0xFF, 0x80, 0x07, 0xFF, 0xFF, 0xC0, 0x0F, 0xF0, 0x1F, 0xE0, 0x0F, 0xC0, 0x07, 0xF0, 0x1F, 0x80, 0x03, 0xF0, 0x1F, 0x00, 0x01, 0xF8, 0x3F, 0x00, 0x00, 0xF8, 0x3E, 0x00, 0x00, 0xFC, 0x7E, 0x00, 0x00, 0xFC, 0x7C, 0x00, 0x00, 0x7C, 0x7C, 0x00, 0x00, 0x7C, 0x7C, 0x00, 0x00, 0x7C, 0xFC, 0x00, 0x00, 0x3E, 0xF8, 0x00, 0x00, 0x3E, 0xF8, 0x00, 0x00, 0x3E, 0xF8, 0x00, 0x00, 0x3E, 0xF8, 0x00, 0x00, 0x3E, 0xF8, 0x00, 0x00, 0x3E, 0xF8, 0x00, 0x00, 0x3E, 0xF8, 0x00, 0x00, 0x3E, 0xF8, 0x00, 0x00, 0x3E, 0xF8, 0x00, 0x00, 0x3E, 0xF8, 0x00, 0x00, 0x3E, 0xF8, 0x00, 0x00, 0x3E, 0xF8, 0x00, 0x00, 0x7E, 0x7C, 0x00, 0x00, 0x7C, 0x7C, 0x00, 0x00, 0x7C, 0x7C, 0x00, 0x00, 0x7C, 0x7E, 0x00, 0x00, 0xFC, 0x7E, 0x00, 0x00, 0xF8, 0x3F, 0x00, 0x01, 0xF8, 0x3F, 0x00, 0x01, 0xF0, 0x1F, 0x80, 0x03, 0xF0, 0x1F, 0xC0, 0x07, 0xE0, 0x0F, 0xF0, 0x1F, 0xC0, 0x07, 0xFF, 0xFF, 0xC0, 0x03, 0xFF, 0xFF, 0x80, 0x01, 0xFF, 0xFE, 0x00, 0x00, 0xFF, 0xFC, 0x00, 0x00, 0x1F, 0xE0, 0x00, 

/* Symbol 0x50, offset 7396 */
    27, 59, 18,
    0xFF, 0xFF, 0x80, 0x00, 0xFF, 0xFF, 0xF0, 0x00, 0xFF, 0xFF, 0xFC, 0x00, 0xFF, 0xFF, 0xFE, 0x00, 0xFF, 0xFF, 0xFF, 0x00, 0xF8, 0x01, 0xFF, 0x80, 0xF8, 0x00, 0x3F, 0xC0, 0xF8, 0x00, 0x1F, 0xC0, 0xF8, 0x00, 0x0F, 0xC0, 0xF8, 0x00, 0x0F, 0xE0, 0xF8, 0x00, 0x07, 0xE0, 0xF8, 0x00, 0x07, 0xE0, 0xF8, 0x00, 0x07, 0xE0, 0xF8, 0x00, 0x07, 0xE0, 0xF8, 0x00, 0x07, 0xE0, 0xF8, 0x00, 0x07, 0xE0, 0xF8, 0x00, 0x0F, 0xC0, 0xF8, 0x00, 0x0F, 0xC0, 0xF8, 0x00, 0x1F, 0x80, 0xF8, 0x00, 0x7F, 0x80, 0xF8, 0x01, 0xFF, 0x00, 0xFF, 0xFF, 0xFE, 0x00, 0xFF, 0xFF, 0xFC, 0x00, 0xFF, 0xFF, 0xF8, 0x00, 0xFF, 0xFF, 0xE0, 0x00, 0xFF, 0xFE, 0x00, 0x00, 0xF8, 0x00, 0x00, 0x00, 0xF8, 0x00, 0x00, 0x00, 0xF8, 0x00, 0x00, 0x00, 0xF8, 0x00, 0x00, 0x00, 0xF8, 0x00, 0x00, 0x00, 0xF8, 0x00, 0x00, 0x00, 0xF8, 0x00, 0x00, 0x00, 0xF8, 0x00, 0x00, 0x00, 0xF8, 0x00, 0x00, 0x00, 0xF8, 0x00, 0x00, 0x00, 0xF8, 0x00, 0x00, 0x00, 0xF8, 0x00, 0x00, 0x00, 0xF8, 0x00, 0x00, 0x00, 0xF8, 0x00, 0x00, 0x00, 0xF8, 0x00, 0x00, 0x00, 

/* Symbol 0x51, offset 7563 */
    34, 70, 17,
    0x00, 0x0F, 0xF8, 0x00, 0x00, 0x00, 0x3F, 0xFE, 0x00, 0x00, 0x00, 0xFF, 0xFF, 0x80, 0x00, 0x01, 0xFF, 0xFF, 0xC0, 0x00, 0x03, 0xFF, 0xFF, 0xE0, 0x00, 0x07, 0xF8, 0x1F, 0xF0, 0x00, 0x0F, 0xE0, 0x07, 0xF8, 0x00, 0x1F, 0xC0, 0x03, 0xF8, 0x00, 0x1F, 0x80, 0x01, 0xFC, 0x00, 0x3F, 0x80, 0x00, 0xFC, 0x00, 0x3F, 0x00, 0x00, 0xFE, 0x00, 0x3F, 0x00, 0x00, 0x7E, 0x00, 0x7E, 0x00, 0x00, 0x7E, 0x00, 0x7E, 0x00, 0x00, 0x7E, 0x00, 0x7E, 0x00, 0x00, 0x7E, 0x00, 0x7C, 0x00, 0x00, 0x3F, 0x00, 0xFC, 0x00, 0x00, 0x3F, 0x00, 0xFC, 0x00, 0x00, 0x3F, 0x00, 0xFC, 0x00, 0x00, 0x3F, 0x00, 0xFC, 0x00, 0x00, 0x3F, 0x00, 0xFC, 0x00, 0x00, 0x3F, 0x00, 0xFC, 0x00, 0x00, 0x3F, 0x00, 0xFC, 0x00, 0x00, 0x3F, 0x00, 0xFC, 0x00, 0x00, 0x3F, 0x00, 0xFC, 0x00, 0x00, 0x3F, 0x00, 0xFC, 0x00, 0x00, 0x3F, 0x00, 0xFC, 0x00, 0x00, 0x3F, 0x00, 0xFC, 0x00, 0x00, 0x3F, 0x00, 0xFE, 0x00, 0x00, 0x7E, 0x00, 0x7E, 0x00, 0x00, 0x7E, 0x00, 0x7E, 0x00, 0x00, 0x7E, 0x00, 0x7E, 0x00, 0x00, 0xFE, 0x00, 0x7F, 0x00, 0x00, 0xFC, 0x00, 0x3F, 0x00, 0x01, 0xFC, 0x00, 0x3F, 0x80, 0x01, 0xF8, 0x00, 0x1F, 0xC0, 0x03, 0xF8, 0x00, 0x1F, 0xE0, 0x07, 0xF0, 0x00, 0x0F, 0xF8, 0x1F, 0xE0, 0x00, 0x07, 0xFF, 0xFF, 0xE0, 0x00, 0x03, 0xFF, 0xFF, 0xC0, 0x00, 0x01, 0xFF, 0xFF, 0x00, 0x00, 0x00, 0xFF, 0xFE, 0x00, 0x00, 0x00, 0x1F, 0xF0, 0x00, 0x00, 0x00, 0x07, 0xC0, 0x00, 0x00, 0x00, 0x07, 0xE0, 0x00, 0x00, 0x00, 0x07, 0xE0, 0x00, 0x00, 0x00, 0x03, 0xF0, 0x01, 0x00, 0x00, 0x03, 0xFC, 0x0F, 0x00, 0x00, 0x01, 0xFF, 0xFF, 0x80, 0x00, 0x00, 0xFF, 0xFF, 0xC0, 0x00, 0x00, 0x7F, 0xFF, 0x80, 0x00, 0x00, 0x3F, 0xFF, 0x00, 0x00, 0x00, 0x07, 0xF8, 0x00, 

/* Symbol 0x52, offset 7831 */
    28, 59, 18,
    0xFF, 0xFF, 0x00, 0x00, 0xFF, 0xFF, 0xE0, 0x00, 0xFF, 0xFF, 0xF8, 0x00, 0xFF, 0xFF, 0xFC, 0x00, 0xFF, 0xFF, 0xFE, 0x00, 0xF8, 0x01, 0xFF, 0x00, 0xF8, 0x00, 0x7F, 0x00, 0xF8, 0x00, 0x3F, 0x80, 0xF8, 0x00, 0x3F, 0x80, 0xF8, 0x00, 0x1F, 0x80, 0xF8, 0x00, 0x1F, 0x80, 0xF8, 0x00, 0x1F, 0x80, 0xF8, 0x00, 0x1F, 0x80, 0xF8, 0x00, 0x1F, 0x80, 0xF8, 0x00, 0x3F, 0x00, 0xF8, 0x00, 0x7F, 0x00, 0xF8, 0x00, 0xFE, 0x00, 0xF8, 0x03, 0xFE, 0x00, 0xFF, 0xFF, 0xFC, 0x00, 0xFF, 0xFF, 0xF8, 0x00, 0xFF, 0xFF, 0xE0, 0x00, 0xFF, 0xFF, 0x00, 0x00, 0xFF, 0xFF, 0x80, 0x00, 0xF8, 0x1F, 0xE0, 0x00, 0xF8, 0x07, 0xE0, 0x00, 0xF8, 0x03, 0xF0, 0x00, 0xF8, 0x01, 0xF8, 0x00, 0xF8, 0x01, 0xF8, 0x00, 0xF8, 0x00, 0xFC, 0x00, 0xF8, 0x00, 0xFC, 0x00, 0xF8, 0x00, 0x7E, 0x00, 0xF8, 0x00, 0x7E, 0x00, 0xF8, 0x00, 0x3F, 0x00, 0xF8, 0x00, 0x3F, 0x00, 0xF8, 0x00, 0x1F, 0x80, 0xF8, 0x00, 0x1F, 0x80, 0xF8, 0x00, 0x0F, 0xC0, 0xF8, 0x00, 0x0F, 0xC0, 0xF8, 0x00, 0x07, 0xE0, 0xF8, 0x00, 0x07, 0xE0, 0xF8, 0x00, 0x07, 0xF0, 

/* Symbol 0x53, offset 7998 */
    28, 60, 17,
    0x00, 0x1F, 0xFC, 0x00, 0x00, 0xFF, 0xFF, 0x80, 0x03, 0xFF, 0xFF, 0x80, 0x07, 0xFF, 0xFF, 0x80, 0x0F, 0xFF, 0xFF, 0x80, 0x1F, 0xF0, 0x03, 0x80, 0x3F, 0x80, 0x00, 0x00, 0x3F, 0x00, 0x00, 0x00, 0x7F, 0x00, 0x00, 0x00, 0x7E, 0x00, 0x00, 0x00, 0x7E, 0x00, 0x00, 0x00, 0x7E, 0x00, 0x00, 0x00, 0x7E, 0x00, 0x00, 0x00, 0x7F, 0x00, 0x00, 0x00, 0x7F, 0x00, 0x00, 0x00, 0x3F, 0xC0, 0x00, 0x00, 0x3F, 0xE0, 0x00, 0x00, 0x1F, 0xF8, 0x00, 0x00, 0x0F, 0xFE, 0x00, 0x00, 0x07, 0xFF, 0xC0, 0x00, 0x03, 0xFF, 0xF0, 0x00, 0x00, 0xFF, 0xFC, 0x00, 0x00, 0x3F, 0xFE, 0x00, 0x00, 0x07, 0xFF, 0x80, 0x00, 0x01, 0xFF, 0xC0, 0x00, 0x00, 0x7F, 0xC0, 0x00, 0x00, 0x1F, 0xE0, 0x00, 0x00, 0x0F, 0xE0, 0x00, 0x00, 0x07, 0xF0, 0x00, 0x00, 0x03, 0xF0, 0x00, 0x00, 0x03, 0xF0, 0x00, 0x00, 0x03, 0xF0, 0x00, 0x00, 0x03, 0xF0, 0x00, 0x00, 0x03, 0xF0, 0x00, 0x00, 0x07, 0xF0, 0x00, 0x00, 0x07, 0xE0, 0x80, 0x00, 0x1F, 0xE0, 0xF8, 0x00, 0x7F, 0xC0, 0xFF, 0xFF, 0xFF, 0x80, 0xFF, 0xFF, 0xFF, 0x00, 0xFF, 0xFF, 0xFE, 0x00, 0x3F, 0xFF, 0xF8, 0x00, 0x03, 0xFF, 0x80, 0x00, 

/* Symbol 0x54, offset 8173 */
    29, 59, 18,
    0xFF, 0xFF, 0xFF, 0xF8, 0xFF, 0xFF, 0xFF, 0xF8, 0xFF, 0xFF, 0xFF, 0xF8, 0xFF, 0xFF, 0xFF, 0xF8, 0xFF, 0xFF, 0xFF, 0xF8, 0x00, 0x0F, 0x80, 0x00, 0x00, 0x0F, 0x80, 0x00, 0x00, 0x0F, 0x80, 0x00, 0x00, 0x0F, 0x80, 0x00, 0x00, 0x0F, 0x80, 0x00, 0x00, 0x0F, 0x80, 0x00, 0x00, 0x0F, 0x80, 0x00, 0x00, 0x0F, 0x80, 0x00, 0x00, 0x0F, 0x80, 0x00, 0x00, 0x0F, 0x80, 0x00, 0x00, 0x0F, 0x80, 0x00, 0x00, 0x0F, 0x80, 0x00, 0x00, 0x0F, 0x80, 0x00, 0x00, 0x0F, 0x80, 0x00, 0x00, 0x0F, 0x80, 0x00, 0x00, 0x0F, 0x80, 0x00, 0x00, 0x0F, 0x80, 0x00, 0x00, 0x0F, 0x80, 0x00, 0x00, 0x0F, 0x80, 0x00, 0x00, 0x0F, 0x80, 0x00, 0x00, 0x0F, 0x80, 0x00, 0x00, 0x0F, 0x80, 0x00, 0x00, 0x0F, 0x80, 0x00, 0x00, 0x0F, 0x80, 0x00, 0x00, 0x0F, 0x80, 0x00, 0x00, 0x0F, 0x80, 0x00, 0x00, 0x0F, 0x80, 0x00, 0x00, 0x0F, 0x80, 0x00, 0x00, 0x0F, 0x80, 0x00, 0x00, 0x0F, 0x80, 0x00, 0x00, 0x0F, 0x80, 0x00, 0x00, 0x0F, 0x80, 0x00, 0x00, 0x0F, 0x80, 0x00, 0x00, 0x0F, 0x80, 0x00, 0x00, 0x0F, 0x80, 0x00, 0x00, 0x0F, 0x80, 0x00, 

/* Symbol 0x55, offset 8340 */
    28, 60, 18,
    0xF8, 0x00, 0x01, 0xF0, 0xF8, 0x00, 0x01, 0xF0, 0xF8, 0x00, 0x01, 0xF0, 0xF8, 0x00, 0x01, 0xF0, 0xF8, 0x00, 0x01, 0xF0, 0xF8, 0x00, 0x01, 0xF0, 0xF8, 0x00, 0x01, 0xF0, 0xF8, 0x00, 0x01, 0xF0, 0xF8, 0x00, 0x01, 0xF0, 0xF8, 0x00, 0x01, 0xF0, 0xF8, 0x00, 0x01, 0xF0, 0xF8, 0x00, 0x01, 0xF0, 0xF8, 0x00, 0x01, 0xF0, 0xF8, 0x00, 0x01, 0xF0, 0xF8, 0x00, 0x01, 0xF0, 0xF8, 0x00, 0x01, 0xF0, 0xF8, 0x00, 0x01, 0xF0, 0xF8, 0x00, 0x01, 0xF0, 0xF8, 0x00, 0x01, 0xF0, 0xF8, 0x00, 0x01, 0xF0, 0xF8, 0x00, 0x01, 0xF0, 0xF8, 0x00, 0x01, 0xF0, 0xF8, 0x00, 0x01, 0xF0, 0xF8, 0x00, 0x01, 0xF0, 0xF8, 0x00, 0x01, 0xF0, 0xF8, 0x00, 0x01, 0xF0, 0xF8, 0x00, 0x01, 0xF0, 0xF8, 0x00, 0x01, 0xF0, 0xF8, 0x00, 0x01, 0xF0, 0xF8, 0x00, 0x01, 0xF0, 0xF8, 0x00, 0x01, 0xF0, 0xF8, 0x00, 0x03, 0xF0, 0xFC, 0x00, 0x03, 0xE0, 0x7C, 0x00, 0x07, 0xE0, 0x7E, 0x00, 0x07, 0xE0, 0x7F, 0x00, 0x0F, 0xC0, 0x3F, 0xC0, 0x3F, 0x80, 0x1F, 0xFF, 0xFF, 0x80, 0x0F, 0xFF, 0xFF, 0x00, 0x07, 0xFF, 0xFE, 0x00, 0x03, 0xFF, 0xF8, 0x00, 0x00, 0x7F, 0xC0, 0x00, 

/* Symbol 0x56, offset 8511 */
    34, 59, 18,
    0xFC, 0x00, 0x00, 0x0F, 0xC0, 0xFC, 0x00, 0x00, 0x0F, 0xC0, 0xFE, 0x00, 0x00, 0x0F, 0xC0, 0x7E, 0x00, 0x00, 0x1F, 0x80, 0x7E, 0x00, 0x00, 0x1F, 0x80, 0x7F, 0x00, 0x00, 0x1F, 0x80, 0x3F, 0x00, 0x00, 0x1F, 0x00, 0x3F, 0x00, 0x00, 0x3F, 0x00, 0x3F, 0x80, 0x00, 0x3F, 0x00, 0x1F, 0x80, 0x00, 0x3E, 0x00, 0x1F, 0x80, 0x00, 0x7E, 0x00, 0x1F, 0xC0, 0x00, 0x7E, 0x00, 0x0F, 0xC0, 0x00, 0x7C, 0x00, 0x0F, 0xC0, 0x00, 0xFC, 0x00, 0x0F, 0xE0, 0x00, 0xFC, 0x00, 0x07, 0xE0, 0x00, 0xF8, 0x00, 0x07, 0xE0, 0x01, 0xF8, 0x00, 0x07, 0xF0, 0x01, 0xF8, 0x00, 0x03, 0xF0, 0x01, 0xF0, 0x00, 0x03, 0xF0, 0x01, 0xF0, 0x00, 0x03, 0xF8, 0x03, 0xF0, 0x00, 0x01, 0xF8, 0x03, 0xE0, 0x00, 0x01, 0xF8, 0x03, 0xE0, 0x00, 0x00, 0xFC, 0x07, 0xE0, 0x00, 0x00, 0xFC, 0x07, 0xC0, 0x00, 0x00, 0xFC, 0x07, 0xC0, 0x00, 0x00, 0x7E, 0x0F, 0xC0, 0x00, 0x00, 0x7E, 0x0F, 0x80, 0x00, 0x00, 0x7E, 0x0F, 0x80, 0x00, 0x00, 0x3F, 0x1F, 0x80, 0x00, 0x00, 0x3F, 0x1F, 0x00, 0x00, 0x00, 0x3F, 0x1F, 0x00, 0x00, 0x00, 0x1F, 0x3F, 0x00, 0x00, 0x00, 0x1F, 0xBE, 0x00, 0x00, 0x00, 0x1F, 0xBE, 0x00, 0x00, 0x00, 0x0F, 0xBE, 0x00, 0x00, 0x00, 0x0F, 0xFC, 0x00, 0x00, 0x00, 0x0F, 0xFC, 0x00, 0x00, 0x00, 0x07, 0xFC, 0x00, 0x00, 0x00, 0x07, 0xF8, 0x00, 0x00, 0x00, 0x07, 0xF8, 0x00, 0x00, 

/* Symbol 0x57, offset 8719 */
    31, 59, 18,
    0xF8, 0x00, 0x00, 0x3E, 0xF8, 0x00, 0x00, 0x3E, 0xF8, 0x00, 0x00, 0x3E, 0xF8, 0x00, 0x00, 0x3E, 0xF8, 0x00, 0x00, 0x3E, 0xF8, 0x00, 0x00, 0x3E, 0xF8, 0x00, 0x00, 0x3E, 0xF8, 0x00, 0x00, 0x3E, 0xF8, 0x00, 0x00, 0x3E, 0xF8, 0x00, 0x00, 0x3E, 0xF8, 0x00, 0x00, 0x3E, 0xF8, 0x00, 0x00, 0x3E, 0xF8, 0x00, 0x00, 0x3E, 0xF8, 0x00, 0x00, 0x3E, 0xF8, 0x03, 0xC0, 0x3E, 0xF8, 0x07, 0xC0, 0x3E, 0x78, 0x07, 0xC0, 0x3C, 0x78, 0x07, 0xE0, 0x3C, 0x7C, 0x0F, 0xE0, 0x3C, 0x7C, 0x0F, 0xE0, 0x3C, 0x7C, 0x0F, 0xF0, 0x3C, 0x7C, 0x1E, 0xF0, 0x3C, 0x7C, 0x1E, 0xF0, 0x3C, 0x7C, 0x1E, 0xF8, 0x3C, 0x7C, 0x3E, 0xF8, 0x3C, 0x7C, 0x3C, 0x7C, 0x7C, 0x7C, 0x3C, 0x7C, 0x7C, 0x7C, 0x7C, 0x7C, 0x7C, 0x7C, 0x78, 0x3E, 0x7C, 0x7C, 0x78, 0x3E, 0x7C, 0x7C, 0xF8, 0x3E, 0x7C, 0x7C, 0xF0, 0x1F, 0x7C, 0x7C, 0xF0, 0x1F, 0x7C, 0x3D, 0xF0, 0x1F, 0x78, 0x3D, 0xE0, 0x0F, 0xF8, 0x3F, 0xE0, 0x0F, 0xF8, 0x3F, 0xE0, 0x0F, 0xF8, 0x3F, 0xC0, 0x07, 0xF8, 0x3F, 0xC0, 0x07, 0xF8, 0x3F, 0xC0, 0x07, 0xF8, 0x3F, 0x80, 0x03, 0xF8, 

/* Symbol 0x58, offset 8886 */
    33, 59, 18,
    0x7F, 0x00, 0x00, 0x7F, 0x00, 0x3F, 0x80, 0x00, 0x7E, 0x00, 0x1F, 0x80, 0x00, 0xFC, 0x00, 0x1F, 0xC0, 0x01, 0xFC, 0x00, 0x0F, 0xC0, 0x01, 0xF8, 0x00, 0x0F, 0xE0, 0x03, 0xF8, 0x00, 0x07, 0xF0, 0x03, 0xF0, 0x00, 0x03, 0xF0, 0x07, 0xE0, 0x00, 0x03, 0xF8, 0x0F, 0xE0, 0x00, 0x01, 0xF8, 0x0F, 0xC0, 0x00, 0x01, 0xFC, 0x1F, 0xC0, 0x00, 0x00, 0xFE, 0x3F, 0x80, 0x00, 0x00, 0x7E, 0x3F, 0x00, 0x00, 0x00, 0x7F, 0x7F, 0x00, 0x00, 0x00, 0x3F, 0xFE, 0x00, 0x00, 0x00, 0x3F, 0xFE, 0x00, 0x00, 0x00, 0x1F, 0xFC, 0x00, 0x00, 0x00, 0x0F, 0xF8, 0x00, 0x00, 0x00, 0x0F, 0xF8, 0x00, 0x00, 0x00, 0x07, 0xF0, 0x00, 0x00, 0x00, 0x07, 0xF0, 0x00, 0x00, 0x00, 0x0F, 0xF8, 0x00, 0x00, 0x00, 0x0F, 0xF8, 0x00, 0x00, 0x00, 0x1F, 0xFC, 0x00, 0x00, 0x00, 0x3F, 0xFE, 0x00, 0x00, 0x00, 0x3F, 0x7E, 0x00, 0x00, 0x00, 0x7F, 0x7F, 0x00, 0x00, 0x00, 0xFE, 0x3F, 0x80, 0x00, 0x00, 0xFE, 0x3F, 0x80, 0x00, 0x01, 0xFC, 0x1F, 0xC0, 0x00, 0x01, 0xF8, 0x0F, 0xC0, 0x00, 0x03, 0xF8, 0x0F, 0xE0, 0x00, 0x07, 0xF0, 0x07, 0xF0, 0x00, 0x07, 0xF0, 0x07, 0xF0, 0x00, 0x0F, 0xE0, 0x03, 0xF8, 0x00, 0x1F, 0xC0, 0x01, 0xFC, 0x00, 0x1F, 0xC0, 0x01, 0xFC, 0x00, 0x3F, 0x80, 0x00, 0xFE, 0x00, 0x3F, 0x00, 0x00, 0xFE, 0x00, 0x7F, 0x00, 0x00, 0x7F, 0x00, 0xFE, 0x00, 0x00, 0x3F, 0x80, 

/* Symbol 0x59, offset 9094 */
    35, 59, 18,
    0xFE, 0x00, 0x00, 0x07, 0xE0, 0x7F, 0x00, 0x00, 0x0F, 0xC0, 0x7F, 0x00, 0x00, 0x0F, 0xC0, 0x3F, 0x80, 0x00, 0x1F, 0x80, 0x1F, 0x80, 0x00, 0x1F, 0x00, 0x1F, 0xC0, 0x00, 0x3F, 0x00, 0x0F, 0xC0, 0x00, 0x7E, 0x00, 0x0F, 0xE0, 0x00, 0x7E, 0x00, 0x07, 0xE0, 0x00, 0xFC, 0x00, 0x07, 0xF0, 0x00, 0xFC, 0x00, 0x03, 0xF8, 0x01, 0xF8, 0x00, 0x01, 0xF8, 0x01, 0xF0, 0x00, 0x01, 0xFC, 0x03, 0xF0, 0x00, 0x00, 0xFC, 0x03, 0xE0, 0x00, 0x00, 0xFE, 0x07, 0xE0, 0x00, 0x00, 0x7E, 0x07, 0xC0, 0x00, 0x00, 0x3F, 0x0F, 0xC0, 0x00, 0x00, 0x3F, 0x1F, 0x80, 0x00, 0x00, 0x1F, 0x9F, 0x00, 0x00, 0x00, 0x1F, 0xBF, 0x00, 0x00, 0x00, 0x0F, 0xFE, 0x00, 0x00, 0x00, 0x0F, 0xFE, 0x00, 0x00, 0x00, 0x07, 0xFC, 0x00, 0x00, 0x00, 0x03, 0xFC, 0x00, 0x00, 0x00, 0x03, 0xF8, 0x00, 0x00, 0x00, 0x01, 0xF0, 0x00, 0x00, 0x00, 0x01, 0xF0, 0x00, 0x00, 0x00, 0x01, 0xF0, 0x00, 0x00, 0x00, 0x01, 0xF0, 0x00, 0x00, 0x00, 0x01, 0xF0, 0x00, 0x00, 0x00, 0x01, 0xF0, 0x00, 0x00, 0x00, 0x01, 0xF0, 0x00, 0x00, 0x00, 0x01, 0xF0, 0x00, 0x00, 0x00, 0x01, 0xF0, 0x00, 0x00, 0x00, 0x01, 0xF0, 0x00, 0x00, 0x00, 0x01, 0xF0, 0x00, 0x00, 0x00, 0x01, 0xF0, 0x00, 0x00, 0x00, 0x01, 0xF0, 0x00, 0x00, 0x00, 0x01, 0xF0, 0x00, 0x00, 0x00, 0x01, 0xF0, 0x00, 0x00, 0x00, 0x01, 0xF0, 0x00, 0x00, 

/* Symbol 0x5A, offset 9302 */
    28, 59, 18,
    0x7F, 0xFF, 0xFF, 0xF0, 0x7F, 0xFF, 0xFF, 0xF0, 0x7F, 0xFF, 0xFF, 0xF0, 0x7F, 0xFF, 0xFF, 0xF0, 0x7F, 0xFF, 0xFF, 0xF0, 0x00, 0x00, 0x07, 0xE0, 0x00, 0x00, 0x0F, 0xC0, 0x00, 0x00, 0x0F, 0xC0, 0x00, 0x00, 0x1F, 0x80, 0x00, 0x00, 0x3F, 0x00, 0x00, 0x00, 0x3F, 0x00, 0x00, 0x00, 0x7E, 0x00, 0x00, 0x00, 0xFC, 0x00, 0x00, 0x00, 0xFC, 0x00, 0x00, 0x01, 0xF8, 0x00, 0x00, 0x03, 0xF0, 0x00, 0x00, 0x03, 0xF0, 0x00, 0x00, 0x07, 0xE0, 0x00, 0x00, 0x0F, 0xC0, 0x00, 0x00, 0x0F, 0xC0, 0x00, 0x00, 0x1F, 0x80, 0x00, 0x00, 0x3F, 0x00, 0x00, 0x00, 0x3F, 0x00, 0x00, 0x00, 0x7E, 0x00, 0x00, 0x00, 0xFC, 0x00, 0x00, 0x00, 0xFC, 0x00, 0x00, 0x01, 0xF8, 0x00, 0x00, 0x01, 0xF8, 0x00, 0x00, 0x03, 0xF0, 0x00, 0x00, 0x07, 0xE0, 0x00, 0x00, 0x07, 0xE0, 0x00, 0x00, 0x0F, 0xC0, 0x00, 0x00, 0x1F, 0x80, 0x00, 0x00, 0x1F, 0x80, 0x00, 0x00, 0x3F, 0x00, 0x00, 0x00, 0x7E, 0x00, 0x00, 0x00, 0x7F, 0xFF, 0xFF, 0xF0, 0xFF, 0xFF, 0xFF, 0xF0, 0xFF, 0xFF, 0xFF, 0xF0, 0xFF, 0xFF, 0xFF, 0xF0, 0xFF, 0xFF, 0xFF, 0xF0, 

/* Symbol 0x5B, offset 9469 */
    15, 72, 14,
    0xFF, 0xFE, 0xFF, 0xFE, 0xFF, 0xFE, 0xFF, 0xFE, 0xFF, 0xFE, 0xF8, 0x00, 0xF8, 0x00, 0xF8, 0x00, 0xF8, 0x00, 0xF8, 0x00, 0xF8, 0x00, 0xF8, 0x00, 0xF8, 0x00, 0xF8, 0x00, 0xF8, 0x00, 0xF8, 0x00, 0xF8, 0x00, 0xF8, 0x00, 0xF8, 0x00, 0xF8, 0x00, 0xF8, 0x00, 0xF8, 0x00, 0xF8, 0x00, 0xF8, 0x00, 0xF8, 0x00, 0xF8, 0x00, 0xF8, 0x00, 0xF8, 0x00, 0xF8, 0x00, 0xF8, 0x00, 0xF8, 0x00, 0xF8, 0x00, 0xF8, 0x00, 0xF8, 0x00, 0xF8, 0x00, 0xF8, 0x00, 0xF8, 0x00, 0xF8, 0x00, 0xF8, 0x00, 0xF8, 0x00, 0xF8, 0x00, 0xF8, 0x00, 0xF8, 0x00, 0xF8, 0x00, 0xF8, 0x00, 0xF8, 0x00, 0xF8, 0x00, 0xF8, 0x00, 0xF8, 0x00, 0xF8, 0x00, 0xF8, 0x00, 0xF8, 0x00, 0xF8, 0x00, 0xFF, 0xFE, 0xFF, 0xFE, 0xFF, 0xFE, 0xFF, 0xFE, 0xFF, 0xFE, 

/* Symbol 0x5C, offset 9588 */
    26, 66, 15,
    0xF8, 0x00, 0x00, 0x00, 0x7C, 0x00, 0x00, 0x00, 0x7C, 0x00, 0x00, 0x00, 0x7E, 0x00, 0x00, 0x00, 0x3E, 0x00, 0x00, 0x00, 0x3E, 0x00, 0x00, 0x00, 0x1F, 0x00, 0x00, 0x00, 0x1F, 0x00, 0x00, 0x00, 0x1F, 0x80, 0x00, 0x00, 0x0F, 0x80, 0x00, 0x00, 0x0F, 0xC0, 0x00, 0x00, 0x07, 0xC0, 0x00, 0x00, 0x07, 0xC0, 0x00, 0x00, 0x03, 0xE0, 0x00, 0x00, 0x03, 0xE0, 0x00, 0x00, 0x03, 0xF0, 0x00, 0x00, 0x01, 0xF0, 0x00, 0x00, 0x01, 0xF0, 0x00, 0x00, 0x00, 0xF8, 0x00, 0x00, 0x00, 0xF8, 0x00, 0x00, 0x00, 0xFC, 0x00, 0x00, 0x00, 0x7C, 0x00, 0x00, 0x00, 0x7C, 0x00, 0x00, 0x00, 0x3E, 0x00, 0x00, 0x00, 0x3E, 0x00, 0x00, 0x00, 0x3F, 0x00, 0x00, 0x00, 0x1F, 0x00, 0x00, 0x00, 0x1F, 0x80, 0x00, 0x00, 0x0F, 0x80, 0x00, 0x00, 0x0F, 0x80, 0x00, 0x00, 0x07, 0xC0, 0x00, 0x00, 0x07, 0xC0, 0x00, 0x00, 0x07, 0xE0, 0x00, 0x00, 0x03, 0xE0, 0x00, 0x00, 0x03, 0xE0, 0x00, 0x00, 0x01, 0xF0, 0x00, 0x00, 0x01, 0xF0, 0x00, 0x00, 0x01, 0xF8, 0x00, 0x00, 0x00, 0xF8, 0x00, 0x00, 0x00, 0xF8, 0x00, 0x00, 0x00, 0x7C, 0x00, 0x00, 0x00, 0x7C, 0x00, 0x00, 0x00, 0x7E, 0x00, 0x00, 0x00, 0x3E, 0x00, 0x00, 0x00, 0x3F, 0x00, 0x00, 0x00, 0x1F, 0x00, 0x00, 0x00, 0x1F, 0x00, 0x00, 0x00, 0x0F, 0x80, 0x00, 0x00, 0x0F, 0x80, 0x00, 0x00, 0x0F, 0xC0, 0x00, 0x00, 0x07, 0xC0, 

/* Symbol 0x5D, offset 9795 */
    15, 72, 14,
    0xFF, 0xFE, 0xFF, 0xFE, 0xFF, 0xFE, 0xFF, 0xFE, 0xFF, 0xFE, 0x00, 0x3E, 0x00, 0x3E, 0x00, 0x3E, 0x00, 0x3E, 0x00, 0x3E, 0x00, 0x3E, 0x00, 0x3E, 0x00, 0x3E, 0x00, 0x3E, 0x00, 0x3E, 0x00, 0x3E, 0x00, 0x3E, 0x00, 0x3E, 0x00, 0x3E, 0x00, 0x3E, 0x00, 0x3E, 0x00, 0x3E, 0x00, 0x3E, 0x00, 0x3E, 0x00, 0x3E, 0x00, 0x3E, 0x00, 0x3E, 0x00, 0x3E, 0x00, 0x3E, 0x00, 0x3E, 0x00, 0x3E, 0x00, 0x3E, 0x00, 0x3E, 0x00, 0x3E, 0x00, 0x3E, 0x00, 0x3E, 0x00, 0x3E, 0x00, 0x3E, 0x00, 0x3E, 0x00, 0x3E, 0x00, 0x3E, 0x00, 0x3E, 0x00, 0x3E, 0x00, 0x3E, 0x00, 0x3E, 0x00, 0x3E, 0x00, 0x3E, 0x00, 0x3E, 0x00, 0x3E, 0x00, 0x3E, 0x00, 0x3E, 0x00, 0x3E, 0x00, 0x3E, 0xFF, 0xFE, 0xFF, 0xFE, 0xFF, 0xFE, 0xFF, 0xFE, 0xFF, 0xFE, 

/* Symbol 0x5E, offset 9914 */
    26, 38, 18,
    0x00, 0x3E, 0x00, 0x00, 0x00, 0x3F, 0x00, 0x00, 0x00, 0x7F, 0x00, 0x00, 0x00, 0x7F, 0x80, 0x00, 0x00, 0xF7, 0x80, 0x00, 0x00, 0xF7, 0xC0, 0x00, 0x01, 0xE3, 0xE0, 0x00, 0x03, 0xE3, 0xE0, 0x00, 0x03, 0xC1, 0xF0, 0x00, 0x07, 0xC1, 0xF0, 0x00, 0x07, 0x80, 0xF8, 0x00, 0x0F, 0x80, 0x7C, 0x00, 0x0F, 0x00, 0x7C, 0x00, 0x1F, 0x00, 0x3E, 0x00, 0x1E, 0x00, 0x3E, 0x00, 0x3E, 0x00, 0x1F, 0x00, 0x7C, 0x00, 0x1F, 0x00, 0x7C, 0x00, 0x0F, 0x80, 0xF8, 0x00, 0x07, 0xC0, 0xF8, 0x00, 0x07, 0xC0, 

/* Symbol 0x5F, offset 9997 */
    35, 72, 67,
    0xFF, 0xFF, 0xFF, 0xFF, 0xE0, 0xFF, 0xFF, 0xFF, 0xFF, 0xE0, 0xFF, 0xFF, 0xFF, 0xFF, 0xE0, 0xFF, 0xFF, 0xFF, 0xFF, 0xE0, 0xFF, 0xFF, 0xFF, 0xFF, 0xE0, 

/* Symbol 0x60, offset 10025 */
    14, 23, 15,
    0xFE, 0x00, 0x7F, 0x00, 0x3F, 0x80, 0x1F, 0xC0, 0x07, 0xE0, 0x03, 0xF0, 0x01, 0xF8, 0x00, 0xFC, 

/* Symbol 0x61, offset 10044 */
    25, 60, 27,
    0x00, 0xFF, 0xC0, 0x00, 0x0F, 0xFF, 0xF0, 0x00, 0x1F, 0xFF, 0xFC, 0x00, 0x1F, 0xFF, 0xFE, 0x00, 0x1F, 0xFF, 0xFF, 0x00, 0x1F, 0x00, 0x7F, 0x00, 0x10, 0x00, 0x3F, 0x00, 0x00, 0x00, 0x1F, 0x80, 0x00, 0x00, 0x0F, 0x80, 0x00, 0x00, 0x0F, 0x80, 0x00, 0x00, 0x0F, 0x80, 0x00, 0x00, 0x0F, 0x80, 0x00, 0x00, 0x0F, 0x80, 0x00, 0x7F, 0xFF, 0x80, 0x03, 0xFF, 0xFF, 0x80, 0x0F, 0xFF, 0xFF, 0x80, 0x1F, 0xFF, 0xFF, 0x80, 0x3F, 0xFF, 0xFF, 0x80, 0x7F, 0xC0, 0x0F, 0x80, 0x7F, 0x00, 0x0F, 0x80, 0xFE, 0x00, 0x0F, 0x80, 0xFC, 0x00, 0x0F, 0x80, 0xFC, 0x00, 0x0F, 0x80, 0xFC, 0x00, 0x0F, 0x80, 0xFC, 0x00, 0x1F, 0x80, 0xFC, 0x00, 0x7F, 0x80, 0xFE, 0x00, 0xFF, 0x80, 0x7F, 0x03, 0xFF, 0x80, 0x7F, 0xFF, 0xFF, 0x80, 0x3F, 0xFF, 0xEF, 0x80, 0x1F, 0xFF, 0xCF, 0x80, 0x0F, 0xFF, 0x07, 0x80, 0x03, 0xF8, 0x00, 0x00, 

/* Symbol 0x62, offset 10179 */
    26, 60, 15,
    0xF8, 0x00, 0x00, 0x00, 0xF8, 0x00, 0x00, 0x00, 0xF8, 0x00, 0x00, 0x00, 0xF8, 0x00, 0x00, 0x00, 0xF8, 0x00, 0x00, 0x00, 0xF8, 0x00, 0x00, 0x00, 0xF8, 0x00, 0x00, 0x00, 0xF8, 0x00, 0x00, 0x00, 0xF8, 0x00, 0x00, 0x00, 0xF8, 0x00, 0x00, 0x00, 0xF8, 0x00, 0x00, 0x00, 0xF8, 0x00, 0x00, 0x00, 0xF8, 0x0F, 0xE0, 0x00, 0xF8, 0x7F, 0xF8, 0x00, 0xF8, 0xFF, 0xFC, 0x00, 0xF9, 0xFF, 0xFE, 0x00, 0xFB, 0xFF, 0xFE, 0x00, 0xFF, 0xF0, 0x7F, 0x00, 0xFF, 0xC0, 0x3F, 0x00, 0xFF, 0x80, 0x1F, 0x80, 0xFF, 0x00, 0x0F, 0x80, 0xFE, 0x00, 0x0F, 0x80, 0xFC, 0x00, 0x0F, 0xC0, 0xF8, 0x00, 0x07, 0xC0, 0xF8, 0x00, 0x07, 0xC0, 0xF8, 0x00, 0x07, 0xC0, 0xF8, 0x00, 0x07, 0xC0, 0xF8, 0x00, 0x07, 0xC0, 0xF8, 0x00, 0x07, 0xC0, 0xF8, 0x00, 0x07, 0xC0, 0xF8, 0x00, 0x07, 0xC0, 0xF8, 0x00, 0x07, 0xC0, 0xF8, 0x00, 0x07, 0xC0, 0xF8, 0x00, 0x0F, 0x80, 0xF8, 0x00, 0x0F, 0x80, 0xF8, 0x00, 0x0F, 0x80, 0xF8, 0x00, 0x1F, 0x00, 0xF8, 0x00, 0x3F, 0x00, 0xF8, 0x00, 0x7E, 0x00, 0xFF, 0x01, 0xFE, 0x00, 0xFF, 0xFF, 0xFC, 0x00, 0xFF, 0xFF, 0xF8, 0x00, 0xFF, 0xFF, 0xF0, 0x00, 0x3F, 0xFF, 0xC0, 0x00, 0x03, 0xFE, 0x00, 0x00, 

/* Symbol 0x63, offset 10362 */
    24, 60, 27,
    0x00, 0x1F, 0xF0, 0x00, 0x7F, 0xFE, 0x01, 0xFF, 0xFF, 0x07, 0xFF, 0xFF, 0x0F, 0xFF, 0xFF, 0x0F, 0xF0, 0x0F, 0x1F, 0xC0, 0x01, 0x3F, 0x80, 0x00, 0x3F, 0x00, 0x00, 0x7E, 0x00, 0x00, 0x7C, 0x00, 0x00, 0x7C, 0x00, 0x00, 0xFC, 0x00, 0x00, 0xF8, 0x00, 0x00, 0xF8, 0x00, 0x00, 0xF8, 0x00, 0x00, 0xF8, 0x00, 0x00, 0xF8, 0x00, 0x00, 0xF8, 0x00, 0x00, 0xF8, 0x00, 0x00, 0xF8, 0x00, 0x00, 0xFC, 0x00, 0x00, 0x7C, 0x00, 0x00, 0x7E, 0x00, 0x00, 0x7E, 0x00, 0x00, 0x3F, 0x00, 0x00, 0x3F, 0x80, 0x01, 0x1F, 0xF0, 0x0F, 0x0F, 0xFF, 0xFF, 0x07, 0xFF, 0xFF, 0x03, 0xFF, 0xFF, 0x00, 0xFF, 0xFE, 0x00, 0x1F, 0xF0, 

/* Symbol 0x64, offset 10464 */
    26, 60, 15,
    0x00, 0x00, 0x07, 0xC0, 0x00, 0x00, 0x07, 0xC0, 0x00, 0x00, 0x07, 0xC0, 0x00, 0x00, 0x07, 0xC0, 0x00, 0x00, 0x07, 0xC0, 0x00, 0x00, 0x07, 0xC0, 0x00, 0x00, 0x07, 0xC0, 0x00, 0x00, 0x07, 0xC0, 0x00, 0x00, 0x07, 0xC0, 0x00, 0x00, 0x07, 0xC0, 0x00, 0x00, 0x07, 0xC0, 0x00, 0x00, 0x07, 0xC0, 0x00, 0x1F, 0xF7, 0xC0, 0x00, 0xFF, 0xFF, 0xC0, 0x03, 0xFF, 0xFF, 0xC0, 0x07, 0xFF, 0xFF, 0xC0, 0x0F, 0xFF, 0xFF, 0xC0, 0x1F, 0xE0, 0x1F, 0xC0, 0x1F, 0x80, 0x07, 0xC0, 0x3F, 0x00, 0x07, 0xC0, 0x3E, 0x00, 0x07, 0xC0, 0x7C, 0x00, 0x07, 0xC0, 0x7C, 0x00, 0x07, 0xC0, 0x7C, 0x00, 0x07, 0xC0, 0xF8, 0x00, 0x07, 0xC0, 0xF8, 0x00, 0x07, 0xC0, 0xF8, 0x00, 0x07, 0xC0, 0xF8, 0x00, 0x07, 0xC0, 0xF8, 0x00, 0x07, 0xC0, 0xF8, 0x00, 0x07, 0xC0, 0xF8, 0x00, 0x07, 0xC0, 0xF8, 0x00, 0x07, 0xC0, 0xF8, 0x00, 0x07, 0xC0, 0xF8, 0x00, 0x0F, 0xC0, 0xFC, 0x00, 0x0F, 0xC0, 0x7C, 0x00, 0x1F, 0xC0, 0x7C, 0x00, 0x3F, 0xC0, 0x7E, 0x00, 0x7F, 0xC0, 0x3F, 0x00, 0xFF, 0xC0, 0x3F, 0x83, 0xFF, 0xC0, 0x1F, 0xFF, 0xF7, 0xC0, 0x1F, 0xFF, 0xE7, 0xC0, 0x0F, 0xFF, 0xC7, 0xC0, 0x03, 0xFF, 0x03, 0xC0, 0x00, 0xFC, 0x00, 0x00, 

/* Symbol 0x65, offset 10647 */
    27, 60, 27,
    0x00, 0x3F, 0xC0, 0x00, 0x00, 0xFF, 0xF0, 0x00, 0x03, 0xFF, 0xFC, 0x00, 0x07, 0xFF, 0xFE, 0x00, 0x0F, 0xFF, 0xFF, 0x00, 0x1F, 0xC0, 0x7F, 0x80, 0x1F, 0x00, 0x1F, 0x80, 0x3E, 0x00, 0x0F, 0xC0, 0x3E, 0x00, 0x07, 0xC0, 0x7C, 0x00, 0x07, 0xC0, 0x7C, 0x00, 0x03, 0xE0, 0x78, 0x00, 0x03, 0xE0, 0xF8, 0x00, 0x03, 0xE0, 0xFF, 0xFF, 0xFF, 0xE0, 0xFF, 0xFF, 0xFF, 0xE0, 0xFF, 0xFF, 0xFF, 0xE0, 0xFF, 0xFF, 0xFF, 0xE0, 0xFF, 0xFF, 0xFF, 0xE0, 0xF8, 0x00, 0x00, 0x00, 0xF8, 0x00, 0x00, 0x00, 0xF8, 0x00, 0x00, 0x00, 0xF8, 0x00, 0x00, 0x00, 0x7C, 0x00, 0x00, 0x00, 0x7C, 0x00, 0x00, 0x00, 0x7E, 0x00, 0x00, 0x00, 0x3F, 0x00, 0x00, 0x00, 0x3F, 0x80, 0x00, 0x00, 0x1F, 0xE0, 0x03, 0x80, 0x1F, 0xFF, 0xFF, 0x80, 0x0F, 0xFF, 0xFF, 0x80, 0x07, 0xFF, 0xFF, 0x80, 0x01, 0xFF, 0xFF, 0x80, 0x00, 0x3F, 0xFC, 0x00, 

/* Symbol 0x66, offset 10782 */
    30, 59, 14,
    0x00, 0x00, 0x3F, 0xF0, 0x00, 0x01, 0xFF, 0xFC, 0x00, 0x03, 0xFF, 0xFC, 0x00, 0x07, 0xFF, 0xFC, 0x00, 0x0F, 0xFF, 0xFC, 0x00, 0x1F, 0xE0, 0x0C, 0x00, 0x1F, 0x80, 0x00, 0x00, 0x1F, 0x00, 0x00, 0x00, 0x3F, 0x00, 0x00, 0x00, 0x3E, 0x00, 0x00, 0x00, 0x3E, 0x00, 0x00, 0x00, 0x3E, 0x00, 0x00, 0x00, 0x3E, 0x00, 0x00, 0x00, 0x3E, 0x00, 0x00, 0x00, 0x3E, 0x00, 0x00, 0x00, 0x3E, 0x00, 0x00, 0x00, 0x3E, 0x00, 0x00, 0xFF, 0xFF, 0xFF, 0xF8, 0xFF, 0xFF, 0xFF, 0xF8, 0xFF, 0xFF, 0xFF, 0xF8, 0xFF, 0xFF, 0xFF, 0xF8, 0xFF, 0xFF, 0xFF, 0xF8, 0x00, 0x3E, 0x00, 0x00, 0x00, 0x3E, 0x00, 0x00, 0x00, 0x3E, 0x00, 0x00, 0x00, 0x3E, 0x00, 0x00, 0x00, 0x3E, 0x00, 0x00, 0x00, 0x3E, 0x00, 0x00, 0x00, 0x3E, 0x00, 0x00, 0x00, 0x3E, 0x00, 0x00, 0x00, 0x3E, 0x00, 0x00, 0x00, 0x3E, 0x00, 0x00, 0x00, 0x3E, 0x00, 0x00, 0x00, 0x3E, 0x00, 0x00, 0x00, 0x3E, 0x00, 0x00, 0x00, 0x3E, 0x00, 0x00, 0x00, 0x3E, 0x00, 0x00, 0x00, 0x3E, 0x00, 0x00, 0x00, 0x3E, 0x00, 0x00, 0x00, 0x3E, 0x00, 0x00, 0x00, 0x3E, 0x00, 0x00, 0x00, 0x3E, 0x00, 0x00, 0x00, 0x3E, 0x00, 0x00, 0x00, 0x3E, 0x00, 0x00, 0x00, 0x3E, 0x00, 0x00, 

/* Symbol 0x67, offset 10965 */
    30, 73, 27,
    0x00, 0x3F, 0x80, 0x00, 0x00, 0xFF, 0xFF, 0xF8, 0x03, 0xFF, 0xFF, 0xF8, 0x07, 0xFF, 0xFF, 0xF8, 0x0F, 0xFF, 0xFF, 0xF8, 0x1F, 0xE0, 0x7F, 0xF8, 0x1F, 0x80, 0x1F, 0x80, 0x1F, 0x00, 0x0F, 0x80, 0x3F, 0x00, 0x0F, 0xC0, 0x3E, 0x00, 0x07, 0xC0, 0x3E, 0x00, 0x07, 0xC0, 0x3E, 0x00, 0x07, 0xC0, 0x3E, 0x00, 0x07, 0xC0, 0x3F, 0x00, 0x0F, 0xC0, 0x3F, 0x00, 0x0F, 0x80, 0x1F, 0x80, 0x1F, 0x80, 0x1F, 0xE0, 0x7F, 0x80, 0x0F, 0xFF, 0xFF, 0x00, 0x0F, 0xFF, 0xFE, 0x00, 0x1F, 0xFF, 0xFC, 0x00, 0x3F, 0xFF, 0xF0, 0x00, 0x3E, 0x3F, 0xC0, 0x00, 0x7C, 0x00, 0x00, 0x00, 0x7C, 0x00, 0x00, 0x00, 0x7C, 0x00, 0x00, 0x00, 0x7E, 0x00, 0x00, 0x00, 0x7F, 0x80, 0x00, 0x00, 0x3F, 0xFF, 0xFE, 0x00, 0x3F, 0xFF, 0xFF, 0xC0, 0x1F, 0xFF, 0xFF, 0xE0, 0x0F, 0xFF, 0xFF, 0xF0, 0x1F, 0xFF, 0xFF, 0xF8, 0x3F, 0x00, 0x03, 0xFC, 0x7E, 0x00, 0x01, 0xFC, 0x7E, 0x00, 0x00, 0xFC, 0xFC, 0x00, 0x00, 0xFC, 0xFC, 0x00, 0x00, 0xFC, 0xFC, 0x00, 0x00, 0xFC, 0xFC, 0x00, 0x01, 0xF8, 0xFE, 0x00, 0x03, 0xF8, 0x7F, 0xC0, 0x1F, 0xF0, 0x7F, 0xFF, 0xFF, 0xF0, 0x3F, 0xFF, 0xFF, 0xE0, 0x1F, 0xFF, 0xFF, 0x80, 0x07, 0xFF, 0xFE, 0x00, 0x00, 0xFF, 0xF0, 0x00, 

/* Symbol 0x68, offset 11152 */
    25, 59, 15,
    0xF8, 0x00, 0x00, 0x00, 0xF8, 0x00, 0x00, 0x00, 0xF8, 0x00, 0x00, 0x00, 0xF8, 0x00, 0x00, 0x00, 0xF8, 0x00, 0x00, 0x00, 0xF8, 0x00, 0x00, 0x00, 0xF8, 0x00, 0x00, 0x00, 0xF8, 0x00, 0x00, 0x00, 0xF8, 0x00, 0x00, 0x00, 0xF8, 0x00, 0x00, 0x00, 0xF8, 0x00, 0x00, 0x00, 0xF8, 0x00, 0x00, 0x00, 0xF8, 0x0F, 0xE0, 0x00, 0xF8, 0x7F, 0xF8, 0x00, 0xF8, 0xFF, 0xFC, 0x00, 0xF9, 0xFF, 0xFE, 0x00, 0xFB, 0xFF, 0xFF, 0x00, 0xFF, 0xF0, 0x7F, 0x00, 0xFF, 0xC0, 0x3F, 0x00, 0xFF, 0x80, 0x1F, 0x80, 0xFF, 0x00, 0x1F, 0x80, 0xFE, 0x00, 0x0F, 0x80, 0xFC, 0x00, 0x0F, 0x80, 0xF8, 0x00, 0x0F, 0x80, 0xF8, 0x00, 0x0F, 0x80, 0xF8, 0x00, 0x0F, 0x80, 0xF8, 0x00, 0x0F, 0x80, 0xF8, 0x00, 0x0F, 0x80, 0xF8, 0x00, 0x0F, 0x80, 0xF8, 0x00, 0x0F, 0x80, 0xF8, 0x00, 0x0F, 0x80, 0xF8, 0x00, 0x0F, 0x80, 0xF8, 0x00, 0x0F, 0x80, 0xF8, 0x00, 0x0F, 0x80, 0xF8, 0x00, 0x0F, 0x80, 0xF8, 0x00, 0x0F, 0x80, 0xF8, 0x00, 0x0F, 0x80, 0xF8, 0x00, 0x0F, 0x80, 0xF8, 0x00, 0x0F, 0x80, 0xF8, 0x00, 0x0F, 0x80, 0xF8, 0x00, 0x0F, 0x80, 0xF8, 0x00, 0x0F, 0x80, 0xF8, 0x00, 0x0F, 0x80, 0xF8, 0x00, 0x0F, 0x80, 

/* Symbol 0x69, offset 11331 */
    25, 59, 14,
    0x00, 0x3E, 0x00, 0x00, 0x00, 0x7F, 0x00, 0x00, 0x00, 0xFF, 0x80, 0x00, 0x00, 0xFF, 0x80, 0x00, 0x00, 0xFF, 0x80, 0x00, 0x00, 0xFF, 0x80, 0x00, 0x00, 0xFF, 0x80, 0x00, 0x00, 0x7F, 0x00, 0x00, 0x00, 0x3E, 0x00, 0x00, 0x00, 0x00, 0x00, 0x00, 0x00, 0x00, 0x00, 0x00, 0x00, 0x00, 0x00, 0x00, 0x00, 0x00, 0x00, 0x00, 0x00, 0x00, 0x00, 0x00, 0x7F, 0xFE, 0x00, 0x00, 0x7F, 0xFE, 0x00, 0x00, 0x7F, 0xFE, 0x00, 0x00, 0x7F, 0xFE, 0x00, 0x00, 0x7F, 0xFE, 0x00, 0x00, 0x00, 0x3E, 0x00, 0x00, 0x00, 0x3E, 0x00, 0x00, 0x00, 0x3E, 0x00, 0x00, 0x00, 0x3E, 0x00, 0x00, 0x00, 0x3E, 0x00, 0x00, 0x00, 0x3E, 0x00, 0x00, 0x00, 0x3E, 0x00, 0x00, 0x00, 0x3E, 0x00, 0x00, 0x00, 0x3E, 0x00, 0x00, 0x00, 0x3E, 0x00, 0x00, 0x00, 0x3E, 0x00, 0x00, 0x00, 0x3E, 0x00, 0x00, 0x00, 0x3E, 0x00, 0x00, 0x00, 0x3E, 0x00, 0x00, 0x00, 0x3E, 0x00, 0x00, 0x00, 0x3E, 0x00, 0x00, 0x00, 0x3E, 0x00, 0x00, 0x00, 0x3E, 0x00, 0x00, 0x00, 0x3E, 0x00, 0x00, 0x00, 0x3E, 0x00, 0x00, 0x00, 0x3E, 0x00, 0x00, 0xFF, 0xFF, 0xFF, 0x80, 0xFF, 0xFF, 0xFF, 0x80, 0xFF, 0xFF, 0xFF, 0x80, 0xFF, 0xFF, 0xFF, 0x80, 0xFF, 0xFF, 0xFF, 0x80, 

/* Symbol 0x6A, offset 11514 */
    23, 73, 14,
    0x00, 0x00, 0xF8, 0x00, 0x01, 0xFC, 0x00, 0x03, 0xFE, 0x00, 0x03, 0xFE, 0x00, 0x03, 0xFE, 0x00, 0x03, 0xFE, 0x00, 0x03, 0xFE, 0x00, 0x01, 0xFC, 0x00, 0x00, 0xF8, 0x00, 0x00, 0x00, 0x00, 0x00, 0x00, 0x00, 0x00, 0x00, 0x00, 0x00, 0x00, 0x00, 0x00, 0x00, 0x7F, 0xFF, 0xFC, 0x7F, 0xFF, 0xFC, 0x7F, 0xFF, 0xFC, 0x7F, 0xFF, 0xFC, 0x7F, 0xFF, 0xFC, 0x00, 0x00, 0x7C, 0x00, 0x00, 0x7C, 0x00, 0x00, 0x7C, 0x00, 0x00, 0x7C, 0x00, 0x00, 0x7C, 0x00, 0x00, 0x7C, 0x00, 0x00, 0x7C, 0x00, 0x00, 0x7C, 0x00, 0x00, 0x7C, 0x00, 0x00, 0x7C, 0x00, 0x00, 0x7C, 0x00, 0x00, 0x7C, 0x00, 0x00, 0x7C, 0x00, 0x00, 0x7C, 0x00, 0x00, 0x7C, 0x00, 0x00, 0x7C, 0x00, 0x00, 0x7C, 0x00, 0x00, 0x7C, 0x00, 0x00, 0x7C, 0x00, 0x00, 0x7C, 0x00, 0x00, 0x7C, 0x00, 0x00, 0x7C, 0x00, 0x00, 0x7C, 0x00, 0x00, 0x7C, 0x00, 0x00, 0x7C, 0x00, 0x00, 0x7C, 0x00, 0x00, 0x7C, 0x00, 0x00, 0x7C, 0x00, 0x00, 0x7C, 0x00, 0x00, 0x7C, 0x00, 0x00, 0xFC, 0x00, 0x00, 0xF8, 0x00, 0x01, 0xF8, 0x80, 0x03, 0xF0, 0xF8, 0x0F, 0xF0, 0xFF, 0xFF, 0xE0, 0xFF, 0xFF, 0xC0, 0xFF, 0xFF, 0x80, 0x7F, 0xFE, 0x00, 0x0F, 0xF8, 0x00, 

/* Symbol 0x6B, offset 11694 */
    27, 59, 15,
    0xF8, 0x00, 0x00, 0x00, 0xF8, 0x00, 0x00, 0x00, 0xF8, 0x00, 0x00, 0x00, 0xF8, 0x00, 0x00, 0x00, 0xF8, 0x00, 0x00, 0x00, 0xF8, 0x00, 0x00, 0x00, 0xF8, 0x00, 0x00, 0x00, 0xF8, 0x00, 0x00, 0x00, 0xF8, 0x00, 0x00, 0x00, 0xF8, 0x00, 0x00, 0x00, 0xF8, 0x00, 0x00, 0x00, 0xF8, 0x00, 0x00, 0x00, 0xF8, 0x00, 0x00, 0x00, 0xF8, 0x00, 0x1F, 0xC0, 0xF8, 0x00, 0x3F, 0x80, 0xF8, 0x00, 0x7F, 0x00, 0xF8, 0x00, 0xFE, 0x00, 0xF8, 0x01, 0xFC, 0x00, 0xF8, 0x03, 0xF8, 0x00, 0xF8, 0x07, 0xF0, 0x00, 0xF8, 0x0F, 0xE0, 0x00, 0xF8, 0x1F, 0xC0, 0x00, 0xF8, 0x3F, 0x80, 0x00, 0xF8, 0x7F, 0x00, 0x00, 0xF8, 0xFE, 0x00, 0x00, 0xF9, 0xFC, 0x00, 0x00, 0xFB, 0xF8, 0x00, 0x00, 0xFF, 0xF0, 0x00, 0x00, 0xFB, 0xF8, 0x00, 0x00, 0xF9, 0xFC, 0x00, 0x00, 0xF8, 0xFE, 0x00, 0x00, 0xF8, 0x7F, 0x00, 0x00, 0xF8, 0x3F, 0x80, 0x00, 0xF8, 0x1F, 0xC0, 0x00, 0xF8, 0x1F, 0xE0, 0x00, 0xF8, 0x0F, 0xE0, 0x00, 0xF8, 0x07, 0xF0, 0x00, 0xF8, 0x03, 0xF8, 0x00, 0xF8, 0x01, 0xFC, 0x00, 0xF8, 0x00, 0xFE, 0x00, 0xF8, 0x00, 0x7F, 0x00, 0xF8, 0x00, 0x3F, 0x80, 0xF8, 0x00, 0x1F, 0xC0, 0xF8, 0x00, 0x0F, 0xE0, 

/* Symbol 0x6C, offset 11873 */
    25, 59, 15,
    0x7F, 0xFE, 0x00, 0x00, 0x7F, 0xFE, 0x00, 0x00, 0x7F, 0xFE, 0x00, 0x00, 0x7F, 0xFE, 0x00, 0x00, 0x7F, 0xFE, 0x00, 0x00, 0x00, 0x3E, 0x00, 0x00, 0x00, 0x3E, 0x00, 0x00, 0x00, 0x3E, 0x00, 0x00, 0x00, 0x3E, 0x00, 0x00, 0x00, 0x3E, 0x00, 0x00, 0x00, 0x3E, 0x00, 0x00, 0x00, 0x3E, 0x00, 0x00, 0x00, 0x3E, 0x00, 0x00, 0x00, 0x3E, 0x00, 0x00, 0x00, 0x3E, 0x00, 0x00, 0x00, 0x3E, 0x00, 0x00, 0x00, 0x3E, 0x00, 0x00, 0x00, 0x3E, 0x00, 0x00, 0x00, 0x3E, 0x00, 0x00, 0x00, 0x3E, 0x00, 0x00, 0x00, 0x3E, 0x00, 0x00, 0x00, 0x3E, 0x00, 0x00, 0x00, 0x3E, 0x00, 0x00, 0x00, 0x3E, 0x00, 0x00, 0x00, 0x3E, 0x00, 0x00, 0x00, 0x3E, 0x00, 0x00, 0x00, 0x3E, 0x00, 0x00, 0x00, 0x3E, 0x00, 0x00, 0x00, 0x3E, 0x00, 0x00, 0x00, 0x3E, 0x00, 0x00, 0x00, 0x3E, 0x00, 0x00, 0x00, 0x3E, 0x00, 0x00, 0x00, 0x3E, 0x00, 0x00, 0x00, 0x3E, 0x00, 0x00, 0x00, 0x3E, 0x00, 0x00, 0x00, 0x3E, 0x00, 0x00, 0x00, 0x3E, 0x00, 0x00, 0x00, 0x3E, 0x00, 0x00, 0x00, 0x3E, 0x00, 0x00, 0xFF, 0xFF, 0xFF, 0x80, 0xFF, 0xFF, 0xFF, 0x80, 0xFF, 0xFF, 0xFF, 0x80, 0xFF, 0xFF, 0xFF, 0x80, 0xFF, 0xFF, 0xFF, 0x80, 

/* Symbol 0x6D, offset 12052 */
    29, 59, 27,
    0x00, 0x7C, 0x07, 0xC0, 0xF0, 0xFE, 0x0F, 0xE0, 0xF1, 0xFE, 0x1F, 0xF0, 0xF3, 0xFF, 0x3F, 0xF0, 0xF3, 0xFF, 0x7F, 0xF0, 0xF7, 0x9F, 0x79, 0xF8, 0xF7, 0x0F, 0x70, 0xF8, 0xFE, 0x0F, 0xE0, 0xF8, 0xFE, 0x0F, 0xE0, 0xF8, 0xFC, 0x0F, 0xC0, 0xF8, 0xFC, 0x0F, 0xC0, 0xF8, 0xF8, 0x0F, 0x80, 0xF8, 0xF8, 0x0F, 0x80, 0xF8, 0xF8, 0x0F, 0x80, 0xF8, 0xF8, 0x0F, 0x80, 0xF8, 0xF8, 0x0F, 0x80, 0xF8, 0xF8, 0x0F, 0x80, 0xF8, 0xF8, 0x0F, 0x80, 0xF8, 0xF8, 0x0F, 0x80, 0xF8, 0xF8, 0x0F, 0x80, 0xF8, 0xF8, 0x0F, 0x80, 0xF8, 0xF8, 0x0F, 0x80, 0xF8, 0xF8, 0x0F, 0x80, 0xF8, 0xF8, 0x0F, 0x80, 0xF8, 0xF8, 0x0F, 0x80, 0xF8, 0xF8, 0x0F, 0x80, 0xF8, 0xF8, 0x0F, 0x80, 0xF8, 0xF8, 0x0F, 0x80, 0xF8, 0xF8, 0x0F, 0x80, 0xF8, 0xF8, 0x0F, 0x80, 0xF8, 0xF8, 0x0F, 0x80, 0xF8, 0xF8, 0x0F, 0x80, 0xF8, 

/* Symbol 0x6E, offset 12183 */
    25, 59, 27,
    0x00, 0x0F, 0xE0, 0x00, 0xF0, 0x7F, 0xF8, 0x00, 0xF8, 0xFF, 0xFC, 0x00, 0xF9, 0xFF, 0xFE, 0x00, 0xFB, 0xFF, 0xFF, 0x00, 0xFF, 0xF0, 0x7F, 0x00, 0xFF, 0xC0, 0x3F, 0x00, 0xFF, 0x80, 0x1F, 0x80, 0xFF, 0x00, 0x1F, 0x80, 0xFE, 0x00, 0x0F, 0x80, 0xFC, 0x00, 0x0F, 0x80, 0xF8, 0x00, 0x0F, 0x80, 0xF8, 0x00, 0x0F, 0x80, 0xF8, 0x00, 0x0F, 0x80, 0xF8, 0x00, 0x0F, 0x80, 0xF8, 0x00, 0x0F, 0x80, 0xF8, 0x00, 0x0F, 0x80, 0xF8, 0x00, 0x0F, 0x80, 0xF8, 0x00, 0x0F, 0x80, 0xF8, 0x00, 0x0F, 0x80, 0xF8, 0x00, 0x0F, 0x80, 0xF8, 0x00, 0x0F, 0x80, 0xF8, 0x00, 0x0F, 0x80, 0xF8, 0x00, 0x0F, 0x80, 0xF8, 0x00, 0x0F, 0x80, 0xF8, 0x00, 0x0F, 0x80, 0xF8, 0x00, 0x0F, 0x80, 0xF8, 0x00, 0x0F, 0x80, 0xF8, 0x00, 0x0F, 0x80, 0xF8, 0x00, 0x0F, 0x80, 0xF8, 0x00, 0x0F, 0x80, 0xF8, 0x00, 0x0F, 0x80, 

/* Symbol 0x6F, offset 12314 */
    29, 60, 27,
    0x00, 0x1F, 0xE0, 0x00, 0x00, 0xFF, 0xFC, 0x00, 0x03, 0xFF, 0xFE, 0x00, 0x07, 0xFF, 0xFF, 0x80, 0x0F, 0xFF, 0xFF, 0xC0, 0x1F, 0xE0, 0x3F, 0xC0, 0x1F, 0x80, 0x0F, 0xE0, 0x3F, 0x00, 0x07, 0xE0, 0x3E, 0x00, 0x03, 0xF0, 0x7E, 0x00, 0x01, 0xF0, 0x7C, 0x00, 0x01, 0xF0, 0x7C, 0x00, 0x01, 0xF8, 0xF8, 0x00, 0x00, 0xF8, 0xF8, 0x00, 0x00, 0xF8, 0xF8, 0x00, 0x00, 0xF8, 0xF8, 0x00, 0x00, 0xF8, 0xF8, 0x00, 0x00, 0xF8, 0xF8, 0x00, 0x00, 0xF8, 0xF8, 0x00, 0x00, 0xF8, 0xF8, 0x00, 0x00, 0xF8, 0xF8, 0x00, 0x00, 0xF8, 0xFC, 0x00, 0x01, 0xF0, 0x7C, 0x00, 0x01, 0xF0, 0x7C, 0x00, 0x03, 0xF0, 0x7E, 0x00, 0x03, 0xE0, 0x3F, 0x00, 0x07, 0xE0, 0x3F, 0x80, 0x0F, 0xC0, 0x1F, 0xE0, 0x3F, 0xC0, 0x0F, 0xFF, 0xFF, 0x80, 0x0F, 0xFF, 0xFF, 0x00, 0x03, 0xFF, 0xFE, 0x00, 0x01, 0xFF, 0xF8, 0x00, 0x00, 0x3F, 0xC0, 0x00, 

/* Symbol 0x70, offset 12449 */
    26, 72, 27,
    0x00, 0x0F, 0xE0, 0x00, 0xF0, 0x7F, 0xF8, 0x00, 0xF8, 0xFF, 0xFC, 0x00, 0xF9, 0xFF, 0xFE, 0x00, 0xFB, 0xFF, 0xFE, 0x00, 0xFF, 0xF0, 0x7F, 0x00, 0xFF, 0xC0, 0x3F, 0x00, 0xFF, 0x80, 0x1F, 0x80, 0xFF, 0x00, 0x0F, 0x80, 0xFE, 0x00, 0x0F, 0x80, 0xFC, 0x00, 0x0F, 0xC0, 0xF8, 0x00, 0x07, 0xC0, 0xF8, 0x00, 0x07, 0xC0, 0xF8, 0x00, 0x07, 0xC0, 0xF8, 0x00, 0x07, 0xC0, 0xF8, 0x00, 0x07, 0xC0, 0xF8, 0x00, 0x07, 0xC0, 0xF8, 0x00, 0x07, 0xC0, 0xF8, 0x00, 0x07, 0xC0, 0xF8, 0x00, 0x07, 0xC0, 0xF8, 0x00, 0x07, 0xC0, 0xF8, 0x00, 0x0F, 0x80, 0xF8, 0x00, 0x0F, 0x80, 0xF8, 0x00, 0x0F, 0x80, 0xF8, 0x00, 0x1F, 0x00, 0xF8, 0x00, 0x3F, 0x00, 0xF8, 0x00, 0x7E, 0x00, 0xFF, 0x01, 0xFE, 0x00, 0xFF, 0xFF, 0xFC, 0x00, 0xFF, 0xFF, 0xF8, 0x00, 0xFF, 0xFF, 0xF0, 0x00, 0xFF, 0xFF, 0xC0, 0x00, 0xF9, 0xFE, 0x00, 0x00, 0xF8, 0x00, 0x00, 0x00, 0xF8, 0x00, 0x00, 0x00, 0xF8, 0x00, 0x00, 0x00, 0xF8, 0x00, 0x00, 0x00, 0xF8, 0x00, 0x00, 0x00, 0xF8, 0x00, 0x00, 0x00, 0xF8, 0x00, 0x00, 0x00, 0xF8, 0x00, 0x00, 0x00, 0xF8, 0x00, 0x00, 0x00, 0xF8, 0x00, 0x00, 0x00, 0xF8, 0x00, 0x00, 0x00, 0xF8, 0x00, 0x00, 0x00, 

/* Symbol 0x71, offset 12632 */
    26, 72, 27,
    0x00, 0x1F, 0xF0, 0xC0, 0x00, 0xFF, 0xFF, 0xC0, 0x03, 0xFF, 0xFF, 0xC0, 0x07, 0xFF, 0xFF, 0xC0, 0x0F, 0xFF, 0xFF, 0xC0, 0x1F, 0xE0, 0x1F, 0xC0, 0x1F, 0x80, 0x07, 0xC0, 0x3F, 0x00, 0x07, 0xC0, 0x3E, 0x00, 0x07, 0xC0, 0x7C, 0x00, 0x07, 0xC0, 0x7C, 0x00, 0x07, 0xC0, 0x7C, 0x00, 0x07, 0xC0, 0xF8, 0x00, 0x07, 0xC0, 0xF8, 0x00, 0x07, 0xC0, 0xF8, 0x00, 0x07, 0xC0, 0xF8, 0x00, 0x07, 0xC0, 0xF8, 0x00, 0x07, 0xC0, 0xF8, 0x00, 0x07, 0xC0, 0xF8, 0x00, 0x07, 0xC0, 0xF8, 0x00, 0x07, 0xC0, 0xF8, 0x00, 0x07, 0xC0, 0xF8, 0x00, 0x0F, 0xC0, 0xFC, 0x00, 0x0F, 0xC0, 0x7C, 0x00, 0x1F, 0xC0, 0x7C, 0x00, 0x3F, 0xC0, 0x7E, 0x00, 0x7F, 0xC0, 0x3F, 0x00, 0xFF, 0xC0, 0x3F, 0x83, 0xF7, 0xC0, 0x1F, 0xFF, 0xF7, 0xC0, 0x1F, 0xFF, 0xE7, 0xC0, 0x0F, 0xFF, 0xC7, 0xC0, 0x07, 0xFF, 0x07, 0xC0, 0x00, 0xFC, 0x07, 0xC0, 0x00, 0x00, 0x07, 0xC0, 0x00, 0x00, 0x07, 0xC0, 0x00, 0x00, 0x07, 0xC0, 0x00, 0x00, 0x07, 0xC0, 0x00, 0x00, 0x07, 0xC0, 0x00, 0x00, 0x07, 0xC0, 0x00, 0x00, 0x07, 0xC0, 0x00, 0x00, 0x07, 0xC0, 0x00, 0x00, 0x07, 0xC0, 0x00, 0x00, 0x07, 0xC0, 0x00, 0x00, 0x07, 0xC0, 0x00, 0x00, 0x07, 0xC0, 

/* Symbol 0x72, offset 12815 */
    25, 59, 27,
    0x00, 0x0F, 0xE0, 0x00, 0xF8, 0x3F, 0xF8, 0x00, 0xF8, 0x7F, 0xFC, 0x00, 0xF8, 0xFF, 0xFE, 0x00, 0xF9, 0xFF, 0xFE, 0x00, 0xFB, 0xF0, 0x7F, 0x00, 0xFF, 0xE0, 0x3F, 0x00, 0xFF, 0x80, 0x1F, 0x80, 0xFF, 0x00, 0x0F, 0x80, 0xFE, 0x00, 0x0F, 0x80, 0xFC, 0x00, 0x0F, 0x80, 0xFC, 0x00, 0x0F, 0x80, 0xF8, 0x00, 0x0F, 0x80, 0xF8, 0x00, 0x00, 0x00, 0xF8, 0x00, 0x00, 0x00, 0xF8, 0x00, 0x00, 0x00, 0xF8, 0x00, 0x00, 0x00, 0xF8, 0x00, 0x00, 0x00, 0xF8, 0x00, 0x00, 0x00, 0xF8, 0x00, 0x00, 0x00, 0xF8, 0x00, 0x00, 0x00, 0xF8, 0x00, 0x00, 0x00, 0xF8, 0x00, 0x00, 0x00, 0xF8, 0x00, 0x00, 0x00, 0xF8, 0x00, 0x00, 0x00, 0xF8, 0x00, 0x00, 0x00, 0xF8, 0x00, 0x00, 0x00, 0xF8, 0x00, 0x00, 0x00, 0xF8, 0x00, 0x00, 0x00, 0xF8, 0x00, 0x00, 0x00, 0xF8, 0x00, 0x00, 0x00, 0xF8, 0x00, 0x00, 0x00, 

/* Symbol 0x73, offset 12946 */
    24, 60, 27,
    0x00, 0xFF, 0xE0, 0x07, 0xFF, 0xFC, 0x0F, 0xFF, 0xFC, 0x3F, 0xFF, 0xFC, 0x3F, 0xFF, 0xFC, 0x7F, 0x00, 0x1C, 0xFC, 0x00, 0x00, 0xF8, 0x00, 0x00, 0xF8, 0x00, 0x00, 0xF8, 0x00, 0x00, 0xF8, 0x00, 0x00, 0xFC, 0x00, 0x00, 0x7F, 0x00, 0x00, 0x7F, 0xE0, 0x00, 0x3F, 0xFC, 0x00, 0x1F, 0xFF, 0x80, 0x07, 0xFF, 0xE0, 0x01, 0xFF, 0xF8, 0x00, 0x3F, 0xFC, 0x00, 0x07, 0xFE, 0x00, 0x00, 0xFE, 0x00, 0x00, 0x3F, 0x00, 0x00, 0x1F, 0x00, 0x00, 0x1F, 0x00, 0x00, 0x1F, 0x00, 0x00, 0x1F, 0xC0, 0x00, 0x3F, 0xFC, 0x00, 0xFE, 0xFF, 0xFF, 0xFC, 0xFF, 0xFF, 0xFC, 0xFF, 0xFF, 0xF0, 0x7F, 0xFF, 0xC0, 0x07, 0xFE, 0x00, 

/* Symbol 0x74, offset 13048 */
    28, 60, 18,
    0x00, 0x0C, 0x00, 0x00, 0x00, 0x7C, 0x00, 0x00, 0x00, 0x7C, 0x00, 0x00, 0x00, 0x7C, 0x00, 0x00, 0x00, 0x7C, 0x00, 0x00, 0x00, 0x7C, 0x00, 0x00, 0x00, 0x7C, 0x00, 0x00, 0x00, 0x7C, 0x00, 0x00, 0x00, 0x7C, 0x00, 0x00, 0x00, 0x7C, 0x00, 0x00, 0xFF, 0xFF, 0xFF, 0xF0, 0xFF, 0xFF, 0xFF, 0xF0, 0xFF, 0xFF, 0xFF, 0xF0, 0xFF, 0xFF, 0xFF, 0xF0, 0xFF, 0xFF, 0xFF, 0xF0, 0x00, 0x7C, 0x00, 0x00, 0x00, 0x7C, 0x00, 0x00, 0x00, 0x7C, 0x00, 0x00, 0x00, 0x7C, 0x00, 0x00, 0x00, 0x7C, 0x00, 0x00, 0x00, 0x7C, 0x00, 0x00, 0x00, 0x7C, 0x00, 0x00, 0x00, 0x7C, 0x00, 0x00, 0x00, 0x7C, 0x00, 0x00, 0x00, 0x7C, 0x00, 0x00, 0x00, 0x7C, 0x00, 0x00, 0x00, 0x7C, 0x00, 0x00, 0x00, 0x7C, 0x00, 0x00, 0x00, 0x7C, 0x00, 0x00, 0x00, 0x7C, 0x00, 0x00, 0x00, 0x7C, 0x00, 0x00, 0x00, 0x7C, 0x00, 0x00, 0x00, 0x7C, 0x00, 0x00, 0x00, 0x7C, 0x00, 0x00, 0x00, 0x7E, 0x00, 0x00, 0x00, 0x7F, 0x00, 0x00, 0x00, 0x3F, 0x80, 0x30, 0x00, 0x3F, 0xFF, 0xF0, 0x00, 0x1F, 0xFF, 0xF0, 0x00, 0x0F, 0xFF, 0xF0, 0x00, 0x07, 0xFF, 0xF0, 0x00, 0x00, 0xFF, 0xC0, 

/* Symbol 0x75, offset 13219 */
    25, 60, 28,
    0xF8, 0x00, 0x0F, 0x80, 0xF8, 0x00, 0x0F, 0x80, 0xF8, 0x00, 0x0F, 0x80, 0xF8, 0x00, 0x0F, 0x80, 0xF8, 0x00, 0x0F, 0x80, 0xF8, 0x00, 0x0F, 0x80, 0xF8, 0x00, 0x0F, 0x80, 0xF8, 0x00, 0x0F, 0x80, 0xF8, 0x00, 0x0F, 0x80, 0xF8, 0x00, 0x0F, 0x80, 0xF8, 0x00, 0x0F, 0x80, 0xF8, 0x00, 0x0F, 0x80, 0xF8, 0x00, 0x0F, 0x80, 0xF8, 0x00, 0x0F, 0x80, 0xF8, 0x00, 0x0F, 0x80, 0xF8, 0x00, 0x0F, 0x80, 0xF8, 0x00, 0x0F, 0x80, 0xF8, 0x00, 0x0F, 0x80, 0xF8, 0x00, 0x0F, 0x80, 0xF8, 0x00, 0x0F, 0x80, 0xF8, 0x00, 0x0F, 0x80, 0xF8, 0x00, 0x1F, 0x80, 0xF8, 0x00, 0x3F, 0x80, 0xFC, 0x00, 0x7F, 0x80, 0xFC, 0x00, 0xFF, 0x80, 0x7E, 0x01, 0xFF, 0x80, 0x7F, 0x07, 0xFF, 0x80, 0x7F, 0xFF, 0xEF, 0x80, 0x3F, 0xFF, 0xCF, 0x80, 0x1F, 0xFF, 0x8F, 0x80, 0x0F, 0xFF, 0x0F, 0x80, 0x03, 0xF8, 0x00, 0x00, 

/* Symbol 0x76, offset 13350 */
    30, 59, 28,
    0xFC, 0x00, 0x00, 0xFC, 0xFC, 0x00, 0x00, 0xFC, 0x7E, 0x00, 0x00, 0xFC, 0x7E, 0x00, 0x01, 0xF8, 0x7E, 0x00, 0x01, 0xF8, 0x3F, 0x00, 0x01, 0xF0, 0x3F, 0x00, 0x03, 0xF0, 0x1F, 0x80, 0x03, 0xF0, 0x1F, 0x80, 0x03, 0xE0, 0x1F, 0x80, 0x07, 0xE0, 0x0F, 0xC0, 0x07, 0xC0, 0x0F, 0xC0, 0x0F, 0xC0, 0x07, 0xC0, 0x0F, 0xC0, 0x07, 0xE0, 0x0F, 0x80, 0x07, 0xE0, 0x1F, 0x80, 0x03, 0xF0, 0x1F, 0x80, 0x03, 0xF0, 0x1F, 0x00, 0x01, 0xF0, 0x3F, 0x00, 0x01, 0xF8, 0x3E, 0x00, 0x00, 0xF8, 0x3E, 0x00, 0x00, 0xFC, 0x7E, 0x00, 0x00, 0xFC, 0x7C, 0x00, 0x00, 0x7C, 0x7C, 0x00, 0x00, 0x7E, 0xF8, 0x00, 0x00, 0x3E, 0xF8, 0x00, 0x00, 0x3E, 0xF8, 0x00, 0x00, 0x3F, 0xF0, 0x00, 0x00, 0x1F, 0xF0, 0x00, 0x00, 0x1F, 0xE0, 0x00, 0x00, 0x0F, 0xE0, 0x00, 0x00, 0x0F, 0xE0, 0x00, 

/* Symbol 0x77, offset 13477 */
    32, 59, 28,
    0xF8, 0x00, 0x00, 0x1F, 0xF8, 0x00, 0x00, 0x1F, 0xF8, 0x00, 0x00, 0x1F, 0xF8, 0x00, 0x00, 0x1F, 0xF8, 0x00, 0x00, 0x1F, 0xF8, 0x00, 0x00, 0x1F, 0xF8, 0x00, 0x00, 0x3F, 0xFC, 0x00, 0x00, 0x3E, 0x7C, 0x07, 0xC0, 0x3E, 0x7C, 0x07, 0xC0, 0x3E, 0x7C, 0x07, 0xC0, 0x3E, 0x7C, 0x0F, 0xE0, 0x3E, 0x7C, 0x0F, 0xE0, 0x3E, 0x7C, 0x0F, 0xF0, 0x3E, 0x7C, 0x1F, 0xF0, 0x3C, 0x3C, 0x1E, 0xF0, 0x3C, 0x3C, 0x1E, 0xF8, 0x7C, 0x3E, 0x3E, 0xF8, 0x7C, 0x3E, 0x3C, 0x7C, 0x7C, 0x3E, 0x3C, 0x7C, 0x7C, 0x3E, 0x7C, 0x3C, 0x7C, 0x3E, 0x78, 0x3E, 0x7C, 0x3E, 0x78, 0x3E, 0x78, 0x1E, 0xF8, 0x1F, 0x78, 0x1E, 0xF0, 0x1F, 0x78, 0x1E, 0xF0, 0x1F, 0x78, 0x1F, 0xE0, 0x0F, 0xF8, 0x1F, 0xE0, 0x0F, 0xF8, 0x1F, 0xE0, 0x07, 0xF8, 0x1F, 0xC0, 0x07, 0xF0, 0x1F, 0xC0, 0x07, 0xF0, 

/* Symbol 0x78, offset 13604 */
    31, 59, 28,
    0x7F, 0x00, 0x00, 0xFE, 0x3F, 0x80, 0x01, 0xFC, 0x1F, 0xC0, 0x03, 0xF8, 0x0F, 0xC0, 0x03, 0xF0, 0x0F, 0xE0, 0x07, 0xF0, 0x07, 0xF0, 0x0F, 0xE0, 0x03, 0xF0, 0x1F, 0xC0, 0x03, 0xF8, 0x1F, 0x80, 0x01, 0xF8, 0x3F, 0x00, 0x00, 0xFC, 0x7F, 0x00, 0x00, 0x7E, 0xFE, 0x00, 0x00, 0x7E, 0xFC, 0x00, 0x00, 0x3F, 0xF8, 0x00, 0x00, 0x1F, 0xF8, 0x00, 0x00, 0x0F, 0xF0, 0x00, 0x00, 0x0F, 0xE0, 0x00, 0x00, 0x1F, 0xF0, 0x00, 0x00, 0x1F, 0xF0, 0x00, 0x00, 0x3F, 0xF8, 0x00, 0x00, 0x7F, 0xFC, 0x00, 0x00, 0xFE, 0x7E, 0x00, 0x01, 0xFC, 0x7F, 0x00, 0x01, 0xF8, 0x3F, 0x00, 0x03, 0xF8, 0x1F, 0x80, 0x07, 0xF0, 0x1F, 0xC0, 0x0F, 0xE0, 0x0F, 0xE0, 0x0F, 0xC0, 0x07, 0xE0, 0x1F, 0xC0, 0x07, 0xF0, 0x3F, 0x80, 0x03, 0xF8, 0x7F, 0x00, 0x01, 0xFC, 0xFE, 0x00, 0x01, 0xFE, 

/* Symbol 0x79, offset 13731 */
    31, 73, 28,
    0x7E, 0x00, 0x00, 0x7E, 0x7E, 0x00, 0x00, 0x7E, 0x3F, 0x00, 0x00, 0x7E, 0x3F, 0x00, 0x00, 0xFC, 0x3F, 0x00, 0x00, 0xFC, 0x1F, 0x80, 0x00, 0xF8, 0x1F, 0x80, 0x01, 0xF8, 0x0F, 0xC0, 0x01, 0xF8, 0x0F, 0xC0, 0x01, 0xF0, 0x0F, 0xC0, 0x03, 0xF0, 0x07, 0xE0, 0x03, 0xE0, 0x07, 0xE0, 0x07, 0xE0, 0x03, 0xF0, 0x07, 0xE0, 0x03, 0xF0, 0x07, 0xC0, 0x03, 0xF0, 0x0F, 0xC0, 0x01, 0xF8, 0x0F, 0xC0, 0x01, 0xF8, 0x0F, 0x80, 0x00, 0xF8, 0x1F, 0x80, 0x00, 0xFC, 0x1F, 0x00, 0x00, 0x7C, 0x1F, 0x00, 0x00, 0x7E, 0x3F, 0x00, 0x00, 0x7E, 0x3E, 0x00, 0x00, 0x3E, 0x3E, 0x00, 0x00, 0x3F, 0x7E, 0x00, 0x00, 0x1F, 0x7C, 0x00, 0x00, 0x1F, 0xFC, 0x00, 0x00, 0x1F, 0xF8, 0x00, 0x00, 0x0F, 0xF8, 0x00, 0x00, 0x0F, 0xF8, 0x00, 0x00, 0x07, 0xF0, 0x00, 0x00, 0x07, 0xF0, 0x00, 0x00, 0x07, 0xE0, 0x00, 0x00, 0x07, 0xE0, 0x00, 0x00, 0x0F, 0xE0, 0x00, 0x00, 0x0F, 0xC0, 0x00, 0x00, 0x1F, 0xC0, 0x00, 0x00, 0x3F, 0x80, 0x00, 0x00, 0x7F, 0x00, 0x00, 0x00, 0xFF, 0x00, 0x00, 0x01, 0xFE, 0x00, 0x00, 0xFF, 0xFC, 0x00, 0x00, 0xFF, 0xF8, 0x00, 0x00, 0xFF, 0xF0, 0x00, 0x00, 0xFF, 0xC0, 0x00, 0x00, 0xFF, 0x00, 0x00, 0x00, 

/* Symbol 0x7A, offset 13914 */
    25, 59, 28,
    0xFF, 0xFF, 0xFF, 0x00, 0xFF, 0xFF, 0xFF, 0x00, 0xFF, 0xFF, 0xFF, 0x00, 0xFF, 0xFF, 0xFF, 0x00, 0xFF, 0xFF, 0xFF, 0x00, 0x00, 0x00, 0x7E, 0x00, 0x00, 0x00, 0xFC, 0x00, 0x00, 0x00, 0xF8, 0x00, 0x00, 0x01, 0xF8, 0x00, 0x00, 0x03, 0xF0, 0x00, 0x00, 0x07, 0xE0, 0x00, 0x00, 0x0F, 0xC0, 0x00, 0x00, 0x0F, 0x80, 0x00, 0x00, 0x1F, 0x80, 0x00, 0x00, 0x3F, 0x00, 0x00, 0x00, 0x7E, 0x00, 0x00, 0x00, 0xFC, 0x00, 0x00, 0x00, 0xFC, 0x00, 0x00, 0x01, 0xF8, 0x00, 0x00, 0x03, 0xF0, 0x00, 0x00, 0x07, 0xE0, 0x00, 0x00, 0x0F, 0xC0, 0x00, 0x00, 0x0F, 0xC0, 0x00, 0x00, 0x1F, 0x80, 0x00, 0x00, 0x3F, 0x00, 0x00, 0x00, 0x7E, 0x00, 0x00, 0x00, 0x7F, 0xFF, 0xFF, 0x80, 0xFF, 0xFF, 0xFF, 0x80, 0xFF, 0xFF, 0xFF, 0x80, 0xFF, 0xFF, 0xFF, 0x80, 0xFF, 0xFF, 0xFF, 0x80, 

/* Symbol 0x7B, offset 14041 */
    23, 72, 14,
    0x00, 0x00, 0xFE, 0x00, 0x03, 0xFE, 0x00, 0x0F, 0xFE, 0x00, 0x1F, 0xFE, 0x00, 0x3F, 0xFE, 0x00, 0x3F, 0xC0, 0x00, 0x3F, 0x00, 0x00, 0x7E, 0x00, 0x00, 0x7E, 0x00, 0x00, 0x7C, 0x00, 0x00, 0x7C, 0x00, 0x00, 0x7C, 0x00, 0x00, 0x7C, 0x00, 0x00, 0x7C, 0x00, 0x00, 0x7C, 0x00, 0x00, 0x7C, 0x00, 0x00, 0x7C, 0x00, 0x00, 0x7C, 0x00, 0x00, 0x7C, 0x00, 0x00, 0x7C, 0x00, 0x00, 0x7C, 0x00, 0x00, 0xFC, 0x00, 0x00, 0xF8, 0x00, 0x03, 0xF8, 0x00, 0xFF, 0xF0, 0x00, 0xFF, 0xE0, 0x00, 0xFF, 0x00, 0x00, 0xFF, 0xE0, 0x00, 0xFF, 0xF0, 0x00, 0x07, 0xF8, 0x00, 0x01, 0xF8, 0x00, 0x00, 0xFC, 0x00, 0x00, 0x7C, 0x00, 0x00, 0x7C, 0x00, 0x00, 0x7C, 0x00, 0x00, 0x7C, 0x00, 0x00, 0x7C, 0x00, 0x00, 0x7C, 0x00, 0x00, 0x7C, 0x00, 0x00, 0x7C, 0x00, 0x00, 0x7C, 0x00, 0x00, 0x7C, 0x00, 0x00, 0x7C, 0x00, 0x00, 0x7C, 0x00, 0x00, 0x7C, 0x00, 0x00, 0x7C, 0x00, 0x00, 0x7C, 0x00, 0x00, 0x7C, 0x00, 0x00, 0x7C, 0x00, 0x00, 0x7E, 0x00, 0x00, 0x7E, 0x00, 0x00, 0x3F, 0x00, 0x00, 0x3F, 0xC0, 0x00, 0x1F, 0xFE, 0x00, 0x1F, 0xFE, 0x00, 0x0F, 0xFE, 0x00, 0x03, 0xFE, 0x00, 0x00, 0xFE, 

/* Symbol 0x7C, offset 14218 */
    5, 72, 8,
    0xF8, 0xF8, 0xF8, 0xF8, 0xF8, 0xF8, 0xF8, 0xF8, 0xF8, 0xF8, 0xF8, 0xF8, 0xF8, 0xF8, 0xF8, 0xF8, 0xF8, 0xF8, 0xF8, 0xF8, 0xF8, 0xF8, 0xF8, 0xF8, 0xF8, 0xF8, 0xF8, 0xF8, 0xF8, 0xF8, 0xF8, 0xF8, 0xF8, 0xF8, 0xF8, 0xF8, 0xF8, 0xF8, 0xF8, 0xF8, 0xF8, 0xF8, 0xF8, 0xF8, 0xF8, 0xF8, 0xF8, 0xF8, 0xF8, 0xF8, 0xF8, 0xF8, 0xF8, 0xF8, 0xF8, 0xF8, 0xF8, 0xF8, 0xF8, 0xF8, 0xF8, 0xF8, 0xF8, 0xF8, 

/* Symbol 0x7D, offset 14285 */
    23, 72, 14,
    0xFE, 0x00, 0x00, 0xFF, 0x80, 0x00, 0xFF, 0xE0, 0x00, 0xFF, 0xF0, 0x00, 0xFF, 0xF8, 0x00, 0x07, 0xF8, 0x00, 0x01, 0xF8, 0x00, 0x00, 0xFC, 0x00, 0x00, 0xFC, 0x00, 0x00, 0x7C, 0x00, 0x00, 0x7C, 0x00, 0x00, 0x7C, 0x00, 0x00, 0x7C, 0x00, 0x00, 0x7C, 0x00, 0x00, 0x7C, 0x00, 0x00, 0x7C, 0x00, 0x00, 0x7C, 0x00, 0x00, 0x7C, 0x00, 0x00, 0x7C, 0x00, 0x00, 0x7C, 0x00, 0x00, 0x7C, 0x00, 0x00, 0x7E, 0x00, 0x00, 0x3F, 0x00, 0x00, 0x3F, 0xC0, 0x00, 0x1F, 0xFE, 0x00, 0x0F, 0xFE, 0x00, 0x01, 0xFE, 0x00, 0x07, 0xFE, 0x00, 0x1F, 0xFE, 0x00, 0x3F, 0x80, 0x00, 0x3F, 0x00, 0x00, 0x7E, 0x00, 0x00, 0x7C, 0x00, 0x00, 0x7C, 0x00, 0x00, 0x7C, 0x00, 0x00, 0x7C, 0x00, 0x00, 0x7C, 0x00, 0x00, 0x7C, 0x00, 0x00, 0x7C, 0x00, 0x00, 0x7C, 0x00, 0x00, 0x7C, 0x00, 0x00, 0x7C, 0x00, 0x00, 0x7C, 0x00, 0x00, 0x7C, 0x00, 0x00, 0x7C, 0x00, 0x00, 0x7C, 0x00, 0x00, 0x7C, 0x00, 0x00, 0x7C, 0x00, 0x00, 0x7C, 0x00, 0x00, 0xFC, 0x00, 0x00, 0xFC, 0x00, 0x01, 0xF8, 0x00, 0x07, 0xF8, 0x00, 0xFF, 0xF0, 0x00, 0xFF, 0xF0, 0x00, 0xFF, 0xE0, 0x00, 0xFF, 0x80, 0x00, 0xFE, 0x00, 0x00, 

/* Symbol 0x7E, offset 14462 */
    31, 48, 35,
    0x03, 0xF0, 0x00, 0x00, 0x0F, 0xFC, 0x00, 0x00, 0x1F, 0xFE, 0x00, 0x3E, 0x3F, 0xFF, 0x00, 0x3E, 0x7F, 0xFF, 0x80, 0x3E, 0x7E, 0x3F, 0xC0, 0x3E, 0x7C, 0x0F, 0xE0, 0x7C, 0xF8, 0x07, 0xF8, 0xFC, 0xF8, 0x03, 0xFF, 0xFC, 0xF8, 0x01, 0xFF, 0xF8, 0xF8, 0x00, 0xFF, 0xF0, 0x00, 0x00, 0x7F, 0xE0, 0x00, 0x00, 0x1F, 0x80, 

/* Symbol 0x7F, offset 14517 */
    15, 59, 11,
    0xFF, 0xFE, 0xFF, 0xFE, 0xFF, 0xFE, 0xE0, 0x0E, 0xE0, 0x0E, 0xE0, 0x0E, 0xE0, 0x0E, 0xE0, 0x0E, 0xE0, 0x0E, 0xE0, 0x0E, 0xE0, 0x0E, 0xE0, 0x0E, 0xE0, 0x0E, 0xE0, 0x0E, 0xE0, 0x0E, 0xE0, 0x0E, 0xE0, 0x0E, 0xE0, 0x0E, 0xE0, 0x0E, 0xE0, 0x0E, 0xE0, 0x0E, 0xE0, 0x0E, 0xE0, 0x0E, 0xE0, 0x0E, 0xE0, 0x0E, 0xE0, 0x0E, 0xE0, 0x0E, 0xE0, 0x0E, 0xE0, 0x0E, 0xE0, 0x0E, 0xE0, 0x0E, 0xE0, 0x0E, 0xE0, 0x0E, 0xE0, 0x0E, 0xE0, 0x0E, 0xE0, 0x0E, 0xE0, 0x0E, 0xE0, 0x0E, 0xE0, 0x0E, 0xE0, 0x0E, 0xE0, 0x0E, 0xE0, 0x0E, 0xE0, 0x0E, 0xE0, 0x0E, 0xE0, 0x0E, 0xFF, 0xFE, 0xFF, 0xFE, 0xFF, 0xFE, 

/* Symbol 0xC0, offset 14616 */
    33, 59, 18,
    0x00, 0x07, 0xF8, 0x00, 0x00, 0x00, 0x0F, 0xF8, 0x00, 0x00, 0x00, 0x0F, 0xF8, 0x00, 0x00, 0x00, 0x0F, 0xFC, 0x00, 0x00, 0x00, 0x1F, 0xFC, 0x00, 0x00, 0x00, 0x1F, 0x7C, 0x00, 0x00, 0x00, 0x1F, 0x7E, 0x00, 0x00, 0x00, 0x3F, 0x7E, 0x00, 0x00, 0x00, 0x3E, 0x3E, 0x00, 0x00, 0x00, 0x3E, 0x3F, 0x00, 0x00, 0x00, 0x7E, 0x3F, 0x00, 0x00, 0x00, 0x7C, 0x1F, 0x00, 0x00, 0x00, 0x7C, 0x1F, 0x00, 0x00, 0x00, 0xFC, 0x1F, 0x80, 0x00, 0x00, 0xF8, 0x0F, 0x80, 0x00, 0x00, 0xF8, 0x0F, 0x80, 0x00, 0x00, 0xF8, 0x0F, 0xC0, 0x00, 0x01, 0xF8, 0x0F, 0xC0, 0x00, 0x01, 0xF0, 0x07, 0xC0, 0x00, 0x01, 0xF0, 0x07, 0xE0, 0x00, 0x03, 0xF0, 0x07, 0xE0, 0x00, 0x03, 0xE0, 0x03, 0xE0, 0x00, 0x03, 0xE0, 0x03, 0xF0, 0x00, 0x07, 0xE0, 0x03, 0xF0, 0x00, 0x07, 0xC0, 0x01, 0xF0, 0x00, 0x07, 0xC0, 0x01, 0xF8, 0x00, 0x0F, 0xC0, 0x01, 0xF8, 0x00, 0x0F, 0xFF, 0xFF, 0xF8, 0x00, 0x0F, 0xFF, 0xFF, 0xFC, 0x00, 0x1F, 0xFF, 0xFF, 0xFC, 0x00, 0x1F, 0xFF, 0xFF, 0xFC, 0x00, 0x1F, 0xFF, 0xFF, 0xFC, 0x00, 0x3F, 0x00, 0x00, 0x7E, 0x00, 0x3F, 0x00, 0x00, 0x7E, 0x00, 0x3E, 0x00, 0x00, 0x7E, 0x00, 0x7E, 0x00, 0x00, 0x3F, 0x00, 0x7E, 0x00, 0x00, 0x3F, 0x00, 0x7C, 0x00, 0x00, 0x3F, 0x00, 0xFC, 0x00, 0x00, 0x1F, 0x80, 0xFC, 0x00, 0x00, 0x1F, 0x80, 0xF8, 0x00, 0x00, 0x1F, 0x80, 

/* Symbol 0xC1, offset 14824 */
    28, 59, 18,
    0xFF, 0xFF, 0xFF, 0x80, 0xFF, 0xFF, 0xFF, 0x80, 0xFF, 0xFF, 0xFF, 0x80, 0xFF, 0xFF, 0xFF, 0x80, 0xFF, 0xFF, 0xFF, 0x80, 0xF8, 0x00, 0x00, 0x00, 0xF8, 0x00, 0x00, 0x00, 0xF8, 0x00, 0x00, 0x00, 0xF8, 0x00, 0x00, 0x00, 0xF8, 0x00, 0x00, 0x00, 0xF8, 0x00, 0x00, 0x00, 0xF8, 0x00, 0x00, 0x00, 0xF8, 0x00, 0x00, 0x00, 0xF8, 0x00, 0x00, 0x00, 0xF8, 0x00, 0x00, 0x00, 0xF8, 0x00, 0x00, 0x00, 0xFF, 0xFF, 0x80, 0x00, 0xFF, 0xFF, 0xF8, 0x00, 0xFF, 0xFF, 0xFE, 0x00, 0xFF, 0xFF, 0xFF, 0x00, 0xFF, 0xFF, 0xFF, 0x80, 0xF8, 0x00, 0xFF, 0xC0, 0xF8, 0x00, 0x1F, 0xE0, 0xF8, 0x00, 0x0F, 0xE0, 0xF8, 0x00, 0x07, 0xE0, 0xF8, 0x00, 0x07, 0xF0, 0xF8, 0x00, 0x03, 0xF0, 0xF8, 0x00, 0x03, 0xF0, 0xF8, 0x00, 0x03, 0xF0, 0xF8, 0x00, 0x03, 0xF0, 0xF8, 0x00, 0x03, 0xF0, 0xF8, 0x00, 0x07, 0xF0, 0xF8, 0x00, 0x07, 0xE0, 0xF8, 0x00, 0x0F, 0xE0, 0xF8, 0x00, 0x1F, 0xC0, 0xF8, 0x00, 0xFF, 0xC0, 0xFF, 0xFF, 0xFF, 0x80, 0xFF, 0xFF, 0xFF, 0x00, 0xFF, 0xFF, 0xFC, 0x00, 0xFF, 0xFF, 0xF0, 0x00, 0xFF, 0xFF, 0x80, 0x00, 

/* Symbol 0xC2, offset 14991 */
    26, 59, 18,
    0xFF, 0xFF, 0x80, 0x00, 0xFF, 0xFF, 0xF0, 0x00, 0xFF, 0xFF, 0xFC, 0x00, 0xFF, 0xFF, 0xFE, 0x00, 0xFF, 0xFF, 0xFF, 0x00, 0xF8, 0x00, 0xFF, 0x00, 0xF8, 0x00, 0x3F, 0x80, 0xF8, 0x00, 0x1F, 0x80, 0xF8, 0x00, 0x0F, 0x80, 0xF8, 0x00, 0x0F, 0x80, 0xF8, 0x00, 0x0F, 0x80, 0xF8, 0x00, 0x0F, 0x80, 0xF8, 0x00, 0x0F, 0x80, 0xF8, 0x00, 0x1F, 0x00, 0xF8, 0x00, 0x1F, 0x00, 0xF8, 0x00, 0x7E, 0x00, 0xF8, 0x01, 0xFC, 0x00, 0xFF, 0xFF, 0xF8, 0x00, 0xFF, 0xFF, 0xE0, 0x00, 0xFF, 0xFF, 0xF0, 0x00, 0xFF, 0xFF, 0xFC, 0x00, 0xFF, 0xFF, 0xFE, 0x00, 0xF8, 0x01, 0xFF, 0x00, 0xF8, 0x00, 0x3F, 0x80, 0xF8, 0x00, 0x1F, 0x80, 0xF8, 0x00, 0x0F, 0xC0, 0xF8, 0x00, 0x07, 0xC0, 0xF8, 0x00, 0x07, 0xC0, 0xF8, 0x00, 0x07, 0xC0, 0xF8, 0x00, 0x07, 0xC0, 0xF8, 0x00, 0x07, 0xC0, 0xF8, 0x00, 0x07, 0xC0, 0xF8, 0x00, 0x0F, 0x80, 0xF8, 0x00, 0x1F, 0x80, 0xF8, 0x00, 0x3F, 0x80, 0xF8, 0x00, 0xFF, 0x00, 0xFF, 0xFF, 0xFE, 0x00, 0xFF, 0xFF, 0xFC, 0x00, 0xFF, 0xFF, 0xF8, 0x00, 0xFF, 0xFF, 0xE0, 0x00, 0xFF, 0xFE, 0x00, 0x00, 

/* Symbol 0xC3, offset 15158 */
    24, 59, 18,
    0xFF, 0xFF, 0xFF, 0xFF, 0xFF, 0xFF, 0xFF, 0xFF, 0xFF, 0xFF, 0xFF, 0xFF, 0xFF, 0xFF, 0xFF, 0xF8, 0x00, 0x00, 0xF8, 0x00, 0x00, 0xF8, 0x00, 0x00, 0xF8, 0x00, 0x00, 0xF8, 0x00, 0x00, 0xF8, 0x00, 0x00, 0xF8, 0x00, 0x00, 0xF8, 0x00, 0x00, 0xF8, 0x00, 0x00, 0xF8, 0x00, 0x00, 0xF8, 0x00, 0x00, 0xF8, 0x00, 0x00, 0xF8, 0x00, 0x00, 0xF8, 0x00, 0x00, 0xF8, 0x00, 0x00, 0xF8, 0x00, 0x00, 0xF8, 0x00, 0x00, 0xF8, 0x00, 0x00, 0xF8, 0x00, 0x00, 0xF8, 0x00, 0x00, 0xF8, 0x00, 0x00, 0xF8, 0x00, 0x00, 0xF8, 0x00, 0x00, 0xF8, 0x00, 0x00, 0xF8, 0x00, 0x00, 0xF8, 0x00, 0x00, 0xF8, 0x00, 0x00, 0xF8, 0x00, 0x00, 0xF8, 0x00, 0x00, 0xF8, 0x00, 0x00, 0xF8, 0x00, 0x00, 0xF8, 0x00, 0x00, 0xF8, 0x00, 0x00, 0xF8, 0x00, 0x00, 0xF8, 0x00, 0x00, 0xF8, 0x00, 0x00, 

/* Symbol 0xC4, offset 15284 */
    34, 68, 18,
    0x00, 0x3F, 0xFF, 0xF8, 0x00, 0x00, 0x3F, 0xFF, 0xF8, 0x00, 0x00, 0x3F, 0xFF, 0xF8, 0x00, 0x00, 0x3F, 0xFF, 0xF8, 0x00, 0x00, 0x3F, 0xFF, 0xF8, 0x00, 0x00, 0x3E, 0x00, 0xF8, 0x00, 0x00, 0x3E, 0x00, 0xF8, 0x00, 0x00, 0x3E, 0x00, 0xF8, 0x00, 0x00, 0x3E, 0x00, 0xF8, 0x00, 0x00, 0x7E, 0x00, 0xF8, 0x00, 0x00, 0x7E, 0x00, 0xF8, 0x00, 0x00, 0x7E, 0x00, 0xF8, 0x00, 0x00, 0x7E, 0x00, 0xF8, 0x00, 0x00, 0x7E, 0x00, 0xF8, 0x00, 0x00, 0x7C, 0x00, 0xF8, 0x00, 0x00, 0x7C, 0x00, 0xF8, 0x00, 0x00, 0x7C, 0x00, 0xF8, 0x00, 0x00, 0x7C, 0x00, 0xF8, 0x00, 0x00, 0xFC, 0x00, 0xF8, 0x00, 0x00, 0xFC, 0x00, 0xF8, 0x00, 0x00, 0xFC, 0x00, 0xF8, 0x00, 0x00, 0xFC, 0x00, 0xF8, 0x00, 0x00, 0xFC, 0x00, 0xF8, 0x00, 0x00, 0xF8, 0x00, 0xF8, 0x00, 0x01, 0xF8, 0x00, 0xF8, 0x00, 0x01, 0xF8, 0x00, 0xF8, 0x00, 0x01, 0xF8, 0x00, 0xF8, 0x00, 0x01, 0xF8, 0x00, 0xF8, 0x00, 0x03, 0xF0, 0x00, 0xF8, 0x00, 0x03, 0xF0, 0x00, 0xF8, 0x00, 0x03, 0xF0, 0x00, 0xF8, 0x00, 0x07, 0xE0, 0x00, 0xF8, 0x00, 0x07, 0xE0, 0x00, 0xF8, 0x00, 0x0F, 0xC0, 0x00, 0xF8, 0x00, 0x0F, 0xC0, 0x00, 0xF8, 0x00, 0x3F, 0x80, 0x00, 0xF8, 0x00, 0xFF, 0xFF, 0xFF, 0xFF, 0xC0, 0xFF, 0xFF, 0xFF, 0xFF, 0xC0, 0xFF, 0xFF, 0xFF, 0xFF, 0xC0, 0xFF, 0xFF, 0xFF, 0xFF, 0xC0, 0xFF, 0xFF, 0xFF, 0xFF, 0xC0, 0xF8, 0x00, 0x00, 0x07, 0xC0, 0xF8, 0x00, 0x00, 0x07, 0xC0, 0xF8, 0x00, 0x00, 0x07, 0xC0, 0xF8, 0x00, 0x00, 0x07, 0xC0, 0xF8, 0x00, 0x00, 0x07, 0xC0, 0xF8, 0x00, 0x00, 0x07, 0xC0, 0xF8, 0x00, 0x00, 0x07, 0xC0, 0xF8, 0x00, 0x00, 0x07, 0xC0, 0xF8, 0x00, 0x00, 0x07, 0xC0, 

/* Symbol 0xC5, offset 15537 */
    23, 59, 18,
    0xFF, 0xFF, 0xFE, 0xFF, 0xFF, 0xFE, 0xFF, 0xFF, 0xFE, 0xFF, 0xFF, 0xFE, 0xFF, 0xFF, 0xFE, 0xF8, 0x00, 0x00, 0xF8, 0x00, 0x00, 0xF8, 0x00, 0x00, 0xF8, 0x00, 0x00, 0xF8, 0x00, 0x00, 0xF8, 0x00, 0x00, 0xF8, 0x00, 0x00, 0xF8, 0x00, 0x00, 0xF8, 0x00, 0x00, 0xF8, 0x00, 0x00, 0xF8, 0x00, 0x00, 0xF8, 0x00, 0x00, 0xFF, 0xFF, 0xFC, 0xFF, 0xFF, 0xFC, 0xFF, 0xFF, 0xFC, 0xFF, 0xFF, 0xFC, 0xFF, 0xFF, 0xFC, 0xF8, 0x00, 0x00, 0xF8, 0x00, 0x00, 0xF8, 0x00, 0x00, 0xF8, 0x00, 0x00, 0xF8, 0x00, 0x00, 0xF8, 0x00, 0x00, 0xF8, 0x00, 0x00, 0xF8, 0x00, 0x00, 0xF8, 0x00, 0x00, 0xF8, 0x00, 0x00, 0xF8, 0x00, 0x00, 0xF8, 0x00, 0x00, 0xF8, 0x00, 0x00, 0xF8, 0x00, 0x00, 0xFF, 0xFF, 0xFE, 0xFF, 0xFF, 0xFE, 0xFF, 0xFF, 0xFE, 0xFF, 0xFF, 0xFE, 0xFF, 0xFF, 0xFE, 

/* Symbol 0xC6, offset 15663 */
    36, 59, 18,
    0xF8, 0x01, 0xF0, 0x03, 0xE0, 0x7C, 0x01, 0xF0, 0x07, 0xC0, 0x7C, 0x01, 0xF0, 0x07, 0xC0, 0x3E, 0x01, 0xF0, 0x0F, 0x80, 0x3E, 0x01, 0xF0, 0x0F, 0x80, 0x1F, 0x01, 0xF0, 0x1F, 0x00, 0x1F, 0x01, 0xF0, 0x1F, 0x00, 0x0F, 0x81, 0xF0, 0x3E, 0x00, 0x0F, 0x81, 0xF0, 0x3E, 0x00, 0x07, 0xC1, 0xF0, 0x7C, 0x00, 0x07, 0xC1, 0xF0, 0x7C, 0x00, 0x03, 0xE1, 0xF0, 0xF8, 0x00, 0x03, 0xE1, 0xF0, 0xF8, 0x00, 0x01, 0xF1, 0xF1, 0xF0, 0x00, 0x01, 0xF1, 0xF1, 0xF0, 0x00, 0x00, 0xF9, 0xF3, 0xE0, 0x00, 0x00, 0xF9, 0xF3, 0xE0, 0x00, 0x00, 0x7D, 0xF7, 0xC0, 0x00, 0x00, 0x7D, 0xF7, 0xC0, 0x00, 0x00, 0x3F, 0xFF, 0x80, 0x00, 0x00, 0x3F, 0xFF, 0x80, 0x00, 0x00, 0x7D, 0xF7, 0xC0, 0x00, 0x00, 0x7D, 0xF7, 0xC0, 0x00, 0x00, 0xF9, 0xF3, 0xE0, 0x00, 0x00, 0xF9, 0xF3, 0xE0, 0x00, 0x01, 0xF9, 0xF1, 0xF0, 0x00, 0x01, 0xF1, 0xF1, 0xF0, 0x00, 0x03, 0xF1, 0xF0, 0xF8, 0x00, 0x03, 0xE1, 0xF0, 0xFC, 0x00, 0x07, 0xE1, 0xF0, 0x7C, 0x00, 0x07, 0xC1, 0xF0, 0x7E, 0x00, 0x0F, 0xC1, 0xF0, 0x7E, 0x00, 0x0F, 0xC1, 0xF0, 0x3F, 0x00, 0x0F, 0x81, 0xF0, 0x3F, 0x00, 0x1F, 0x81, 0xF0, 0x1F, 0x80, 0x1F, 0x01, 0xF0, 0x1F, 0x80, 0x3F, 0x01, 0xF0, 0x0F, 0xC0, 0x3E, 0x01, 0xF0, 0x0F, 0xC0, 0x7E, 0x01, 0xF0, 0x07, 0xE0, 0x7E, 0x01, 0xF0, 0x07, 0xE0, 0xFC, 0x01, 0xF0, 0x03, 0xF0, 

/* Symbol 0xC7, offset 15871 */
    27, 60, 17,
    0x03, 0xFF, 0xC0, 0x00, 0x3F, 0xFF, 0xF8, 0x00, 0x7F, 0xFF, 0xFC, 0x00, 0x7F, 0xFF, 0xFE, 0x00, 0x7F, 0xFF, 0xFF, 0x00, 0x7C, 0x00, 0xFF, 0x80, 0x40, 0x00, 0x3F, 0x80, 0x00, 0x00, 0x1F, 0xC0, 0x00, 0x00, 0x1F, 0xC0, 0x00, 0x00, 0x0F, 0xC0, 0x00, 0x00, 0x0F, 0xC0, 0x00, 0x00, 0x0F, 0xC0, 0x00, 0x00, 0x0F, 0xC0, 0x00, 0x00, 0x0F, 0xC0, 0x00, 0x00, 0x1F, 0x80, 0x00, 0x00, 0x1F, 0x80, 0x00, 0x00, 0x7F, 0x00, 0x00, 0x01, 0xFE, 0x00, 0x1F, 0xFF, 0xFC, 0x00, 0x1F, 0xFF, 0xF0, 0x00, 0x1F, 0xFF, 0xF8, 0x00, 0x1F, 0xFF, 0xFE, 0x00, 0x1F, 0xFF, 0xFF, 0x00, 0x00, 0x00, 0xFF, 0x80, 0x00, 0x00, 0x3F, 0xC0, 0x00, 0x00, 0x1F, 0xC0, 0x00, 0x00, 0x0F, 0xE0, 0x00, 0x00, 0x07, 0xE0, 0x00, 0x00, 0x07, 0xE0, 0x00, 0x00, 0x07, 0xE0, 0x00, 0x00, 0x07, 0xE0, 0x00, 0x00, 0x07, 0xE0, 0x00, 0x00, 0x07, 0xE0, 0x00, 0x00, 0x0F, 0xE0, 0x00, 0x00, 0x0F, 0xC0, 0x00, 0x00, 0x1F, 0xC0, 0x80, 0x00, 0x3F, 0x80, 0xF8, 0x00, 0xFF, 0x80, 0xFF, 0xFF, 0xFF, 0x00, 0xFF, 0xFF, 0xFE, 0x00, 0xFF, 0xFF, 0xF8, 0x00, 0x7F, 0xFF, 0xE0, 0x00, 0x07, 0xFF, 0x00, 0x00, 

/* Symbol 0xC8, offset 16046 */
    27, 59, 18,
    0xF8, 0x00, 0x03, 0xE0, 0xF8, 0x00, 0x07, 0xE0, 0xF8, 0x00, 0x07, 0xE0, 0xF8, 0x00, 0x0F, 0xE0, 0xF8, 0x00, 0x0F, 0xE0, 0xF8, 0x00, 0x1F, 0xE0, 0xF8, 0x00, 0x1F, 0xE0, 0xF8, 0x00, 0x3F, 0xE0, 0xF8, 0x00, 0x3F, 0xE0, 0xF8, 0x00, 0x7F, 0xE0, 0xF8, 0x00, 0xFF, 0xE0, 0xF8, 0x00, 0xFB, 0xE0, 0xF8, 0x01, 0xFB, 0xE0, 0xF8, 0x01, 0xF3, 0xE0, 0xF8, 0x03, 0xF3, 0xE0, 0xF8, 0x03, 0xE3, 0xE0, 0xF8, 0x07, 0xC3, 0xE0, 0xF8, 0x07, 0xC3, 0xE0, 0xF8, 0x0F, 0x83, 0xE0, 0xF8, 0x1F, 0x83, 0xE0, 0xF8, 0x1F, 0x03, 0xE0, 0xF8, 0x3F, 0x03, 0xE0, 0xF8, 0x3E, 0x03, 0xE0, 0xF8, 0x7C, 0x03, 0xE0, 0xF8, 0x7C, 0x03, 0xE0, 0xF8, 0xF8, 0x03, 0xE0, 0xF8, 0xF8, 0x03, 0xE0, 0xF9, 0xF0, 0x03, 0xE0, 0xFB, 0xF0, 0x03, 0xE0, 0xFB, 0xE0, 0x03, 0xE0, 0xFF, 0xE0, 0x03, 0xE0, 0xFF, 0xC0, 0x03, 0xE0, 0xFF, 0x80, 0x03, 0xE0, 0xFF, 0x80, 0x03, 0xE0, 0xFF, 0x00, 0x03, 0xE0, 0xFF, 0x00, 0x03, 0xE0, 0xFE, 0x00, 0x03, 0xE0, 0xFE, 0x00, 0x03, 0xE0, 0xFC, 0x00, 0x03, 0xE0, 0xFC, 0x00, 0x03, 0xE0, 0xF8, 0x00, 0x03, 0xE0, 

/* Symbol 0xC9, offset 16213 */
    27, 59, 7,
    0x0F, 0x80, 0x3E, 0x00, 0x0F, 0x80, 0x3E, 0x00, 0x0F, 0xC0, 0x7E, 0x00, 0x07, 0xE0, 0xFC, 0x00, 0x07, 0xFF, 0xFC, 0x00, 0x03, 0xFF, 0xF8, 0x00, 0x01, 0xFF, 0xF0, 0x00, 0x00, 0x7F, 0x80, 0x00, 0x00, 0x00, 0x00, 0x00, 0x00, 0x00, 0x00, 0x00, 0x00, 0x00, 0x00, 0x00, 0xF8, 0x00, 0x03, 0xE0, 0xF8, 0x00, 0x07, 0xE0, 0xF8, 0x00, 0x07, 0xE0, 0xF8, 0x00, 0x0F, 0xE0, 0xF8, 0x00, 0x0F, 0xE0, 0xF8, 0x00, 0x1F, 0xE0, 0xF8, 0x00, 0x1F, 0xE0, 0xF8, 0x00, 0x3F, 0xE0, 0xF8, 0x00, 0x3F, 0xE0, 0xF8, 0x00, 0x7F, 0xE0, 0xF8, 0x00, 0xFF, 0xE0, 0xF8, 0x00, 0xFB, 0xE0, 0xF8, 0x01, 0xFB, 0xE0, 0xF8, 0x01, 0xF3, 0xE0, 0xF8, 0x03, 0xF3, 0xE0, 0xF8, 0x03, 0xE3, 0xE0, 0xF8, 0x07, 0xC3, 0xE0, 0xF8, 0x07, 0xC3, 0xE0, 0xF8, 0x0F, 0x83, 0xE0, 0xF8, 0x1F, 0x83, 0xE0, 0xF8, 0x1F, 0x03, 0xE0, 0xF8, 0x3F, 0x03, 0xE0, 0xF8, 0x3E, 0x03, 0xE0, 0xF8, 0x7C, 0x03, 0xE0, 0xF8, 0x7C, 0x03, 0xE0, 0xF8, 0xF8, 0x03, 0xE0, 0xF8, 0xF8, 0x03, 0xE0, 0xF9, 0xF0, 0x03, 0xE0, 0xFB, 0xF0, 0x03, 0xE0, 0xFB, 0xE0, 0x03, 0xE0, 0xFF, 0xE0, 0x03, 0xE0, 0xFF, 0xC0, 0x03, 0xE0, 0xFF, 0x80, 0x03, 0xE0, 0xFF, 0x80, 0x03, 0xE0, 0xFF, 0x00, 0x03, 0xE0, 0xFF, 0x00, 0x03, 0xE0, 0xFE, 0x00, 0x03, 0xE0, 0xFE, 0x00, 0x03, 0xE0, 0xFC, 0x00, 0x03, 0xE0, 0xFC, 0x00, 0x03, 0xE0, 0xF8, 0x00, 0x03, 0xE0, 

/* Symbol 0xCA, offset 16424 */
    28, 59, 18,
    0xF8, 0x00, 0x0F, 0xC0, 0xF8, 0x00, 0x1F, 0x80, 0xF8, 0x00, 0x3F, 0x80, 0xF8, 0x00, 0x7F, 0x00, 0xF8, 0x00, 0x7E, 0x00, 0xF8, 0x00, 0xFC, 0x00, 0xF8, 0x01, 0xF8, 0x00, 0xF8, 0x03, 0xF0, 0x00, 0xF8, 0x07, 0xF0, 0x00, 0xF8, 0x07, 0xE0, 0x00, 0xF8, 0x0F, 0xC0, 0x00, 0xF8, 0x1F, 0x80, 0x00, 0xF8, 0x3F, 0x00, 0x00, 0xF8, 0x3F, 0x00, 0x00, 0xF8, 0x7E, 0x00, 0x00, 0xF8, 0xFC, 0x00, 0x00, 0xF9, 0xF8, 0x00, 0x00, 0xF9, 0xF0, 0x00, 0x00, 0xFB, 0xE0, 0x00, 0x00, 0xFF, 0xE0, 0x00, 0x00, 0xFF, 0xE0, 0x00, 0x00, 0xFF, 0xF0, 0x00, 0x00, 0xFB, 0xF8, 0x00, 0x00, 0xF9, 0xFC, 0x00, 0x00, 0xF8, 0xFC, 0x00, 0x00, 0xF8, 0x7E, 0x00, 0x00, 0xF8, 0x7F, 0x00, 0x00, 0xF8, 0x3F, 0x80, 0x00, 0xF8, 0x1F, 0xC0, 0x00, 0xF8, 0x0F, 0xE0, 0x00, 0xF8, 0x07, 0xE0, 0x00, 0xF8, 0x07, 0xF0, 0x00, 0xF8, 0x03, 0xF8, 0x00, 0xF8, 0x01, 0xFC, 0x00, 0xF8, 0x00, 0xFE, 0x00, 0xF8, 0x00, 0x7E, 0x00, 0xF8, 0x00, 0x7F, 0x00, 0xF8, 0x00, 0x3F, 0x80, 0xF8, 0x00, 0x1F, 0xC0, 0xF8, 0x00, 0x0F, 0xE0, 0xF8, 0x00, 0x07, 0xF0, 

/* Symbol 0xCB, offset 16591 */
    29, 59, 18,
    0x00, 0x7F, 0xFF, 0xF8, 0x00, 0x7F, 0xFF, 0xF8, 0x00, 0x7F, 0xFF, 0xF8, 0x00, 0x7F, 0xFF, 0xF8, 0x00, 0x7F, 0xFF, 0xF8, 0x00, 0x7C, 0x00, 0xF8, 0x00, 0x7C, 0x00, 0xF8, 0x00, 0x7C, 0x00, 0xF8, 0x00, 0x7C, 0x00, 0xF8, 0x00, 0xFC, 0x00, 0xF8, 0x00, 0xFC, 0x00, 0xF8, 0x00, 0xFC, 0x00, 0xF8, 0x00, 0xFC, 0x00, 0xF8, 0x00, 0xFC, 0x00, 0xF8, 0x00, 0xFC, 0x00, 0xF8, 0x00, 0xF8, 0x00, 0xF8, 0x00, 0xF8, 0x00, 0xF8, 0x00, 0xF8, 0x00, 0xF8, 0x00, 0xF8, 0x00, 0xF8, 0x00, 0xF8, 0x00, 0xF8, 0x01, 0xF8, 0x00, 0xF8, 0x01, 0xF8, 0x00, 0xF8, 0x01, 0xF8, 0x00, 0xF8, 0x01, 0xF8, 0x00, 0xF8, 0x01, 0xF0, 0x00, 0xF8, 0x01, 0xF0, 0x00, 0xF8, 0x01, 0xF0, 0x00, 0xF8, 0x03, 0xF0, 0x00, 0xF8, 0x03, 0xF0, 0x00, 0xF8, 0x03, 0xF0, 0x00, 0xF8, 0x03, 0xE0, 0x00, 0xF8, 0x07, 0xE0, 0x00, 0xF8, 0x07, 0xE0, 0x00, 0xF8, 0x0F, 0xC0, 0x00, 0xF8, 0x1F, 0xC0, 0x00, 0xF8, 0x3F, 0xC0, 0x00, 0xF8, 0xFF, 0x80, 0x00, 0xF8, 0xFF, 0x00, 0x00, 0xF8, 0xFF, 0x00, 0x00, 0xF8, 0xFE, 0x00, 0x00, 0xF8, 0xF8, 0x00, 0x00, 0xF8, 

/* Symbol 0xCC, offset 16758 */
    33, 59, 18,
    0x3F, 0x80, 0x00, 0xFE, 0x00, 0x3F, 0xC0, 0x00, 0xFE, 0x00, 0x3F, 0xC0, 0x01, 0xFE, 0x00, 0x3F, 0xC0, 0x01, 0xFE, 0x00, 0x3F, 0xE0, 0x01, 0xFE, 0x00, 0x3F, 0xE0, 0x03, 0xFE, 0x00, 0x3D, 0xE0, 0x03, 0xDE, 0x00, 0x3D, 0xF0, 0x03, 0xDE, 0x00, 0x3D, 0xF0, 0x07, 0x9F, 0x00, 0x3C, 0xF0, 0x07, 0x9F, 0x00, 0x3C, 0xF8, 0x0F, 0x9F, 0x00, 0x3C, 0xF8, 0x0F, 0x1F, 0x00, 0x3C, 0x78, 0x0F, 0x1F, 0x00, 0x3C, 0x7C, 0x1F, 0x1F, 0x00, 0x3C, 0x7C, 0x1E, 0x1F, 0x00, 0x3C, 0x3C, 0x1E, 0x1F, 0x00, 0x3C, 0x3E, 0x3E, 0x1F, 0x00, 0x7C, 0x1E, 0x3C, 0x1F, 0x00, 0x7C, 0x1E, 0x3C, 0x1F, 0x00, 0x7C, 0x1F, 0x78, 0x1F, 0x00, 0x7C, 0x0F, 0x78, 0x1F, 0x00, 0x7C, 0x0F, 0x78, 0x1F, 0x00, 0x7C, 0x0F, 0xF0, 0x1F, 0x00, 0x7C, 0x07, 0xF0, 0x1F, 0x00, 0x7C, 0x07, 0xF0, 0x1F, 0x00, 0x7C, 0x07, 0xE0, 0x1F, 0x00, 0x7C, 0x03, 0xE0, 0x1F, 0x00, 0x7C, 0x03, 0xC0, 0x1F, 0x00, 0x7C, 0x00, 0x00, 0x1F, 0x00, 0x7C, 0x00, 0x00, 0x1F, 0x00, 0x7C, 0x00, 0x00, 0x1F, 0x00, 0x7C, 0x00, 0x00, 0x1F, 0x80, 0x7C, 0x00, 0x00, 0x1F, 0x80, 0x7C, 0x00, 0x00, 0x1F, 0x80, 0x7C, 0x00, 0x00, 0x1F, 0x80, 0x7C, 0x00, 0x00, 0x1F, 0x80, 0xFC, 0x00, 0x00, 0x1F, 0x80, 0xFC, 0x00, 0x00, 0x1F, 0x80, 0xFC, 0x00, 0x00, 0x1F, 0x80, 0xFC, 0x00, 0x00, 0x1F, 0x80, 0xFC, 0x00, 0x00, 0x1F, 0x80, 

/* Symbol 0xCD, offset 16966 */
    29, 59, 18,
    0xF8, 0x00, 0x00, 0xF8, 0xF8, 0x00, 0x00, 0xF8, 0xF8, 0x00, 0x00, 0xF8, 0xF8, 0x00, 0x00, 0xF8, 0xF8, 0x00, 0x00, 0xF8, 0xF8, 0x00, 0x00, 0xF8, 0xF8, 0x00, 0x00, 0xF8, 0xF8, 0x00, 0x00, 0xF8, 0xF8, 0x00, 0x00, 0xF8, 0xF8, 0x00, 0x00, 0xF8, 0xF8, 0x00, 0x00, 0xF8, 0xF8, 0x00, 0x00, 0xF8, 0xF8, 0x00, 0x00, 0xF8, 0xF8, 0x00, 0x00, 0xF8, 0xF8, 0x00, 0x00, 0xF8, 0xF8, 0x00, 0x00, 0xF8, 0xF8, 0x00, 0x00, 0xF8, 0xFF, 0xFF, 0xFF, 0xF8, 0xFF, 0xFF, 0xFF, 0xF8, 0xFF, 0xFF, 0xFF, 0xF8, 0xFF, 0xFF, 0xFF, 0xF8, 0xFF, 0xFF, 0xFF, 0xF8, 0xF8, 0x00, 0x00, 0xF8, 0xF8, 0x00, 0x00, 0xF8, 0xF8, 0x00, 0x00, 0xF8, 0xF8, 0x00, 0x00, 0xF8, 0xF8, 0x00, 0x00, 0xF8, 0xF8, 0x00, 0x00, 0xF8, 0xF8, 0x00, 0x00, 0xF8, 0xF8, 0x00, 0x00, 0xF8, 0xF8, 0x00, 0x00, 0xF8, 0xF8, 0x00, 0x00, 0xF8, 0xF8, 0x00, 0x00, 0xF8, 0xF8, 0x00, 0x00, 0xF8, 0xF8, 0x00, 0x00, 0xF8, 0xF8, 0x00, 0x00, 0xF8, 0xF8, 0x00, 0x00, 0xF8, 0xF8, 0x00, 0x00, 0xF8, 0xF8, 0x00, 0x00, 0xF8, 0xF8, 0x00, 0x00, 0xF8, 0xF8, 0x00, 0x00, 0xF8, 

/* Symbol 0xCE, offset 17133 */
    31, 60, 17,
    0x00, 0x0F, 0xF0, 0x00, 0x00, 0x7F, 0xFE, 0x00, 0x00, 0xFF, 0xFF, 0x00, 0x03, 0xFF, 0xFF, 0x80, 0x07, 0xFF, 0xFF, 0xC0, 0x0F, 0xF0, 0x1F, 0xE0, 0x0F, 0xC0, 0x07, 0xF0, 0x1F, 0x80, 0x03, 0xF0, 0x1F, 0x00, 0x01, 0xF8, 0x3F, 0x00, 0x00, 0xF8, 0x3E, 0x00, 0x00, 0xFC, 0x7E, 0x00, 0x00, 0xFC, 0x7C, 0x00, 0x00, 0x7C, 0x7C, 0x00, 0x00, 0x7C, 0x7C, 0x00, 0x00, 0x7C, 0xFC, 0x00, 0x00, 0x3E, 0xF8, 0x00, 0x00, 0x3E, 0xF8, 0x00, 0x00, 0x3E, 0xF8, 0x00, 0x00, 0x3E, 0xF8, 0x00, 0x00, 0x3E, 0xF8, 0x00, 0x00, 0x3E, 0xF8, 0x00, 0x00, 0x3E, 0xF8, 0x00, 0x00, 0x3E, 0xF8, 0x00, 0x00, 0x3E, 0xF8, 0x00, 0x00, 0x3E, 0xF8, 0x00, 0x00, 0x3E, 0xF8, 0x00, 0x00, 0x3E, 0xF8, 0x00, 0x00, 0x7E, 0x7C, 0x00, 0x00, 0x7C, 0x7C, 0x00, 0x00, 0x7C, 0x7C, 0x00, 0x00, 0x7C, 0x7E, 0x00, 0x00, 0xFC, 0x7E, 0x00, 0x00, 0xF8, 0x3F, 0x00, 0x01, 0xF8, 0x3F, 0x00, 0x01, 0xF0, 0x1F, 0x80, 0x03, 0xF0, 0x1F, 0xC0, 0x07, 0xE0, 0x0F, 0xF0, 0x1F, 0xC0, 0x07, 0xFF, 0xFF, 0xC0, 0x03, 0xFF, 0xFF, 0x80, 0x01, 0xFF, 0xFE, 0x00, 0x00, 0xFF, 0xFC, 0x00, 0x00, 0x1F, 0xE0, 0x00, 

/* Symbol 0xCF, offset 17308 */
    27, 59, 18,
    0xFF, 0xFF, 0xFF, 0xE0, 0xFF, 0xFF, 0xFF, 0xE0, 0xFF, 0xFF, 0xFF, 0xE0, 0xFF, 0xFF, 0xFF, 0xE0, 0xFF, 0xFF, 0xFF, 0xE0, 0xF8, 0x00, 0x03, 0xE0, 0xF8, 0x00, 0x03, 0xE0, 0xF8, 0x00, 0x03, 0xE0, 0xF8, 0x00, 0x03, 0xE0, 0xF8, 0x00, 0x03, 0xE0, 0xF8, 0x00, 0x03, 0xE0, 0xF8, 0x00, 0x03, 0xE0, 0xF8, 0x00, 0x03, 0xE0, 0xF8, 0x00, 0x03, 0xE0, 0xF8, 0x00, 0x03, 0xE0, 0xF8, 0x00, 0x03, 0xE0, 0xF8, 0x00, 0x03, 0xE0, 0xF8, 0x00, 0x03, 0xE0, 0xF8, 0x00, 0x03, 0xE0, 0xF8, 0x00, 0x03, 0xE0, 0xF8, 0x00, 0x03, 0xE0, 0xF8, 0x00, 0x03, 0xE0, 0xF8, 0x00, 0x03, 0xE0, 0xF8, 0x00, 0x03, 0xE0, 0xF8, 0x00, 0x03, 0xE0, 0xF8, 0x00, 0x03, 0xE0, 0xF8, 0x00, 0x03, 0xE0, 0xF8, 0x00, 0x03, 0xE0, 0xF8, 0x00, 0x03, 0xE0, 0xF8, 0x00, 0x03, 0xE0, 0xF8, 0x00, 0x03, 0xE0, 0xF8, 0x00, 0x03, 0xE0, 0xF8, 0x00, 0x03, 0xE0, 0xF8, 0x00, 0x03, 0xE0, 0xF8, 0x00, 0x03, 0xE0, 0xF8, 0x00, 0x03, 0xE0, 0xF8, 0x00, 0x03, 0xE0, 0xF8, 0x00, 0x03, 0xE0, 0xF8, 0x00, 0x03, 0xE0, 0xF8, 0x00, 0x03, 0xE0, 0xF8, 0x00, 0x03, 0xE0, 

/* Symbol 0xD0, offset 17475 */
    27, 59, 18,
    0xFF, 0xFF, 0x80, 0x00, 0xFF, 0xFF, 0xF0, 0x00, 0xFF, 0xFF, 0xFC, 0x00, 0xFF, 0xFF, 0xFE, 0x00, 0xFF, 0xFF, 0xFF, 0x00, 0xF8, 0x01, 0xFF, 0x80, 0xF8, 0x00, 0x3F, 0xC0, 0xF8, 0x00, 0x1F, 0xC0, 0xF8, 0x00, 0x0F, 0xC0, 0xF8, 0x00, 0x0F, 0xE0, 0xF8, 0x00, 0x07, 0xE0, 0xF8, 0x00, 0x07, 0xE0, 0xF8, 0x00, 0x07, 0xE0, 0xF8, 0x00, 0x07, 0xE0, 0xF8, 0x00, 0x07, 0xE0, 0xF8, 0x00, 0x07, 0xE0, 0xF8, 0x00, 0x0F, 0xC0, 0xF8, 0x00, 0x0F, 0xC0, 0xF8, 0x00, 0x1F, 0x80, 0xF8, 0x00, 0x7F, 0x80, 0xF8, 0x01, 0xFF, 0x00, 0xFF, 0xFF, 0xFE, 0x00, 0xFF, 0xFF, 0xFC, 0x00, 0xFF, 0xFF, 0xF8, 0x00, 0xFF, 0xFF, 0xE0, 0x00, 0xFF, 0xFE, 0x00, 0x00, 0xF8, 0x00, 0x00, 0x00, 0xF8, 0x00, 0x00, 0x00, 0xF8, 0x00, 0x00, 0x00, 0xF8, 0x00, 0x00, 0x00, 0xF8, 0x00, 0x00, 0x00, 0xF8, 0x00, 0x00, 0x00, 0xF8, 0x00, 0x00, 0x00, 0xF8, 0x00, 0x00, 0x00, 0xF8, 0x00, 0x00, 0x00, 0xF8, 0x00, 0x00, 0x00, 0xF8, 0x00, 0x00, 0x00, 0xF8, 0x00, 0x00, 0x00, 0xF8, 0x00, 0x00, 0x00, 0xF8, 0x00, 0x00, 0x00, 0xF8, 0x00, 0x00, 0x00, 

/* Symbol 0xD1, offset 17642 */
    28, 60, 17,
    0x00, 0x03, 0xFC, 0x00, 0x00, 0x1F, 0xFF, 0x80, 0x00, 0x7F, 0xFF, 0xE0, 0x01, 0xFF, 0xFF, 0xF0, 0x03, 0xFF, 0xFF, 0xF0, 0x07, 0xFE, 0x01, 0xF0, 0x0F, 0xF8, 0x00, 0x70, 0x0F, 0xE0, 0x00, 0x10, 0x1F, 0xC0, 0x00, 0x00, 0x1F, 0x80, 0x00, 0x00, 0x3F, 0x80, 0x00, 0x00, 0x3F, 0x00, 0x00, 0x00, 0x7F, 0x00, 0x00, 0x00, 0x7E, 0x00, 0x00, 0x00, 0x7E, 0x00, 0x00, 0x00, 0x7E, 0x00, 0x00, 0x00, 0xFC, 0x00, 0x00, 0x00, 0xFC, 0x00, 0x00, 0x00, 0xFC, 0x00, 0x00, 0x00, 0xFC, 0x00, 0x00, 0x00, 0xFC, 0x00, 0x00, 0x00, 0xFC, 0x00, 0x00, 0x00, 0xFC, 0x00, 0x00, 0x00, 0xFC, 0x00, 0x00, 0x00, 0xFC, 0x00, 0x00, 0x00, 0xFC, 0x00, 0x00, 0x00, 0xFC, 0x00, 0x00, 0x00, 0xFE, 0x00, 0x00, 0x00, 0x7E, 0x00, 0x00, 0x00, 0x7E, 0x00, 0x00, 0x00, 0x7E, 0x00, 0x00, 0x00, 0x7F, 0x00, 0x00, 0x00, 0x3F, 0x00, 0x00, 0x00, 0x3F, 0x80, 0x00, 0x00, 0x3F, 0xC0, 0x00, 0x00, 0x1F, 0xE0, 0x00, 0x00, 0x0F, 0xF0, 0x00, 0x10, 0x0F, 0xFE, 0x01, 0xF0, 0x07, 0xFF, 0xFF, 0xF0, 0x03, 0xFF, 0xFF, 0xF0, 0x00, 0xFF, 0xFF, 0xF0, 0x00, 0x3F, 0xFF, 0xE0, 0x00, 0x07, 0xFE, 0x00, 

/* Symbol 0xD2, offset 17817 */
    29, 59, 18,
    0xFF, 0xFF, 0xFF, 0xF8, 0xFF, 0xFF, 0xFF, 0xF8, 0xFF, 0xFF, 0xFF, 0xF8, 0xFF, 0xFF, 0xFF, 0xF8, 0xFF, 0xFF, 0xFF, 0xF8, 0x00, 0x0F, 0x80, 0x00, 0x00, 0x0F, 0x80, 0x00, 0x00, 0x0F, 0x80, 0x00, 0x00, 0x0F, 0x80, 0x00, 0x00, 0x0F, 0x80, 0x00, 0x00, 0x0F, 0x80, 0x00, 0x00, 0x0F, 0x80, 0x00, 0x00, 0x0F, 0x80, 0x00, 0x00, 0x0F, 0x80, 0x00, 0x00, 0x0F, 0x80, 0x00, 0x00, 0x0F, 0x80, 0x00, 0x00, 0x0F, 0x80, 0x00, 0x00, 0x0F, 0x80, 0x00, 0x00, 0x0F, 0x80, 0x00, 0x00, 0x0F, 0x80, 0x00, 0x00, 0x0F, 0x80, 0x00, 0x00, 0x0F, 0x80, 0x00, 0x00, 0x0F, 0x80, 0x00, 0x00, 0x0F, 0x80, 0x00, 0x00, 0x0F, 0x80, 0x00, 0x00, 0x0F, 0x80, 0x00, 0x00, 0x0F, 0x80, 0x00, 0x00, 0x0F, 0x80, 0x00, 0x00, 0x0F, 0x80, 0x00, 0x00, 0x0F, 0x80, 0x00, 0x00, 0x0F, 0x80, 0x00, 0x00, 0x0F, 0x80, 0x00, 0x00, 0x0F, 0x80, 0x00, 0x00, 0x0F, 0x80, 0x00, 0x00, 0x0F, 0x80, 0x00, 0x00, 0x0F, 0x80, 0x00, 0x00, 0x0F, 0x80, 0x00, 0x00, 0x0F, 0x80, 0x00, 0x00, 0x0F, 0x80, 0x00, 0x00, 0x0F, 0x80, 0x00, 0x00, 0x0F, 0x80, 0x00, 

/* Symbol 0xD3, offset 17984 */
    30, 60, 18,
    0xFC, 0x00, 0x00, 0xFC, 0xFE, 0x00, 0x00, 0xFC, 0x7E, 0x00, 0x00, 0xFC, 0x7F, 0x00, 0x01, 0xF8, 0x3F, 0x00, 0x01, 0xF8, 0x3F, 0x80, 0x01, 0xF0, 0x1F, 0x80, 0x03, 0xF0, 0x1F, 0x80, 0x03, 0xF0, 0x0F, 0xC0, 0x07, 0xE0, 0x0F, 0xC0, 0x07, 0xE0, 0x07, 0xE0, 0x07, 0xC0, 0x07, 0xE0, 0x0F, 0xC0, 0x03, 0xF0, 0x0F, 0xC0, 0x03, 0xF0, 0x0F, 0x80, 0x01, 0xF8, 0x1F, 0x80, 0x01, 0xF8, 0x1F, 0x00, 0x00, 0xFC, 0x3F, 0x00, 0x00, 0xFC, 0x3F, 0x00, 0x00, 0x7E, 0x3E, 0x00, 0x00, 0x7E, 0x7E, 0x00, 0x00, 0x3E, 0x7C, 0x00, 0x00, 0x3F, 0x7C, 0x00, 0x00, 0x1F, 0xFC, 0x00, 0x00, 0x1F, 0xF8, 0x00, 0x00, 0x0F, 0xF8, 0x00, 0x00, 0x0F, 0xF8, 0x00, 0x00, 0x07, 0xF0, 0x00, 0x00, 0x07, 0xF0, 0x00, 0x00, 0x03, 0xE0, 0x00, 0x00, 0x07, 0xE0, 0x00, 0x00, 0x07, 0xE0, 0x00, 0x00, 0x07, 0xC0, 0x00, 0x00, 0x0F, 0xC0, 0x00, 0x00, 0x1F, 0x80, 0x00, 0x00, 0x1F, 0x80, 0x00, 0x00, 0x3F, 0x00, 0x00, 0x20, 0xFF, 0x00, 0x00, 0x3F, 0xFE, 0x00, 0x00, 0x3F, 0xFC, 0x00, 0x00, 0x3F, 0xF8, 0x00, 0x00, 0x3F, 0xF0, 0x00, 0x00, 0x1F, 0xC0, 0x00, 0x00, 

/* Symbol 0xD4, offset 18155 */
    33, 60, 17,
    0x00, 0x03, 0xE0, 0x00, 0x00, 0x00, 0x03, 0xE0, 0x00, 0x00, 0x00, 0x03, 0xE0, 0x00, 0x00, 0x00, 0x03, 0xE0, 0x00, 0x00, 0x00, 0x1F, 0xFC, 0x00, 0x00, 0x00, 0xFF, 0xFF, 0x80, 0x00, 0x01, 0xFF, 0xFF, 0xE0, 0x00, 0x07, 0xFF, 0xFF, 0xF0, 0x00, 0x0F, 0xFF, 0xFF, 0xF8, 0x00, 0x1F, 0xF3, 0xE7, 0xFC, 0x00, 0x1F, 0x83, 0xE1, 0xFE, 0x00, 0x3F, 0x03, 0xE0, 0x7E, 0x00, 0x3E, 0x03, 0xE0, 0x3F, 0x00, 0x7E, 0x03, 0xE0, 0x3F, 0x00, 0x7C, 0x03, 0xE0, 0x1F, 0x00, 0x7C, 0x03, 0xE0, 0x1F, 0x00, 0xFC, 0x03, 0xE0, 0x1F, 0x80, 0xF8, 0x03, 0xE0, 0x0F, 0x80, 0xF8, 0x03, 0xE0, 0x0F, 0x80, 0xF8, 0x03, 0xE0, 0x0F, 0x80, 0xF8, 0x03, 0xE0, 0x0F, 0x80, 0xF8, 0x03, 0xE0, 0x0F, 0x80, 0xF8, 0x03, 0xE0, 0x0F, 0x80, 0xF8, 0x03, 0xE0, 0x0F, 0x80, 0xF8, 0x03, 0xE0, 0x0F, 0x80, 0xF8, 0x03, 0xE0, 0x0F, 0x80, 0xF8, 0x03, 0xE0, 0x1F, 0x80, 0x7C, 0x03, 0xE0, 0x1F, 0x00, 0x7C, 0x03, 0xE0, 0x1F, 0x00, 0x7E, 0x03, 0xE0, 0x3F, 0x00, 0x7E, 0x03, 0xE0, 0x3E, 0x00, 0x3F, 0x03, 0xE0, 0x7E, 0x00, 0x3F, 0x83, 0xE1, 0xFC, 0x00, 0x1F, 0xE3, 0xE7, 0xF8, 0x00, 0x0F, 0xFF, 0xFF, 0xF8, 0x00, 0x07, 0xFF, 0xFF, 0xF0, 0x00, 0x03, 0xFF, 0xFF, 0xC0, 0x00, 0x00, 0xFF, 0xFF, 0x00, 0x00, 0x00, 0x1F, 0xFC, 0x00, 0x00, 0x00, 0x03, 0xE0, 0x00, 0x00, 0x00, 0x03, 0xE0, 0x00, 0x00, 0x00, 0x03, 0xE0, 0x00, 0x00, 0x00, 0x03, 0xE0, 0x00, 0x00, 

/* Symbol 0xD5, offset 18373 */
    33, 59, 18,
    0x7F, 0x00, 0x00, 0x7F, 0x00, 0x3F, 0x80, 0x00, 0x7E, 0x00, 0x1F, 0x80, 0x00, 0xFC, 0x00, 0x1F, 0xC0, 0x01, 0xFC, 0x00, 0x0F, 0xC0, 0x01, 0xF8, 0x00, 0x0F, 0xE0, 0x03, 0xF8, 0x00, 0x07, 0xF0, 0x03, 0xF0, 0x00, 0x03, 0xF0, 0x07, 0xE0, 0x00, 0x03, 0xF8, 0x0F, 0xE0, 0x00, 0x01, 0xF8, 0x0F, 0xC0, 0x00, 0x01, 0xFC, 0x1F, 0xC0, 0x00, 0x00, 0xFE, 0x3F, 0x80, 0x00, 0x00, 0x7E, 0x3F, 0x00, 0x00, 0x00, 0x7F, 0x7F, 0x00, 0x00, 0x00, 0x3F, 0xFE, 0x00, 0x00, 0x00, 0x3F, 0xFE, 0x00, 0x00, 0x00, 0x1F, 0xFC, 0x00, 0x00, 0x00, 0x0F, 0xF8, 0x00, 0x00, 0x00, 0x0F, 0xF8, 0x00, 0x00, 0x00, 0x07, 0xF0, 0x00, 0x00, 0x00, 0x07, 0xF0, 0x00, 0x00, 0x00, 0x0F, 0xF8, 0x00, 0x00, 0x00, 0x0F, 0xF8, 0x00, 0x00, 0x00, 0x1F, 0xFC, 0x00, 0x00, 0x00, 0x3F, 0xFE, 0x00, 0x00, 0x00, 0x3F, 0x7E, 0x00, 0x00, 0x00, 0x7F, 0x7F, 0x00, 0x00, 0x00, 0xFE, 0x3F, 0x80, 0x00, 0x00, 0xFE, 0x3F, 0x80, 0x00, 0x01, 0xFC, 0x1F, 0xC0, 0x00, 0x01, 0xF8, 0x0F, 0xC0, 0x00, 0x03, 0xF8, 0x0F, 0xE0, 0x00, 0x07, 0xF0, 0x07, 0xF0, 0x00, 0x07, 0xF0, 0x07, 0xF0, 0x00, 0x0F, 0xE0, 0x03, 0xF8, 0x00, 0x1F, 0xC0, 0x01, 0xFC, 0x00, 0x1F, 0xC0, 0x01, 0xFC, 0x00, 0x3F, 0x80, 0x00, 0xFE, 0x00, 0x3F, 0x00, 0x00, 0xFE, 0x00, 0x7F, 0x00, 0x00, 0x7F, 0x00, 0xFE, 0x00, 0x00, 0x3F, 0x80, 

/* Symbol 0xD6, offset 18581 */
    30, 68, 18,
    0xF8, 0x00, 0x07, 0xC0, 0xF8, 0x00, 0x07, 0xC0, 0xF8, 0x00, 0x07, 0xC0, 0xF8, 0x00, 0x07, 0xC0, 0xF8, 0x00, 0x07, 0xC0, 0xF8, 0x00, 0x07, 0xC0, 0xF8, 0x00, 0x07, 0xC0, 0xF8, 0x00, 0x07, 0xC0, 0xF8, 0x00, 0x07, 0xC0, 0xF8, 0x00, 0x07, 0xC0, 0xF8, 0x00, 0x07, 0xC0, 0xF8, 0x00, 0x07, 0xC0, 0xF8, 0x00, 0x07, 0xC0, 0xF8, 0x00, 0x07, 0xC0, 0xF8, 0x00, 0x07, 0xC0, 0xF8, 0x00, 0x07, 0xC0, 0xF8, 0x00, 0x07, 0xC0, 0xF8, 0x00, 0x07, 0xC0, 0xF8, 0x00, 0x07, 0xC0, 0xF8, 0x00, 0x07, 0xC0, 0xF8, 0x00, 0x07, 0xC0, 0xF8, 0x00, 0x07, 0xC0, 0xF8, 0x00, 0x07, 0xC0, 0xF8, 0x00, 0x07, 0xC0, 0xF8, 0x00, 0x07, 0xC0, 0xF8, 0x00, 0x07, 0xC0, 0xF8, 0x00, 0x07, 0xC0, 0xF8, 0x00, 0x07, 0xC0, 0xF8, 0x00, 0x07, 0xC0, 0xF8, 0x00, 0x07, 0xC0, 0xF8, 0x00, 0x07, 0xC0, 0xF8, 0x00, 0x07, 0xC0, 0xF8, 0x00, 0x07, 0xC0, 0xF8, 0x00, 0x07, 0xC0, 0xF8, 0x00, 0x07, 0xC0, 0xF8, 0x00, 0x07, 0xC0, 0xFF, 0xFF, 0xFF, 0xFC, 0xFF, 0xFF, 0xFF, 0xFC, 0xFF, 0xFF, 0xFF, 0xFC, 0xFF, 0xFF, 0xFF, 0xFC, 0xFF, 0xFF, 0xFF, 0xFC, 0x00, 0x00, 0x00, 0x7C, 0x00, 0x00, 0x00, 0x7C, 0x00, 0x00, 0x00, 0x7C, 0x00, 0x00, 0x00, 0x7C, 0x00, 0x00, 0x00, 0x7C, 0x00, 0x00, 0x00, 0x7C, 0x00, 0x00, 0x00, 0x7C, 0x00, 0x00, 0x00, 0x7C, 0x00, 0x00, 0x00, 0x7C, 

/* Symbol 0xD7, offset 18784 */
    28, 59, 18,
    0xF8, 0x00, 0x01, 0xF0, 0xF8, 0x00, 0x01, 0xF0, 0xF8, 0x00, 0x01, 0xF0, 0xF8, 0x00, 0x01, 0xF0, 0xF8, 0x00, 0x01, 0xF0, 0xF8, 0x00, 0x01, 0xF0, 0xF8, 0x00, 0x01, 0xF0, 0xF8, 0x00, 0x01, 0xF0, 0xF8, 0x00, 0x01, 0xF0, 0xF8, 0x00, 0x01, 0xF0, 0xF8, 0x00, 0x01, 0xF0, 0xF8, 0x00, 0x01, 0xF0, 0xF8, 0x00, 0x01, 0xF0, 0xF8, 0x00, 0x01, 0xF0, 0xFC, 0x00, 0x01, 0xF0, 0x7C, 0x00, 0x01, 0xF0, 0x7C, 0x00, 0x01, 0xF0, 0x7E, 0x00, 0x01, 0xF0, 0x3F, 0x00, 0x01, 0xF0, 0x3F, 0xC0, 0x1F, 0xF0, 0x1F, 0xFF, 0xFF, 0xF0, 0x0F, 0xFF, 0xFF, 0xF0, 0x07, 0xFF, 0xFF, 0xF0, 0x03, 0xFF, 0xFF, 0xF0, 0x00, 0x7F, 0xE1, 0xF0, 0x00, 0x00, 0x01, 0xF0, 0x00, 0x00, 0x01, 0xF0, 0x00, 0x00, 0x01, 0xF0, 0x00, 0x00, 0x01, 0xF0, 0x00, 0x00, 0x01, 0xF0, 0x00, 0x00, 0x01, 0xF0, 0x00, 0x00, 0x01, 0xF0, 0x00, 0x00, 0x01, 0xF0, 0x00, 0x00, 0x01, 0xF0, 0x00, 0x00, 0x01, 0xF0, 0x00, 0x00, 0x01, 0xF0, 0x00, 0x00, 0x01, 0xF0, 0x00, 0x00, 0x01, 0xF0, 0x00, 0x00, 0x01, 0xF0, 0x00, 0x00, 0x01, 0xF0, 0x00, 0x00, 0x01, 0xF0, 

/* Symbol 0xD8, offset 18951 */
    29, 59, 18,
    0xF8, 0x0F, 0x80, 0xF8, 0xF8, 0x0F, 0x80, 0xF8, 0xF8, 0x0F, 0x80, 0xF8, 0xF8, 0x0F, 0x80, 0xF8, 0xF8, 0x0F, 0x80, 0xF8, 0xF8, 0x0F, 0x80, 0xF8, 0xF8, 0x0F, 0x80, 0xF8, 0xF8, 0x0F, 0x80, 0xF8, 0xF8, 0x0F, 0x80, 0xF8, 0xF8, 0x0F, 0x80, 0xF8, 0xF8, 0x0F, 0x80, 0xF8, 0xF8, 0x0F, 0x80, 0xF8, 0xF8, 0x0F, 0x80, 0xF8, 0xF8, 0x0F, 0x80, 0xF8, 0xF8, 0x0F, 0x80, 0xF8, 0xF8, 0x0F, 0x80, 0xF8, 0xF8, 0x0F, 0x80, 0xF8, 0xF8, 0x0F, 0x80, 0xF8, 0xF8, 0x0F, 0x80, 0xF8, 0xF8, 0x0F, 0x80, 0xF8, 0xF8, 0x0F, 0x80, 0xF8, 0xF8, 0x0F, 0x80, 0xF8, 0xF8, 0x0F, 0x80, 0xF8, 0xF8, 0x0F, 0x80, 0xF8, 0xF8, 0x0F, 0x80, 0xF8, 0xF8, 0x0F, 0x80, 0xF8, 0xF8, 0x0F, 0x80, 0xF8, 0xF8, 0x0F, 0x80, 0xF8, 0xF8, 0x0F, 0x80, 0xF8, 0xF8, 0x0F, 0x80, 0xF8, 0xF8, 0x0F, 0x80, 0xF8, 0xF8, 0x0F, 0x80, 0xF8, 0xF8, 0x0F, 0x80, 0xF8, 0xF8, 0x0F, 0x80, 0xF8, 0xF8, 0x0F, 0x80, 0xF8, 0xF8, 0x0F, 0x80, 0xF8, 0xFF, 0xFF, 0xFF, 0xF8, 0xFF, 0xFF, 0xFF, 0xF8, 0xFF, 0xFF, 0xFF, 0xF8, 0xFF, 0xFF, 0xFF, 0xF8, 0xFF, 0xFF, 0xFF, 0xF8, 

/* Symbol 0xD9, offset 19118 */
    32, 68, 18,
    0xF8, 0x0F, 0x80, 0xF8, 0xF8, 0x0F, 0x80, 0xF8, 0xF8, 0x0F, 0x80, 0xF8, 0xF8, 0x0F, 0x80, 0xF8, 0xF8, 0x0F, 0x80, 0xF8, 0xF8, 0x0F, 0x80, 0xF8, 0xF8, 0x0F, 0x80, 0xF8, 0xF8, 0x0F, 0x80, 0xF8, 0xF8, 0x0F, 0x80, 0xF8, 0xF8, 0x0F, 0x80, 0xF8, 0xF8, 0x0F, 0x80, 0xF8, 0xF8, 0x0F, 0x80, 0xF8, 0xF8, 0x0F, 0x80, 0xF8, 0xF8, 0x0F, 0x80, 0xF8, 0xF8, 0x0F, 0x80, 0xF8, 0xF8, 0x0F, 0x80, 0xF8, 0xF8, 0x0F, 0x80, 0xF8, 0xF8, 0x0F, 0x80, 0xF8, 0xF8, 0x0F, 0x80, 0xF8, 0xF8, 0x0F, 0x80, 0xF8, 0xF8, 0x0F, 0x80, 0xF8, 0xF8, 0x0F, 0x80, 0xF8, 0xF8, 0x0F, 0x80, 0xF8, 0xF8, 0x0F, 0x80, 0xF8, 0xF8, 0x0F, 0x80, 0xF8, 0xF8, 0x0F, 0x80, 0xF8, 0xF8, 0x0F, 0x80, 0xF8, 0xF8, 0x0F, 0x80, 0xF8, 0xF8, 0x0F, 0x80, 0xF8, 0xF8, 0x0F, 0x80, 0xF8, 0xF8, 0x0F, 0x80, 0xF8, 0xF8, 0x0F, 0x80, 0xF8, 0xF8, 0x0F, 0x80, 0xF8, 0xF8, 0x0F, 0x80, 0xF8, 0xF8, 0x0F, 0x80, 0xF8, 0xF8, 0x0F, 0x80, 0xF8, 0xFF, 0xFF, 0xFF, 0xFF, 0xFF, 0xFF, 0xFF, 0xFF, 0xFF, 0xFF, 0xFF, 0xFF, 0xFF, 0xFF, 0xFF, 0xFF, 0xFF, 0xFF, 0xFF, 0xFF, 0x00, 0x00, 0x00, 0x1F, 0x00, 0x00, 0x00, 0x1F, 0x00, 0x00, 0x00, 0x1F, 0x00, 0x00, 0x00, 0x1F, 0x00, 0x00, 0x00, 0x1F, 0x00, 0x00, 0x00, 0x1F, 0x00, 0x00, 0x00, 0x1F, 0x00, 0x00, 0x00, 0x1F, 0x00, 0x00, 0x00, 0x1F, 

/* Symbol 0xDA, offset 19321 */
    32, 59, 18,
    0xFF, 0xF0, 0x00, 0x00, 0xFF, 0xF0, 0x00, 0x00, 0xFF, 0xF0, 0x00, 0x00, 0xFF, 0xF0, 0x00, 0x00, 0xFF, 0xF0, 0x00, 0x00, 0x01, 0xF0, 0x00, 0x00, 0x01, 0xF0, 0x00, 0x00, 0x01, 0xF0, 0x00, 0x00, 0x01, 0xF0, 0x00, 0x00, 0x01, 0xF0, 0x00, 0x00, 0x01, 0xF0, 0x00, 0x00, 0x01, 0xF0, 0x00, 0x00, 0x01, 0xF0, 0x00, 0x00, 0x01, 0xF0, 0x00, 0x00, 0x01, 0xF0, 0x00, 0x00, 0x01, 0xF0, 0x00, 0x00, 0x01, 0xFF, 0xFC, 0x00, 0x01, 0xFF, 0xFF, 0x80, 0x01, 0xFF, 0xFF, 0xE0, 0x01, 0xFF, 0xFF, 0xF0, 0x01, 0xFF, 0xFF, 0xF8, 0x01, 0xF0, 0x07, 0xFC, 0x01, 0xF0, 0x01, 0xFE, 0x01, 0xF0, 0x00, 0xFE, 0x01, 0xF0, 0x00, 0x7F, 0x01, 0xF0, 0x00, 0x3F, 0x01, 0xF0, 0x00, 0x3F, 0x01, 0xF0, 0x00, 0x3F, 0x01, 0xF0, 0x00, 0x3F, 0x01, 0xF0, 0x00, 0x3F, 0x01, 0xF0, 0x00, 0x3F, 0x01, 0xF0, 0x00, 0x7F, 0x01, 0xF0, 0x00, 0x7E, 0x01, 0xF0, 0x00, 0xFE, 0x01, 0xF0, 0x01, 0xFC, 0x01, 0xF0, 0x07, 0xFC, 0x01, 0xFF, 0xFF, 0xF8, 0x01, 0xFF, 0xFF, 0xF0, 0x01, 0xFF, 0xFF, 0xC0, 0x01, 0xFF, 0xFF, 0x80, 0x01, 0xFF, 0xF8, 0x00, 

/* Symbol 0xDB, offset 19488 */
    29, 59, 18,
    0xF8, 0x00, 0x00, 0xF8, 0xF8, 0x00, 0x00, 0xF8, 0xF8, 0x00, 0x00, 0xF8, 0xF8, 0x00, 0x00, 0xF8, 0xF8, 0x00, 0x00, 0xF8, 0xF8, 0x00, 0x00, 0xF8, 0xF8, 0x00, 0x00, 0xF8, 0xF8, 0x00, 0x00, 0xF8, 0xF8, 0x00, 0x00, 0xF8, 0xF8, 0x00, 0x00, 0xF8, 0xF8, 0x00, 0x00, 0xF8, 0xF8, 0x00, 0x00, 0xF8, 0xF8, 0x00, 0x00, 0xF8, 0xF8, 0x00, 0x00, 0xF8, 0xF8, 0x00, 0x00, 0xF8, 0xF8, 0x00, 0x00, 0xF8, 0xFF, 0xF8, 0x00, 0xF8, 0xFF, 0xFE, 0x00, 0xF8, 0xFF, 0xFF, 0x80, 0xF8, 0xFF, 0xFF, 0xC0, 0xF8, 0xFF, 0xFF, 0xE0, 0xF8, 0xF8, 0x0F, 0xF0, 0xF8, 0xF8, 0x03, 0xF0, 0xF8, 0xF8, 0x01, 0xF0, 0xF8, 0xF8, 0x01, 0xF8, 0xF8, 0xF8, 0x00, 0xF8, 0xF8, 0xF8, 0x00, 0xF8, 0xF8, 0xF8, 0x00, 0xF8, 0xF8, 0xF8, 0x00, 0xF8, 0xF8, 0xF8, 0x00, 0xF8, 0xF8, 0xF8, 0x00, 0xF8, 0xF8, 0xF8, 0x00, 0xF8, 0xF8, 0xF8, 0x01, 0xF0, 0xF8, 0xF8, 0x01, 0xF0, 0xF8, 0xF8, 0x03, 0xF0, 0xF8, 0xF8, 0x0F, 0xE0, 0xF8, 0xFF, 0xFF, 0xE0, 0xF8, 0xFF, 0xFF, 0xC0, 0xF8, 0xFF, 0xFF, 0x80, 0xF8, 0xFF, 0xFE, 0x00, 0xF8, 0xFF, 0xF0, 0x00, 0xF8, 

/* Symbol 0xDC, offset 19655 */
    28, 59, 18,
    0xF8, 0x00, 0x00, 0x00, 0xF8, 0x00, 0x00, 0x00, 0xF8, 0x00, 0x00, 0x00, 0xF8, 0x00, 0x00, 0x00, 0xF8, 0x00, 0x00, 0x00, 0xF8, 0x00, 0x00, 0x00, 0xF8, 0x00, 0x00, 0x00, 0xF8, 0x00, 0x00, 0x00, 0xF8, 0x00, 0x00, 0x00, 0xF8, 0x00, 0x00, 0x00, 0xF8, 0x00, 0x00, 0x00, 0xF8, 0x00, 0x00, 0x00, 0xF8, 0x00, 0x00, 0x00, 0xF8, 0x00, 0x00, 0x00, 0xF8, 0x00, 0x00, 0x00, 0xF8, 0x00, 0x00, 0x00, 0xFF, 0xFF, 0x80, 0x00, 0xFF, 0xFF, 0xF8, 0x00, 0xFF, 0xFF, 0xFE, 0x00, 0xFF, 0xFF, 0xFF, 0x00, 0xFF, 0xFF, 0xFF, 0x80, 0xF8, 0x00, 0xFF, 0xC0, 0xF8, 0x00, 0x1F, 0xE0, 0xF8, 0x00, 0x0F, 0xE0, 0xF8, 0x00, 0x07, 0xE0, 0xF8, 0x00, 0x03, 0xF0, 0xF8, 0x00, 0x03, 0xF0, 0xF8, 0x00, 0x03, 0xF0, 0xF8, 0x00, 0x03, 0xF0, 0xF8, 0x00, 0x03, 0xF0, 0xF8, 0x00, 0x03, 0xF0, 0xF8, 0x00, 0x07, 0xF0, 0xF8, 0x00, 0x07, 0xE0, 0xF8, 0x00, 0x0F, 0xE0, 0xF8, 0x00, 0x1F, 0xC0, 0xF8, 0x00, 0xFF, 0xC0, 0xFF, 0xFF, 0xFF, 0x80, 0xFF, 0xFF, 0xFF, 0x00, 0xFF, 0xFF, 0xFC, 0x00, 0xFF, 0xFF, 0xF0, 0x00, 0xFF, 0xFF, 0x80, 0x00, 

/* Symbol 0xDD, offset 19822 */
    29, 60, 17,
    0x07, 0xFF, 0x00, 0x00, 0x7F, 0xFF, 0xE0, 0x00, 0xFF, 0xFF, 0xF8, 0x00, 0xFF, 0xFF, 0xFC, 0x00, 0xFF, 0xFF, 0xFF, 0x00, 0xF8, 0x03, 0xFF, 0x00, 0x80, 0x00, 0x7F, 0x80, 0x00, 0x00, 0x3F, 0xC0, 0x00, 0x00, 0x0F, 0xC0, 0x00, 0x00, 0x0F, 0xE0, 0x00, 0x00, 0x07, 0xE0, 0x00, 0x00, 0x07, 0xF0, 0x00, 0x00, 0x03, 0xF0, 0x00, 0x00, 0x03, 0xF0, 0x00, 0x00, 0x03, 0xF0, 0x00, 0x00, 0x01, 0xF8, 0x00, 0x00, 0x01, 0xF8, 0x00, 0x00, 0x01, 0xF8, 0x1F, 0xFF, 0xFF, 0xF8, 0x1F, 0xFF, 0xFF, 0xF8, 0x1F, 0xFF, 0xFF, 0xF8, 0x1F, 0xFF, 0xFF, 0xF8, 0x1F, 0xFF, 0xFF, 0xF8, 0x00, 0x00, 0x01, 0xF8, 0x00, 0x00, 0x01, 0xF8, 0x00, 0x00, 0x01, 0xF8, 0x00, 0x00, 0x01, 0xF8, 0x00, 0x00, 0x01, 0xF8, 0x00, 0x00, 0x03, 0xF0, 0x00, 0x00, 0x03, 0xF0, 0x00, 0x00, 0x03, 0xF0, 0x00, 0x00, 0x07, 0xF0, 0x00, 0x00, 0x07, 0xE0, 0x00, 0x00, 0x0F, 0xE0, 0x00, 0x00, 0x1F, 0xC0, 0x80, 0x00, 0x3F, 0xC0, 0xE0, 0x00, 0x7F, 0x80, 0xFC, 0x03, 0xFF, 0x00, 0xFF, 0xFF, 0xFE, 0x00, 0xFF, 0xFF, 0xFC, 0x00, 0x7F, 0xFF, 0xF8, 0x00, 0x1F, 0xFF, 0xE0, 0x00, 0x03, 0xFE, 0x00, 0x00, 

/* Symbol 0xDE, offset 19997 */
    31, 60, 17,
    0x00, 0x00, 0x3F, 0x00, 0xF8, 0x00, 0xFF, 0xC0, 0xF8, 0x01, 0xFF, 0xE0, 0xF8, 0x03, 0xFF, 0xF0, 0xF8, 0x03, 0xFF, 0xF8, 0xF8, 0x07, 0xE1, 0xF8, 0xF8, 0x07, 0xC0, 0xFC, 0xF8, 0x0F, 0xC0, 0x7C, 0xF8, 0x0F, 0x80, 0x7C, 0xF8, 0x0F, 0x80, 0x7C, 0xF8, 0x0F, 0x80, 0x7C, 0xF8, 0x0F, 0x80, 0x3E, 0xF8, 0x1F, 0x00, 0x3E, 0xF8, 0x1F, 0x00, 0x3E, 0xF8, 0x1F, 0x00, 0x3E, 0xF8, 0x1F, 0x00, 0x3E, 0xF8, 0x1F, 0x00, 0x3E, 0xF8, 0x1F, 0x00, 0x3E, 0xFF, 0xFF, 0x00, 0x3E, 0xFF, 0xFF, 0x00, 0x3E, 0xFF, 0xFF, 0x00, 0x3E, 0xFF, 0xFF, 0x00, 0x3E, 0xFF, 0xFF, 0x00, 0x3E, 0xF8, 0x1F, 0x00, 0x3E, 0xF8, 0x1F, 0x00, 0x3E, 0xF8, 0x1F, 0x00, 0x3E, 0xF8, 0x1F, 0x00, 0x3E, 0xF8, 0x1F, 0x00, 0x3E, 0xF8, 0x1F, 0x00, 0x3E, 0xF8, 0x1F, 0x00, 0x3E, 0xF8, 0x1F, 0x00, 0x3E, 0xF8, 0x1F, 0x00, 0x7C, 0xF8, 0x0F, 0x80, 0x7C, 0xF8, 0x0F, 0x80, 0x7C, 0xF8, 0x0F, 0x80, 0x7C, 0xF8, 0x0F, 0xC0, 0xFC, 0xF8, 0x07, 0xC0, 0xF8, 0xF8, 0x07, 0xE1, 0xF8, 0xF8, 0x07, 0xFF, 0xF0, 0xF8, 0x03, 0xFF, 0xF0, 0xF8, 0x01, 0xFF, 0xE0, 0xF8, 0x00, 0xFF, 0xC0, 0x00, 0x00, 0x3F, 0x00, 

/* Symbol 0xDF, offset 20172 */
    26, 59, 18,
    0x00, 0x1F, 0xFF, 0xC0, 0x00, 0xFF, 0xFF, 0xC0, 0x01, 0xFF, 0xFF, 0xC0, 0x07, 0xFF, 0xFF, 0xC0, 0x0F, 0xFF, 0xFF, 0xC0, 0x0F, 0xF0, 0x07, 0xC0, 0x1F, 0xC0, 0x07, 0xC0, 0x1F, 0x80, 0x07, 0xC0, 0x1F, 0x80, 0x07, 0xC0, 0x3F, 0x00, 0x07, 0xC0, 0x3F, 0x00, 0x07, 0xC0, 0x3F, 0x00, 0x07, 0xC0, 0x3F, 0x00, 0x07, 0xC0, 0x3F, 0x00, 0x07, 0xC0, 0x3F, 0x00, 0x07, 0xC0, 0x3F, 0x00, 0x07, 0xC0, 0x1F, 0x80, 0x07, 0xC0, 0x1F, 0xC0, 0x07, 0xC0, 0x1F, 0xE0, 0x07, 0xC0, 0x0F, 0xF8, 0x07, 0xC0, 0x07, 0xFF, 0xFF, 0xC0, 0x03, 0xFF, 0xFF, 0xC0, 0x01, 0xFF, 0xFF, 0xC0, 0x00, 0x7F, 0xFF, 0xC0, 0x00, 0xFF, 0xFF, 0xC0, 0x03, 0xFC, 0x07, 0xC0, 0x03, 0xF0, 0x07, 0xC0, 0x07, 0xE0, 0x07, 0xC0, 0x07, 0xE0, 0x07, 0xC0, 0x0F, 0xC0, 0x07, 0xC0, 0x0F, 0xC0, 0x07, 0xC0, 0x1F, 0x80, 0x07, 0xC0, 0x1F, 0x80, 0x07, 0xC0, 0x1F, 0x80, 0x07, 0xC0, 0x3F, 0x00, 0x07, 0xC0, 0x3F, 0x00, 0x07, 0xC0, 0x3F, 0x00, 0x07, 0xC0, 0x7E, 0x00, 0x07, 0xC0, 0x7E, 0x00, 0x07, 0xC0, 0x7E, 0x00, 0x07, 0xC0, 0xFC, 0x00, 0x07, 0xC0, 

/* Symbol 0xE0, offset 20339 */
    25, 60, 27,
    0x00, 0xFF, 0xC0, 0x00, 0x0F, 0xFF, 0xF0, 0x00, 0x1F, 0xFF, 0xFC, 0x00, 0x1F, 0xFF, 0xFE, 0x00, 0x1F, 0xFF, 0xFF, 0x00, 0x1F, 0x00, 0x7F, 0x00, 0x10, 0x00, 0x3F, 0x00, 0x00, 0x00, 0x1F, 0x80, 0x00, 0x00, 0x0F, 0x80, 0x00, 0x00, 0x0F, 0x80, 0x00, 0x00, 0x0F, 0x80, 0x00, 0x00, 0x0F, 0x80, 0x00, 0x00, 0x0F, 0x80, 0x00, 0x7F, 0xFF, 0x80, 0x03, 0xFF, 0xFF, 0x80, 0x0F, 0xFF, 0xFF, 0x80, 0x1F, 0xFF, 0xFF, 0x80, 0x3F, 0xFF, 0xFF, 0x80, 0x7F, 0xC0, 0x0F, 0x80, 0x7F, 0x00, 0x0F, 0x80, 0xFE, 0x00, 0x0F, 0x80, 0xFC, 0x00, 0x0F, 0x80, 0xFC, 0x00, 0x0F, 0x80, 0xFC, 0x00, 0x0F, 0x80, 0xFC, 0x00, 0x1F, 0x80, 0xFC, 0x00, 0x7F, 0x80, 0xFE, 0x00, 0xFF, 0x80, 0x7F, 0x03, 0xFF, 0x80, 0x7F, 0xFF, 0xFF, 0x80, 0x3F, 0xFF, 0xEF, 0x80, 0x1F, 0xFF, 0xCF, 0x80, 0x0F, 0xFF, 0x07, 0x80, 0x03, 0xF8, 0x00, 0x00, 

/* Symbol 0xE1, offset 20474 */
    28, 60, 14,
    0x00, 0x00, 0x07, 0x80, 0x00, 0x01, 0xFF, 0x80, 0x00, 0x1F, 0xFF, 0x80, 0x00, 0x7F, 0xFF, 0x80, 0x00, 0xFF, 0xFF, 0x80, 0x03, 0xFF, 0xFE, 0x00, 0x07, 0xFE, 0x00, 0x00, 0x07, 0xF0, 0x00, 0x00, 0x0F, 0xC0, 0x00, 0x00, 0x1F, 0x80, 0x00, 0x00, 0x1F, 0x00, 0x00, 0x00, 0x3E, 0x00, 0x00, 0x00, 0x3E, 0x00, 0x00, 0x00, 0x3C, 0x00, 0x00, 0x00, 0x7C, 0x00, 0x00, 0x00, 0x7C, 0x0F, 0xE0, 0x00, 0x78, 0x3F, 0xFC, 0x00, 0x78, 0xFF, 0xFE, 0x00, 0xF9, 0xFF, 0xFF, 0x00, 0xFB, 0xFF, 0xFF, 0x80, 0xFF, 0xF0, 0x3F, 0xC0, 0xFF, 0xC0, 0x0F, 0xC0, 0xFF, 0x80, 0x07, 0xE0, 0xFF, 0x00, 0x07, 0xE0, 0xFE, 0x00, 0x03, 0xE0, 0xFC, 0x00, 0x03, 0xF0, 0xF8, 0x00, 0x01, 0xF0, 0xF8, 0x00, 0x01, 0xF0, 0xF8, 0x00, 0x01, 0xF0, 0xF8, 0x00, 0x01, 0xF0, 0xF8, 0x00, 0x01, 0xF0, 0xF8, 0x00, 0x01, 0xF0, 0xF8, 0x00, 0x01, 0xF0, 0x7C, 0x00, 0x01, 0xF0, 0x7C, 0x00, 0x03, 0xF0, 0x7C, 0x00, 0x03, 0xE0, 0x7E, 0x00, 0x03, 0xE0, 0x3E, 0x00, 0x07, 0xE0, 0x3F, 0x00, 0x0F, 0xC0, 0x3F, 0x80, 0x1F, 0xC0, 0x1F, 0xE0, 0x7F, 0x80, 0x0F, 0xFF, 0xFF, 0x00, 0x0F, 0xFF, 0xFE, 0x00, 0x03, 0xFF, 0xFC, 0x00, 0x01, 0xFF, 0xF0, 0x00, 0x00, 0x3F, 0x80, 0x00, 

/* Symbol 0xE2, offset 20661 */
    27, 60, 27,
    0x3F, 0xFF, 0xC0, 0x00, 0xFF, 0xFF, 0xF8, 0x00, 0xFF, 0xFF, 0xFC, 0x00, 0xFF, 0xFF, 0xFF, 0x00, 0xFF, 0xFF, 0xFF, 0x00, 0xF8, 0x00, 0x7F, 0x80, 0xF8, 0x00, 0x1F, 0x80, 0xF8, 0x00, 0x0F, 0x80, 0xF8, 0x00, 0x0F, 0x80, 0xF8, 0x00, 0x0F, 0x80, 0xF8, 0x00, 0x0F, 0x80, 0xF8, 0x00, 0x1F, 0x00, 0xF8, 0x00, 0x7E, 0x00, 0xFF, 0xFF, 0xFC, 0x00, 0xFF, 0xFF, 0xF0, 0x00, 0xFF, 0xFF, 0xF8, 0x00, 0xFF, 0xFF, 0xFE, 0x00, 0xFF, 0xFF, 0xFF, 0x80, 0xF8, 0x00, 0x7F, 0xC0, 0xF8, 0x00, 0x1F, 0xC0, 0xF8, 0x00, 0x0F, 0xE0, 0xF8, 0x00, 0x07, 0xE0, 0xF8, 0x00, 0x07, 0xE0, 0xF8, 0x00, 0x07, 0xE0, 0xF8, 0x00, 0x07, 0xE0, 0xF8, 0x00, 0x0F, 0xE0, 0xF8, 0x00, 0x1F, 0xC0, 0xF8, 0x00, 0x7F, 0xC0, 0xFF, 0xFF, 0xFF, 0x80, 0xFF, 0xFF, 0xFF, 0x00, 0xFF, 0xFF, 0xFE, 0x00, 0xFF, 0xFF, 0xF8, 0x00, 0x3F, 0xFF, 0x80, 0x00, 

/* Symbol 0xE3, offset 20796 */
    22, 59, 28,
    0xFF, 0xFF, 0xFC, 0xFF, 0xFF, 0xFC, 0xFF, 0xFF, 0xFC, 0xFF, 0xFF, 0xFC, 0xFF, 0xFF, 0xFC, 0xF8, 0x00, 0x00, 0xF8, 0x00, 0x00, 0xF8, 0x00, 0x00, 0xF8, 0x00, 0x00, 0xF8, 0x00, 0x00, 0xF8, 0x00, 0x00, 0xF8, 0x00, 0x00, 0xF8, 0x00, 0x00, 0xF8, 0x00, 0x00, 0xF8, 0x00, 0x00, 0xF8, 0x00, 0x00, 0xF8, 0x00, 0x00, 0xF8, 0x00, 0x00, 0xF8, 0x00, 0x00, 0xF8, 0x00, 0x00, 0xF8, 0x00, 0x00, 0xF8, 0x00, 0x00, 0xF8, 0x00, 0x00, 0xF8, 0x00, 0x00, 0xF8, 0x00, 0x00, 0xF8, 0x00, 0x00, 0xF8, 0x00, 0x00, 0xF8, 0x00, 0x00, 0xF8, 0x00, 0x00, 0xF8, 0x00, 0x00, 0xF8, 0x00, 0x00, 

/* Symbol 0xE4, offset 20892 */
    33, 67, 28,
    0x00, 0x7F, 0xFF, 0xF0, 0x00, 0x00, 0x7F, 0xFF, 0xF0, 0x00, 0x00, 0x7F, 0xFF, 0xF0, 0x00, 0x00, 0x7F, 0xFF, 0xF0, 0x00, 0x00, 0x7F, 0xFF, 0xF0, 0x00, 0x00, 0x7C, 0x01, 0xF0, 0x00, 0x00, 0x7C, 0x01, 0xF0, 0x00, 0x00, 0xFC, 0x01, 0xF0, 0x00, 0x00, 0xFC, 0x01, 0xF0, 0x00, 0x00, 0xFC, 0x01, 0xF0, 0x00, 0x00, 0xFC, 0x01, 0xF0, 0x00, 0x00, 0xF8, 0x01, 0xF0, 0x00, 0x00, 0xF8, 0x01, 0xF0, 0x00, 0x00, 0xF8, 0x01, 0xF0, 0x00, 0x00, 0xF8, 0x01, 0xF0, 0x00, 0x01, 0xF8, 0x01, 0xF0, 0x00, 0x01, 0xF8, 0x01, 0xF0, 0x00, 0x01, 0xF8, 0x01, 0xF0, 0x00, 0x01, 0xF0, 0x01, 0xF0, 0x00, 0x01, 0xF0, 0x01, 0xF0, 0x00, 0x03, 0xF0, 0x01, 0xF0, 0x00, 0x03, 0xE0, 0x01, 0xF0, 0x00, 0x07, 0xE0, 0x01, 0xF0, 0x00, 0x07, 0xE0, 0x01, 0xF0, 0x00, 0x0F, 0xC0, 0x01, 0xF0, 0x00, 0x1F, 0x80, 0x01, 0xF0, 0x00, 0xFF, 0xFF, 0xFF, 0xFF, 0x80, 0xFF, 0xFF, 0xFF, 0xFF, 0x80, 0xFF, 0xFF, 0xFF, 0xFF, 0x80, 0xFF, 0xFF, 0xFF, 0xFF, 0x80, 0xFF, 0xFF, 0xFF, 0xFF, 0x80, 0xF8, 0x00, 0x00, 0x0F, 0x80, 0xF8, 0x00, 0x00, 0x0F, 0x80, 0xF8, 0x00, 0x00, 0x0F, 0x80, 0xF8, 0x00, 0x00, 0x0F, 0x80, 0xF8, 0x00, 0x00, 0x0F, 0x80, 0xF8, 0x00, 0x00, 0x0F, 0x80, 0xF8, 0x00, 0x00, 0x0F, 0x80, 0xF8, 0x00, 0x00, 0x0F, 0x80, 

/* Symbol 0xE5, offset 21090 */
    27, 60, 27,
    0x00, 0x3F, 0xC0, 0x00, 0x00, 0xFF, 0xF0, 0x00, 0x03, 0xFF, 0xFC, 0x00, 0x07, 0xFF, 0xFE, 0x00, 0x0F, 0xFF, 0xFF, 0x00, 0x1F, 0xC0, 0x7F, 0x80, 0x1F, 0x00, 0x1F, 0x80, 0x3E, 0x00, 0x0F, 0xC0, 0x3E, 0x00, 0x07, 0xC0, 0x7C, 0x00, 0x07, 0xC0, 0x7C, 0x00, 0x03, 0xE0, 0x78, 0x00, 0x03, 0xE0, 0xF8, 0x00, 0x03, 0xE0, 0xFF, 0xFF, 0xFF, 0xE0, 0xFF, 0xFF, 0xFF, 0xE0, 0xFF, 0xFF, 0xFF, 0xE0, 0xFF, 0xFF, 0xFF, 0xE0, 0xFF, 0xFF, 0xFF, 0xE0, 0xF8, 0x00, 0x00, 0x00, 0xF8, 0x00, 0x00, 0x00, 0xF8, 0x00, 0x00, 0x00, 0xF8, 0x00, 0x00, 0x00, 0x7C, 0x00, 0x00, 0x00, 0x7C, 0x00, 0x00, 0x00, 0x7E, 0x00, 0x00, 0x00, 0x3F, 0x00, 0x00, 0x00, 0x3F, 0x80, 0x00, 0x00, 0x1F, 0xE0, 0x03, 0x80, 0x1F, 0xFF, 0xFF, 0x80, 0x0F, 0xFF, 0xFF, 0x80, 0x07, 0xFF, 0xFF, 0x80, 0x01, 0xFF, 0xFF, 0x80, 0x00, 0x3F, 0xFC, 0x00, 

/* Symbol 0xE6, offset 21225 */
    35, 59, 28,
    0xF8, 0x01, 0xF0, 0x03, 0xE0, 0x7C, 0x01, 0xF0, 0x07, 0xC0, 0x3E, 0x01, 0xF0, 0x0F, 0x80, 0x3E, 0x01, 0xF0, 0x0F, 0x80, 0x1F, 0x01, 0xF0, 0x1F, 0x00, 0x0F, 0x81, 0xF0, 0x3E, 0x00, 0x0F, 0x81, 0xF0, 0x3E, 0x00, 0x07, 0xC1, 0xF0, 0x7C, 0x00, 0x03, 0xE1, 0xF0, 0xF8, 0x00, 0x03, 0xE1, 0xF0, 0xF8, 0x00, 0x01, 0xF1, 0xF1, 0xF0, 0x00, 0x00, 0xF9, 0xF3, 0xE0, 0x00, 0x00, 0xF9, 0xF3, 0xE0, 0x00, 0x00, 0x7D, 0xF7, 0xC0, 0x00, 0x00, 0x3F, 0xFF, 0x80, 0x00, 0x00, 0x3F, 0xFF, 0x80, 0x00, 0x00, 0x7D, 0xF7, 0xC0, 0x00, 0x00, 0xFD, 0xF7, 0xE0, 0x00, 0x00, 0xF9, 0xF3, 0xE0, 0x00, 0x01, 0xF9, 0xF3, 0xF0, 0x00, 0x01, 0xF1, 0xF1, 0xF0, 0x00, 0x03, 0xE1, 0xF0, 0xF8, 0x00, 0x07, 0xE1, 0xF0, 0xFC, 0x00, 0x07, 0xC1, 0xF0, 0x7C, 0x00, 0x0F, 0xC1, 0xF0, 0x7E, 0x00, 0x1F, 0x81, 0xF0, 0x3F, 0x00, 0x1F, 0x01, 0xF0, 0x1F, 0x00, 0x3F, 0x01, 0xF0, 0x1F, 0x80, 0x3E, 0x01, 0xF0, 0x0F, 0x80, 0x7E, 0x01, 0xF0, 0x0F, 0xC0, 0xFC, 0x01, 0xF0, 0x07, 0xE0, 

/* Symbol 0xE7, offset 21383 */
    27, 60, 27,
    0x0F, 0xFF, 0xC0, 0x00, 0xFF, 0xFF, 0xFC, 0x00, 0xFF, 0xFF, 0xFE, 0x00, 0xFF, 0xFF, 0xFF, 0x00, 0xFF, 0xFF, 0xFF, 0x80, 0xF0, 0x00, 0x3F, 0xC0, 0x00, 0x00, 0x0F, 0xC0, 0x00, 0x00, 0x07, 0xC0, 0x00, 0x00, 0x07, 0xC0, 0x00, 0x00, 0x07, 0xC0, 0x00, 0x00, 0x07, 0xC0, 0x00, 0x00, 0x0F, 0x80, 0x00, 0x00, 0x3F, 0x00, 0x0F, 0xFF, 0xFE, 0x00, 0x0F, 0xFF, 0xF8, 0x00, 0x0F, 0xFF, 0xF8, 0x00, 0x0F, 0xFF, 0xFF, 0x00, 0x0F, 0xFF, 0xFF, 0x80, 0x00, 0x00, 0x7F, 0xC0, 0x00, 0x00, 0x1F, 0xC0, 0x00, 0x00, 0x0F, 0xE0, 0x00, 0x00, 0x07, 0xE0, 0x00, 0x00, 0x07, 0xE0, 0x00, 0x00, 0x07, 0xE0, 0x00, 0x00, 0x07, 0xE0, 0x00, 0x00, 0x0F, 0xE0, 0xC0, 0x00, 0x1F, 0xC0, 0xFC, 0x00, 0x7F, 0xC0, 0xFF, 0xFF, 0xFF, 0x80, 0xFF, 0xFF, 0xFF, 0x00, 0xFF, 0xFF, 0xFE, 0x00, 0x7F, 0xFF, 0xF8, 0x00, 0x03, 0xFF, 0xC0, 0x00, 

/* Symbol 0xE8, offset 21518 */
    24, 59, 28,
    0xF8, 0x00, 0x1F, 0xF8, 0x00, 0x3F, 0xF8, 0x00, 0x3F, 0xF8, 0x00, 0x7F, 0xF8, 0x00, 0xFF, 0xF8, 0x00, 0xFF, 0xF8, 0x01, 0xFF, 0xF8, 0x03, 0xFF, 0xF8, 0x03, 0xFF, 0xF8, 0x07, 0xFF, 0xF8, 0x0F, 0xDF, 0xF8, 0x0F, 0x9F, 0xF8, 0x1F, 0x9F, 0xF8, 0x3F, 0x1F, 0xF8, 0x3F, 0x1F, 0xF8, 0x7E, 0x1F, 0xF8, 0xFC, 0x1F, 0xF8, 0xFC, 0x1F, 0xF9, 0xF8, 0x1F, 0xF9, 0xF0, 0x1F, 0xFB, 0xF0, 0x1F, 0xFF, 0xE0, 0x1F, 0xFF, 0xC0, 0x1F, 0xFF, 0xC0, 0x1F, 0xFF, 0x80, 0x1F, 0xFF, 0x00, 0x1F, 0xFF, 0x00, 0x1F, 0xFE, 0x00, 0x1F, 0xFC, 0x00, 0x1F, 0xFC, 0x00, 0x1F, 0xF8, 0x00, 0x1F, 

/* Symbol 0xE9, offset 21614 */
    24, 59, 16,
    0x1F, 0x00, 0x7C, 0x1F, 0x00, 0x7C, 0x1F, 0x80, 0xFC, 0x0F, 0xC1, 0xF8, 0x0F, 0xFF, 0xF8, 0x07, 0xFF, 0xF0, 0x03, 0xFF, 0xC0, 0x00, 0xFF, 0x00, 0x00, 0x00, 0x00, 0x00, 0x00, 0x00, 0x00, 0x00, 0x00, 0x00, 0x00, 0x00, 0xF8, 0x00, 0x1F, 0xF8, 0x00, 0x3F, 0xF8, 0x00, 0x3F, 0xF8, 0x00, 0x7F, 0xF8, 0x00, 0xFF, 0xF8, 0x00, 0xFF, 0xF8, 0x01, 0xFF, 0xF8, 0x03, 0xFF, 0xF8, 0x03, 0xFF, 0xF8, 0x07, 0xFF, 0xF8, 0x0F, 0xDF, 0xF8, 0x0F, 0x9F, 0xF8, 0x1F, 0x9F, 0xF8, 0x3F, 0x1F, 0xF8, 0x3F, 0x1F, 0xF8, 0x7E, 0x1F, 0xF8, 0xFC, 0x1F, 0xF8, 0xFC, 0x1F, 0xF9, 0xF8, 0x1F, 0xF9, 0xF0, 0x1F, 0xFB, 0xF0, 0x1F, 0xFF, 0xE0, 0x1F, 0xFF, 0xC0, 0x1F, 0xFF, 0xC0, 0x1F, 0xFF, 0x80, 0x1F, 0xFF, 0x00, 0x1F, 0xFF, 0x00, 0x1F, 0xFE, 0x00, 0x1F, 0xFC, 0x00, 0x1F, 0xFC, 0x00, 0x1F, 0xF8, 0x00, 0x1F, 

/* Symbol 0xEA, offset 21746 */
    27, 59, 28,
    0xF8, 0x00, 0x1F, 0xC0, 0xF8, 0x00, 0x3F, 0x80, 0xF8, 0x00, 0x7F, 0x00, 0xF8, 0x00, 0xFE, 0x00, 0xF8, 0x01, 0xFC, 0x00, 0xF8, 0x03, 0xF8, 0x00, 0xF8, 0x07, 0xF0, 0x00, 0xF8, 0x0F, 0xE0, 0x00, 0xF8, 0x1F, 0xC0, 0x00, 0xF8, 0x3F, 0x80, 0x00, 0xF8, 0x7F, 0x00, 0x00, 0xF8, 0xFC, 0x00, 0x00, 0xF9, 0xF8, 0x00, 0x00, 0xFB, 0xF0, 0x00, 0x00, 0xFF, 0xF0, 0x00, 0x00, 0xFB, 0xF8, 0x00, 0x00, 0xF9, 0xFC, 0x00, 0x00, 0xF8, 0xFE, 0x00, 0x00, 0xF8, 0x7E, 0x00, 0x00, 0xF8, 0x3F, 0x00, 0x00, 0xF8, 0x1F, 0x80, 0x00, 0xF8, 0x1F, 0xC0, 0x00, 0xF8, 0x0F, 0xE0, 0x00, 0xF8, 0x07, 0xF0, 0x00, 0xF8, 0x03, 0xF8, 0x00, 0xF8, 0x01, 0xFC, 0x00, 0xF8, 0x00, 0xFE, 0x00, 0xF8, 0x00, 0x7F, 0x00, 0xF8, 0x00, 0x3F, 0x80, 0xF8, 0x00, 0x1F, 0xC0, 0xF8, 0x00, 0x0F, 0xE0, 

/* Symbol 0xEB, offset 21873 */
    28, 59, 28,
    0x00, 0x7F, 0xFF, 0xF0, 0x00, 0x7F, 0xFF, 0xF0, 0x00, 0x7F, 0xFF, 0xF0, 0x00, 0x7F, 0xFF, 0xF0, 0x00, 0x7F, 0xFF, 0xF0, 0x00, 0x7C, 0x01, 0xF0, 0x00, 0x7C, 0x01, 0xF0, 0x00, 0x7C, 0x01, 0xF0, 0x00, 0xFC, 0x01, 0xF0, 0x00, 0xFC, 0x01, 0xF0, 0x00, 0xFC, 0x01, 0xF0, 0x00, 0xF8, 0x01, 0xF0, 0x00, 0xF8, 0x01, 0xF0, 0x00, 0xF8, 0x01, 0xF0, 0x00, 0xF8, 0x01, 0xF0, 0x00, 0xF8, 0x01, 0xF0, 0x01, 0xF8, 0x01, 0xF0, 0x01, 0xF8, 0x01, 0xF0, 0x01, 0xF0, 0x01, 0xF0, 0x01, 0xF0, 0x01, 0xF0, 0x01, 0xF0, 0x01, 0xF0, 0x03, 0xF0, 0x01, 0xF0, 0x03, 0xF0, 0x01, 0xF0, 0x07, 0xE0, 0x01, 0xF0, 0x07, 0xE0, 0x01, 0xF0, 0x1F, 0xC0, 0x01, 0xF0, 0xFF, 0xC0, 0x01, 0xF0, 0xFF, 0x80, 0x01, 0xF0, 0xFF, 0x80, 0x01, 0xF0, 0xFF, 0x00, 0x01, 0xF0, 0xFE, 0x00, 0x01, 0xF0, 

/* Symbol 0xEC, offset 22000 */
    31, 59, 28,
    0x7F, 0x80, 0x01, 0xFC, 0x7F, 0x80, 0x03, 0xFC, 0x7F, 0x80, 0x03, 0xFC, 0x7F, 0xC0, 0x07, 0xFC, 0x7F, 0xC0, 0x07, 0xFC, 0x7B, 0xE0, 0x07, 0xBC, 0x7B, 0xE0, 0x0F, 0xBC, 0x7B, 0xF0, 0x0F, 0x3C, 0x79, 0xF0, 0x1F, 0x3C, 0x79, 0xF0, 0x1F, 0x3E, 0x78, 0xF8, 0x3E, 0x3E, 0x78, 0xF8, 0x3E, 0x3E, 0x78, 0xFC, 0x3C, 0x3E, 0xF8, 0x7C, 0x7C, 0x3E, 0xF8, 0x7C, 0x78, 0x3E, 0xF8, 0x3E, 0xF8, 0x3E, 0xF8, 0x3E, 0xF8, 0x3E, 0xF8, 0x1E, 0xF0, 0x3E, 0xF8, 0x1F, 0xF0, 0x3E, 0xF8, 0x1F, 0xE0, 0x3E, 0xF8, 0x0F, 0xE0, 0x3E, 0xF8, 0x0F, 0xC0, 0x3E, 0xF8, 0x07, 0xC0, 0x3E, 0xF8, 0x07, 0xC0, 0x3E, 0xF8, 0x00, 0x00, 0x3E, 0xF8, 0x00, 0x00, 0x3E, 0xF8, 0x00, 0x00, 0x3E, 0xF8, 0x00, 0x00, 0x3E, 0xF8, 0x00, 0x00, 0x3E, 0xF8, 0x00, 0x00, 0x3E, 0xF8, 0x00, 0x00, 0x3E, 

/* Symbol 0xED, offset 22127 */
    25, 59, 28,
    0xF8, 0x00, 0x0F, 0x80, 0xF8, 0x00, 0x0F, 0x80, 0xF8, 0x00, 0x0F, 0x80, 0xF8, 0x00, 0x0F, 0x80, 0xF8, 0x00, 0x0F, 0x80, 0xF8, 0x00, 0x0F, 0x80, 0xF8, 0x00, 0x0F, 0x80, 0xF8, 0x00, 0x0F, 0x80, 0xF8, 0x00, 0x0F, 0x80, 0xF8, 0x00, 0x0F, 0x80, 0xF8, 0x00, 0x0F, 0x80, 0xF8, 0x00, 0x0F, 0x80, 0xFF, 0xFF, 0xFF, 0x80, 0xFF, 0xFF, 0xFF, 0x80, 0xFF, 0xFF, 0xFF, 0x80, 0xFF, 0xFF, 0xFF, 0x80, 0xFF, 0xFF, 0xFF, 0x80, 0xF8, 0x00, 0x0F, 0x80, 0xF8, 0x00, 0x0F, 0x80, 0xF8, 0x00, 0x0F, 0x80, 0xF8, 0x00, 0x0F, 0x80, 0xF8, 0x00, 0x0F, 0x80, 0xF8, 0x00, 0x0F, 0x80, 0xF8, 0x00, 0x0F, 0x80, 0xF8, 0x00, 0x0F, 0x80, 0xF8, 0x00, 0x0F, 0x80, 0xF8, 0x00, 0x0F, 0x80, 0xF8, 0x00, 0x0F, 0x80, 0xF8, 0x00, 0x0F, 0x80, 0xF8, 0x00, 0x0F, 0x80, 0xF8, 0x00, 0x0F, 0x80, 

/* Symbol 0xEE, offset 22254 */
    29, 60, 27,
    0x00, 0x1F, 0xE0, 0x00, 0x00, 0xFF, 0xFC, 0x00, 0x03, 0xFF, 0xFE, 0x00, 0x07, 0xFF, 0xFF, 0x80, 0x0F, 0xFF, 0xFF, 0xC0, 0x1F, 0xE0, 0x3F, 0xC0, 0x1F, 0x80, 0x0F, 0xE0, 0x3F, 0x00, 0x07, 0xE0, 0x3E, 0x00, 0x03, 0xF0, 0x7E, 0x00, 0x01, 0xF0, 0x7C, 0x00, 0x01, 0xF0, 0x7C, 0x00, 0x01, 0xF8, 0xF8, 0x00, 0x00, 0xF8, 0xF8, 0x00, 0x00, 0xF8, 0xF8, 0x00, 0x00, 0xF8, 0xF8, 0x00, 0x00, 0xF8, 0xF8, 0x00, 0x00, 0xF8, 0xF8, 0x00, 0x00, 0xF8, 0xF8, 0x00, 0x00, 0xF8, 0xF8, 0x00, 0x00, 0xF8, 0xF8, 0x00, 0x00, 0xF8, 0xFC, 0x00, 0x01, 0xF0, 0x7C, 0x00, 0x01, 0xF0, 0x7C, 0x00, 0x03, 0xF0, 0x7E, 0x00, 0x03, 0xE0, 0x3F, 0x00, 0x07, 0xE0, 0x3F, 0x80, 0x0F, 0xC0, 0x1F, 0xE0, 0x3F, 0xC0, 0x0F, 0xFF, 0xFF, 0x80, 0x0F, 0xFF, 0xFF, 0x00, 0x03, 0xFF, 0xFE, 0x00, 0x01, 0xFF, 0xF8, 0x00, 0x00, 0x3F, 0xC0, 0x00, 

/* Symbol 0xEF, offset 22389 */
    25, 59, 28,
    0xFF, 0xFF, 0xFF, 0x80, 0xFF, 0xFF, 0xFF, 0x80, 0xFF, 0xFF, 0xFF, 0x80, 0xFF, 0xFF, 0xFF, 0x80, 0xFF, 0xFF, 0xFF, 0x80, 0xF8, 0x00, 0x0F, 0x80, 0xF8, 0x00, 0x0F, 0x80, 0xF8, 0x00, 0x0F, 0x80, 0xF8, 0x00, 0x0F, 0x80, 0xF8, 0x00, 0x0F, 0x80, 0xF8, 0x00, 0x0F, 0x80, 0xF8, 0x00, 0x0F, 0x80, 0xF8, 0x00, 0x0F, 0x80, 0xF8, 0x00, 0x0F, 0x80, 0xF8, 0x00, 0x0F, 0x80, 0xF8, 0x00, 0x0F, 0x80, 0xF8, 0x00, 0x0F, 0x80, 0xF8, 0x00, 0x0F, 0x80, 0xF8, 0x00, 0x0F, 0x80, 0xF8, 0x00, 0x0F, 0x80, 0xF8, 0x00, 0x0F, 0x80, 0xF8, 0x00, 0x0F, 0x80, 0xF8, 0x00, 0x0F, 0x80, 0xF8, 0x00, 0x0F, 0x80, 0xF8, 0x00, 0x0F, 0x80, 0xF8, 0x00, 0x0F, 0x80, 0xF8, 0x00, 0x0F, 0x80, 0xF8, 0x00, 0x0F, 0x80, 0xF8, 0x00, 0x0F, 0x80, 0xF8, 0x00, 0x0F, 0x80, 0xF8, 0x00, 0x0F, 0x80, 

/* Symbol 0xF0, offset 22516 */
    26, 72, 27,
    0x00, 0x0F, 0xE0, 0x00, 0xF0, 0x7F, 0xF8, 0x00, 0xF8, 0xFF, 0xFC, 0x00, 0xF9, 0xFF, 0xFE, 0x00, 0xFB, 0xFF, 0xFE, 0x00, 0xFF, 0xF0, 0x7F, 0x00, 0xFF, 0xC0, 0x3F, 0x00, 0xFF, 0x80, 0x1F, 0x80, 0xFF, 0x00, 0x0F, 0x80, 0xFE, 0x00, 0x0F, 0x80, 0xFC, 0x00, 0x0F, 0xC0, 0xF8, 0x00, 0x07, 0xC0, 0xF8, 0x00, 0x07, 0xC0, 0xF8, 0x00, 0x07, 0xC0, 0xF8, 0x00, 0x07, 0xC0, 0xF8, 0x00, 0x07, 0xC0, 0xF8, 0x00, 0x07, 0xC0, 0xF8, 0x00, 0x07, 0xC0, 0xF8, 0x00, 0x07, 0xC0, 0xF8, 0x00, 0x07, 0xC0, 0xF8, 0x00, 0x07, 0xC0, 0xF8, 0x00, 0x0F, 0x80, 0xF8, 0x00, 0x0F, 0x80, 0xF8, 0x00, 0x0F, 0x80, 0xF8, 0x00, 0x1F, 0x00, 0xF8, 0x00, 0x3F, 0x00, 0xF8, 0x00, 0x7E, 0x00, 0xFF, 0x01, 0xFE, 0x00, 0xFF, 0xFF, 0xFC, 0x00, 0xFF, 0xFF, 0xF8, 0x00, 0xFF, 0xFF, 0xF0, 0x00, 0xFF, 0xFF, 0xC0, 0x00, 0xF9, 0xFE, 0x00, 0x00, 0xF8, 0x00, 0x00, 0x00, 0xF8, 0x00, 0x00, 0x00, 0xF8, 0x00, 0x00, 0x00, 0xF8, 0x00, 0x00, 0x00, 0xF8, 0x00, 0x00, 0x00, 0xF8, 0x00, 0x00, 0x00, 0xF8, 0x00, 0x00, 0x00, 0xF8, 0x00, 0x00, 0x00, 0xF8, 0x00, 0x00, 0x00, 0xF8, 0x00, 0x00, 0x00, 0xF8, 0x00, 0x00, 0x00, 0xF8, 0x00, 0x00, 0x00, 

/* Symbol 0xF1, offset 22699 */
    24, 60, 27,
    0x00, 0x1F, 0xF0, 0x00, 0x7F, 0xFE, 0x01, 0xFF, 0xFF, 0x07, 0xFF, 0xFF, 0x0F, 0xFF, 0xFF, 0x0F, 0xF0, 0x0F, 0x1F, 0xC0, 0x01, 0x3F, 0x80, 0x00, 0x3F, 0x00, 0x00, 0x7E, 0x00, 0x00, 0x7C, 0x00, 0x00, 0x7C, 0x00, 0x00, 0xFC, 0x00, 0x00, 0xF8, 0x00, 0x00, 0xF8, 0x00, 0x00, 0xF8, 0x00, 0x00, 0xF8, 0x00, 0x00, 0xF8, 0x00, 0x00, 0xF8, 0x00, 0x00, 0xF8, 0x00, 0x00, 0xF8, 0x00, 0x00, 0xFC, 0x00, 0x00, 0x7C, 0x00, 0x00, 0x7E, 0x00, 0x00, 0x7E, 0x00, 0x00, 0x3F, 0x00, 0x00, 0x3F, 0x80, 0x01, 0x1F, 0xF0, 0x0F, 0x0F, 0xFF, 0xFF, 0x07, 0xFF, 0xFF, 0x03, 0xFF, 0xFF, 0x00, 0xFF, 0xFE, 0x00, 0x1F, 0xF0, 

/* Symbol 0xF2, offset 22801 */
    29, 59, 28,
    0xFF, 0xFF, 0xFF, 0xF8, 0xFF, 0xFF, 0xFF, 0xF8, 0xFF, 0xFF, 0xFF, 0xF8, 0xFF, 0xFF, 0xFF, 0xF8, 0xFF, 0xFF, 0xFF, 0xF8, 0x00, 0x0F, 0x80, 0x00, 0x00, 0x0F, 0x80, 0x00, 0x00, 0x0F, 0x80, 0x00, 0x00, 0x0F, 0x80, 0x00, 0x00, 0x0F, 0x80, 0x00, 0x00, 0x0F, 0x80, 0x00, 0x00, 0x0F, 0x80, 0x00, 0x00, 0x0F, 0x80, 0x00, 0x00, 0x0F, 0x80, 0x00, 0x00, 0x0F, 0x80, 0x00, 0x00, 0x0F, 0x80, 0x00, 0x00, 0x0F, 0x80, 0x00, 0x00, 0x0F, 0x80, 0x00, 0x00, 0x0F, 0x80, 0x00, 0x00, 0x0F, 0x80, 0x00, 0x00, 0x0F, 0x80, 0x00, 0x00, 0x0F, 0x80, 0x00, 0x00, 0x0F, 0x80, 0x00, 0x00, 0x0F, 0x80, 0x00, 0x00, 0x0F, 0x80, 0x00, 0x00, 0x0F, 0x80, 0x00, 0x00, 0x0F, 0x80, 0x00, 0x00, 0x0F, 0x80, 0x00, 0x00, 0x0F, 0x80, 0x00, 0x00, 0x0F, 0x80, 0x00, 0x00, 0x0F, 0x80, 0x00, 

/* Symbol 0xF3, offset 22928 */
    31, 73, 28,
    0x7E, 0x00, 0x00, 0x7E, 0x7E, 0x00, 0x00, 0x7E, 0x3F, 0x00, 0x00, 0x7E, 0x3F, 0x00, 0x00, 0xFC, 0x3F, 0x00, 0x00, 0xFC, 0x1F, 0x80, 0x00, 0xF8, 0x1F, 0x80, 0x01, 0xF8, 0x0F, 0xC0, 0x01, 0xF8, 0x0F, 0xC0, 0x01, 0xF0, 0x0F, 0xC0, 0x03, 0xF0, 0x07, 0xE0, 0x03, 0xE0, 0x07, 0xE0, 0x07, 0xE0, 0x03, 0xF0, 0x07, 0xE0, 0x03, 0xF0, 0x07, 0xC0, 0x03, 0xF0, 0x0F, 0xC0, 0x01, 0xF8, 0x0F, 0xC0, 0x01, 0xF8, 0x0F, 0x80, 0x00, 0xF8, 0x1F, 0x80, 0x00, 0xFC, 0x1F, 0x00, 0x00, 0x7C, 0x1F, 0x00, 0x00, 0x7E, 0x3F, 0x00, 0x00, 0x7E, 0x3E, 0x00, 0x00, 0x3E, 0x3E, 0x00, 0x00, 0x3F, 0x7E, 0x00, 0x00, 0x1F, 0x7C, 0x00, 0x00, 0x1F, 0xFC, 0x00, 0x00, 0x1F, 0xF8, 0x00, 0x00, 0x0F, 0xF8, 0x00, 0x00, 0x0F, 0xF8, 0x00, 0x00, 0x07, 0xF0, 0x00, 0x00, 0x07, 0xF0, 0x00, 0x00, 0x07, 0xE0, 0x00, 0x00, 0x07, 0xE0, 0x00, 0x00, 0x0F, 0xE0, 0x00, 0x00, 0x0F, 0xC0, 0x00, 0x00, 0x1F, 0xC0, 0x00, 0x00, 0x3F, 0x80, 0x00, 0x00, 0x7F, 0x00, 0x00, 0x00, 0xFF, 0x00, 0x00, 0x01, 0xFE, 0x00, 0x00, 0xFF, 0xFC, 0x00, 0x00, 0xFF, 0xF8, 0x00, 0x00, 0xFF, 0xF0, 0x00, 0x00, 0xFF, 0xC0, 0x00, 0x00, 0xFF, 0x00, 0x00, 0x00, 

/* Symbol 0xF4, offset 23111 */
    33, 72, 15,
    0x00, 0x03, 0xE0, 0x00, 0x00, 0x00, 0x03, 0xE0, 0x00, 0x00, 0x00, 0x03, 0xE0, 0x00, 0x00, 0x00, 0x03, 0xE0, 0x00, 0x00, 0x00, 0x03, 0xE0, 0x00, 0x00, 0x00, 0x03, 0xE0, 0x00, 0x00, 0x00, 0x03, 0xE0, 0x00, 0x00, 0x00, 0x03, 0xE0, 0x00, 0x00, 0x00, 0x03, 0xE0, 0x00, 0x00, 0x00, 0x03, 0xE0, 0x00, 0x00, 0x00, 0x03, 0xE0, 0x00, 0x00, 0x00, 0x03, 0xE0, 0x00, 0x00, 0x00, 0x1F, 0xFE, 0x00, 0x00, 0x00, 0xFF, 0xFF, 0xC0, 0x00, 0x03, 0xFF, 0xFF, 0xF0, 0x00, 0x07, 0xFF, 0xFF, 0xF8, 0x00, 0x0F, 0xFF, 0xFF, 0xFC, 0x00, 0x1F, 0xF3, 0xE3, 0xFE, 0x00, 0x3F, 0x83, 0xE0, 0xFE, 0x00, 0x3F, 0x03, 0xE0, 0x7F, 0x00, 0x7E, 0x03, 0xE0, 0x3F, 0x00, 0x7C, 0x03, 0xE0, 0x1F, 0x00, 0x7C, 0x03, 0xE0, 0x1F, 0x80, 0xFC, 0x03, 0xE0, 0x1F, 0x80, 0xF8, 0x03, 0xE0, 0x0F, 0x80, 0xF8, 0x03, 0xE0, 0x0F, 0x80, 0xF8, 0x03, 0xE0, 0x0F, 0x80, 0xF8, 0x03, 0xE0, 0x0F, 0x80, 0xF8, 0x03, 0xE0, 0x0F, 0x80, 0xF8, 0x03, 0xE0, 0x0F, 0x80, 0xF8, 0x03, 0xE0, 0x0F, 0x80, 0xF8, 0x03, 0xE0, 0x0F, 0x80, 0xFC, 0x03, 0xE0, 0x1F, 0x80, 0xFC, 0x03, 0xE0, 0x1F, 0x00, 0x7C, 0x03, 0xE0, 0x1F, 0x00, 0x7E, 0x03, 0xE0, 0x3F, 0x00, 0x7F, 0x03, 0xE0, 0x7E, 0x00, 0x3F, 0x83, 0xE0, 0xFE, 0x00, 0x3F, 0xE3, 0xE7, 0xFC, 0x00, 0x1F, 0xFF, 0xFF, 0xF8, 0x00, 0x0F, 0xFF, 0xFF, 0xF0, 0x00, 0x07, 0xFF, 0xFF, 0xE0, 0x00, 0x01, 0xFF, 0xFF, 0x80, 0x00, 0x00, 0x3F, 0xFC, 0x00, 0x00, 0x00, 0x03, 0xE0, 0x00, 0x00, 0x00, 0x03, 0xE0, 0x00, 0x00, 0x00, 0x03, 0xE0, 0x00, 0x00, 0x00, 0x03, 0xE0, 0x00, 0x00, 0x00, 0x03, 0xE0, 0x00, 0x00, 0x00, 0x03, 0xE0, 0x00, 0x00, 0x00, 0x03, 0xE0, 0x00, 0x00, 0x00, 0x03, 0xE0, 0x00, 0x00, 0x00, 0x03, 0xE0, 0x00, 0x00, 0x00, 0x03, 0xE0, 0x00, 0x00, 0x00, 0x03, 0xE0, 0x00, 0x00, 0x00, 0x03, 0xE0, 0x00, 0x00, 0x00, 0x03, 0xE0, 0x00, 0x00, 

/* Symbol 0xF5, offset 23399 */
    31, 59, 28,
    0x7F, 0x00, 0x00, 0xFE, 0x3F, 0x80, 0x01, 0xFC, 0x1F, 0xC0, 0x03, 0xF8, 0x0F, 0xC0, 0x03, 0xF0, 0x0F, 0xE0, 0x07, 0xF0, 0x07, 0xF0, 0x0F, 0xE0, 0x03, 0xF0, 0x1F, 0xC0, 0x03, 0xF8, 0x1F, 0x80, 0x01, 0xF8, 0x3F, 0x00, 0x00, 0xFC, 0x7F, 0x00, 0x00, 0x7E, 0xFE, 0x00, 0x00, 0x7E, 0xFC, 0x00, 0x00, 0x3F, 0xF8, 0x00, 0x00, 0x1F, 0xF8, 0x00, 0x00, 0x0F, 0xF0, 0x00, 0x00, 0x0F, 0xE0, 0x00, 0x00, 0x1F, 0xF0, 0x00, 0x00, 0x1F, 0xF0, 0x00, 0x00, 0x3F, 0xF8, 0x00, 0x00, 0x7F, 0xFC, 0x00, 0x00, 0xFE, 0x7E, 0x00, 0x01, 0xFC, 0x7F, 0x00, 0x01, 0xF8, 0x3F, 0x00, 0x03, 0xF8, 0x1F, 0x80, 0x07, 0xF0, 0x1F, 0xC0, 0x0F, 0xE0, 0x0F, 0xE0, 0x0F, 0xC0, 0x07, 0xE0, 0x1F, 0xC0, 0x07, 0xF0, 0x3F, 0x80, 0x03, 0xF8, 0x7F, 0x00, 0x01, 0xFC, 0xFE, 0x00, 0x01, 0xFE, 

/* Symbol 0xF6, offset 23526 */
    29, 67, 28,
    0xF8, 0x00, 0x0F, 0x80, 0xF8, 0x00, 0x0F, 0x80, 0xF8, 0x00, 0x0F, 0x80, 0xF8, 0x00, 0x0F, 0x80, 0xF8, 0x00, 0x0F, 0x80, 0xF8, 0x00, 0x0F, 0x80, 0xF8, 0x00, 0x0F, 0x80, 0xF8, 0x00, 0x0F, 0x80, 0xF8, 0x00, 0x0F, 0x80, 0xF8, 0x00, 0x0F, 0x80, 0xF8, 0x00, 0x0F, 0x80, 0xF8, 0x00, 0x0F, 0x80, 0xF8, 0x00, 0x0F, 0x80, 0xF8, 0x00, 0x0F, 0x80, 0xF8, 0x00, 0x0F, 0x80, 0xF8, 0x00, 0x0F, 0x80, 0xF8, 0x00, 0x0F, 0x80, 0xF8, 0x00, 0x0F, 0x80, 0xF8, 0x00, 0x0F, 0x80, 0xF8, 0x00, 0x0F, 0x80, 0xF8, 0x00, 0x0F, 0x80, 0xF8, 0x00, 0x0F, 0x80, 0xF8, 0x00, 0x0F, 0x80, 0xF8, 0x00, 0x0F, 0x80, 0xF8, 0x00, 0x0F, 0x80, 0xF8, 0x00, 0x0F, 0x80, 0xFF, 0xFF, 0xFF, 0xF8, 0xFF, 0xFF, 0xFF, 0xF8, 0xFF, 0xFF, 0xFF, 0xF8, 0xFF, 0xFF, 0xFF, 0xF8, 0xFF, 0xFF, 0xFF, 0xF8, 0x00, 0x00, 0x00, 0xF8, 0x00, 0x00, 0x00, 0xF8, 0x00, 0x00, 0x00, 0xF8, 0x00, 0x00, 0x00, 0xF8, 0x00, 0x00, 0x00, 0xF8, 0x00, 0x00, 0x00, 0xF8, 0x00, 0x00, 0x00, 0xF8, 0x00, 0x00, 0x00, 0xF8, 

/* Symbol 0xF7, offset 23685 */
    26, 59, 28,
    0xF8, 0x00, 0x07, 0xC0, 0xF8, 0x00, 0x07, 0xC0, 0xF8, 0x00, 0x07, 0xC0, 0xF8, 0x00, 0x07, 0xC0, 0xF8, 0x00, 0x07, 0xC0, 0xF8, 0x00, 0x07, 0xC0, 0xF8, 0x00, 0x07, 0xC0, 0xF8, 0x00, 0x07, 0xC0, 0xF8, 0x00, 0x07, 0xC0, 0xF8, 0x00, 0x07, 0xC0, 0xF8, 0x00, 0x07, 0xC0, 0xFC, 0x00, 0x07, 0xC0, 0x7E, 0x00, 0x07, 0xC0, 0x7F, 0x80, 0x07, 0xC0, 0x3F, 0xFF, 0xFF, 0xC0, 0x1F, 0xFF, 0xFF, 0xC0, 0x0F, 0xFF, 0xFF, 0xC0, 0x07, 0xFF, 0xFF, 0xC0, 0x00, 0x7F, 0xFF, 0xC0, 0x00, 0x00, 0x07, 0xC0, 0x00, 0x00, 0x07, 0xC0, 0x00, 0x00, 0x07, 0xC0, 0x00, 0x00, 0x07, 0xC0, 0x00, 0x00, 0x07, 0xC0, 0x00, 0x00, 0x07, 0xC0, 0x00, 0x00, 0x07, 0xC0, 0x00, 0x00, 0x07, 0xC0, 0x00, 0x00, 0x07, 0xC0, 0x00, 0x00, 0x07, 0xC0, 0x00, 0x00, 0x07, 0xC0, 0x00, 0x00, 0x07, 0xC0, 

/* Symbol 0xF8, offset 23812 */
    29, 59, 28,
    0xF8, 0x0F, 0x80, 0xF8, 0xF8, 0x0F, 0x80, 0xF8, 0xF8, 0x0F, 0x80, 0xF8, 0xF8, 0x0F, 0x80, 0xF8, 0xF8, 0x0F, 0x80, 0xF8, 0xF8, 0x0F, 0x80, 0xF8, 0xF8, 0x0F, 0x80, 0xF8, 0xF8, 0x0F, 0x80, 0xF8, 0xF8, 0x0F, 0x80, 0xF8, 0xF8, 0x0F, 0x80, 0xF8, 0xF8, 0x0F, 0x80, 0xF8, 0xF8, 0x0F, 0x80, 0xF8, 0xF8, 0x0F, 0x80, 0xF8, 0xF8, 0x0F, 0x80, 0xF8, 0xF8, 0x0F, 0x80, 0xF8, 0xF8, 0x0F, 0x80, 0xF8, 0xF8, 0x0F, 0x80, 0xF8, 0xF8, 0x0F, 0x80, 0xF8, 0xF8, 0x0F, 0x80, 0xF8, 0xF8, 0x0F, 0x80, 0xF8, 0xF8, 0x0F, 0x80, 0xF8, 0xF8, 0x0F, 0x80, 0xF8, 0xF8, 0x0F, 0x80, 0xF8, 0xF8, 0x0F, 0x80, 0xF8, 0xF8, 0x0F, 0x80, 0xF8, 0xF8, 0x0F, 0x80, 0xF8, 0xFF, 0xFF, 0xFF, 0xF8, 0xFF, 0xFF, 0xFF, 0xF8, 0xFF, 0xFF, 0xFF, 0xF8, 0xFF, 0xFF, 0xFF, 0xF8, 0xFF, 0xFF, 0xFF, 0xF8, 

/* Symbol 0xF9, offset 23939 */
    32, 67, 28,
    0xF8, 0x0F, 0x80, 0xF8, 0xF8, 0x0F, 0x80, 0xF8, 0xF8, 0x0F, 0x80, 0xF8, 0xF8, 0x0F, 0x80, 0xF8, 0xF8, 0x0F, 0x80, 0xF8, 0xF8, 0x0F, 0x80, 0xF8, 0xF8, 0x0F, 0x80, 0xF8, 0xF8, 0x0F, 0x80, 0xF8, 0xF8, 0x0F, 0x80, 0xF8, 0xF8, 0x0F, 0x80, 0xF8, 0xF8, 0x0F, 0x80, 0xF8, 0xF8, 0x0F, 0x80, 0xF8, 0xF8, 0x0F, 0x80, 0xF8, 0xF8, 0x0F, 0x80, 0xF8, 0xF8, 0x0F, 0x80, 0xF8, 0xF8, 0x0F, 0x80, 0xF8, 0xF8, 0x0F, 0x80, 0xF8, 0xF8, 0x0F, 0x80, 0xF8, 0xF8, 0x0F, 0x80, 0xF8, 0xF8, 0x0F, 0x80, 0xF8, 0xF8, 0x0F, 0x80, 0xF8, 0xF8, 0x0F, 0x80, 0xF8, 0xF8, 0x0F, 0x80, 0xF8, 0xF8, 0x0F, 0x80, 0xF8, 0xF8, 0x0F, 0x80, 0xF8, 0xF8, 0x0F, 0x80, 0xF8, 0xFF, 0xFF, 0xFF, 0xFF, 0xFF, 0xFF, 0xFF, 0xFF, 0xFF, 0xFF, 0xFF, 0xFF, 0xFF, 0xFF, 0xFF, 0xFF, 0xFF, 0xFF, 0xFF, 0xFF, 0x00, 0x00, 0x00, 0x1F, 0x00, 0x00, 0x00, 0x1F, 0x00, 0x00, 0x00, 0x1F, 0x00, 0x00, 0x00, 0x1F, 0x00, 0x00, 0x00, 0x1F, 0x00, 0x00, 0x00, 0x1F, 0x00, 0x00, 0x00, 0x1F, 0x00, 0x00, 0x00, 0x1F, 

/* Symbol 0xFA, offset 24098 */
    31, 60, 28,
    0xFF, 0xF0, 0x00, 0x00, 0xFF, 0xF0, 0x00, 0x00, 0xFF, 0xF0, 0x00, 0x00, 0xFF, 0xF0, 0x00, 0x00, 0xFF, 0xF0, 0x00, 0x00, 0x01, 0xF0, 0x00, 0x00, 0x01, 0xF0, 0x00, 0x00, 0x01, 0xF0, 0x00, 0x00, 0x01, 0xF0, 0x00, 0x00, 0x01, 0xF0, 0x00, 0x00, 0x01, 0xF0, 0x00, 0x00, 0x01, 0xFF, 0xFE, 0x00, 0x01, 0xFF, 0xFF, 0xC0, 0x01, 0xFF, 0xFF, 0xE0, 0x01, 0xFF, 0xFF, 0xF8, 0x01, 0xFF, 0xFF, 0xF8, 0x01, 0xF0, 0x03, 0xFC, 0x01, 0xF0, 0x00, 0xFC, 0x01, 0xF0, 0x00, 0x7E, 0x01, 0xF0, 0x00, 0x3E, 0x01, 0xF0, 0x00, 0x3E, 0x01, 0xF0, 0x00, 0x3E, 0x01, 0xF0, 0x00, 0x3E, 0x01, 0xF0, 0x00, 0x3E, 0x01, 0xF0, 0x00, 0x7E, 0x01, 0xF0, 0x00, 0xFC, 0x01, 0xF0, 0x03, 0xFC, 0x01, 0xFF, 0xFF, 0xF8, 0x01, 0xFF, 0xFF, 0xF0, 0x01, 0xFF, 0xFF, 0xE0, 0x01, 0xFF, 0xFF, 0x80, 0x00, 0xFF, 0xFC, 0x00, 

/* Symbol 0xFB, offset 24229 */
    29, 59, 28,
    0xF8, 0x00, 0x00, 0xF8, 0xF8, 0x00, 0x00, 0xF8, 0xF8, 0x00, 0x00, 0xF8, 0xF8, 0x00, 0x00, 0xF8, 0xF8, 0x00, 0x00, 0xF8, 0xF8, 0x00, 0x00, 0xF8, 0xF8, 0x00, 0x00, 0xF8, 0xF8, 0x00, 0x00, 0xF8, 0xF8, 0x00, 0x00, 0xF8, 0xF8, 0x00, 0x00, 0xF8, 0xF8, 0x00, 0x00, 0xF8, 0xFF, 0xFC, 0x00, 0xF8, 0xFF, 0xFF, 0x00, 0xF8, 0xFF, 0xFF, 0xC0, 0xF8, 0xFF, 0xFF, 0xE0, 0xF8, 0xFF, 0xFF, 0xF0, 0xF8, 0xF8, 0x07, 0xF0, 0xF8, 0xF8, 0x01, 0xF8, 0xF8, 0xF8, 0x01, 0xF8, 0xF8, 0xF8, 0x00, 0xF8, 0xF8, 0xF8, 0x00, 0xF8, 0xF8, 0xF8, 0x00, 0xF8, 0xF8, 0xF8, 0x00, 0xF8, 0xF8, 0xF8, 0x01, 0xF8, 0xF8, 0xF8, 0x01, 0xF0, 0xF8, 0xF8, 0x07, 0xF0, 0xF8, 0xFF, 0xFF, 0xE0, 0xF8, 0xFF, 0xFF, 0xE0, 0xF8, 0xFF, 0xFF, 0xC0, 0xF8, 0xFF, 0xFF, 0x00, 0xF8, 0xFF, 0xF8, 0x00, 0xF8, 

/* Symbol 0xFC, offset 24356 */
    26, 60, 28,
    0xF8, 0x00, 0x00, 0x00, 0xF8, 0x00, 0x00, 0x00, 0xF8, 0x00, 0x00, 0x00, 0xF8, 0x00, 0x00, 0x00, 0xF8, 0x00, 0x00, 0x00, 0xF8, 0x00, 0x00, 0x00, 0xF8, 0x00, 0x00, 0x00, 0xF8, 0x00, 0x00, 0x00, 0xF8, 0x00, 0x00, 0x00, 0xF8, 0x00, 0x00, 0x00, 0xF8, 0x00, 0x00, 0x00, 0xFF, 0xFF, 0x80, 0x00, 0xFF, 0xFF, 0xF8, 0x00, 0xFF, 0xFF, 0xFC, 0x00, 0xFF, 0xFF, 0xFF, 0x00, 0xFF, 0xFF, 0xFF, 0x00, 0xF8, 0x00, 0x7F, 0x80, 0xF8, 0x00, 0x1F, 0x80, 0xF8, 0x00, 0x0F, 0xC0, 0xF8, 0x00, 0x07, 0xC0, 0xF8, 0x00, 0x07, 0xC0, 0xF8, 0x00, 0x07, 0xC0, 0xF8, 0x00, 0x07, 0xC0, 0xF8, 0x00, 0x07, 0xC0, 0xF8, 0x00, 0x0F, 0xC0, 0xF8, 0x00, 0x1F, 0x80, 0xF8, 0x00, 0x7F, 0x80, 0xFF, 0xFF, 0xFF, 0x00, 0xFF, 0xFF, 0xFE, 0x00, 0xFF, 0xFF, 0xFC, 0x00, 0xFF, 0xFF, 0xF0, 0x00, 0x7F, 0xFF, 0x80, 0x00, 

/* Symbol 0xFD, offset 24487 */
    26, 60, 27,
    0x07, 0xFE, 0x00, 0x00, 0x7F, 0xFF, 0xC0, 0x00, 0xFF, 0xFF, 0xF0, 0x00, 0xFF, 0xFF, 0xF8, 0x00, 0xFF, 0xFF, 0xFC, 0x00, 0xF0, 0x03, 0xFE, 0x00, 0x80, 0x00, 0xFF, 0x00, 0x00, 0x00, 0x3F, 0x00, 0x00, 0x00, 0x3F, 0x80, 0x00, 0x00, 0x1F, 0x80, 0x00, 0x00, 0x1F, 0x80, 0x00, 0x00, 0x0F, 0xC0, 0x00, 0x00, 0x0F, 0xC0, 0x3F, 0xFF, 0xFF, 0xC0, 0x3F, 0xFF, 0xFF, 0xC0, 0x3F, 0xFF, 0xFF, 0xC0, 0x3F, 0xFF, 0xFF, 0xC0, 0x3F, 0xFF, 0xFF, 0xC0, 0x00, 0x00, 0x0F, 0xC0, 0x00, 0x00, 0x0F, 0xC0, 0x00, 0x00, 0x0F, 0xC0, 0x00, 0x00, 0x0F, 0x80, 0x00, 0x00, 0x1F, 0x80, 0x00, 0x00, 0x1F, 0x80, 0x00, 0x00, 0x3F, 0x80, 0x00, 0x00, 0x7F, 0x00, 0x80, 0x00, 0xFF, 0x00, 0xF0, 0x07, 0xFE, 0x00, 0xFF, 0xFF, 0xFC, 0x00, 0xFF, 0xFF, 0xF8, 0x00, 0xFF, 0xFF, 0xF0, 0x00, 0x7F, 0xFF, 0xC0, 0x00, 0x0F, 0xFE, 0x00, 0x00, 

/* Symbol 0xFE, offset 24622 */
    31, 60, 27,
    0x00, 0x00, 0x3F, 0x80, 0xF8, 0x00, 0xFF, 0xE0, 0xF8, 0x03, 0xFF, 0xF0, 0xF8, 0x07, 0xFF, 0xF8, 0xF8, 0x07, 0xFF, 0xF8, 0xF8, 0x0F, 0xE1, 0xFC, 0xF8, 0x0F, 0xC0, 0xFC, 0xF8, 0x0F, 0x80, 0x7C, 0xF8, 0x0F, 0x80, 0x7C, 0xF8, 0x1F, 0x80, 0x7E, 0xF8, 0x1F, 0x00, 0x3E, 0xF8, 0x1F, 0x00, 0x3E, 0xF8, 0x1F, 0x00, 0x3E, 0xFF, 0xFF, 0x00, 0x3E, 0xFF, 0xFF, 0x00, 0x3E, 0xFF, 0xFF, 0x00, 0x3E, 0xFF, 0xFF, 0x00, 0x3E, 0xFF, 0xFF, 0x00, 0x3E, 0xF8, 0x1F, 0x00, 0x3E, 0xF8, 0x1F, 0x00, 0x3E, 0xF8, 0x1F, 0x00, 0x3E, 0xF8, 0x1F, 0x00, 0x3E, 0xF8, 0x1F, 0x00, 0x3E, 0xF8, 0x1F, 0x80, 0x7C, 0xF8, 0x1F, 0x80, 0x7C, 0xF8, 0x0F, 0x80, 0x7C, 0xF8, 0x0F, 0xC0, 0xFC, 0xF8, 0x0F, 0xE1, 0xF8, 0xF8, 0x07, 0xFF, 0xF8, 0xF8, 0x07, 0xFF, 0xF0, 0xF8, 0x03, 0xFF, 0xE0, 0xF8, 0x01, 0xFF, 0xC0, 0x00, 0x00, 0x7F, 0x00, 

/* Symbol 0xFF, offset 24757 */
    27, 59, 27,
    0x00, 0x1F, 0xFF, 0xC0, 0x00, 0xFF, 0xFF, 0xE0, 0x03, 0xFF, 0xFF, 0xE0, 0x07, 0xFF, 0xFF, 0xE0, 0x07, 0xFF, 0xFF, 0xE0, 0x0F, 0xE0, 0x03, 0xE0, 0x0F, 0x80, 0x03, 0xE0, 0x1F, 0x80, 0x03, 0xE0, 0x1F, 0x00, 0x03, 0xE0, 0x1F, 0x00, 0x03, 0xE0, 0x1F, 0x00, 0x03, 0xE0, 0x1F, 0x00, 0x03, 0xE0, 0x1F, 0x80, 0x03, 0xE0, 0x0F, 0xC0, 0x03, 0xE0, 0x0F, 0xF0, 0x03, 0xE0, 0x07, 0xFF, 0xFF, 0xE0, 0x03, 0xFF, 0xFF, 0xE0, 0x00, 0xFF, 0xFF, 0xE0, 0x00, 0xFF, 0xFF, 0xE0, 0x03, 0xFF, 0xFF, 0xE0, 0x03, 0xFC, 0x03, 0xE0, 0x07, 0xF0, 0x03, 0xE0, 0x0F, 0xE0, 0x03, 0xE0, 0x0F, 0xC0, 0x03, 0xE0, 0x1F, 0x80, 0x03, 0xE0, 0x1F, 0x80, 0x03, 0xE0, 0x1F, 0x80, 0x03, 0xE0, 0x3F, 0x00, 0x03, 0xE0, 0x3F, 0x00, 0x03, 0xE0, 0x7E, 0x00, 0x03, 0xE0, 0x7E, 0x00, 0x03, 0xE0, 0xFC, 0x00, 0x03, 0xE0
};
